-123581320
-100431434
-100350114
-91317868
-71502482
-70921162
-65107616
-50012414
-49931094
-49605810
-45539424
-42975851
-39669500
-39669180
-39394531
-39394509
-35954560
-34154819
-34073499
-32111234
-32110914
-32085234
-31308585
-31308563
-29519523
-29193508
-28761600
-27396708
-27322176
-25952072
-25952052
-23581321
-23581320
-23581319
-23581310
-22939622
-22939302
-22753122
-21085154
-21085134
-21068082
-20927555
-20887776
-20842880
-20780256
-20572948
-20346235
-20224458
-19191755
-19183593
-19183571
-19167364
-19110435
-19110434
-19110433
-19110424
-19055064
-19029114
-19029113
-18947793
-18215904
-16380630
-16324917
-16323597
-15990614
-15990294
-15964614
-15860610
-15014978
-15014958
-14892906
-14751555
-14637779
-14560224
-14556459
-14452704
-14374400
-14231175
-13951703
-13794011
-13793691
-13671840
-13665120
-13417965
-13417943
-13370383
-13370382
-13370381
-13370372
-13051479
-13050159
-13040912
-12830720
-12789062
-12789061
-12788996
-12644511
-12644489
-12637449
-12358132
-12358131
-12358130
-12207741
-11862249
-11744334
-11628903
-10920419
-10920099
-10894419
-10743962
-10499894
-10499874
-10482822
-10414530
-10409087
-10327767
-10083184
-10044254
-10043020
-10043019
-10043018
-10041784
-10036122
-10035200
-10034889
-10034888
-10034887
-10033654
-10010385
-10010363
-10003323
-10003097
-10001868
-10001867
-9921772
-9758519
-9677199
-9595877
-9560544
-9553824
-9514557
-9438363
-9433235
-9424013
-9422693
-9351915
-9351914
-9351913
-9351904
-9351340
-9347396
-9270594
-9270593
-9189273
-9127744
-9126622
-9126621
-9126620
-9125498
-9108176
-9107056
-9106272
-9104032
-9024875
-9024855
-8945310
-8945309
-8945244
-8863989
-8863444
-8734656
-8719814
-8580880
-8538705
-8538704
-8457384
-8300160
-8272803
-8272781
-8272341
-8197056
-8186670
-8138494
-8137360
-7806815
-7785602
-7785582
-7785540
-7725495
-7569821
-7569501
-7569500
-7569499
-7569490
-7569180
-7569179
-7568859
-7565970
-7557134
-7372495
-7219296
-7170659
-7170639
-7162642
-7162641
-7162640
-7162638
-7162631
-7156248
-7156226
-7153587
-7150358
-7150236
-7150235
-7150234
-7150112
-7092226
-7092105
-7092104
-7092103
-7091982
-6975887
-6975852
-6975816
-6975815
-6966196
-6714035
-6713715
-6617600
-6576988
-6573105
-6573083
-6572643
-6527535
-6510560
-6510449
-6510448
-6510447
-6510336
-6499319
-6497999
-6488752
-6446480
-6394564
-6394542
-6394531
-6394476
-6394465
-6394278
-6302204
-6302184
-6302142
-6297102
-6236160
-6197499
-6172188
-6154533
-6154511
-6147471
-6136235
-6135915
-6110555
-6110235
-6110234
-6110233
-6110224
-6109914
-6109913
-6109593
-6106704
-6099074
-6084234
-6084233
-6083913
-6058233
-6017754
-5917744
-5824224
-5773790
-5734848
-5725054
-5715360
-5701248
-5692470
-5692469
-5692468
-5692466
-5692459
-5675015
-5673695
-5612754
-5611149
-5611148
-5572560
-5529828
-5474224
-5376924
-5367186
-5366856
-5285826
-5231888
-5231862
-5202098
-5202076
-5173036
-5146960
-5001794
-5001302
-5001180
-5001179
-5001178
-5001056
-5000564
-4993662
-4993049
-4993048
-4993047
-4992434
-4961130
-4960642
-4960521
-4960520
-4960519
-4960398
-4959910
-4952093
-4952073
-4952072
-4952071
-4952062
-4952052
-4952051
-4952031
-4951842
-4879295
-4879260
-4879224
-4879223
-4797939
-4719036
-4695680
-4680179
-4679859
-4671680
-4669038
-4654179
-4650568
-4554144
-4553696
-4553585
-4553584
-4553583
-4553472
-4553024
-4550175
-4502168
-4502148
-4502106
-4476023
-4475703
-4472688
-4472666
-4472655
-4472600
-4472589
-4472402
-4472380
-4465566
-4450449
-4438559
-4437239
-4427992
-4394627
-4394607
-4318204
-4300800
-4297595
-4297584
-4297583
-4297582
-4297571
-4292904
-4290165
-4290143
-4289843
-4289523
-4289522
-4289521
-4289512
-4289202
-4289201
-4288881
-4285992
-4283103
-4272555
-4103022
-4103021
-4102956
-4102701
-4099200
-4092480
-4081836
-4078368
-4078172
-4078140
-4069246
-4068680
-4068658
-4039618
-4038308
-4029227
-4029207
-4028409
-4028387
-4027947
-4012175
-4012155
-4012154
-4012153
-4012144
-4012134
-4012133
-4012113
-4011924
-3995082
-3995081
-3995061
-3979275
-3978954
-3978009
-3967238
-3966918
-3966917
-3966597
-3966596
-3966276
-3954880
-3954592
-3954591
-3954590
-3954561
-3954560
-3954559
-3939463
-3939453
-3939452
-3939451
-3939441
-3939431
-3939430
-3939429
-3939419
-3916521
-3836184
-3831010
-3830980
-3824352
-3822086
-3774960
-3768930
-3740766
-3740536
-3718143
-3707438
-3707436
-3659444
-3659418
-3597760
-3595456
-3592640
-3581332
-3581323
-3581322
-3581321
-3581320
-3581319
-3581318
-3581317
-3581312
-3581309
-3581308
-3581299
-3581209
-3578124
-3567914
-3567594
-3565026
-3549168
-3527790
-3516555
-3513888
-3505320
-3487926
-3487925
-3487924
-3487922
-3487915
-3483099
-3483098
-3483097
-3448502
-3448182
-3415859
-3415451
-3415440
-3415439
-3415438
-3415427
-3415019
-3407727
-3407309
-3407308
-3407307
-3406889
-3395537
-3395217
-3394105
-3373733
-3373713
-3373461
-3370740
-3367932
-3334160
-3328127
-3327807
-3302127
-3301154
-3301122
-3298482
-3252840
-3238732
-3238400
-3223504
-3202354
-3201120
-3201119
-3201118
-3201089
-3201088
-3201087
-3199884
-3199762
-3198737
-3198529
-3198528
-3198527
-3197508
-3197507
-3197294
-3181359
-3181038
-3178784
-3172732
-3171800
-3171480
-3171479
-3171324
-3171159
-3171158
-3170838
-3169233
-3168912
-3168591
-3164160
-3161920
-3161600
-3161599
-3138344
-3138324
-3138282
-3133242
-3131205
-3131183
-3130831
-3130821
-3130820
-3130819
-3130809
-3130799
-3130798
-3130797
-3130787
-3130435
-3130413
-3120119
-3119799
-3116238
-3114918
-3114917
-3114916
-3114907
-3113597
-3113596
-3112830
-3112276
-3101084
-3101054
-3100387
-3098574
-3094119
-3091536
-3090198
-3090197
-3073139
-3073119
-3068117
-3067797
-3056067
-3042117
-3025104
-3016115
-3015795
-3012164
-3012162
-3009726
-3008877
-3008876
-3008875
-3008866
-3008692
-3000708
-3000707
-3000387
-2996164
-2990435
-2990115
-2990114
-2990113
-2990104
-2989794
-2989793
-2989540
-2989473
-2987775
-2986584
-2984016
-2977275
-2965943
-2965920
-2964114
-2964113
-2963793
-2952279
-2951927
-2951917
-2951916
-2951915
-2951905
-2951553
-2938113
-2929751
-2929731
-2927735
-2927556
-2927555
-2927376
-2927375
-2912336
-2911216
-2910432
-2908192
-2906605
-2906604
-2906603
-2906594
-2906324
-2905202
-2905201
-2905200
-2904078
-2887680
-2887233
-2878249
-2876160
-2869265
-2862080
-2860110
-2860109
-2860044
-2859789
-2857344
-2850624
-2846410
-2846246
-2846237
-2846236
-2846235
-2846234
-2846233
-2846232
-2846231
-2846226
-2846223
-2846222
-2846213
-2846123
-2838924
-2836512
-2834109
-2833564
-2817045
-2817023
-2816583
-2816484
-2814238
-2807699
-2807679
-2807678
-2807677
-2807668
-2807658
-2807657
-2807637
-2807448
-2805540
-2797515
-2797514
-2797194
-2786281
-2786280
-2786279
-2785040
-2775045
-2775044
-2774724
-2772798
-2764914
-2764913
-2764744
-2758247
-2756927
-2735628
-2733382
-2732259
-2732016
-2731137
-2731136
-2731135
-2731008
-2730784
-2730673
-2730672
-2730671
-2730560
-2730336
-2730105
-2730104
-2730013
-2729784
-2722152
-2707235
-2707215
-2707173
-2704104
-2697239
-2697219
-2696967
-2696400
-2695056
-2685606
-2685605
-2685585
-2685540
-2684220
-2683758
-2683736
-2683593
-2683592
-2683591
-2683582
-2683406
-2681630
-2672439
-2659164
-2645874
-2645788
-2624496
-2611014
-2602272
-2602271
-2595263
-2595243
-2595137
-2595117
-2584234
-2563533
-2528394
-2528372
-2520951
-2520950
-2520320
-2517766
-2499332
-2496095
-2495775
-2494047
-2492727
-2485952
-2484800
-2483480
-2483479
-2483478
-2483469
-2482159
-2482158
-2481633
-2481611
-2481171
-2480838
-2480247
-2472912
-2472911
-2471626
-2471625
-2471624
-2471623
-2471591
-2470095
-2468949
-2462344
-2449440
-2447017
-2441439
-2439630
-2439629
-2439628
-2439626
-2439619
-2424474
-2411994
-2400839
-2400816
-2398896
-2372832
-2367232
-2358309
-2358308
-2358278
-2358246
-2358133
-2358132
-2358131
-2358130
-2358129
-2358122
-2358121
-2358120
-2339106
-2334717
-2329496
-2329176
-2325284
-2325283
-2325272
-2310558
-2301440
-2299322
-2299002
-2299001
-2299000
-2298998
-2298991
-2298681
-2298680
-2298360
-2297718
-2297147
-2296826
-2295471
-2293760
-2290334
-2290014
-2290013
-2289693
-2289692
-2289372
-2288088
-2288066
-2286938
-2286816
-2286815
-2286814
-2286785
-2286784
-2286783
-2286692
-2283200
-2282880
-2282879
-2281026
-2278472
-2276988
-2276987
-2276986
-2276977
-2271717
-2271396
-2271075
-2268346
-2268225
-2268224
-2268223
-2268102
-2256218
-2256198
-2250530
-2250210
-2249567
-2249247
-2238047
-2238012
-2237976
-2237975
-2232234
-2226456
-2226455
-2226135
-2224476
-2224458
-2224457
-2215352
-2215322
-2205840
-2197342
-2195667
-2195666
-2195532
-2186240
-2185343
-2185323
-2178539
-2178519
-2177497
-2176776
-2168271
-2147040
-2144996
-2144994
-2143259
-2143239
-2143197
-2138157
-2136288
-2134400
-2127558
-2120832
-2116432
-2114346
-2114345
-2112893
-2112873
-2112278
-2110958
-2104032
-2100797
-2100777
-2100671
-2100651
-2100593
-2099364
-2099363
-2099097
-2098971
-2095716
-2095106
-2092787
-2092763
-2092752
-2092751
-2092750
-2092739
-2092715
-2091376
-2087064
-2087063
-2087043
-2084880
-2084288
-2083516
-2082080
-2081969
-2081968
-2081967
-2081856
-2078384
-2071664
-2071553
-2071552
-2071551
-2071440
-2067240
-2062104
-2062082
-2056384
-2056142
-2056132
-2056131
-2056130
-2056120
-2055878
-2055042
-2051544
-2051522
-2051511
-2051456
-2051445
-2051258
-2048928
-2048759
-2048739
-2048352
-2040896
-2034655
-2034621
-2034620
-2034619
-2034585
-2033856
-2033025
-2033024
-2033023
-2033014
-2032900
-2031687
-2030325
-2023040
-2022929
-2022909
-2022462
-2022444
-2022426
-2021292
-2020277
-2019155
-2019154
-2019153
-2018031
-2016896
-2014613
-2014593
-2013312
-2009344
-2008110
-2008109
-2008108
-2008107
-2007718
-2006874
-2006816
-2006485
-2006484
-2006483
-2005250
-1997541
-1983520
-1980467
-1980447
-1977681
-1977360
-1977039
-1975357
-1971200
-1970298
-1964655
-1964633
-1964193
-1963415
-1963395
-1963394
-1963393
-1963384
-1963374
-1963373
-1963353
-1963269
-1963164
-1962820
-1954020
-1952832
-1952160
-1951823
-1951704
-1951703
-1951584
-1951583
-1951320
-1950074
-1949754
-1947581
-1947561
-1947309
-1946322
-1946321
-1946301
-1944320
-1941408
-1931748
-1929249
-1924074
-1923600
-1923040
-1919387
-1919152
-1919151
-1919150
-1918915
-1918389
-1918367
-1918357
-1918356
-1918355
-1918345
-1918335
-1918334
-1918333
-1918323
-1918301
-1916880
-1912400
-1911280
-1911255
-1911254
-1911253
-1911244
-1911021
-1911020
-1911019
-1911018
-1911017
-1911010
-1911009
-1911008
-1910785
-1910784
-1910783
-1910774
-1910496
-1910086
-1908256
-1903122
-1903121
-1902889
-1902888
-1902887
-1902886
-1902654
-1902653
-1902239
-1900919
-1900080
-1894989
-1894757
-1894756
-1894755
-1894523
-1893360
-1891672
-1886640
-1878030
-1878029
-1878009
-1877964
-1876896
-1876644
-1870498
-1870497
-1870496
-1870487
-1870383
-1870382
-1870268
-1870267
-1870266
-1870257
-1863057
-1860957
-1860412
-1852389
-1849512
-1849400
-1846070
-1845750
-1844370
-1838831
-1837511
-1833859
-1831094
-1831074
-1829856
-1821792
-1821680
-1821569
-1821568
-1821567
-1821506
-1821456
-1821344
-1820390
-1820384
-1820383
-1820382
-1820070
-1820069
-1820068
-1820066
-1820059
-1819749
-1819748
-1819428
-1819260
-1818786
-1816539
-1815891
-1814769
-1814768
-1814767
-1813645
-1802088
-1800648
-1800630
-1800629
-1799360
-1794240
-1794069
-1794068
-1793748
-1792665
-1792664
-1792644
-1792371
-1792245
-1789172
-1789171
-1789106
-1789062
-1789040
-1788951
-1788886
-1788732
-1788292
-1776734
-1776414
-1775592
-1773846
-1773072
-1768068
-1766352
-1763534
-1763110
-1762290
-1762214
-1762213
-1762212
-1762203
-1760893
-1760892
-1759572
-1757495
-1751880
-1747683
-1743974
-1743971
-1743965
-1743964
-1743963
-1743962
-1743961
-1743960
-1743959
-1743954
-1743953
-1743951
-1743950
-1743941
-1743851
-1743720
-1743698
-1738404
-1721559
-1716066
-1715736
-1715111
-1715088
-1714658
-1712928
-1709022
-1707846
-1701168
-1690026
-1685596
-1685595
-1685530
-1684275
-1684032
-1681680
-1679328
-1678508
-1678482
-1678188
-1677546
-1669842
-1660945
-1653792
-1644624
-1643894
-1643862
-1643613
-1643481
-1642002
-1641314
-1641222
-1640682
-1639986
-1639007
-1638987
-1631719
-1631256
-1631255
-1631254
-1631125
-1631124
-1631123
-1630530
-1630044
-1626420
-1626419
-1626408
-1622868
-1621935
-1621555
-1621554
-1620866
-1619546
-1618897
-1618802
-1618767
-1618482
-1617858
-1617840
-1617822
-1617504
-1610136
-1608978
-1608768
-1608156
-1605642
-1598410
-1594694
-1594202
-1594080
-1594079
-1594078
-1594049
-1594048
-1594047
-1593956
-1593464
-1592102
-1591489
-1591488
-1591487
-1590874
-1587200
-1586910
-1586130
-1584239
-1583918
-1581730
-1581664
-1581242
-1581121
-1581120
-1581119
-1580998
-1580510
-1579640
-1579320
-1579319
-1578999
-1578998
-1578678
-1577073
-1576960
-1576752
-1576431
-1574720
-1574400
-1574399
-1571615
-1571360
-1571295
-1566801
-1566480
-1566159
-1561392
-1560095
-1560060
-1560024
-1560023
-1553664
-1548504
-1548503
-1548183
-1545099
-1545098
-1545004
-1544264
-1544234
-1541754
-1541120
-1539836
-1539516
-1534059
-1531710
-1527960
-1527318
-1511224
-1509984
-1509120
-1508471
-1508451
-1504166
-1504146
-1504145
-1504144
-1504142
-1504135
-1504125
-1504124
-1504104
-1504062
-1503915
-1502424
-1502402
-1501962
-1500785
-1500765
-1500659
-1500639
-1499984
-1499982
-1498082
-1497546
-1496544
-1496208
-1492973
-1492953
-1492008
-1489280
-1488585
-1488459
-1487975
-1487790
-1486852
-1485792
-1485665
-1485645
-1485623
-1485603
-1485602
-1485601
-1485592
-1485582
-1485581
-1485561
-1485540
-1485539
-1485519
-1485477
-1485372
-1484910
-1481064
-1480836
-1479520
-1473696
-1472000
-1468884
-1467934
-1465631
-1465611
-1464911
-1464876
-1464840
-1464839
-1464120
-1464119
-1464099
-1463939
-1463795
-1463778
-1463777
-1463776
-1463771
-1463767
-1463760
-1463759
-1463758
-1463747
-1463723
-1463579
-1455807
-1455629
-1455628
-1455627
-1455449
-1451744
-1451296
-1451185
-1451184
-1451183
-1451072
-1450624
-1442224
-1441932
-1440880
-1440769
-1440768
-1440767
-1440656
-1440648
-1440626
-1438563
-1437744
-1437440
-1433586
-1433264
-1430120
-1430088
-1430066
-1430055
-1430000
-1429998
-1429997
-1429996
-1429995
-1429989
-1429874
-1429802
-1429780
-1423275
-1423135
-1423101
-1423100
-1423099
-1423065
-1422925
-1419440
-1418753
-1418494
-1418373
-1418372
-1418371
-1418349
-1418250
-1418076
-1418075
-1418043
-1417433
-1415610
-1412400
-1408869
-1405824
-1404375
-1401792
-1398135
-1397760
-1395744
-1395200
-1395191
-1395168
-1395167
-1395166
-1395143
-1393643
-1393141
-1393140
-1393139
-1392521
-1392520
-1392519
-1391397
-1386905
-1383311
-1382990
-1382867
-1382547
-1382457
-1382456
-1382455
-1382446
-1382372
-1381905
-1381904
-1381584
-1379658
-1379336
-1379016
-1379015
-1378695
-1378694
-1378374
-1375163
-1375115
-1375104
-1375103
-1375102
-1375091
-1375073
-1375072
-1375071
-1375040
-1374843
-1374720
-1374719
-1373232
-1370670
-1366512
-1366176
-1365504
-1364832
-1359519
-1359393
-1359120
-1352703
-1352400
-1351383
-1348842
-1347600
-1343496
-1343474
-1343159
-1343139
-1343034
-1342887
-1342836
-1342814
-1342803
-1342748
-1342737
-1342550
-1342136
-1342088
-1341945
-1341923
-1341813
-1341791
-1341781
-1341780
-1341779
-1341769
-1341759
-1341758
-1341757
-1341747
-1341725
-1341648
-1341615
-1341593
-1341417
-1340976
-1337490
-1337059
-1337058
-1337057
-1337048
-1337037
-1337036
-1337035
-1337034
-1337033
-1337026
-1337025
-1337024
-1337013
-1337012
-1337011
-1337002
-1334368
-1332240
-1332131
-1332101
-1331568
-1330545
-1330224
-1329903
-1317707
-1317687
-1317645
-1317120
-1314039
-1313907
-1312976
-1309812
-1306368
-1305506
-1305394
-1305186
-1304338
-1304160
-1304159
-1304158
-1304029
-1304028
-1304027
-1303105
-1303104
-1303103
-1302924
-1301888
-1301870
-1301777
-1301776
-1301775
-1301664
-1301552
-1301441
-1301440
-1301439
-1301328
-1301136
-1301135
-1301134
-1301132
-1301125
-1301056
-1300478
-1299903
-1299881
-1299249
-1299248
-1299177
-1296792
-1294279
-1294272
-1294149
-1293232
-1289906
-1289794
-1289267
-1289265
-1286352
-1286334
-1286333
-1283072
-1282160
-1281105
-1280474
-1280454
-1278926
-1278925
-1278905
-1278904
-1278903
-1278902
-1278882
-1278881
-1278860
-1278849
-1278839
-1278838
-1278837
-1278827
-1278816
-1268159
-1268036
-1268014
-1267629
-1267607
-1267200
-1266839
-1264494
-1264419
-1264098
-1264076
-1263777
-1263402
-1260952
-1260567
-1260545
-1260523
-1260513
-1260512
-1260511
-1260501
-1260491
-1260490
-1260489
-1260479
-1260138
-1259819
-1259809
-1259808
-1259807
-1259797
-1257984
-1257592
-1257357
-1257036
-1256960
-1256715
-1253505
-1251840
-1247023
-1245703
-1243088
-1242977
-1242976
-1242975
-1242864
-1236456
-1235833
-1235815
-1235814
-1235813
-1235812
-1235811
-1235810
-1235809
-1235791
-1230880
-1226960
-1225887
-1224960
-1224567
-1223040
-1222704
-1222046
-1221726
-1221121
-1221099
-1220793
-1220773
-1220772
-1220771
-1220751
-1220439
-1219889
-1219826
-1219823
-1219817
-1219816
-1219815
-1219814
-1219813
-1219812
-1219811
-1219806
-1219805
-1219803
-1219802
-1219793
-1219740
-1219739
-1219703
-1216640
-1215984
-1215320
-1215319
-1215318
-1215309
-1214745
-1213999
-1213998
-1213379
-1213059
-1212678
-1212182
-1212162
-1211364
-1210491
-1208256
-1207899
-1207877
-1207437
-1206513
-1204752
-1204751
-1204307
-1204287
-1204245
-1203431
-1203200
-1202880
-1202670
-1200789
-1199267
-1199247
-1199225
-1199205
-1199204
-1199203
-1199194
-1199184
-1199183
-1199163
-1199142
-1199141
-1199121
-1199079
-1198974
-1198512
-1196046
-1195816
-1195559
-1195536
-1195130
-1195110
-1195109
-1195108
-1195106
-1195099
-1195089
-1195088
-1195068
-1195026
-1194879
-1194184
-1194102
-1194101
-1194081
-1194039
-1193616
-1192626
-1189257
-1188999
-1185840
-1183840
-1182720
-1181936
-1181829
-1181807
-1181763
-1181396
-1180274
-1180273
-1180272
-1179696
-1179675
-1179150
-1178037
-1178036
-1178016
-1177344
-1176448
-1172807
-1172787
-1172535
-1172430
-1172412
-1172394
-1171289
-1170960
-1170044
-1170018
-1169724
-1164800
-1163019
-1162887
-1162877
-1162876
-1162875
-1162865
-1162733
-1162648
-1162647
-1162646
-1162644
-1162642
-1162641
-1162637
-1162636
-1162635
-1162634
-1162632
-1162630
-1162625
-1162596
-1162480
-1162479
-1162414
-1161378
-1161159
-1160964
-1153352
-1153032
-1152198
-1151912
-1151367
-1150464
-1150463
-1150143
-1150142
-1150141
-1150132
-1149822
-1149821
-1149512
-1149503
-1149502
-1149501
-1149500
-1149499
-1149498
-1149497
-1149492
-1149489
-1149488
-1149479
-1149389
-1149269
-1149180
-1149179
-1148859
-1148858
-1148857
-1148848
-1148538
-1148537
-1148217
-1147949
-1146612
-1145649
-1145648
-1145328
-1144044
-1143072
-1142439
-1139922
-1138564
-1138494
-1138493
-1131312
-1126818
-1126488
-1122660
-1122659
-1122627
-1122216
-1119987
-1119888
-1119326
-1119006
-1119005
-1119004
-1119002
-1118995
-1118685
-1118684
-1118364
-1117722
-1115475
-1113549
-1112265
-1112243
-1112228
-1112226
-1112220
-1109706
-1109640
-1109639
-1108926
-1108319
-1107278
-1105203
-1099072
-1098656
-1098636
-1098630
-1098090
-1089396
-1089059
-1088651
-1088640
-1088639
-1088638
-1088627
-1088609
-1088608
-1088607
-1088304
-1088219
-1086467
-1086049
-1086048
-1086047
-1085629
-1084859
-1084839
-1084818
-1083096
-1082411
-1082091
-1081919
-1081770
-1081598
-1081449
-1081128
-1080576
-1079344
-1078880
-1078560
-1078559
-1078239
-1078238
-1077918
-1077760
-1076313
-1076040
-1075992
-1075671
-1075520
-1075294
-1075200
-1075199
-1075074
-1075052
-1074707
-1074612
-1074398
-1074396
-1074395
-1074394
-1074392
-1074387
-1072652
-1069068
-1066040
-1065720
-1057199
-1057173
-1057172
-1057171
-1057162
-1057069
-1056978
-1056718
-1054619
-1054589
-1053863
-1053843
-1052480
-1052109
-1048707
-1046177
-1046157
-1046051
-1046031
-1045296
-1044477
-1044351
-1041920
-1041023
-1040896
-1040895
-1040894
-1040767
-1040040
-1038800
-1038365
-1038345
-1038071
-1038051
-1037988
-1037673
-1037547
-1033160
-1032891
-1032765
-1032764
-1032763
-1032637
-1031327
-1031304
-1031040
-1029989
-1029924
-1029156
-1029105
-1029083
-1028379
-1025135
-1025115
-1024415
-1024380
-1024379
-1024377
-1024344
-1024343
-1023624
-1023623
-1023603
-1021941
-1020800
-1014527
-1013844
-1013207
-1011010
-1007872
-1007759
-1007749
-1007748
-1007747
-1007624
-1007369
-1007349
-1007307
-1006944
-1006525
-1006524
-1006523
-1005732
-1005711
-1005710
-1005709
-1005289
-1004476
-1004075
-1004057
-1004056
-1004055
-1004054
-1004053
-1004052
-1004051
-1004033
-1003960
-1003520
-1003263
-1003245
-1003244
-1003243
-1003242
-1003241
-1003240
-1003239
-1003221
-1002819
-1002639
-1002008
-1001585
-1001584
-1001583
-1000973
-1000851
-1000850
-1000849
-1000775
-1000774
-1000773
-1000727
-1000604
-1000349
-1000112
-999990
-999989
-999988
-999987
-999866
-999744
-999743
-999622
-999621
-999620
-999619
-999540
-999498
-999497
-999374
-999180
-998978
-998365
-998364
-998363
-998305
-998283
-997931
-997921
-997920
-997919
-997909
-997899
-997898
-997897
-997887
-997750
-997535
-997513
-997227
-997217
-997216
-997215
-997205
-995995
-993815
-993495
-992836
-992715
-992714
-992713
-992640
-992592
-992470
-992211
-992189
-991982
-991861
-991860
-991859
-991760
-991738
-991250
-989001
-988680
-988658
-988359
-988038
-988037
-987717
-987504
-985578
-985149
-985127
-984676
-981939
-981618
-981297
-980784
-978119
-978087
-977328
-976584
-976271
-976080
-976031
-975959
-975947
-975912
-975876
-975875
-975863
-975852
-975851
-975840
-975839
-975838
-975827
-975815
-975792
-975756
-975755
-975719
-975672
-975671
-975432
-975431
-972272
-972161
-972160
-972159
-972048
-970299
-969024
-968240
-967827
-967709
-967708
-967707
-967680
-967589
-966971
-966735
-966713
-966210
-966053
-965651
-962357
-962037
-962036
-962035
-962026
-961852
-961716
-961715
-961395
-959693
-959576
-959575
-959574
-959457
-959280
-958506
-952560
-951561
-951445
-951444
-951443
-951327
-948821
-948689
-947156
-945836
-945835
-945834
-945832
-945825
-945567
-945441
-945384
-945362
-945168
-944856
-944515
-944514
-943739
-943427
-943419
-943312
-943311
-943310
-943195
-943194
-941810
-941688
-941687
-941686
-941564
-941557
-941556
-941555
-941493
-941259
-941108
-940907
-940897
-940896
-940895
-940885
-940800
-940552
-940533
-939708
-939686
-939246
-939048
-939026
-939015
-938993
-938960
-938949
-938762
-938740
-938448
-938300
-937860
-937629
-936215
-936036
-936035
-935856
-935855
-935715
-935295
-935294
-935293
-935284
-935203
-935202
-935201
-935192
-935181
-935180
-935179
-935178
-935177
-935170
-935169
-935168
-935157
-935156
-935155
-935146
-935088
-935065
-935064
-935063
-935054
-934720
-934606
-934605
-934604
-934553
-934490
-934423
-934154
-934033
-934032
-934031
-933910
-933702
-933240
-932825
-932505
-932504
-932503
-932494
-932184
-932183
-931863
-931305
-930967
-929984
-929962
-928974
-928653
-927162
-927161
-927049
-927048
-927047
-927046
-926956
-926934
-926933
-922208
-919737
-919451
-919416
-919380
-919379
-919029
-918917
-918916
-918915
-918803
-918539
-918519
-918477
-917279
-917259
-917007
-916944
-915096
-913886
-913566
-913437
-911493
-911120
-911009
-911008
-911007
-910998
-910997
-910976
-910896
-910784
-910753
-910677
-910676
-910675
-910666
-910356
-910355
-910336
-910225
-910224
-910223
-910210
-910112
-910046
-910037
-910036
-910035
-910034
-910033
-910032
-910031
-910026
-910023
-910022
-910013
-910000
-909923
-909889
-909888
-909887
-909788
-909776
-909714
-909713
-909664
-909631
-909630
-909629
-909393
-909392
-909391
-909382
-909216
-909105
-909104
-909103
-909072
-909071
-908992
-908751
-908507
-907405
-907387
-907386
-907385
-907384
-907383
-907382
-907381
-907363
-907146
-906976
-906865
-906864
-906863
-906752
-906261
-906183
-906182
-905862
-905139
-905138
-905137
-904015
-903960
-903936
-903167
-903147
-902973
-902652
-902474
-902454
-902348
-902328
-901655
-901635
-900922
-900314
-900312
-900306
-899586
-898864
-898128
-896688
-896670
-896669
-896448
-894916
-894894
-894696
-894674
-894630
-894629
-894619
-894597
-894586
-894575
-894564
-894542
-894541
-894531
-894530
-894529
-894521
-894520
-894519
-894518
-894509
-894498
-894497
-894487
-894476
-894465
-894455
-894454
-894453
-894443
-894432
-894421
-894410
-894409
-894355
-894344
-894333
-894256
-894223
-894201
-894124
-893761
-893266
-893025
-891946
-886497
-886391
-886389
-886388
-886387
-886369
-886279
-885952
-885844
-885843
-885842
-885734
-885357
-884034
-884033
-883864
-883801
-883713
-878471
-878451
-878409
-878256
-878255
-877935
-874083
-872960
-871994
-871980
-871979
-871978
-871964
-871860
-871859
-870539
-869568
-869344
-869233
-869232
-869231
-869120
-868896
-868560
-865095
-865073
-865066
-865060
-863856
-863632
-861168
-859523
-859512
-859511
-859510
-859509
-859499
-858480
-858353
-858198
-858176
-858033
-858032
-858031
-858022
-857846
-857712
-857711
-857391
-857329
-857248
-857137
-857136
-857135
-857024
-855360
-854510
-854502
-854490
-853965
-853964
-853881
-853862
-853861
-853860
-853859
-853858
-853856
-853839
-853760
-853755
-853754
-850640
-848916
-847360
-845832
-845729
-845728
-845727
-845624
-844800
-842831
-842809
-842798
-842743
-842732
-842688
-842545
-842016
-841995
-841973
-841931
-841911
-841889
-841869
-841868
-841867
-841858
-841848
-841847
-841827
-841806
-841805
-841785
-841743
-841638
-841533
-841176
-840840
-840818
-840609
-840378
-838350
-837954
-834834
-833280
-832032
-832031
-831711
-830016
-829919
-829899
-829836
-829760
-829464
-829248
-828774
-827904
-827882
-827442
-827274
-827148
-826812
-826686
-826518
-826496
-826056
-824640
-824320
-822982
-822528
-821662
-819280
-818496
-817824
-817488
-817334
-817264
-817153
-817152
-817151
-817040
-816816
-816479
-816456
-816378
-816144
-816006
-815661
-814536
-814464
-814060
-813862
-813849
-813848
-813847
-813834
-813232
-813216
-813215
-813214
-813212
-813210
-813209
-813208
-813205
-813204
-813203
-813202
-813200
-813199
-813198
-813193
-813164
-813160
-813121
-813120
-813119
-813052
-813008
-811690
-810690
-809105
-808808
-808578
-808560
-808542
-807495
-807494
-806960
-806520
-806400
-806031
-806030
-805710
-805266
-805265
-805245
-805203
-805200
-805046
-804089
-804079
-804078
-804077
-804067
-803880
-802430
-802410
-801846
-801822
-801108
-800526
-799183
-799040
-798006
-795242
-794610
-792792
-792599
-791616
-791279
-790911
-790848
-788480
-788346
-787897
-787887
-787886
-787885
-787875
-787865
-787864
-787863
-787853
-787843
-787842
-787841
-787831
-785358
-785128
-782032
-780767
-780683
-780672
-780671
-780670
-780659
-780575
-780528
-780350
-780030
-780029
-780028
-780026
-780019
-779709
-779708
-779388
-778746
-778616
-778596
-778554
-778553
-778533
-778491
-778490
-778470
-778428
-778205
-778173
-778172
-778171
-778162
-778140
-778139
-778107
-777810
-776499
-773514
-773496
-773495
-772635
-772541
-772540
-772539
-772445
-770143
-768663
-768284
-768264
-768258
-768132
-767718
-766258
-766196
-766195
-763640
-759597
-759276
-759275
-759274
-759265
-758954
-758953
-758632
-758080
-757559
-757239
-757238
-757237
-757228
-756918
-756917
-756916
-756907
-756597
-756596
-756595
-756586
-756276
-756275
-755955
-755734
-755690
-755678
-755677
-755676
-755664
-755612
-755200
-754975
-754880
-754879
-754624
-754623
-754622
-754593
-754592
-754591
-754590
-754589
-754582
-754581
-754580
-754561
-754560
-754559
-754558
-754549
-754529
-754528
-754527
-754241
-754240
-754239
-754029
-754028
-753708
-753387
-753312
-753066
-752324
-752304
-752135
-752115
-752114
-752113
-752104
-752094
-752093
-752084
-752075
-752074
-752073
-752072
-752071
-752070
-752069
-752064
-752061
-752060
-752052
-752051
-752031
-752030
-752029
-752020
-752010
-752009
-751989
-751961
-751884
-751821
-751820
-751800
-751611
-751212
-750327
-749721
-749041
-749007
-748440
-748418
-747912
-746004
-746003
-745992
-745683
-743904
-742152
-741486
-741485
-741484
-741483
-741481
-741480
-741479
-741080
-740879
-740859
-739760
-739759
-739758
-739756
-739749
-739116
-738439
-738438
-737118
-734944
-734476
-732458
-732438
-732437
-732436
-732434
-732427
-732417
-732416
-732396
-732354
-732207
-732144
-731933
-731907
-731889
-731888
-731844
-731843
-731817
-731754
-731574
-731041
-731011
-731010
-731009
-731000
-730980
-730979
-730949
-730670
-729729
-729652
-729192
-729191
-728348
-728028
-728027
-728026
-728017
-727871
-727707
-727706
-727386
-725229
-724497
-723840
-723744
-721746
-721728
-721710
-721280
-720966
-719712
-719040
-718624
-717581
-716266
-716265
-716264
-716263
-716262
-716261
-716260
-716259
-716258
-716255
-716254
-716253
-716252
-716251
-715704
-715682
-715627
-715617
-715616
-715615
-715605
-715595
-715594
-715593
-715585
-715583
-715528
-715506
-715367
-715245
-715244
-715243
-715175
-715155
-715121
-715019
-715001
-715000
-714999
-714998
-714997
-714996
-714995
-714977
-714875
-714753
-714752
-714751
-714629
-714482
-714462
-714356
-714336
-713663
-713643
-712782
-712656
-712415
-711748
-709552
-709434
-709431
-709430
-709429
-709308
-709207
-709189
-709188
-709187
-709186
-709185
-709184
-709183
-709165
-709064
-709016
-708943
-708942
-708941
-708820
-707490
-707441
-707439
-707438
-707437
-707436
-707435
-707433
-707428
-707406
-706624
-705672
-704000
-702027
-702026
-701892
-701875
-701706
-700244
-700238
-700224
-700182
-699992
-699972
-699678
-698544
-697631
-697620
-697619
-697618
-697607
-697596
-697585
-697584
-697583
-697572
-697560
-697559
-697549
-697548
-697547
-697546
-697536
-697535
-697488
-697383
-697158
-697066
-696261
-696260
-696259
-696074
-695137
-690645
-690228
-690227
-690195
-689561
-689535
-688241
-687959
-687939
-686881
-686720
-686322
-685260
-685025
-683339
-682931
-682920
-682919
-682918
-682917
-682907
-682499
-681803
-681713
-681635
-681632
-681483
-681295
-681294
-681293
-680875
-680315
-679235
-679140
-679118
-678915
-678914
-678913
-678904
-678678
-678594
-678593
-678273
-676808
-676788
-676746
-676026
-676025
-675705
-675384
-675004
-674148
-674099
-673779
-673137
-672335
-672014
-671055
-670568
-670248
-670247
-669927
-669926
-669606
-669347
-669323
-669312
-669311
-669310
-669299
-669281
-669280
-669279
-669275
-668480
-668160
-668159
-666413
-666395
-666393
-666351
-666075
-665652
-663390
-662865
-662543
-662223
-661760
-661752
-660996
-660480
-658692
-658691
-658371
-655578
-655556
-655116
-654948
-654822
-654764
-654522
-654512
-654511
-654510
-654500
-654486
-654360
-654359
-654258
-654227
-654192
-654170
-653895
-653730
-653660
-653296
-653183
-653163
-653121
-653072
-651951
-651630
-651504
-651309
-651056
-650945
-650944
-650943
-650832
-650755
-650741
-650723
-650722
-650721
-650720
-650719
-650718
-650717
-650699
-650685
-650608
-650579
-650570
-650569
-650568
-650567
-650566
-650565
-650564
-650559
-650556
-650555
-650546
-650528
-650497
-650496
-650495
-650463
-650456
-650384
-650345
-650054
-650025
-650024
-650023
-650014
-649900
-649704
-649703
-649562
-649440
-649439
-649438
-649383
-649316
-649309
-649308
-649307
-649040
-648998
-648824
-648774
-648773
-648753
-648439
-648395
-648385
-648384
-648383
-648368
-648365
-648081
-647770
-647136
-646494
-646415
-644770
-644519
-644389
-644282
-644161
-644160
-644159
-644038
-644006
-643986
-643754
-643734
-643733
-643732
-643723
-643713
-643712
-643692
-643665
-643550
-643503
-643472
-643461
-643460
-643440
-643188
-643166
-643164
-643158
-641091
-641081
-641080
-641079
-641069
-640731
-640583
-640563
-640395
-640332
-639496
-639486
-639485
-639484
-639474
-639464
-639463
-639462
-639453
-639452
-639451
-639441
-639408
-639398
-639397
-639396
-639387
-639386
-639385
-639375
-639280
-639210
-639200
-639199
-639198
-639188
-638495
-637938
-636741
-635401
-635376
-635258
-635040
-634938
-634937
-634936
-634927
-634880
-634617
-634616
-634524
-634296
-634115
-634080
-634044
-634043
-634018
-632709
-632687
-632319
-632256
-632152
-631983
-631808
-631721
-631701
-631700
-631699
-631690
-631680
-631679
-631659
-631516
-631470
-631407
-631126
-631040
-630827
-630795
-630630
-630608
-630385
-630168
-629760
-629160
-628283
-628187
-628155
-628154
-628153
-628144
-628122
-628121
-628089
-627816
-627803
-627801
-627792
-627440
-627054
-627053
-626395
-626373
-626021
-626011
-626010
-626009
-625999
-625989
-625988
-625987
-625977
-625967
-625966
-625965
-625955
-625625
-625603
-625482
-625481
-625449
-624987
-624965
-624833
-624811
-624143
-624024
-624023
-623904
-623903
-623703
-623616
-623512
-623176
-622809
-622502
-622482
-622440
-622439
-622419
-622377
-622376
-622356
-622314
-621999
-621936
-621873
-620400
-619752
-619520
-618407
-618387
-618227
-618156
-617925
-617905
-617904
-617903
-617901
-617900
-617899
-617526
-617400
-617110
-616907
-616770
-616308
-616286
-615802
-615549
-615307
-615297
-615296
-615295
-615285
-615043
-614807
-614754
-614753
-614733
-614715
-614628
-614627
-614607
-614448
-614447
-614394
-614372
-614073
-613818
-613569
-613547
-613537
-613536
-613535
-613525
-613515
-613514
-613513
-613503
-613481
-613272
-613158
-613056
-612944
-612864
-612843
-612833
-612832
-612831
-612821
-612622
-612560
-612559
-612458
-612378
-612360
-612359
-612339
-612297
-611947
-611712
-611711
-611710
-611681
-611680
-611679
-611475
-611184
-610863
-610848
-610847
-610841
-610827
-610385
-610365
-610364
-610363
-610354
-610344
-610343
-610323
-610134
-609974
-609914
-609900
-609899
-609898
-609884
-609824
-609355
-609354
-609353
-609344
-609224
-609152
-609151
-609150
-609121
-609120
-609119
-609118
-609117
-609110
-609109
-609108
-609089
-609088
-609087
-609086
-609057
-609056
-609055
-608885
-608884
-608883
-608874
-608769
-608768
-608767
-607935
-607653
-607614
-607332
-607331
-607266
-607257
-607011
-606762
-606761
-606720
-606690
-606529
-606528
-606527
-606526
-606497
-606496
-606495
-606480
-606368
-606294
-606293
-606048
-606047
-605727
-605726
-605681
-605406
-605360
-605359
-605358
-605349
-605120
-605038
-605037
-604716
-604480
-604464
-604240
-604169
-604160
-604159
-604129
-604128
-604127
-604121
-604016
-603937
-603936
-603935
-603801
-603800
-603799
-603792
-603790
-603779
-603703
-603480
-603479
-603478
-603469
-603159
-603158
-603157
-603148
-602838
-602837
-602784
-602783
-602517
-602462
-602240
-602153
-602133
-602091
-601920
-601919
-601842
-601818
-601769
-601768
-601767
-601694
-601600
-601599
-601598
-601589
-601444
-601279
-601233
-601232
-601230
-601055
-600958
-600912
-600911
-600591
-600590
-600270
-600210
-600209
-600208
-600207
-600205
-600204
-600203
-599949
-599760
-599725
-599724
-599723
-599628
-599360
-599255
-599235
-599172
-599039
-598974
-598752
-598665
-598490
-598344
-598138
-598137
-598136
-598127
-598023
-598022
-597908
-597907
-597906
-597897
-597806
-597786
-597730
-597702
-597617
-597597
-597596
-597595
-597586
-597576
-597575
-597566
-597557
-597556
-597555
-597554
-597553
-597552
-597551
-597546
-597543
-597542
-597534
-597533
-597513
-597512
-597511
-597502
-597492
-597491
-597471
-597443
-597436
-597415
-597366
-597303
-597302
-597282
-597093
-597051
-596739
-596574
-596068
-595771
-595504
-595203
-594594
-594384
-594363
-594341
-593712
-593681
-593406
-592595
-592565
-591947
-591927
-591885
-591584
-591136
-591025
-591024
-591023
-590912
-590601
-590464
-590249
-590239
-590238
-590237
-590227
-590115
-590085
-590084
-590083
-590074
-590054
-590053
-590023
-589875
-589744
-589575
-588924
-588923
-588903
-588861
-588800
-587574
-587573
-587543
-586907
-586887
-586865
-586845
-586844
-586843
-586834
-586824
-586823
-586803
-586782
-586781
-586761
-586719
-586614
-586544
-586524
-586523
-586270
-586152
-586146
-585648
-585504
-585503
-585312
-585203
-585183
-585063
-584640
-582960
-582624
-581742
-581741
-581721
-581679
-581443
-581356
-581354
-581344
-581343
-581342
-581335
-581333
-581332
-581329
-581327
-581326
-581325
-581324
-581323
-581322
-581321
-581320
-581319
-581318
-581317
-581316
-581315
-581314
-581313
-581312
-581311
-581310
-581309
-581306
-581305
-581304
-581302
-581298
-581297
-581296
-581294
-581287
-581285
-581284
-581282
-581275
-581273
-581266
-581255
-581251
-581240
-581212
-581206
-581198
-581197
-581185
-581174
-581068
-580987
-580985
-580965
-580832
-580720
-580609
-580608
-580607
-580496
-580482
-580481
-580461
-580384
-580312
-580198
-580122
-579726
-577442
-577372
-577371
-577370
-577300
-577024
-576912
-576639
-576240
-575603
-575601
-575553
-575487
-575465
-575421
-575232
-575190
-574911
-574770
-573440
-573167
-573165
-573164
-573163
-573162
-573161
-573159
-573154
-573132
-572132
-572131
-572066
-572022
-572000
-571911
-571846
-571760
-571692
-571367
-571252
-571235
-570726
-570725
-570723
-570640
-570023
-570003
-569856
-569751
-569361
-569310
-569309
-569308
-569306
-569299
-569281
-569254
-569247
-569246
-569242
-569241
-569240
-569239
-569238
-569237
-569236
-569235
-569234
-569231
-569230
-569229
-569228
-569227
-569226
-569212
-569211
-569170
-569169
-569168
-569166
-569159
-568287
-567616
-567226
-567083
-567072
-567071
-567070
-567059
-566941
-566940
-566939
-566874
-566852
-566709
-566687
-566496
-566412
-565967
-565944
-565943
-565942
-565933
-565920
-565919
-565896
-565680
-565387
-564960
-564498
-564480
-564462
-564067
-563574
-563552
-563429
-563409
-563408
-563407
-563398
-563388
-563387
-563367
-563354
-563222
-563178
-563034
-562775
-562645
-562464
-562391
-562071
-561791
-561790
-561789
-561726
-561428
-561330
-561329
-561309
-561308
-561267
-561264
-561177
-561176
-561109
-561108
-561107
-561106
-561097
-561039
-561038
-560787
-560786
-560466
-560465
-560377
-560145
-560144
-560143
-560134
-559944
-559922
-559824
-559823
-559514
-559511
-559505
-559504
-559503
-559502
-559501
-559500
-559499
-559494
-559493
-559491
-559490
-559488
-559482
-559481
-559440
-559391
-559182
-559181
-558861
-558860
-558859
-558850
-558540
-558539
-558219
-558179
-557577
-557424
-557172
-556851
-556614
-556613
-556293
-556227
-555682
-555651
-555650
-555330
-554528
-554190
-553044
-552977
-552976
-552975
-552908
-552773
-552761
-552720
-552441
-551460
-551459
-551393
-551287
-551152
-550620
-549044
-549024
-548982
-548688
-548268
-547120
-547009
-547008
-547007
-546896
-546336
-546335
-546315
-546126
-545328
-544992
-544782
-544768
-544657
-544656
-544655
-544634
-544614
-544572
-544544
-544320
-544251
-544194
-543312
-543088
-542977
-542976
-542975
-542931
-542864
-542640
-541286
-540164
-540163
-540162
-540160
-539280
-539040
-538608
-537647
-537625
-536778
-536723
-536714
-536713
-536712
-536711
-536710
-536701
-536646
-536448
-536404
-536393
-536391
-536383
-536382
-536381
-536371
-536360
-536325
-536319
-536316
-536256
-536193
-535920
-535815
-535814
-535794
-535752
-535671
-535040
-535005
-534549
-534548
-534547
-534391
-533425
-533120
-530712
-530291
-529971
-529263
-529262
-529242
-529200
-528606
-528554
-528542
-528541
-528540
-528528
-528476
-528365
-528045
-528044
-528043
-528034
-527724
-527723
-527520
-527403
-525987
-525840
-525798
-525797
-525477
-524514
-524160
-523754
-523732
-523551
-523196
-523190
-523188
-523187
-523186
-523184
-523178
-523170
-523162
-523161
-523160
-523152
-522522
-522500
-522060
-521892
-521072
-520828
-520128
-520020
-520019
-520008
-519827
-519817
-519816
-519815
-519805
-519795
-519794
-519793
-519783
-519699
-519153
-519078
-519036
-519035
-519015
-518826
-517440
-517131
-516923
-516913
-516912
-516911
-516901
-516516
-516168
-515878
-515856
-515840
-515526
-515423
-515403
-515151
-515088
-514877
-514556
-513599
-513512
-513492
-513279
-513278
-513260
-513240
-513239
-513238
-513229
-513219
-513218
-513211
-513198
-513009
-512996
-512967
-512966
-512958
-512957
-512946
-512909
-512694
-512637
-512442
-512210
-512190
-512189
-512188
-512186
-512179
-512169
-512168
-512148
-512106
-512089
-512088
-512087
-512076
-512000
-511959
-511680
-511679
-511665
-511643
-511056
-511055
-511035
-510965
-510783
-510692
-510237
-509427
-509106
-508872
-508785
-508740
-508585
-506880
-505575
-505483
-503328
-502992
-502577
-501983
-501960
-501839
-501409
-501347
-501225
-501224
-501223
-501120
-501101
-501024
-501004
-500609
-500411
-500410
-500409
-500363
-500241
-500240
-500239
-500234
-500175
-500174
-500173
-500171
-500170
-500169
-500117
-500015
-499997
-499996
-499995
-499994
-499993
-499992
-499991
-499973
-499871
-499796
-499771
-499770
-499769
-499749
-499748
-499747
-499625
-499379
-499203
-499200
-499185
-499184
-499183
-499182
-499181
-499180
-499179
-499161
-498939
-498887
-498765
-498764
-498763
-498641
-498568
-498536
-498492
-498149
-498017
-497955
-497954
-497953
-497760
-497411
-497340
-497272
-497178
-497151
-497150
-497149
-497028
-496695
-496540
-496469
-496296
-496175
-496174
-496173
-496068
-496052
-495951
-495933
-495932
-495931
-495930
-495929
-495928
-495927
-495909
-495808
-495687
-495686
-495685
-495564
-495375
-495320
-495284
-495264
-495263
-495262
-495253
-495243
-495242
-495222
-495158
-495138
-495137
-495136
-495127
-495117
-495116
-495096
-495033
-494907
-494832
-494711
-494710
-494709
-494588
-494323
-494320
-494100
-494054
-494019
-494018
-493924
-493920
-493698
-493368
-491412
-490567
-490091
-490000
-489887
-489867
-489825
-489628
-489216
-488769
-488312
-488292
-488291
-488280
-488271
-488208
-488040
-488015
-487980
-487967
-487956
-487955
-487954
-487952
-487945
-487944
-487943
-487932
-487926
-487925
-487924
-487921
-487920
-487919
-487915
-487908
-487896
-487895
-487894
-487892
-487885
-487884
-487883
-487882
-487872
-487871
-487860
-487824
-487823
-487449
-487448
-487079
-486288
-486192
-486128
-486081
-486080
-486079
-485968
-485898
-484785
-483120
-482598
-482427
-482160
-481961
-481959
-481923
-481140
-481139
-481107
-481068
-479847
-479789
-479788
-479787
-479729
-478720
-478467
-478400
-478064
-478044
-478043
-478042
-478033
-478023
-478022
-478002
-477813
-476880
-476685
-476663
-475800
-475640
-475560
-475559
-475558
-475549
-475533
-475020
-474239
-474238
-473795
-473600
-473475
-473382
-472929
-472920
-472919
-472918
-472917
-472916
-472915
-472914
-472909
-472906
-472905
-472896
-472806
-472206
-471628
-471627
-471626
-471625
-471624
-471623
-471622
-471621
-471616
-471615
-471614
-471605
-471604
-471603
-471597
-471596
-471534
-470276
-470275
-470274
-470265
-469944
-469623
-469568
-468955
-468954
-468496
-468338
-468018
-468017
-468016
-468007
-467775
-467697
-467696
-467634
-467376
-467168
-467082
-467040
-466902
-466884
-466866
-466739
-466704
-466686
-466595
-466571
-466560
-466559
-466558
-466547
-466529
-466528
-466527
-466523
-466379
-466092
-466091
-465771
-465696
-465584
-465064
-465057
-465056
-465055
-465048
-464992
-464487
-464147
-464000
-463969
-463968
-463967
-463789
-463679
-463524
-463360
-463358
-462560
-462240
-462239
-461919
-461918
-461598
-461472
-461120
-461104
-461029
-461028
-460971
-460970
-460950
-460836
-460800
-460799
-460635
-460152
-460151
-460130
-460119
-459993
-459708
-459707
-459706
-459704
-459697
-459672
-459624
-459351
-459270
-458783
-458760
-458387
-458386
-458240
-458136
-458067
-457296
-457190
-457170
-457128
-457066
-457065
-456863
-456840
-456839
-456838
-456829
-456816
-456815
-456792
-456624
-456576
-456575
-456512
-456176
-456065
-456064
-456063
-455952
-455745
-455504
-455280
-455169
-455168
-455167
-455147
-455056
-454965
-454947
-454946
-454945
-454944
-454943
-454942
-454941
-454923
-454905
-454896
-454895
-454894
-454893
-454883
-454872
-454832
-454721
-454720
-454719
-454641
-454608
-454535
-454424
-454384
-454215
-453936
-453825
-453824
-453823
-453775
-453712
-453692
-453635
-453601
-453600
-453599
-453565
-453474
-453440
-453425
-453264
-453152
-452952
-452864
-452592
-452570
-452569
-452568
-451979
-451949
-451446
-451268
-451248
-451226
-451206
-451205
-451204
-451202
-451195
-451185
-451184
-451164
-451143
-451142
-451122
-451080
-450975
-450954
-450800
-450683
-450560
-450513
-450363
-450323
-449721
-449504
-449484
-449469
-449442
-449441
-449433
-449432
-449431
-449421
-449401
-449400
-449399
-449379
-449378
-449358
-449316
-449201
-449200
-449199
-449079
-449064
-449042
-448602
-448334
-448332
-448326
-448224
-448223
-448077
-447902
-447733
-447678
-447606
-447348
-447326
-447315
-447304
-447294
-447293
-447292
-447282
-447272
-447271
-447270
-447261
-447260
-447259
-447249
-447238
-447216
-447206
-447205
-447204
-447195
-447194
-447193
-447183
-447152
-447150
-447139
-447062
-447040
-447018
-447008
-447007
-447006
-446996
-446986
-446985
-446984
-446974
-446952
-446930
-446879
-446832
-446831
-446747
-446511
-446510
-446231
-446208
-446207
-446206
-446190
-446183
-446177
-446176
-446175
-445904
-445851
-445831
-445816
-445788
-445760
-445725
-445440
-445439
-445200
-445177
-445027
-444864
-444709
-444708
-444707
-444690
-444416
-443939
-443898
-443897
-443877
-443856
-443585
-443531
-443520
-443519
-443518
-443507
-443389
-443388
-443387
-443184
-443099
-442883
-442465
-442464
-442463
-442370
-442337
-442308
-442307
-442045
-442017
-442016
-442015
-442006
-441932
-441696
-441695
-441692
-441672
-441630
-441503
-441483
-441441
-441375
-441339
-441045
-441023
-441011
-440979
-440978
-440977
-440968
-440946
-440945
-440913
-440616
-440319
-440220
-440159
-440029
-439991
-439971
-439893
-439488
-439425
-439298
-439278
-439271
-439236
-439200
-439199
-439172
-439152
-439127
-439112
-439019
-439017
-438807
-438486
-438480
-438479
-438459
-438165
-438102
-437970
-436968
-436967
-436947
-436905
-436581
-436526
-436506
-436254
-435917
-435597
-435596
-435595
-435586
-435456
-435276
-435275
-435200
-434955
-434603
-434313
-434291
-433290
-433287
-432978
-432960
-432263
-432233
-432066
-431967
-431424
-431088
-430416
-430400
-430080
-430007
-429869
-429791
-429780
-429779
-429778
-429776
-429767
-429758
-429757
-429756
-429755
-429754
-429753
-429752
-429743
-429734
-429732
-429731
-429730
-429719
-429548
-429547
-429546
-429537
-429503
-429440
-429240
-429226
-429225
-428904
-428900
-428855
-428778
-428777
-428776
-428775
-428773
-428772
-428771
-428654
-428535
-428534
-428533
-428524
-428214
-428213
-428212
-428203
-428003
-427893
-427892
-427891
-427882
-427863
-427845
-427823
-427713
-427691
-427681
-427680
-427679
-427669
-427659
-427658
-427657
-427648
-427647
-427646
-427639
-427638
-427637
-427628
-427625
-427617
-427616
-427615
-427614
-427613
-427606
-427605
-427604
-427593
-427592
-427591
-427585
-427584
-427583
-427582
-427572
-427571
-427553
-427552
-427551
-427520
-427515
-427493
-427265
-427264
-427263
-427251
-427229
-427200
-427199
-427098
-426987
-426977
-426976
-426975
-426972
-426965
-426880
-426879
-426878
-426869
-426845
-426825
-426824
-426823
-426814
-426804
-426803
-426783
-426741
-426740
-426739
-426700
-426683
-426594
-426559
-426006
-425617
-425414
-425293
-425292
-425291
-425170
-425040
-425018
-425004
-424830
-424683
-424656
-424494
-424476
-424475
-424458
-424457
-424456
-424447
-424439
-424368
-424362
-424200
-424041
-423720
-423698
-423584
-423399
-422720
-422435
-422378
-422115
-421806
-421805
-421773
-421740
-421151
-420831
-420830
-420829
-420820
-420510
-420509
-420189
-420171
-420167
-420138
-419727
-419628
-418770
-418571
-418547
-418536
-418535
-418534
-418533
-418523
-418499
-418320
-417956
-417300
-416979
-416976
-416752
-416658
-416657
-416641
-416640
-416639
-416592
-416528
-416337
-416336
-416304
-416303
-416283
-416016
-416015
-416014
-416012
-416005
-415968
-415936
-415695
-415694
-415408
-415374
-415296
-415002
-414960
-414959
-414939
-414732
-414560
-414540
-414539
-414538
-414529
-414519
-414518
-414498
-414315
-414309
-414293
-414283
-414253
-414252
-414251
-414242
-414222
-414221
-414191
-414089
-413912
-413769
-413633
-413595
-413540
-413279
-413259
-413196
-413149
-413127
-413105
-412776
-412775
-412755
-412608
-412485
-412271
-412251
-412151
-411957
-411600
-411012
-410872
-410871
-410831
-410806
-410550
-410366
-410124
-410114
-410113
-410112
-410102
-409920
-409917
-409916
-409871
-409860
-409752
-409751
-409731
-409640
-409632
-409631
-409618
-409596
-409595
-409574
-409530
-409275
-409274
-409248
-409101
-409046
-409045
-409025
-409024
-409023
-409022
-409002
-409001
-408993
-408992
-408991
-408980
-408969
-408959
-408958
-408957
-408954
-408947
-408936
-408912
-408859
-408849
-408848
-408847
-408837
-408640
-408595
-408319
-408254
-407904
-407862
-407846
-407814
-407813
-407812
-407782
-407781
-407780
-407748
-407549
-407360
-407232
-407231
-407220
-407211
-406945
-406934
-406930
-406924
-406923
-406922
-406916
-406913
-406912
-406911
-406910
-406909
-406901
-406890
-406875
-406727
-406714
-406640
-406638
-406630
-406629
-406628
-406627
-406626
-406619
-406617
-406616
-406613
-406611
-406610
-406609
-406608
-406607
-406606
-406605
-406604
-406603
-406602
-406601
-406600
-406599
-406598
-406597
-406596
-406595
-406594
-406593
-406590
-406589
-406588
-406586
-406582
-406581
-406580
-406579
-406578
-406571
-406569
-406568
-406566
-406561
-406560
-406559
-406550
-406549
-406539
-406538
-406537
-406527
-406496
-406490
-406482
-406481
-406352
-406314
-406269
-406175
-406153
-406065
-405986
-405482
-405216
-405079
-404752
-404712
-404690
-404481
-404459
-404404
-404250
-404139
-403851
-403725
-403667
-403657
-403656
-403655
-403645
-403480
-403458
-403326
-403304
-403200
-403095
-402864
-402696
-402666
-402644
-402633
-402578
-402570
-402567
-402534
-402533
-402468
-402435
-402416
-402413
-402380
-402369
-402240
-402234
-402213
-402192
-402108
-401940
-401918
-401856
-401584
-401583
-401498
-401478
-401372
-401352
-401247
-401099
-401097
-401096
-401095
-401094
-401093
-401091
-401086
-401064
-400950
-400598
-400554
-400532
-400263
-400245
-400139
-400136
-400092
-399924
-399818
-399816
-399798
-399797
-399796
-399787
-399777
-399776
-399756
-399692
-399672
-399671
-399670
-399661
-399651
-399650
-399630
-399567
-399441
-399323
-399168
-399003
-399002
-398682
-398681
-398475
-398361
-398097
-398096
-398080
-398076
-397971
-397970
-397950
-397760
-397759
-397719
-397320
-397210
-397152
-396396
-396299
-396270
-396242
-396241
-396211
-396176
-395945
-395488
-395487
-395486
-395472
-395457
-395456
-395455
-395454
-395425
-395424
-395423
-395422
-395393
-395392
-395391
-395136
-395114
-395094
-395093
-395092
-395083
-395073
-395072
-395052
-394979
-394978
-394977
-394968
-394863
-394772
-394680
-394240
-394196
-394187
-394174
-394152
-393976
-393966
-393965
-393964
-393954
-393946
-393945
-393944
-393943
-393942
-393941
-393940
-393932
-393924
-393923
-393922
-393921
-393920
-393919
-393918
-393910
-393900
-393899
-393898
-393888
-393867
-393866
-393712
-393690
-393658
-393657
-393546
-393545
-393225
-393119
-393099
-392960
-392903
-392847
-392794
-392793
-392792
-392783
-392679
-392678
-392658
-392640
-392639
-392583
-392564
-392563
-392562
-392553
-392337
-392336
-392315
-392196
-391964
-391941
-391644
-391299
-391016
-391015
-391014
-391005
-390978
-390977
-390936
-390831
-390804
-390657
-390656
-390655
-390646
-390453
-390433
-390432
-390431
-390411
-390336
-390335
-390284
-390264
-390263
-390262
-390253
-390243
-390242
-390222
-390208
-390097
-390096
-390095
-390089
-390033
-390026
-390023
-390017
-390016
-390015
-390014
-390013
-390012
-390011
-390006
-390005
-390003
-390002
-389993
-389984
-389940
-389939
-389903
-389872
-389761
-389760
-389759
-389695
-389694
-389693
-389648
-389620
-389373
-389372
-389371
-389362
-389052
-389051
-388731
-388528
-388417
-388416
-388415
-388410
-388374
-388304
-388143
-388104
-388089
-388080
-388017
-387849
-387790
-387789
-387126
-387125
-386946
-386868
-386805
-386747
-386745
-386739
-386694
-386567
-386555
-386554
-386547
-386484
-386232
-386163
-386162
-385842
-385731
-385632
-385320
-385319
-385317
-385281
-385008
-384950
-384930
-384929
-384928
-384919
-384909
-384908
-384888
-384879
-384699
-384411
-384410
-384237
-383971
-383736
-383735
-383734
-383733
-383691
-383669
-383659
-383658
-383657
-383655
-383647
-383637
-383636
-383635
-383625
-383615
-383614
-383613
-383603
-383592
-383499
-383460
-383339
-383329
-383328
-383327
-383317
-383292
-383291
-383271
-383130
-383129
-383128
-383099
-383098
-383097
-383096
-383090
-383089
-383088
-383079
-383067
-383066
-383036
-382965
-382953
-382724
-382704
-382662
-382345
-382344
-382343
-382334
-382250
-382239
-382204
-382203
-382202
-382200
-382156
-382112
-382111
-382110
-382109
-382108
-382107
-382106
-382105
-382100
-382099
-382098
-382089
-382088
-382087
-381990
-381920
-381875
-381874
-381873
-381864
-381769
-381768
-381654
-381348
-381087
-381024
-380961
-380718
-380717
-380627
-380485
-380484
-380483
-380482
-380481
-380448
-380447
-380424
-380268
-380267
-380250
-380249
-380015
-379995
-379743
-379127
-379091
-379008
-378859
-378858
-378857
-378625
-378231
-377920
-377916
-377915
-377895
-377850
-377806
-377805
-377740
-377622
-377328
-376640
-376530
-376506
-376488
-376487
-376485
-376320
-376164
-375984
-375716
-375715
-375650
-375648
-375606
-375584
-375495
-375430
-375276
-375248
-375144
-374928
-374927
-374926
-374924
-374917
-374836
-374607
-374606
-374286
-374118
-374073
-374072
-374071
-374026
-373968
-373888
-373844
-373843
-373842
-373841
-373840
-373796
-373644
-373295
-373275
-373230
-373008
-373007
-373006
-373004
-373002
-373001
-372997
-372996
-372995
-372994
-372992
-372990
-372985
-372956
-372681
-372522
-372521
-372520
-372511
-372438
-372258
-372240
-372222
-372160
-372042
-371910
-371713
-371397
-371396
-371201
-371200
-371076
-371075
-371074
-371072
-371065
-370799
-370770
-370763
-370761
-370755
-370754
-370751
-370749
-370745
-370744
-370743
-370742
-370741
-370740
-370739
-370738
-370737
-370733
-370731
-370721
-370719
-370667
-370657
-370656
-370655
-370645
-370513
-370434
-370433
-370113
-370055
-369891
-369882
-369881
-369880
-369879
-369878
-369877
-369876
-369871
-369868
-369867
-369858
-369792
-369791
-369768
-369471
-369264
-369150
-368676
-368559
-368558
-368368
-367609
-367545
-367238
-367237
-367236
-367227
-367224
-366912
-366903
-366794
-366762
-366498
-366470
-366450
-366407
-366387
-366281
-366261
-366260
-366259
-366250
-366240
-366239
-366230
-366227
-366221
-366220
-366219
-366218
-366217
-366216
-366215
-366210
-366209
-366207
-366206
-366198
-366197
-366177
-366176
-366175
-366166
-366156
-366155
-366135
-366107
-366030
-366029
-366009
-365984
-365967
-365966
-365958
-365948
-365946
-365942
-365940
-365939
-365938
-365936
-365930
-365922
-365917
-365916
-365914
-365913
-365912
-365904
-365894
-365868
-365757
-365619
-364975
-364596
-364595
-364454
-364448
-364434
-364336
-364225
-364224
-364223
-364202
-364182
-364181
-364180
-364171
-364161
-364160
-364140
-364112
-364084
-364014
-364013
-364000
-363951
-363909
-363908
-363888
-363867
-363852
-363693
-363636
-363520
-363275
-362729
-362312
-362292
-362250
-361584
-361179
-361075
-360863
-360843
-360780
-360738
-360640
-360633
-360360
-360338
-360320
-359898
-359841
-359776
-359521
-359520
-359519
-359436
-359360
-359312
-359311
-359264
-359199
-359142
-359073
-358839
-358668
-358638
-358400
-358237
-358236
-358144
-358143
-358142
-358135
-358134
-358133
-358132
-358131
-358130
-358129
-358128
-358127
-358124
-358123
-358122
-358121
-358120
-358119
-358118
-358111
-358110
-358109
-358021
-358020
-358019
-357991
-357852
-357830
-357819
-357809
-357808
-357807
-357797
-357786
-357764
-357616
-357437
-357315
-357314
-357313
-357311
-357310
-357309
-357272
-357252
-357230
-357210
-357209
-357208
-357206
-357199
-357191
-357189
-357188
-357168
-357147
-357146
-357126
-357084
-356979
-356958
-356914
-356832
-356626
-356517
-355961
-355824
-355680
-355679
-355678
-355649
-355648
-355647
-355572
-355393
-355392
-355391
-355200
-354732
-354731
-354532
-354519
-354518
-354497
-354486
-354453
-354444
-354411
-354410
-354409
-354354
-354321
-354288
-354192
-354158
-354063
-354028
-354027
-353472
-353248
-353137
-353136
-353135
-353068
-353064
-353024
-352800
-352707
-352640
-352107
-352106
-352086
-352044
-351936
-351560
-351052
-350802
-350784
-350766
-350448
-350279
-350064
-349934
-349919
-349896
-349446
-349073
-349041
-348909
-348887
-348816
-348798
-348797
-348796
-348794
-348793
-348792
-348791
-348790
-348789
-348788
-348787
-348786
-348785
-348784
-348783
-348782
-348781
-348780
-348779
-348777
-348775
-348768
-348744
-348743
-348742
-348733
-348704
-348698
-348684
-348642
-348626
-348557
-348534
-348533
-348532
-348348
-348347
-348327
-348285
-348282
-348138
-348096
-348075
-348038
-348037
-348036
-347976
-347634
-347423
-347422
-347034
-347007
-347004
-346962
-346754
-346679
-346560
-346359
-346236
-346102
-345884
-345870
-345827
-345716
-345600
-345546
-345510
-345506
-345396
-345092
-345074
-344761
-344754
-344753
-344736
-344564
-344534
-344433
-344432
-344286
-344112
-344106
-344088
-344087
-344000
-343791
-343790
-343778
-343776
-343775
-343774
-343772
-343745
-343744
-343743
-343680
-343679
-343470
-342828
-342827
-342719
-342666
-342648
-342647
-342630
-342629
-342628
-342619
-342611
-342507
-342311
-342300
-342299
-342298
-342287
-342143
-342111
-341904
-341879
-341711
-341495
-341486
-341485
-341484
-341483
-341482
-341480
-341471
-341462
-341461
-341460
-341459
-341458
-341457
-341456
-341448
-341447
-341439
-341438
-341436
-341435
-341434
-341423
-341392
-341208
-341207
-341190
-341171
-341066
-341039
-340901
-340818
-340800
-340668
-340650
-340649
-340648
-340647
-340646
-340645
-340644
-340631
-340626
-340620
-340619
-340618
-340607
-340581
-340228
-340200
-340199
-339810
-339809
-339808
-339471
-339390
-339338
-339318
-339066
-338976
-338954
-338754
-338618
-338496
-338495
-338494
-338465
-338464
-338463
-338372
-338333
-338176
-338175
-338039
-338013
-338012
-338011
-338002
-337909
-337818
-337692
-337691
-337558
-337502
-337371
-337290
-337074
-336855
-336810
-336798
-336468
-335919
-335886
-335866
-335777
-335745
-335744
-335743
-335648
-335622
-335340
-335225
-335123
-334972
-334970
-334950
-334803
-334698
-334655
-334632
-334482
-334213
-334191
-333665
-333639
-333531
-333452
-333412
-333411
-333410
-333370
-333032
-333002
-332639
-332555
-332514
-332235
-332234
-332233
-332224
-331914
-331913
-331903
-331848
-331776
-331775
-331774
-331745
-331744
-331743
-331660
-331656
-331647
-331593
-331307
-331296
-331272
-331236
-331235
-330924
-330876
-330832
-330792
-330770
-330330
-330240
-329868
-329727
-329426
-329406
-329400
-329393
-329364
-329346
-329345
-329311
-329238
-329185
-329184
-329183
-329057
-329025
-329024
-328944
-328860
-328704
-328703
-328383
-328382
-328164
-328163
-328062
-328000
-327917
-327916
-327887
-327726
-327680
-327679
-327608
-327607
-327540
-327275
-327274
-327152
-327010
-326793
-326716
-326457
-326287
-326136
-326072
-326040
-326039
-326038
-326008
-326007
-326006
-325974
-325815
-325809
-325777
-325776
-325775
-325743
-325710
-325671
-325670
-325669
-325624
-325320
-325304
-325303
-325292
-325288
-325284
-325283
-325282
-325281
-325280
-325279
-325273
-325272
-325264
-325263
-325252
-325240
-325224
-325144
-325136
-325120
-325025
-325024
-325023
-324966
-324912
-324852
-324804
-324576
-324547
-324542
-324387
-324386
-324366
-324292
-324093
-323889
-323840
-323792
-323681
-323680
-323679
-323568
-323247
-323125
-322998
-322672
-322560
-322392
-322323
-322316
-322314
-321888
-321407
-321377
-321321
-321308
-321307
-321306
-321305
-321283
-321282
-321281
-321178
-321090
-321068
-321003
-321002
-321001
-320992
-320912
-320789
-320788
-320787
-320768
-320760
-320759
-320738
-320735
-320727
-320712
-320711
-320710
-320701
-320688
-320687
-320664
-320551
-320541
-320540
-320539
-320529
-320448
-320232
-320000
-319716
-319715
-319682
-319681
-319648
-319553
-319539
-319431
-319430
-319429
-319395
-319307
-318932
-318897
-318804
-318361
-318360
-318324
-318323
-318202
-318201
-318200
-318199
-318087
-318078
-318077
-317955
-317812
-317810
-317809
-317808
-317790
-317789
-317724
-317708
-317688
-317646
-317520
-317519
-317499
-317469
-317462
-317394
-317184
-317138
-317109
-317040
-317039
-317038
-317036
-317029
-316992
-316966
-316956
-316954
-316953
-316952
-316940
-316914
-316835
-316834
-316833
-316820
-316712
-316686
-316478
-316416
-316233
-316232
-316192
-316191
-316190
-316161
-316160
-316159
-316158
-316129
-316128
-316127
-316126
-316097
-316096
-316095
-316008
-315937
-315936
-315935
-315905
-315904
-315903
-315873
-315872
-315871
-315863
-315756
-315719
-315718
-315563
-315543
-315520
-315494
-315413
-315381
-315249
-315248
-315168
-315126
-314985
-314924
-314901
-314882
-314879
-314816
-314670
-314440
-314398
-314368
-314356
-314265
-314264
-314259
-314237
-314160
-314138
-313973
-313906
-313786
-313776
-313775
-313774
-313764
-313754
-313753
-313752
-313746
-313742
-313731
-313721
-313720
-313719
-313709
-313643
-313614
-313613
-313612
-313603
-313481
-313480
-313467
-313390
-313368
-313348
-313236
-313214
-313038
-313028
-313027
-313026
-313016
-313008
-313007
-313006
-313005
-313004
-313003
-313002
-312994
-312986
-312985
-312984
-312983
-312982
-312981
-312980
-312972
-312962
-312961
-312960
-312950
-312930
-312774
-312752
-312741
-312620
-312598
-312455
-312431
-312320
-312315
-312314
-312313
-312312
-312304
-312246
-312236
-312235
-312234
-312224
-312214
-312213
-312212
-312202
-312191
-312189
-312151
-312107
-312072
-312036
-312035
-312012
-312011
-311987
-311952
-311916
-311915
-311850
-311832
-311831
-311828
-311756
-311691
-311592
-311591
-311388
-311387
-311386
-311257
-311256
-311255
-311254
-311253
-311246
-311245
-311244
-311219
-311217
-311199
-311181
-311159
-311125
-311124
-311123
-311122
-311063
-311040
-311039
-311038
-311015
-311009
-311008
-311007
-310993
-310992
-310991
-310986
-310985
-310968
-310919
-310744
-310464
-310067
-310035
-310022
-310002
-309960
-309959
-309948
-309939
-309897
-309896
-309876
-309868
-309867
-309834
-309805
-309804
-309803
-309760
-309753
-309657
-309519
-309467
-309456
-309393
-309120
-309119
-309054
-309053
-309028
-309017
-309016
-309015
-309014
-308978
-308977
-308949
-308925
-308898
-308897
-308896
-308887
-308825
-308798
-308767
-308766
-308700
-308636
-308567
-308555
-308554
-308553
-308544
-308484
-308483
-308480
-308451
-308449
-308448
-308447
-308427
-308385
-308329
-308238
-308237
-308160
-308159
-308000
-307889
-307888
-307887
-307839
-307838
-307776
-307764
-307702
-307520
-307518
-307515
-307514
-307503
-307457
-307440
-307427
-307395
-307394
-307393
-307384
-307377
-307362
-307361
-307334
-307329
-307314
-307313
-307312
-307303
-307293
-307292
-307272
-307241
-307200
-307199
-307197
-307083
-307032
-306952
-306935
-306915
-306820
-306768
-306767
-306744
-306702
-306544
-306529
-306528
-306527
-306472
-306471
-306460
-306312
-306311
-306310
-306281
-306280
-306279
-306278
-306249
-306248
-306242
-306222
-306218
-306215
-306180
-306179
-306177
-306171
-306144
-306143
-306116
-306096
-306063
-306032
-306001
-305973
-305913
-305856
-305855
-305854
-305825
-305824
-305823
-305760
-305737
-305592
-305536
-305451
-305424
-305423
-305403
-305292
-305271
-305184
-305151
-305102
-305045
-305044
-305040
-305039
-304920
-304898
-304722
-304721
-304689
-304640
-304629
-304542
-304416
-304307
-303987
-303967
-303912
-303911
-303891
-303849
-303809
-303699
-303677
-303666
-303646
-303611
-303600
-303564
-303413
-303381
-303345
-303344
-303265
-303264
-303263
-303210
-303147
-303024
-303023
-302742
-302720
-302703
-302702
-302701
-302692
-302575
-302574
-302573
-302509
-302400
-302382
-302381
-302331
-302330
-302329
-302210
-302190
-302148
-302080
-302079
-302064
-302061
-302049
-301990
-301841
-301839
-301816
-301692
-301569
-301568
-301567
-301444
-301392
-301339
-301319
-301289
-301187
-301096
-301077
-301056
-300921
-300920
-300919
-300910
-300885
-300884
-300883
-300882
-300881
-300874
-300873
-300872
-300847
-300846
-300845
-300836
-300803
-300797
-300787
-300777
-300736
-300700
-300699
-300698
-300672
-300671
-300670
-300662
-300641
-300640
-300639
-300611
-300576
-300555
-300456
-300455
-300135
-300125
-300123
-300113
-300111
-300107
-300106
-300105
-300104
-300103
-300102
-300101
-300100
-300099
-300095
-300093
-300083
-300081
-299883
-299880
-299871
-299867
-299866
-299865
-299864
-299863
-299862
-299861
-299860
-299859
-299856
-299853
-299841
-299754
-299670
-299628
-299627
-299607
-299600
-299520
-299504
-299388
-299382
-299381
-299259
-299258
-299172
-299137
-299136
-299135
-299134
-299105
-299104
-299103
-299018
-299013
-299012
-298920
-298890
-298889
-298888
-298887
-298885
-298884
-298883
-298869
-298815
-298809
-298766
-298628
-298592
-298546
-298545
-298494
-298480
-298405
-298404
-298403
-298274
-298256
-298208
-298195
-298194
-298193
-298184
-298168
-298152
-298151
-298149
-298112
-298111
-298110
-298103
-298102
-298101
-298092
-298081
-298080
-298079
-298078
-298077
-298070
-298069
-298068
-298057
-298056
-298055
-298049
-298048
-298047
-298046
-298017
-298016
-298015
-297965
-297964
-297963
-297954
-297920
-297888
-297887
-297790
-297738
-297729
-297728
-297727
-297696
-297635
-297634
-297633
-297620
-297612
-297584
-297567
-297566
-297506
-297505
-297504
-297473
-297472
-297471
-297395
-297394
-297393
-297390
-297360
-297280
-297246
-297225
-297224
-297070
-296960
-296959
-296640
-296615
-296604
-296592
-296591
-296582
-296568
-296567
-296561
-296544
-296472
-296461
-296460
-296459
-296430
-296400
-296399
-296352
-296338
-296297
-296270
-296267
-296240
-296239
-296238
-296229
-296208
-296160
-295961
-295918
-295917
-295904
-295903
-295902
-295893
-295856
-295850
-295846
-295845
-295844
-295834
-295665
-295641
-295640
-295639
-295630
-295602
-295601
-295596
-295489
-295488
-295487
-295486
-295482
-295470
-295457
-295456
-295455
-295374
-295373
-295350
-295349
-295320
-295319
-295318
-295309
-295152
-295142
-295141
-295140
-295130
-295122
-295121
-295120
-295119
-295118
-295117
-295116
-295108
-295098
-295097
-295096
-295086
-295040
-294999
-294998
-294997
-294988
-294888
-294839
-294819
-294756
-294745
-294720
-294719
-294678
-294677
-294583
-294582
-294404
-294400
-294399
-294398
-294394
-294393
-294392
-294389
-294382
-294357
-294335
-294315
-294226
-294079
-294030
-294029
-293997
-293964
-293825
-293787
-293664
-293663
-293342
-293262
-293202
-293201
-293181
-293073
-293072
-293051
-293009
-292967
-292943
-292932
-292931
-292930
-292929
-292919
-292897
-292896
-292895
-292886
-292866
-292859
-292824
-292788
-292787
-292783
-292760
-292753
-292752
-292751
-292750
-292740
-292716
-292715
-292698
-292691
-292680
-292679
-292678
-292677
-292667
-292643
-292608
-292607
-292584
-292583
-292573
-292572
-292571
-292570
-292560
-292559
-292536
-292535
-292499
-292431
-292430
-292392
-292160
-292144
-292110
-291980
-291852
-291840
-291839
-291789
-291468
-291357
-291311
-291291
-291275
-291245
-291233
-291088
-291060
-291055
-291054
-291053
-291038
-290875
-290858
-290857
-290856
-290812
-290665
-290664
-290663
-290661
-290660
-290659
-290658
-290657
-290655
-290654
-290653
-290650
-290649
-290648
-290644
-290640
-290620
-290598
-290529
-290528
-290527
-290505
-290416
-290261
-290241
-290240
-290239
-290230
-290220
-290219
-290199
-290184
-290156
-290010
-289863
-289788
-289787
-289757
-289734
-289542
-289541
-289520
-289476
-289409
-289408
-289407
-289296
-289280
-289221
-288989
-288987
-288960
-288795
-288768
-288765
-288764
-288763
-288756
-288754
-288736
-288734
-288733
-288703
-288684
-288625
-288624
-288623
-288548
-288512
-288456
-288424
-288420
-288257
-288190
-288176
-287937
-287936
-287935
-287926
-287840
-287801
-287799
-287616
-287615
-287594
-287562
-287496
-287295
-286944
-286832
-286720
-286650
-286496
-286396
-286385
-286384
-286383
-286374
-286331
-286272
-286254
-286253
-286223
-286208
-286176
-286154
-286099
-286077
-286066
-286055
-286011
-286010
-286009
-286000
-285989
-285967
-285936
-285901
-285890
-285851
-285848
-285835
-285824
-285813
-285736
-285703
-285690
-285689
-285681
-285604
-285369
-285363
-285336
-285335
-285284
-285264
-285252
-285241
-285230
-285229
-285201
-285200
-285164
-285142
-285141
-285121
-285120
-285119
-285118
-285098
-285097
-285089
-285088
-285087
-285076
-285065
-285055
-285054
-285053
-285043
-285040
-285032
-285010
-285009
-284944
-284830
-284796
-284795
-284794
-284760
-284746
-284725
-284666
-284657
-284656
-284655
-284654
-284653
-284652
-284651
-284646
-284643
-284642
-284633
-284632
-284631
-284630
-284626
-284623
-284622
-284621
-284620
-284619
-284618
-284617
-284616
-284615
-284612
-284611
-284610
-284609
-284608
-284607
-284606
-284599
-284598
-284597
-284596
-284592
-284587
-284586
-284585
-284584
-284583
-284582
-284581
-284576
-284573
-284572
-284563
-284551
-284550
-284549
-284543
-284515
-284509
-284508
-284507
-284473
-284406
-284375
-284310
-284257
-284234
-284233
-284160
-284084
-284015
-283764
-283743
-283696
-283528
-283426
-283360
-283359
-283294
-283038
-283030
-283019
-283009
-283008
-283007
-282997
-282996
-282986
-282923
-282921
-282801
-282800
-282744
-282722
-282637
-282529
-282528
-282527
-282480
-282479
-282419
-282414
-282366
-282282
-282240
-282239
-282219
-282159
-282158
-282156
-282092
-282072
-282071
-282070
-282061
-282051
-282050
-282030
-281984
-281983
-281982
-281920
-281904
-281874
-281873
-281872
-281841
-281838
-281600
-281599
-281568
-281546
-281534
-281526
-281456
-281373
-281358
-281344
-281336
-281196
-281195
-280896
-280876
-280875
-280874
-280872
-280784
-280750
-280728
-280706
-280698
-280686
-280685
-280684
-280676
-280675
-280665
-280664
-280644
-280643
-280632
-280610
-280602
-280599
-280580
-280560
-280559
-280558
-280549
-280539
-280538
-280518
-280487
-280485
-280484
-280483
-280482
-280481
-280479
-280474
-280467
-280455
-280452
-280448
-280412
-280390
-280336
-280329
-280266
-280239
-280233
-280140
-280139
-279972
-279950
-279912
-279910
-279818
-279795
-279745
-279744
-279743
-279681
-279680
-279679
-279627
-279591
-279590
-279565
-279552
-279551
-279531
-279510
-279367
-279279
-279270
-279269
-279258
-279194
-279174
-279173
-279172
-279163
-279153
-279152
-279132
-279047
-279024
-279023
-279022
-279021
-278999
-278949
-278948
-278943
-278927
-278894
-278880
-278879
-278878
-278864
-278849
-278848
-278847
-278760
-278720
-278628
-278616
-278586
-278564
-278544
-278495
-278400
-278399
-278382
-278225
-278223
-278187
-278124
-278046
-278045
-278043
-278008
-277992
-277874
-277703
-277650
-277571
-277424
-277381
-277368
-277343
-277312
-277265
-277264
-277263
-277200
-277023
-276995
-276640
-276639
-276638
-276609
-276608
-276607
-276522
-276521
-276507
-276489
-276488
-276487
-276486
-276454
-276453
-276417
-276416
-276415
-276381
-276352
-276319
-276318
-276317
-276284
-276210
-276209
-276179
-276146
-276144
-275964
-275766
-275765
-275737
-275715
-275651
-275627
-275616
-275615
-275614
-275607
-275603
-275583
-275579
-275485
-275484
-275483
-275418
-275417
-275404
-275352
-275184
-275182
-275097
-274943
-274890
-274880
-274848
-274768
-274767
-274744
-274560
-274512
-274455
-274454
-274169
-274164
-274134
-274012
-273948
-273840
-273699
-273527
-273447
-273397
-273392
-273372
-273188
-273168
-273167
-273166
-273164
-273157
-273154
-273147
-273146
-273126
-273088
-273084
-272937
-272890
-272889
-272888
-272646
-272496
-272384
-272272
-272265
-272264
-272181
-272162
-272161
-272160
-272159
-272158
-272156
-272139
-272129
-272128
-272127
-272055
-272054
-272049
-272048
-272047
-271936
-271887
-271825
-271824
-271823
-271766
-271713
-271712
-271711
-271600
-271509
-271491
-271490
-271489
-271488
-271487
-271486
-271485
-271467
-271425
-271403
-271383
-271376
-271360
-271341
-271265
-271264
-271263
-271214
-271194
-271152
-270940
-270928
-270817
-270816
-270815
-270774
-270720
-270710
-270704
-270690
-270648
-270647
-270643
-270627
-270602
-270585
-270584
-270564
-270522
-270480
-270479
-270320
-270282
-270270
-270256
-270248
-270196
-270164
-270158
-270145
-270144
-270143
-270134
-270032
-269990
-269961
-269960
-269891
-269871
-269829
-269808
-269807
-269787
-269742
-269730
-269672
-269641
-269640
-269639
-269569
-269568
-269567
-269521
-269520
-269519
-269464
-269319
-269318
-269248
-269246
-269136
-269120
-269010
-268998
-268800
-268799
-268686
-268676
-268554
-268532
-268522
-268521
-268520
-268510
-268500
-268499
-268498
-268488
-268485
-268484
-268466
-268464
-268455
-268433
-268422
-268397
-268389
-268388
-268387
-268378
-268367
-268359
-268358
-268357
-268356
-268355
-268354
-268353
-268346
-268345
-268344
-268338
-268323
-268322
-268321
-268320
-268312
-268301
-268291
-268290
-268289
-268287
-268279
-268269
-268268
-268267
-268257
-268247
-268246
-268245
-268235
-268224
-268202
-268180
-268170
-268169
-268168
-268158
-268136
-268128
-268125
-268103
-268092
-268017
-268016
-267995
-267994
-267964
-267961
-267960
-267959
-267927
-267925
-267904
-267778
-267729
-267421
-267420
-267419
-267410
-267400
-267399
-267398
-267397
-267396
-267395
-267394
-267393
-267388
-267387
-267386
-267377
-267376
-267375
-267374
-267373
-267364
-267295
-267277
-267276
-267275
-267274
-267273
-267272
-267271
-267253
-267099
-267072
-267058
-267036
-267035
-267015
-266973
-266970
-266759
-266751
-266736
-266733
-266544
-266414
-266352
-266351
-266343
-266240
-266156
-266151
-265930
-265914
-265904
-265903
-265902
-265892
-265851
-265776
-265650
-265524
-265520
-265306
-265216
-265197
-265146
-265145
-265089
-265088
-265087
-265029
-265028
-265027
-264979
-264825
-264726
-264627
-264432
-264330
-264216
-264200
-264199
-264198
-264189
-264150
-264132
-264114
-264075
-263934
-263905
-263898
-263879
-263655
-263654
-263624
-263536
-263340
-262899
-262879
-262878
-262800
-262782
-262764
-262458
-262440
-262439
-262256
-262108
-262079
-262059
-261936
-261935
-261934
-261932
-261925
-261807
-261744
-261659
-261633
-261632
-261631
-261615
-261614
-261584
-261582
-261558
-261520
-261464
-261450
-261408
-261294
-261144
-261135
-261072
-261009
-260973
-260652
-260651
-260537
-260536
-260535
-260331
-260330
-260302
-260289
-260288
-260287
-260274
-260256
-260255
-260225
-260224
-260223
-260222
-260192
-260191
-260016
-260015
-260014
-260012
-260010
-260009
-260008
-260005
-260004
-260003
-260002
-260000
-259999
-259998
-259993
-259974
-259964
-259960
-259952
-259896
-259790
-259770
-259689
-259688
-259601
-259581
-259580
-259578
-259560
-259559
-259539
-259475
-259455
-259454
-259434
-259433
-259413
-259368
-259349
-259329
-259244
-259224
-259140
-258944
-258725
-258720
-258698
-258589
-258406
-258405
-258404
-258403
-258394
-258291
-258290
-258289
-258258
-258221
-258114
-258084
-258083
-258082
-258080
-258073
-257906
-257843
-257832
-257831
-257830
-257829
-257827
-257826
-257825
-257819
-257808
-257796
-257763
-257762
-257741
-257711
-257691
-257669
-257649
-257594
-257544
-257442
-257439
-257167
-256880
-256879
-256878
-256877
-256872
-256855
-256854
-256853
-256804
-256800
-256673
-256672
-256671
-256608
-256607
-256575
-256479
-256346
-256326
-256284
-256283
-256274
-256263
-256220
-256200
-256169
-256158
-256157
-256137
-256136
-256135
-256126
-256116
-256115
-256106
-256103
-256097
-256096
-256095
-256094
-256093
-256092
-256091
-256086
-256085
-256083
-256082
-256074
-256073
-256065
-256053
-256052
-256051
-256047
-256046
-256045
-256044
-256043
-256042
-256041
-256035
-256032
-256031
-256023
-256020
-256019
-256011
-255983
-255906
-255905
-255885
-255843
-255842
-255837
-255822
-255794
-255793
-255773
-255772
-255771
-255770
-255769
-255750
-255749
-255728
-255717
-255716
-255707
-255706
-255705
-255696
-255695
-255684
-255662
-255651
-255644
-255641
-255640
-255639
-255633
-255629
-255618
-255528
-255438
-254921
-254898
-254874
-254562
-254553
-254540
-254520
-254519
-254499
-254232
-254231
-254210
-254016
-253935
-253911
-253871
-253848
-253799
-253798
-253797
-253760
-253751
-253743
-253656
-253632
-253631
-253512
-253511
-253456
-253343
-253323
-253071
-253008
-252681
-252675
-252659
-252649
-252648
-252647
-252637
-252627
-252626
-252625
-252615
-252593
-252336
-252311
-252252
-252154
-252123
-252122
-252093
-252092
-252091
-252090
-252061
-252060
-252032
-252010
-251888
-251808
-251636
-251432
-251412
-251180
-251160
-251159
-251158
-251149
-251139
-251138
-251118
-251103
-251010
-250992
-250991
-250971
-250929
-250887
-250886
-250880
-250866
-250768
-250734
-250712
-250701
-250624
-250614
-250585
-250379
-250172
-250059
-250040
-250039
-250038
-250029
-249984
-249907
-249906
-249774
-249755
-249745
-249744
-249743
-249733
-249689
-249669
-249458
-249451
-249312
-249284
-249216
-249215
-249214
-249210
-249197
-249085
-249084
-249083
-249075
-249074
-249073
-249071
-249070
-249069
-248979
-248976
-248975
-248960
-248955
-248951
-248927
-248843
-248832
-248831
-248830
-248819
-248808
-248801
-248800
-248799
-248787
-248765
-248735
-248703
-248671
-248670
-248669
-248577
-248459
-248453
-248427
-248395
-248394
-248393
-248384
-248347
-248325
-248320
-248292
-248291
-248290
-248183
-248161
-248160
-248159
-248158
-248157
-248150
-248149
-248148
-248133
-248094
-248072
-248056
-248031
-248029
-248028
-248027
-248026
-247968
-247962
-247925
-247924
-247923
-247914
-247912
-247897
-247896
-247895
-247860
-247852
-247744
-247660
-247632
-247401
-247379
-247338
-247337
-247327
-247295
-247229
-247197
-247172
-247170
-247169
-247168
-247167
-247166
-247165
-247161
-247160
-247156
-247155
-247154
-247153
-247105
-247104
-247103
-247102
-247060
-247051
-247050
-247049
-247027
-246999
-246975
-246974
-246973
-246972
-246971
-246939
-246928
-246888
-246870
-246869
-246849
-246848
-246828
-246800
-246792
-246771
-246709
-246708
-246707
-246645
-246624
-246528
-246527
-246440
-246410
-246335
-246281
-246280
-246279
-246278
-246269
-246241
-246240
-246239
-246207
-246206
-246168
-246149
-246148
-246145
-246080
-246049
-246048
-246047
-246018
-246015
-245938
-245937
-245936
-245886
-245815
-245760
-245759
-245705
-245531
-245520
-245244
-245232
-245231
-245220
-245101
-244923
-244839
-244832
-244814
-244720
-244398
-244385
-244378
-244292
-244281
-244272
-244271
-244270
-244268
-244261
-244251
-244250
-244230
-244188
-244184
-244178
-244167
-244157
-244156
-244155
-244152
-244151
-244150
-244148
-244147
-244146
-244145
-244141
-244140
-244139
-244138
-244136
-244134
-244129
-244125
-244100
-244067
-244041
-244040
-244020
-244019
-244018
-244016
-244009
-244007
-243999
-243998
-243990
-243989
-243988
-243986
-243980
-243979
-243978
-243977
-243976
-243975
-243974
-243969
-243968
-243966
-243965
-243964
-243963
-243962
-243961
-243960
-243959
-243958
-243957
-243956
-243955
-243954
-243953
-243952
-243951
-243950
-243949
-243948
-243947
-243946
-243945
-243944
-243943
-243939
-243938
-243936
-243935
-243930
-243929
-243928
-243926
-243919
-243918
-243917
-243894
-243866
-243858
-243857
-243840
-243836
-243789
-243712
-243691
-243639
-243536
-243318
-243306
-243264
-243200
-243180
-243179
-243178
-243177
-243168
-243064
-243063
-242949
-242948
-242947
-242938
-242928
-242905
-242749
-242675
-242568
-242555
-242550
-242544
-242522
-242355
-241995
-241938
-241920
-241902
-241780
-241743
-241742
-241670
-241658
-241657
-241656
-241644
-241445
-241241
-241055
-241025
-241010
-240966
-240732
-240688
-240584
-240576
-240570
-240552
-240551
-240548
-240534
-240533
-240532
-240523
-240515
-240492
-240461
-240449
-240448
-240447
-240436
-240435
-240422
-240240
-240239
-240219
-240174
-240108
-239967
-239904
-239840
-239820
-239787
-239778
-239726
-239480
-239448
-239219
-239100
-239092
-239085
-239022
-239021
-239001
-238854
-238823
-238545
-238503
-238497
-238496
-238336
-238139
-238133
-238119
-238077
-238076
-238056
-237891
-237822
-237780
-237778
-237653
-237573
-237534
-237511
-237509
-237489
-237440
-237336
-237237
-237143
-237120
-237119
-237096
-237095
-237072
-236953
-236952
-236928
-236904
-236768
-236656
-236545
-236544
-236543
-236432
-236378
-236357
-236347
-236346
-236345
-236344
-236342
-236340
-236339
-236335
-236325
-236324
-236323
-236320
-236313
-236312
-236303
-236302
-236301
-236291
-236280
-236225
-236215
-236214
-236213
-236203
-236166
-235983
-235935
-235934
-235872
-235857
-235856
-235834
-235833
-235832
-235829
-235828
-235827
-235826
-235823
-235816
-235815
-235814
-235813
-235812
-235811
-235810
-235809
-235808
-235805
-235804
-235803
-235802
-235801
-235800
-235799
-235798
-235792
-235791
-235790
-235781
-235703
-235614
-235544
-235494
-235454
-235422
-235421
-235420
-235390
-235389
-235388
-235382
-235356
-235298
-235292
-235224
-235202
-234972
-234971
-234801
-234783
-234752
-234738
-234651
-234650
-234560
-234508
-234498
-234330
-234240
-234239
-234234
-234143
-234141
-234104
-234053
-234027
-234009
-234008
-233964
-233963
-233937
-233874
-233856
-233816
-233694
-233688
-233630
-233541
-233509
-233508
-233507
-233477
-233475
-233457
-233386
-233351
-233331
-233289
-233279
-233256
-233163
-233120
-233024
-232934
-232760
-232661
-232640
-232606
-232605
-232575
-232540
-232532
-232531
-232529
-232528
-232527
-232526
-232524
-232523
-232520
-232519
-232518
-232517
-232516
-232515
-232514
-232512
-232507
-232496
-232495
-232494
-232485
-232474
-232461
-232385
-232375
-232346
-232320
-232224
-232223
-232222
-232193
-232192
-232191
-232166
-232100
-231726
-231705
-231362
-231336
-231330
-231264
-231263
-231231
-231175
-231174
-231119
-231088
-230873
-230832
-230799
-230798
-230552
-230551
-230550
-230548
-230541
-230478
-230477
-230476
-230474
-230467
-230458
-230400
-230337
-230336
-230335
-230230
-230229
-230215
-230214
-230157
-230156
-230155
-230146
-230144
-230111
-230094
-230076
-230075
-230040
-230039
-230010
-229908
-229886
-229866
-229865
-229862
-229856
-229855
-229854
-229853
-229852
-229851
-229850
-229845
-229844
-229842
-229841
-229836
-229835
-229834
-229832
-229825
-229824
-229760
-229742
-229634
-229614
-229608
-229572
-229515
-229514
-229513
-229504
-229493
-229482
-229440
-229439
-229391
-229376
-229368
-229320
-229319
-229299
-229264
-229216
-229215
-229214
-229194
-229193
-229192
-229190
-229186
-229185
-229184
-229183
-229182
-229181
-229180
-229179
-229178
-229175
-229174
-229173
-229172
-229171
-229153
-229152
-229151
-229150
-229121
-229120
-229119
-229118
-229116
-229109
-229092
-229068
-229058
-229057
-229056
-229055
-229054
-229047
-228888
-228887
-228873
-228872
-228855
-228833
-228832
-228831
-228800
-228799
-228552
-228533
-228532
-228480
-228410
-228320
-228319
-228318
-228289
-228288
-228287
-228286
-228257
-228256
-228255
-228254
-228231
-228225
-228224
-228223
-228184
-228164
-228162
-228107
-228097
-228096
-228095
-228085
-228075
-228074
-228073
-228063
-228018
-228008
-227986
-227970
-227969
-227968
-227934
-227910
-227724
-227723
-227722
-227713
-227697
-227696
-227695
-227694
-227693
-227686
-227685
-227684
-227668
-227667
-227666
-227657
-227448
-227424
-227403
-227393
-227392
-227391
-227381
-227303
-227268
-227263
-227240
-227239
-227232
-227231
-227212
-227211
-227210
-227201
-227136
-227024
-227010
-226947
-226846
-226688
-226668
-226666
-226626
-226611
-226590
-226576
-226554
-226465
-226464
-226463
-226433
-226432
-226431
-226401
-226400
-226399
-226358
-226352
-226338
-226310
-226305
-226296
-226176
-225984
-225983
-225962
-225904
-225891
-225890
-225854
-225834
-225792
-225791
-225771
-225749
-225729
-225728
-225727
-225723
-225718
-225708
-225707
-225687
-225680
-225666
-225665
-225663
-225645
-225644
-225643
-225634
-225624
-225623
-225614
-225605
-225604
-225603
-225602
-225601
-225600
-225599
-225594
-225591
-225590
-225582
-225581
-225561
-225560
-225559
-225550
-225540
-225539
-225519
-225503
-225498
-225497
-225491
-225480
-225477
-225476
-225475
-225466
-225456
-225455
-225435
-225414
-225413
-225393
-225351
-225350
-225342
-225330
-225280
-225258
-225246
-225232
-225141
-225121
-225120
-225119
-225036
-225008
-224966
-224936
-224847
-224846
-224826
-224784
-224737
-224719
-224718
-224717
-224716
-224715
-224714
-224713
-224695
-224601
-224600
-224599
-224570
-224532
-224474
-224352
-224351
-224350
-224328
-224321
-224320
-224319
-224267
-224256
-224255
-224254
-224243
-224228
-224225
-224224
-224223
-224217
-224147
-224112
-224076
-224075
-224028
-223737
-223583
-223560
-223559
-223558
-223549
-223536
-223535
-223512
-223477
-223451
-223416
-223415
-223380
-223379
-223296
-223275
-223251
-223210
-223151
-223140
-223139
-223138
-223127
-223116
-223105
-223104
-223103
-223095
-223092
-223080
-223079
-223076
-223069
-223068
-223067
-223066
-223056
-223055
-222985
-222953
-222952
-222951
-222828
-222755
-222720
-222684
-222683
-222650
-222529
-222528
-222527
-222495
-222480
-222462
-222461
-222453
-222444
-222443
-222431
-222426
-222425
-222406
-222355
-222354
-222353
-222320
-222222
-222209
-222208
-222207
-222200
-222180
-222096
-222074
-222054
-222052
-222033
-222022
-222021
-222020
-222018
-222011
-221991
-221990
-221975
-221969
-221964
-221963
-221960
-221953
-221952
-221951
-221950
-221949
-221948
-221947
-221940
-221939
-221938
-221928
-221927
-221921
-221920
-221919
-221907
-221898
-221845
-221811
-221760
-221754
-221718
-221681
-221676
-221616
-221615
-221592
-221494
-221312
-221277
-221276
-221231
-221186
-221185
-221184
-221155
-221154
-221153
-221152
-221123
-221122
-221092
-221031
-221030
-220968
-220946
-220848
-220607
-220545
-220528
-220395
-220286
-220269
-220248
-219765
-219680
-219672
-219660
-219638
-219618
-219617
-219616
-219614
-219607
-219604
-219599
-219597
-219596
-219591
-219590
-219576
-219565
-219564
-219563
-219562
-219555
-219554
-219537
-219536
-219534
-219528
-219527
-219520
-219492
-219456
-219438
-219430
-219429
-219428
-219420
-219402
-219387
-219366
-219356
-219325
-219285
-219263
-219243
-218985
-218925
-218922
-218900
-218624
-218601
-218547
-218295
-218273
-218240
-218141
-218116
-217965
-217964
-217952
-217854
-217833
-217790
-217770
-217728
-217664
-217644
-217600
-217586
-217340
-217310
-217247
-217217
-216971
-216909
-216832
-216674
-216644
-216623
-216357
-216356
-216354
-216167
-216132
-216096
-216095
-216090
-216062
-216048
-216040
-215964
-215818
-215760
-215712
-215711
-215616
-215600
-215574
-215495
-215493
-215391
-215369
-215322
-215208
-215070
-215040
-215039
-215016
-215015
-214985
-214976
-214880
-214878
-214877
-214876
-214875
-214874
-214872
-214871
-214867
-214866
-214860
-214859
-214858
-214856
-214855
-214854
-214847
-214845
-214757
-214698
-214635
-214634
-214633
-214632
-214610
-214566
-214528
-214511
-214409
-214407
-214397
-214395
-214391
-214390
-214389
-214388
-214387
-214386
-214385
-214384
-214383
-214379
-214377
-214368
-214367
-214365
-214326
-214265
-214144
-214143
-214142
-214141
-214050
-214033
-214032
-214031
-214020
-214019
-214002
-214001
-213920
-213840
-213839
-213816
-213808
-213786
-213774
-213744
-213695
-213675
-213465
-213440
-213281
-213279
-213012
-212891
-212890
-212889
-212768
-212681
-212667
-212666
-212655
-212649
-212648
-212647
-212646
-212645
-212644
-212643
-212637
-212625
-212534
-212524
-212520
-212519
-212435
-212415
-212403
-212402
-212401
-212394
-212373
-212310
-212280
-212256
-212247
-212237
-212235
-212231
-212229
-212228
-212227
-212226
-212225
-212223
-212220
-212219
-212218
-212217
-212211
-212198
-212196
-212184
-212181
-212180
-212130
-211992
-211970
-211904
-211896
-211860
-211859
-211838
-211805
-211793
-211792
-211791
-211742
-211722
-211680
-211679
-211659
-211617
-211616
-211596
-211554
-211548
-211539
-211538
-211520
-211458
-211457
-211445
-211434
-211433
-211432
-211431
-211430
-211419
-211406
-211405
-211360
-211359
-211351
-211348
-211266
-211239
-211232
-211218
-211199
-211190
-211176
-211121
-211120
-211119
-211113
-211068
-211067
-211066
-211008
-210944
-210938
-210937
-210936
-210935
-210923
-210914
-210903
-210897
-210861
-210848
-210837
-210650
-210336
-210103
-210086
-210085
-210084
-210039
-210023
-210001
-210000
-209916
-209792
-209760
-209737
-209663
-209643
-209519
-209474
-209468
-209440
-209391
-209375
-209373
-209353
-209352
-209351
-209340
-209339
-209338
-209328
-209327
-209303
-209292
-209291
-209290
-209288
-209279
-209270
-209269
-209268
-209267
-209266
-209265
-209264
-209255
-209246
-209244
-209243
-209242
-209232
-209231
-209230
-209222
-209207
-209202
-209196
-209195
-209194
-209183
-209160
-209159
-209157
-209136
-209088
-209015
-208992
-208978
-208970
-208816
-208725
-208714
-208656
-208655
-208650
-208649
-208648
-208639
-208635
-208546
-208511
-208432
-208382
-208362
-208340
-208329
-208328
-208321
-208320
-208319
-208274
-208263
-208255
-208208
-208151
-208131
-208128
-208127
-208126
-208125
-208076
-208048
-208026
-208019
-208010
-208009
-208008
-208007
-208006
-208005
-208004
-207999
-207996
-207995
-207986
-207984
-207968
-207896
-207766
-207755
-207752
-207732
-207687
-207686
-207648
-207585
-207563
-207552
-207543
-207542
-207537
-207536
-207535
-207522
-207521
-207504
-207501
-207480
-207479
-207478
-207477
-207456
-207437
-207424
-207417
-207416
-207397
-207396
-207395
-207375
-207366
-207365
-207364
-207360
-207355
-207354
-207313
-207312
-207311
-207270
-207249
-207228
-207207
-207206
-207186
-207045
-207044
-207039
-206976
-206891
-206885
-206871
-206771
-206770
-206769
-206724
-206682
-206655
-206640
-206639
-206629
-206619
-206503
-206502
-206501
-206388
-206375
-206244
-206171
-206136
-206111
-206100
-206099
-206078
-206076
-206040
-206039
-205821
-205803
-205716
-205712
-205631
-205611
-205579
-205569
-205568
-205567
-205557
-205547
-205546
-205545
-205535
-205469
-205447
-205436
-205381
-205380
-205379
-205370
-205359
-205295
-205183
-205119
-205118
-205055
-205023
-204971
-204960
-204941
-204936
-204931
-204930
-204929
-204919
-204900
-204899
-204876
-204875
-204865
-204864
-204863
-204855
-204853
-204851
-204831
-204816
-204809
-204800
-204798
-204780
-204779
-204743
-204732
-204696
-204695
-204677
-204655
-204623
-204603
-204556
-204546
-204545
-204544
-204539
-204534
-204524
-204523
-204522
-204513
-204512
-204511
-204501
-204477
-204468
-204458
-204457
-204456
-204455
-204447
-204446
-204445
-204435
-204427
-204426
-204425
-204424
-204423
-204422
-204421
-204413
-204403
-204402
-204401
-204391
-204371
-204351
-204270
-204260
-204259
-204258
-204248
-204193
-204190
-204182
-204171
-204162
-204156
-204155
-204131
-204120
-204119
-204118
-204117
-204115
-204114
-204113
-204107
-204105
-204096
-204094
-204064
-204057
-204056
-204053
-204050
-204036
-203953
-203952
-203951
-203929
-203919
-203918
-203917
-203907
-203840
-203835
-203699
-203688
-203665
-203651
-203635
-203634
-203633
-203616
-203580
-203579
-203560
-203526
-203525
-203524
-203490
-203476
-203458
-203457
-203456
-203455
-203454
-203453
-203452
-203445
-203435
-203434
-203433
-203423
-203420
-203392
-203386
-203385
-203384
-203350
-203325
-203324
-203323
-203314
-203313
-203305
-203304
-203303
-203301
-203300
-203299
-203298
-203297
-203295
-203294
-203293
-203290
-203289
-203288
-203284
-203281
-203280
-203279
-203275
-203274
-203273
-203264
-203247
-203215
-203200
-203176
-203175
-203174
-203168
-203150
-202949
-202880
-202860
-202859
-202858
-202849
-202839
-202838
-202818
-202763
-202753
-202752
-202751
-202741
-202720
-202629
-202620
-202607
-202587
-202554
-202550
-202492
-202482
-202411
-202401
-202400
-202399
-202392
-202389
-202374
-202356
-202334
-202304
-202285
-202272
-202231
-202230
-202229
-202228
-202226
-202219
-202176
-202104
-202088
-202086
-202068
-202006
-201909
-201908
-201872
-201719
-201588
-201392
-201350
-201300
-201278
-201267
-201228
-201227
-201226
-201225
-201212
-201201
-201152
-201128
-201104
-201096
-201095
-201075
-201041
-201040
-201039
-201017
-201014
-201005
-201004
-201003
-200960
-200946
-200928
-200880
-200859
-200858
-200816
-200792
-200791
-200780
-200772
-200760
-200735
-200705
-200704
-200703
-200697
-200690
-200654
-200640
-200634
-200613
-200612
-200611
-200605
-200592
-200508
-200489
-200481
-200480
-200479
-200474
-200446
-200442
-200385
-200384
-200383
-200368
-200303
-200284
-200260
-200232
-200100
-200088
-200080
-200076
-200075
-200074
-200073
-200070
-200069
-200068
-200064
-200063
-200062
-200061
-199983
-199982
-199915
-199914
-199913
-199908
-199903
-199902
-199901
-199835
-199815
-199764
-199714
-199680
-199662
-199661
-199593
-199592
-199591
-199584
-199563
-199506
-199505
-199471
-199470
-199384
-199383
-199382
-199381
-199360
-199359
-199341
-199340
-199332
-199260
-199259
-199256
-199144
-199122
-199111
-199104
-199080
-199020
-198996
-198983
-198982
-198981
-198954
-198936
-198891
-198890
-198860
-198822
-198816
-198769
-198768
-198767
-198766
-198765
-198702
-198699
-198645
-198644
-198462
-198378
-198155
-198154
-198135
-198132
-198121
-198092
-198072
-198071
-198070
-198066
-198061
-198057
-198056
-198055
-198051
-198050
-198030
-197988
-197987
-197967
-197904
-197868
-197841
-197802
-197792
-197780
-197736
-197727
-197714
-197712
-197640
-197568
-197414
-197378
-197358
-197252
-197232
-197153
-197152
-197151
-197148
-197121
-197120
-197119
-197098
-197094
-197089
-197088
-197087
-197084
-197076
-197064
-197063
-197062
-197053
-197043
-197042
-197022
-197008
-196966
-196956
-196955
-196954
-196944
-196934
-196933
-196932
-196922
-196856
-196846
-196845
-196844
-196834
-196833
-196830
-196823
-196672
-196560
-196559
-196539
-196460
-196452
-196427
-196417
-196416
-196415
-196405
-196371
-196370
-196350
-196245
-196244
-196224
-196091
-196075
-196056
-196055
-196035
-195990
-195989
-195988
-195983
-195982
-195981
-195979
-195888
-195873
-195866
-195840
-195740
-195720
-195712
-195698
-195678
-195677
-195676
-195667
-195657
-195656
-195636
-195572
-195552
-195551
-195550
-195541
-195531
-195530
-195510
-195508
-195488
-195468
-195467
-195466
-195464
-195457
-195453
-195447
-195446
-195426
-195402
-195384
-195321
-195311
-195288
-195287
-195286
-195279
-195263
-195239
-195237
-195216
-195195
-195194
-195192
-195191
-195180
-195179
-195174
-195170
-195169
-195168
-195167
-195166
-195164
-195156
-195155
-195153
-195144
-195143
-195132
-195120
-195119
-195118
-195117
-195105
-195104
-195103
-195095
-195072
-195071
-195049
-195048
-195047
-195046
-195027
-195024
-195023
-194999
-194992
-194985
-194922
-194901
-194883
-194882
-194881
-194880
-194879
-194878
-194877
-194859
-194847
-194846
-194788
-194768
-194733
-194711
-194680
-194657
-194656
-194655
-194560
-194544
-194526
-194525
-194474
-194433
-194432
-194431
-194414
-194400
-194399
-194398
-194384
-194376
-194369
-194368
-194367
-194324
-194322
-194320
-194271
-194240
-194239
-194229
-194217
-194211
-194210
-194209
-194208
-194207
-194206
-194205
-194204
-194199
-194187
-194186
-194183
-194166
-194165
-194164
-194155
-194145
-194144
-194124
-194103
-194096
-194060
-194040
-194039
-194019
-194018
-193985
-193984
-193983
-193977
-193976
-193974
-193956
-193935
-193914
-193913
-193894
-193893
-193884
-193883
-193882
-193873
-193872
-193851
-193850
-193844
-193830
-193738
-193648
-193613
-193600
-193578
-193563
-193562
-193537
-193536
-193535
-193495
-193494
-193493
-193440
-193424
-193392
-193375
-193374
-193373
-193347
-193325
-193312
-193283
-193263
-193242
-193241
-193200
-193199
-193110
-193109
-193011
-192921
-192920
-192885
-192878
-192808
-192717
-192660
-192659
-192658
-192657
-192654
-192617
-192600
-192599
-192591
-192575
-192528
-192522
-192505
-192504
-192503
-192500
-192495
-192494
-192465
-192340
-192339
-192338
-192324
-192320
-192279
-192278
-192276
-192192
-192170
-192150
-192103
-192060
-192038
-192000
-191999
-191985
-191968
-191961
-191958
-191952
-191928
-191906
-191896
-191895
-191894
-191888
-191884
-191882
-191880
-191879
-191877
-191874
-191873
-191872
-191870
-191869
-191868
-191867
-191866
-191865
-191864
-191862
-191857
-191856
-191855
-191852
-191851
-191850
-191846
-191841
-191840
-191832
-191831
-191830
-191829
-191828
-191827
-191826
-191818
-191810
-191809
-191808
-191807
-191806
-191805
-191804
-191796
-191786
-191785
-191784
-191774
-191764
-191763
-191762
-191760
-191759
-191758
-191752
-191749
-191744
-191742
-191741
-191740
-191734
-191731
-191730
-191708
-191664
-191646
-191631
-191598
-191576
-191568
-191544
-191526
-191525
-191524
-191523
-191522
-191519
-191515
-191514
-191513
-191424
-191396
-191395
-191394
-191387
-191360
-191315
-191290
-191289
-191288
-191279
-191270
-191268
-191246
-191159
-191136
-191131
-191114
-191076
-191075
-191074
-191070
-191065
-191058
-191057
-191056
-191055
-191054
-191053
-191052
-191051
-191050
-191047
-191046
-191045
-191044
-191043
-191042
-191041
-191034
-191033
-191032
-191023
-190995
-190991
-190982
-190971
-190961
-190960
-190959
-190949
-190944
-190943
-190938
-190929
-190910
-190859
-190820
-190819
-190818
-190809
-190806
-190785
-190763
-190743
-190711
-190710
-190709
-190708
-190674
-190652
-190624
-190586
-190585
-190584
-190583
-190582
-190575
-190574
-190573
-190512
-190476
-190475
-190456
-190422
-190404
-190403
-190400
-190359
-190353
-190350
-190349
-190348
-190344
-190339
-190320
-190278
-190263
-190262
-190259
-190245
-190244
-190243
-190242
-190241
-190240
-190239
-190238
-190224
-190223
-190222
-190221
-190220
-190213
-190190
-190128
-190125
-190115
-190092
-190091
-190080
-190079
-190078
-190067
-190047
-190043
-190032
-190008
-190007
-189987
-189972
-189971
-189949
-189948
-189947
-189899
-189896
-189895
-189894
-189782
-189775
-189774
-189773
-189772
-189750
-189711
-189662
-189660
-189651
-189630
-189629
-189540
-189539
-189450
-189440
-189432
-189431
-189430
-189429
-189428
-189427
-189426
-189408
-189389
-189252
-189251
-189231
-189203
-189196
-189189
-189069
-189025
-189024
-189023
-188991
-188969
-188964
-188963
-188962
-188958
-188936
-188914
-188903
-188902
-188892
-188873
-188853
-188848
-188845
-188837
-188832
-188831
-188811
-188810
-188809
-188800
-188790
-188789
-188769
-188748
-188747
-188731
-188730
-188727
-188705
-188685
-188650
-188639
-188626
-188616
-188615
-188614
-188613
-188580
-188559
-188558
-188538
-188509
-188499
-188496
-188495
-188475
-188430
-188427
-188426
-188425
-188416
-188390
-188370
-188369
-188368
-188359
-188349
-188348
-188328
-188324
-188294
-188243
-188241
-188235
-188188
-188166
-188160
-188139
-188118
-188106
-188105
-188104
-188095
-188082
-187968
-187946
-187891
-187869
-187858
-187847
-187824
-187823
-187803
-187802
-187801
-187795
-187792
-187785
-187784
-187782
-187781
-187761
-187759
-187746
-187726
-187719
-187701
-187693
-187682
-187627
-187616
-187605
-187592
-187582
-187572
-187568
-187528
-187495
-187488
-187487
-187475
-187473
-187467
-187466
-187465
-187464
-187463
-187462
-187461
-187460
-187455
-187452
-187451
-187442
-187396
-187352
-187341
-187319
-187174
-187173
-187172
-187163
-187152
-187151
-187150
-187149
-187148
-187143
-187142
-187141
-187140
-187139
-187128
-187127
-187126
-187121
-187117
-187111
-187110
-187109
-187108
-187106
-187105
-187104
-187103
-187099
-187094
-187089
-187088
-187087
-187077
-187076
-187067
-187066
-187065
-187059
-187058
-187055
-187047
-187046
-187044
-187037
-187036
-187035
-187034
-187033
-187026
-187013
-187012
-187011
-187002
-186992
-186991
-186990
-186989
-186988
-186987
-186986
-186985
-186980
-186979
-186978
-186977
-186969
-186968
-186967
-186966
-186965
-186956
-186944
-186943
-186942
-186933
-186922
-186921
-186920
-186919
-186918
-186911
-186910
-186909
-186898
-186897
-186896
-186887
-186879
-186875
-186874
-186873
-186864
-186822
-186821
-186820
-186816
-186811
-186747
-186732
-186731
-186725
-186714
-186711
-186703
-186681
-186659
-186642
-186624
-186623
-186600
-186593
-186582
-186560
-186538
-186536
-186534
-186530
-186524
-186523
-186522
-186515
-186513
-186512
-186509
-186507
-186506
-186505
-186504
-186503
-186502
-186501
-186500
-186499
-186498
-186497
-186496
-186495
-186494
-186493
-186492
-186491
-186490
-186489
-186486
-186485
-186484
-186482
-186478
-186477
-186476
-186474
-186467
-186465
-186464
-186462
-186455
-186446
-186435
-186417
-186416
-186415
-186414
-186395
-186392
-186386
-186378
-186377
-186300
-186248
-186200
-186186
-186180
-186179
-186178
-186169
-186165
-186120
-186119
-186118
-186109
-185955
-185933
-185859
-185858
-185856
-185841
-185840
-185839
-185814
-185787
-185725
-185724
-185723
-185703
-185661
-185658
-185606
-185600
-185549
-185540
-185539
-185538
-185537
-185536
-185535
-185534
-185529
-185526
-185525
-185516
-185493
-185484
-185483
-185482
-185481
-185478
-185477
-185472
-185459
-185458
-185457
-185426
-185378
-185370
-185369
-185368
-185365
-185364
-185363
-185362
-185361
-185360
-185356
-185355
-185354
-185346
-185328
-185327
-185295
-185262
-185250
-185249
-185220
-185219
-185218
-185217
-185216
-185199
-185166
-185157
-185135
-185094
-185031
-185003
-184975
-184926
-184896
-184895
-184894
-184885
-184835
-184801
-184800
-184799
-184779
-184765
-184680
-184625
-184575
-184574
-184573
-184564
-184536
-184464
-184437
-184436
-184404
-184338
-184320
-184316
-184254
-184253
-184184
-184172
-184107
-184102
-184098
-184032
-184031
-184030
-184001
-184000
-183999
-183977
-183976
-183975
-183960
-183959
-183939
-183933
-183904
-183887
-183876
-183854
-183851
-183820
-183767
-183744
-183743
-183742
-183739
-183738
-183737
-183719
-183708
-183707
-183687
-183680
-183645
-183625
-183613
-183612
-183611
-183603
-183528
-183527
-183477
-183456
-183400
-183392
-183372
-183344
-183291
-183183
-183172
-183161
-183120
-183077
-183057
-183050
-183049
-183048
-183035
-183015
-183014
-183013
-183008
-183004
-182994
-182993
-182973
-182970
-182952
-182951
-182931
-182924
-182922
-182897
-182896
-182895
-182889
-182784
-182736
-182721
-182720
-182672
-182654
-182649
-182648
-182622
-182574
-182561
-182560
-182559
-182448
-182358
-182351
-182337
-182336
-182335
-182328
-182327
-182322
-182298
-182280
-182259
-182250
-182224
-182221
-182178
-182160
-182142
-182133
-182115
-182114
-182113
-182112
-182111
-182110
-182109
-182091
-182080
-182069
-182049
-182041
-182028
-182007
-182006
-182000
-181972
-181971
-181962
-181926
-181902
-181889
-181888
-181887
-181776
-181764
-181760
-181759
-181686
-181685
-181665
-181664
-181663
-181607
-181587
-181552
-181510
-181509
-181508
-181506
-181499
-181481
-181472
-181471
-181470
-181461
-181454
-181442
-181441
-181440
-181439
-181438
-181437
-181436
-181435
-181434
-181431
-181430
-181429
-181428
-181427
-181426
-181409
-181408
-181407
-181406
-181377
-181376
-181375
-181370
-181369
-181368
-181366
-181365
-181359
-181335
-181328
-181314
-181313
-181312
-181311
-181310
-181233
-181217
-181216
-181215
-181170
-181148
-181116
-181104
-181089
-181088
-181087
-181044
-180976
-180873
-180831
-180803
-180768
-180722
-180657
-180656
-180655
-180642
-180641
-180550
-180544
-180486
-180480
-180474
-180433
-180432
-180431
-180411
-180402
-180401
-180400
-180398
-180391
-180336
-180321
-180320
-180319
-180318
-180316
-180309
-180208
-180180
-180179
-180172
-180159
-180114
-180096
-180081
-180080
-180079
-180070
-179998
-179997
-179975
-179948
-179936
-179928
-179927
-179907
-179840
-179781
-179763
-179762
-179761
-179760
-179759
-179758
-179757
-179756
-179749
-179739
-179696
-179681
-179680
-179679
-179676
-179656
-179655
-179654
-179645
-179571
-179536
-179520
-179519
-179439
-179438
-179437
-179428
-179424
-179400
-179360
-179340
-179298
-179256
-179200
-179199
-179198
-179196
-179189
-179118
-179117
-179116
-179114
-179107
-179036
-179035
-179032
-179015
-179014
-179013
-179012
-178992
-178991
-178970
-178969
-178959
-178949
-178948
-178947
-178937
-178926
-178917
-178916
-178905
-178904
-178903
-178893
-178883
-178882
-178881
-178880
-178879
-178871
-178864
-178861
-178860
-178859
-178858
-178857
-178856
-178849
-178848
-178847
-178846
-178838
-178837
-178836
-178817
-178816
-178815
-178805
-178797
-178796
-178795
-178794
-178793
-178792
-178783
-178780
-178779
-178778
-178773
-178772
-178771
-178753
-178752
-178751
-178750
-178749
-178739
-178731
-178730
-178729
-178728
-178727
-178720
-178719
-178718
-178717
-178710
-178709
-178706
-178689
-178684
-178668
-178667
-178647
-178646
-178645
-178640
-178636
-178626
-178625
-178616
-178607
-178606
-178605
-178604
-178603
-178602
-178601
-178596
-178593
-178592
-178585
-178584
-178583
-178575
-178574
-178573
-178563
-178562
-178561
-178557
-178552
-178542
-178541
-178521
-178500
-178499
-178493
-178486
-178479
-178478
-178477
-178476
-178468
-178458
-178457
-178437
-178416
-178415
-178395
-178353
-178352
-178349
-178335
-178334
-178332
-178325
-178304
-178280
-178250
-178248
-178193
-178192
-178191
-178156
-178155
-178145
-178143
-178135
-178134
-178133
-178123
-178112
-178080
-178038
-178020
-178002
-177997
-177984
-177966
-177876
-177858
-177857
-177849
-177848
-177840
-177839
-177834
-177828
-177822
-177821
-177786
-177744
-177743
-177734
-177696
-177606
-177554
-177513
-177512
-177446
-177435
-177434
-177433
-177422
-177421
-177420
-177411
-177408
-177343
-177289
-177288
-177282
-177255
-177242
-177235
-177234
-177233
-177219
-177192
-177191
-177177
-177156
-177125
-177120
-177119
-177118
-177089
-177088
-177087
-177014
-176996
-176967
-176960
-176900
-176871
-176870
-176841
-176833
-176832
-176831
-176798
-176781
-176778
-176690
-176689
-176688
-176639
-176580
-176550
-176504
-176429
-176419
-176418
-176417
-176407
-176400
-176324
-176311
-176295
-176290
-176257
-176256
-176255
-176253
-176229
-176220
-176219
-176218
-176188
-176145
-176144
-176143
-176111
-176110
-176109
-176100
-176089
-176088
-176087
-176086
-176085
-176078
-176077
-176076
-176065
-176064
-176063
-176055
-176054
-176035
-175959
-175957
-175956
-175955
-175954
-175908
-175825
-175824
-175823
-175802
-175800
-175770
-175769
-175768
-175766
-175759
-175739
-175738
-175708
-175693
-175681
-175680
-175679
-175646
-175587
-175560
-175558
-175538
-175504
-175429
-175391
-175371
-175308
-175266
-175168
-175070
-175056
-174978
-174960
-174959
-174945
-174944
-174884
-174867
-174845
-174754
-174753
-174752
-174743
-174637
-174636
-174635
-174624
-174623
-174622
-174492
-174410
-174408
-174407
-174406
-174405
-174404
-174403
-174401
-174400
-174399
-174398
-174397
-174396
-174395
-174394
-174393
-174392
-174391
-174390
-174389
-174388
-174387
-174386
-174385
-174384
-174383
-174382
-174381
-174380
-174377
-174375
-174374
-174373
-174372
-174371
-174314
-174313
-174312
-174303
-174287
-174285
-174284
-174283
-174281
-174273
-174272
-174271
-174251
-174241
-174240
-174239
-174229
-174219
-174218
-174217
-174207
-174185
-174174
-174167
-174160
-174144
-174134
-174119
-174108
-174075
-174065
-174053
-174027
-173994
-173982
-173921
-173901
-173818
-173817
-173816
-173712
-173706
-173502
-173501
-173481
-173459
-173439
-173375
-173340
-173332
-173313
-173304
-173303
-173259
-173258
-173228
-173168
-173166
-173052
-173051
-173040
-173019
-173011
-172998
-172920
-172900
-172899
-172898
-172814
-172788
-172761
-172760
-172759
-172752
-172634
-172557
-172556
-172535
-172534
-172530
-172524
-172491
-172458
-172368
-172367
-172359
-172347
-172305
-172062
-172056
-172044
-172043
-172041
-172040
-172035
-171990
-171989
-171969
-171911
-171888
-171887
-171886
-171884
-171877
-171864
-171863
-171842
-171840
-171792
-171759
-171735
-171730
-171696
-171666
-171664
-171633
-171624
-171584
-171554
-171549
-171526
-171413
-171410
-171402
-171360
-171347
-171337
-171336
-171335
-171325
-171323
-171321
-171317
-171315
-171314
-171313
-171312
-171311
-171309
-171306
-171305
-171304
-171303
-171297
-171282
-171239
-171216
-171215
-171192
-171191
-171168
-171138
-171130
-171093
-171083
-171074
-171073
-171072
-171071
-171070
-171061
-171054
-171050
-171006
-170898
-170878
-170877
-170876
-170856
-170855
-170854
-170852
-170845
-170835
-170834
-170814
-170808
-170772
-170771
-170764
-170753
-170751
-170750
-170748
-170743
-170742
-170741
-170736
-170735
-170734
-170732
-170731
-170730
-170729
-170728
-170727
-170726
-170725
-170724
-170723
-170722
-170720
-170719
-170718
-170713
-170709
-170708
-170703
-170702
-170701
-170697
-170696
-170691
-170690
-170689
-170688
-170684
-170680
-170676
-170625
-170624
-170604
-170603
-170602
-170600
-170593
-170586
-170585
-170583
-170582
-170577
-170562
-170544
-170520
-170519
-170499
-170478
-170451
-170450
-170424
-170408
-170373
-170352
-170190
-170130
-170114
-170111
-170100
-170099
-170098
-170096
-170095
-170094
-170087
-170078
-170058
-170040
-170038
-170016
-169932
-169857
-169848
-169824
-169809
-169806
-169800
-169785
-169764
-169763
-169708
-169707
-169696
-169695
-169694
-169686
-169680
-169679
-169642
-169616
-169575
-169574
-169573
-169572
-169488
-169487
-169466
-169377
-169343
-169323
-169276
-169208
-169167
-169158
-169146
-169136
-169128
-169127
-169105
-169104
-169103
-169088
-169087
-169086
-169084
-169077
-169008
-169000
-168861
-168846
-168839
-168783
-168751
-168732
-168714
-168690
-168672
-168630
-168564
-168561
-168560
-168559
-168542
-168525
-168524
-168506
-168461
-168454
-168453
-168450
-168448
-168442
-168441
-168440
-168438
-168433
-168432
-168431
-168430
-168428
-168419
-168410
-168409
-168399
-168398
-168397
-168388
-168378
-168377
-168376
-168367
-168366
-168365
-168357
-168355
-168344
-168336
-168335
-168315
-168301
-168300
-168299
-168291
-168290
-168288
-168282
-168273
-168263
-168240
-168238
-168225
-168224
-168223
-168212
-168210
-168204
-168191
-168168
-168112
-168096
-168083
-168064
-168063
-168057
-167977
-167960
-167959
-167882
-167868
-167767
-167766
-167762
-167706
-167688
-167687
-167670
-167669
-167668
-167664
-167659
-167651
-167580
-167562
-167561
-167543
-167541
-167535
-167505
-167402
-167401
-167363
-167360
-167336
-167330
-167328
-167327
-167326
-167324
-167318
-167310
-167302
-167301
-167300
-167297
-167296
-167295
-167292
-167291
-167279
-167246
-167245
-167241
-167240
-167233
-167232
-167231
-167219
-167156
-167155
-167097
-167095
-167090
-167040
-167039
-167025
-167013
-167008
-166920
-166896
-166881
-166751
-166656
-166598
-166473
-166465
-166464
-166463
-166455
-166446
-166445
-166440
-166418
-166386
-166361
-166320
-166278
-166230
-166212
-166211
-166151
-166042
-165984
-165957
-165956
-165920
-165852
-165830
-165726
-165710
-165690
-165636
-165635
-165634
-165632
-165625
-165528
-165440
-165438
-165416
-165396
-165374
-165318
-165315
-165314
-165186
-165143
-165125
-165120
-165119
-165081
-165073
-165067
-165066
-165065
-165060
-165059
-165056
-165053
-164994
-164990
-164976
-164934
-164912
-164865
-164864
-164863
-164752
-164703
-164672
-164646
-164640
-164472
-164352
-164346
-164304
-164300
-164176
-164125
-164105
-164082
-164081
-164076
-164075
-164074
-164051
-164031
-163959
-163958
-163957
-163945
-163944
-163943
-163804
-163803
-163799
-163779
-163680
-163527
-163520
-163358
-163338
-163296
-163295
-163275
-163240
-163233
-163232
-163212
-163190
-163176
-163058
-162975
-162974
-162852
-162851
-162835
-162832
-162792
-162778
-162765
-162764
-162763
-162750
-162748
-162712
-162711
-162710
-162708
-162702
-162701
-162672
-162671
-162670
-162668
-162661
-162660
-162659
-162658
-162657
-162656
-162654
-162653
-162652
-162651
-162650
-162648
-162647
-162646
-162645
-162644
-162643
-162642
-162641
-162640
-162639
-162638
-162637
-162636
-162635
-162634
-162633
-162632
-162631
-162630
-162629
-162628
-162627
-162626
-162625
-162624
-162622
-162620
-162619
-162615
-162612
-162611
-162610
-162608
-162606
-162601
-162592
-162586
-162582
-162572
-162571
-162570
-162568
-162561
-162539
-162530
-162519
-162502
-162483
-162482
-162481
-162472
-162450
-162432
-162426
-162414
-162412
-162404
-162400
-162392
-162360
-162359
-162358
-162328
-162327
-162326
-162294
-162288
-162240
-162236
-162192
-162172
-162129
-162113
-162105
-162098
-162097
-162096
-162095
-162072
-162068
-162064
-162063
-162006
-161994
-161964
-161963
-161962
-161952
-161920
-161838
-161833
-161832
-161831
-161784
-161783
-161744
-161728
-161658
-161650
-161617
-161616
-161615
-161568
-161567
-161535
-161532
-161504
-161498
-161482
-161463
-161376
-161375
-161374
-161345
-161344
-161343
-161280
-161262
-161252
-161238
-161162
-161161
-161160
-161158
-161151
-161073
-161056
-161041
-161040
-161039
-161010
-161007
-160992
-160974
-160945
-160944
-160943
-160930
-160918
-160884
-160883
-160832
-160820
-160797
-160796
-160777
-160776
-160775
-160766
-160755
-160754
-160736
-160720
-160674
-160662
-160656
-160655
-160654
-160653
-160652
-160651
-160650
-160644
-160643
-160642
-160641
-160640
-160639
-160638
-160632
-160620
-160606
-160578
-160534
-160523
-160513
-160512
-160511
-160501
-160500
-160496
-160490
-160446
-160430
-160415
-160398
-160385
-160384
-160383
-160380
-160379
-160344
-160343
-160314
-160272
-160186
-160161
-160160
-160159
-160145
-160125
-160083
-160065
-160064
-160063
-160048
-159984
-159942
-159937
-159936
-159935
-159841
-159840
-159824
-159774
-159742
-159731
-159721
-159720
-159719
-159712
-159709
-159698
-159600
-159558
-159536
-159479
-159393
-159390
-159376
-159264
-159216
-159192
-159191
-159159
-158928
-158906
-158895
-158873
-158844
-158840
-158829
-158720
-158642
-158620
-158613
-158594
-158591
-158574
-158571
-158531
-158528
-158522
-158521
-158520
-158519
-158518
-158517
-158516
-158511
-158510
-158508
-158507
-158498
-158496
-158445
-158444
-158418
-158408
-158400
-158377
-158300
-158268
-158256
-158193
-158192
-158172
-158151
-158130
-158125
-158079
-158064
-158054
-158003
-157983
-157982
-157967
-157952
-157940
-157932
-157931
-157920
-157919
-157918
-157909
-157899
-157898
-157896
-157895
-157878
-157857
-157836
-157835
-157815
-157798
-157755
-157752
-157731
-157707
-157696
-157689
-157611
-157610
-157564
-157563
-157562
-157560
-157559
-157542
-157476
-157472
-157471
-157470
-157441
-157440
-157439
-157438
-157409
-157408
-157407
-157406
-157377
-157376
-157375
-157316
-157291
-157290
-157289
-157288
-157286
-157279
-157248
-157247
-157227
-157217
-157216
-157215
-157199
-157198
-157185
-157184
-157183
-157164
-157153
-157152
-157151
-157136
-157113
-157024
-157014
-156996
-156975
-156969
-156968
-156950
-156948
-156924
-156912
-156888
-156871
-156870
-156869
-156861
-156860
-156859
-156849
-156824
-156821
-156801
-156800
-156799
-156770
-156688
-156683
-156672
-156671
-156670
-156659
-156648
-156641
-156640
-156639
-156618
-156612
-156607
-156576
-156570
-156332
-156326
-156310
-156302
-156288
-156282
-156247
-156240
-156193
-156192
-156191
-156161
-156160
-156159
-156156
-156129
-156128
-156127
-156107
-156097
-156096
-156095
-156094
-156093
-156083
-156038
-156036
-156035
-156034
-156032
-156025
-156006
-156005
-156004
-155999
-155995
-155976
-155975
-155974
-155972
-155965
-155936
-155926
-155925
-155924
-155914
-155904
-155903
-155902
-155892
-155878
-155877
-155876
-155867
-155826
-155816
-155815
-155814
-155804
-155736
-155685
-155684
-155628
-155615
-155610
-155609
-155595
-155589
-155580
-155568
-155567
-155556
-155555
-155554
-155550
-155544
-155543
-155540
-155532
-155521
-155520
-155519
-155518
-155508
-155496
-155495
-155493
-155485
-155484
-155483
-155482
-155472
-155471
-155460
-155424
-155423
-155364
-155349
-155348
-155342
-155295
-155232
-155210
-155169
-155063
-155062
-155043
-155042
-154979
-154977
-154959
-154934
-154933
-154882
-154814
-154791
-154770
-154748
-154728
-154722
-154601
-154595
-154581
-154575
-154565
-154560
-154557
-154556
-154548
-154530
-154527
-154526
-154524
-154523
-154509
-154508
-154507
-154506
-154500
-154489
-154488
-154471
-154470
-154469
-154432
-154414
-154413
-154412
-154401
-154394
-154380
-154379
-154375
-154374
-154369
-154368
-154367
-154366
-154356
-154355
-154337
-154336
-154335
-154250
-154176
-154163
-154154
-154115
-154112
-154080
-154079
-154044
-154043
-154035
-154000
-153920
-153884
-153851
-153761
-153760
-153759
-153720
-153701
-153675
-153657
-153656
-153648
-153636
-153635
-153626
-153621
-153612
-153611
-153600
-153585
-153582
-153564
-153563
-153560
-153552
-153522
-153516
-153504
-153503
-153502
-153473
-153472
-153471
-153417
-153410
-153408
-153395
-153384
-153380
-153342
-153329
-153328
-153318
-153265
-153264
-153263
-153242
-153241
-153240
-153238
-153236
-153235
-153231
-153230
-153229
-153228
-153226
-153224
-153219
-153217
-153216
-153215
-153190
-153152
-153141
-153140
-153139
-153138
-153135
-153134
-153132
-153131
-153110
-153108
-153104
-153090
-153089
-153088
-153086
-153079
-153069
-153068
-153048
-153027
-153026
-153006
-152987
-152964
-152960
-152929
-152928
-152927
-152900
-152880
-152879
-152878
-152876
-152869
-152859
-152858
-152838
-152835
-152834
-152833
-152824
-152796
-152769
-152768
-152767
-152728
-152724
-152712
-152711
-152691
-152685
-152649
-152643
-152642
-152607
-152606
-152586
-152570
-152552
-152551
-152550
-152521
-152520
-152519
-152518
-152489
-152488
-152475
-152459
-152458
-152439
-152397
-152396
-152378
-152375
-152334
-152333
-152313
-152308
-152307
-152306
-152303
-152284
-152272
-152260
-152257
-152256
-152255
-152241
-152154
-152152
-152145
-152134
-152096
-152064
-152048
-152028
-152027
-151984
-151915
-151905
-151904
-151833
-151811
-151800
-151788
-151775
-151745
-151632
-151606
-151605
-151604
-151512
-151506
-151505
-151338
-151311
-151289
-151280
-151249
-151221
-151200
-151191
-151151
-151112
-151100
-151099
-151098
-151095
-151086
-151073
-151061
-151060
-151059
-151047
-151044
-151019
-151009
-151008
-151007
-150997
-150995
-150994
-150993
-150984
-150975
-150912
-150911
-150910
-150901
-150865
-150848
-150847
-150822
-150797
-150792
-150784
-150696
-150695
-150675
-150674
-150673
-150660
-150640
-150624
-150623
-150551
-150549
-150548
-150529
-150528
-150527
-150526
-150524
-150517
-150507
-150506
-150486
-150485
-150482
-150465
-150464
-150463
-150454
-150444
-150443
-150431
-150430
-150429
-150423
-150420
-150416
-150400
-150381
-150374
-150359
-150339
-150338
-150337
-150328
-150318
-150317
-150297
-150296
-150276
-150275
-150274
-150272
-150265
-150263
-150255
-150254
-150234
-150228
-150227
-150208
-150192
-150191
-150177
-150119
-150108
-150086
-150080
-150066
-150060
-150059
-150045
-149919
-149907
-149906
-149897
-149877
-149876
-149864
-149856
-149855
-149835
-149816
-149813
-149771
-149760
-149759
-149751
-149750
-149744
-149730
-149729
-149709
-149691
-149690
-149689
-149682
-149681
-149625
-149586
-149572
-149567
-149544
-149543
-149540
-149520
-149513
-149465
-149463
-149453
-149451
-149450
-149449
-149447
-149446
-149445
-149444
-149443
-149442
-149441
-149440
-149439
-149435
-149434
-149433
-149423
-149421
-149408
-149328
-149321
-149314
-149297
-149296
-149295
-149289
-149286
-149273
-149272
-149265
-149223
-149211
-149205
-149204
-149203
-149202
-149201
-149200
-149199
-149198
-149197
-149193
-149184
-149181
-149163
-149075
-149072
-148995
-148973
-148960
-148944
-148928
-148869
-148840
-148829
-148800
-148744
-148737
-148736
-148735
-148728
-148706
-148680
-148679
-148676
-148659
-148638
-148637
-148623
-148617
-148616
-148615
-148606
-148596
-148595
-148588
-148575
-148574
-148554
-148553
-148552
-148543
-148533
-148532
-148512
-148511
-148491
-148490
-148489
-148480
-148475
-148474
-148473
-148470
-148469
-148449
-148428
-148427
-148407
-148386
-148365
-148352
-148337
-148335
-148323
-148302
-148295
-148293
-148284
-148280
-148260
-148251
-148239
-148236
-148233
-148232
-148231
-148230
-148229
-148228
-148227
-148221
-148215
-148214
-148213
-148209
-148200
-148199
-148198
-148186
-148185
-148184
-148176
-148160
-148149
-148108
-148104
-148091
-148082
-148081
-148080
-148079
-148064
-148022
-147987
-147986
-147985
-147975
-147974
-147973
-147972
-147966
-147952
-147951
-147924
-147923
-147903
-147864
-147861
-147841
-147840
-147839
-147816
-147798
-147728
-147660
-147630
-147620
-147616
-147600
-147599
-147580
-147505
-147504
-147503
-147498
-147392
-147378
-147360
-147315
-147312
-147293
-147280
-147273
-147230
-147210
-147203
-147200
-147168
-147167
-147147
-147132
-147131
-147113
-147110
-147104
-147095
-147084
-147048
-147042
-147026
-147018
-147017
-147016
-147015
-147014
-147011
-147010
-147009
-147004
-146964
-146960
-146949
-146944
-146888
-146879
-146878
-146861
-146846
-146762
-146740
-146735
-146720
-146711
-146700
-146699
-146698
-146697
-146696
-146687
-146663
-146652
-146640
-146631
-146630
-146609
-146608
-146607
-146591
-146519
-146510
-146496
-146475
-146447
-146445
-146423
-146412
-146411
-146410
-146405
-146400
-146399
-146394
-146393
-146392
-146391
-146385
-146383
-146377
-146376
-146375
-146374
-146373
-146372
-146367
-146366
-146365
-146364
-146363
-146362
-146360
-146358
-146357
-146356
-146351
-146349
-146347
-146342
-146341
-146340
-146339
-146338
-146337
-146336
-146327
-146320
-146318
-146316
-146315
-146314
-146304
-146303
-146279
-146268
-146267
-146266
-146258
-146257
-146255
-146232
-146231
-146229
-146198
-146197
-146196
-146195
-146194
-146190
-146189
-146185
-146160
-146159
-146133
-146124
-146097
-146087
-146064
-146063
-146055
-146054
-146030
-146016
-146015
-145991
-145990
-145980
-145979
-145978
-145971
-145967
-145950
-145943
-145926
-145920
-145904
-145886
-145885
-145884
-145824
-145799
-145776
-145743
-145734
-145719
-145718
-145706
-145698
-145691
-145668
-145656
-145620
-145619
-145593
-145592
-145583
-145572
-145548
-145530
-145529
-145528
-145527
-145526
-145525
-145524
-145506
-145488
-145406
-145376
-145348
-145310
-145309
-145308
-145306
-145299
-145288
-145280
-145245
-145222
-145200
-145170
-145169
-145168
-145152
-145092
-145040
-144990
-144928
-144900
-144899
-144879
-144867
-144861
-144837
-144804
-144782
-144771
-144760
-144716
-144705
-144647
-144627
-144518
-144480
-144450
-144430
-144429
-144425
-144364
-144320
-144316
-144287
-144275
-144274
-144273
-144261
-144144
-144122
-144088
-143989
-143988
-143909
-143907
-143901
-143856
-143814
-143808
-143786
-143745
-143744
-143743
-143682
-143676
-143664
-143663
-143662
-143661
-143627
-143617
-143616
-143615
-143605
-143595
-143594
-143593
-143584
-143583
-143540
-143472
-143451
-143360
-143254
-143253
-143252
-143251
-143250
-143249
-143248
-143247
-143246
-143245
-143244
-143243
-143242
-143241
-143240
-143239
-143231
-143230
-143229
-143176
-143175
-143154
-143136
-143099
-143089
-143088
-143087
-143077
-143067
-143066
-143065
-143055
-143045
-143044
-143043
-143040
-143033
-143025
-143024
-143023
-143010
-143000
-142978
-142968
-142967
-142946
-142932
-142931
-142930
-142929
-142926
-142925
-142924
-142923
-142920
-142919
-142918
-142917
-142913
-142912
-142911
-142904
-142901
-142884
-142883
-142882
-142873
-142870
-142863
-142862
-142845
-142844
-142842
-142841
-142821
-142820
-142800
-142758
-142740
-142715
-142709
-142668
-142667
-142660
-142653
-142648
-142646
-142626
-142625
-142624
-142621
-142618
-142615
-142604
-142601
-142600
-142599
-142594
-142593
-142592
-142590
-142582
-142572
-142571
-142570
-142561
-142560
-142559
-142549
-142538
-142524
-142523
-142516
-142506
-142505
-142504
-142497
-142496
-142495
-142494
-142493
-142485
-142483
-142479
-142464
-142450
-142439
-142415
-142400
-142380
-142374
-142362
-142346
-142345
-142344
-142340
-142318
-142310
-142308
-142307
-142306
-142296
-142286
-142285
-142284
-142278
-142277
-142276
-142275
-142274
-142273
-142272
-142254
-142252
-142240
-142233
-142230
-142206
-142205
-142204
-142203
-142202
-142191
-142188
-142187
-142186
-142185
-142175
-142170
-142164
-142163
-142131
-142128
-142100
-142079
-142064
-142044
-142032
-142025
-142016
-141966
-141960
-141939
-141926
-141925
-141924
-141921
-141890
-141882
-141834
-141800
-141786
-141779
-141771
-141770
-141769
-141768
-141767
-141766
-141764
-141759
-141758
-141757
-141755
-141750
-141736
-141735
-141734
-141713
-141702
-141691
-141680
-141637
-141636
-141635
-141625
-141614
-141570
-141561
-141560
-141540
-141498
-141493
-141492
-141491
-141490
-141489
-141488
-141487
-141486
-141485
-141484
-141483
-141482
-141481
-141480
-141479
-141478
-141477
-141476
-141475
-141474
-141473
-141471
-141465
-141464
-141463
-141456
-141440
-141427
-141426
-141421
-141420
-141419
-141405
-141372
-141371
-141347
-141346
-141345
-141339
-141336
-141273
-141251
-141240
-141218
-141185
-141174
-141162
-141154
-141141
-141120
-141119
-141099
-141033
-141032
-141031
-141000
-140987
-140965
-140919
-140910
-140896
-140868
-140867
-140847
-140833
-140811
-140801
-140800
-140799
-140789
-140784
-140745
-140734
-140693
-140676
-140598
-140595
-140563
-140547
-140525
-140459
-140449
-140448
-140447
-140437
-140376
-140375
-140374
-140244
-140112
-140026
-140025
-140015
-139986
-139968
-139967
-139956
-139873
-139872
-139871
-139776
-139750
-139629
-139620
-139595
-139590
-139584
-139583
-139582
-139581
-139571
-139560
-139559
-139558
-139555
-139554
-139553
-139552
-139548
-139547
-139546
-139545
-139544
-139535
-139532
-139524
-139520
-139514
-139513
-139512
-139511
-139510
-139509
-139508
-139500
-139490
-139488
-139487
-139481
-139477
-139476
-139475
-139474
-139464
-139463
-139462
-139461
-139452
-139451
-139443
-139442
-139441
-139440
-139439
-139438
-139437
-139428
-139427
-139328
-139252
-139178
-139128
-139106
-139104
-139007
-138768
-138744
-138705
-138704
-138672
-138671
-138666
-138656
-138633
-138632
-138631
-138600
-138599
-138545
-138544
-138543
-138510
-138446
-138432
-138374
-138351
-138350
-138348
-138319
-138306
-138270
-138261
-138260
-138259
-138250
-138245
-138244
-138243
-138242
-138241
-138234
-138233
-138232
-138227
-138226
-138225
-138216
-138208
-138179
-138176
-138160
-138159
-138158
-138150
-138142
-138138
-138129
-138116
-138105
-138096
-138050
-138039
-138030
-138029
-138028
-138023
-138019
-138000
-137984
-137940
-137882
-137867
-137865
-137864
-137856
-137855
-137854
-137852
-137851
-137843
-137830
-137825
-137824
-137823
-137815
-137781
-137780
-137760
-137759
-137758
-137742
-137729
-137728
-137727
-137720
-137718
-137709
-137708
-137687
-137667
-137654
-137646
-137643
-137636
-137610
-137588
-137537
-137536
-137535
-137514
-137504
-137503
-137502
-137494
-137483
-137473
-137472
-137471
-137470
-137459
-137456
-137441
-137440
-137439
-137438
-137432
-137424
-137410
-137409
-137408
-137407
-137388
-137387
-137386
-137384
-137383
-137382
-137377
-137373
-137280
-137258
-137250
-137214
-137189
-137144
-137099
-137088
-137087
-137086
-137075
-137067
-137066
-137060
-137057
-137056
-137055
-136976
-136960
-136959
-136929
-136922
-136898
-136878
-136865
-136864
-136863
-136835
-136815
-136785
-136762
-136753
-136752
-136751
-136746
-136719
-136656
-136646
-136641
-136640
-136639
-136626
-136625
-136624
-136615
-136605
-136604
-136595
-136586
-136585
-136584
-136583
-136582
-136581
-136580
-136575
-136572
-136571
-136563
-136562
-136552
-136544
-136542
-136541
-136540
-136531
-136529
-136521
-136520
-136518
-136500
-136472
-136416
-136400
-136395
-136332
-136331
-136311
-136308
-136304
-136193
-136192
-136191
-136122
-136103
-136080
-136079
-136078
-136076
-136069
-136063
-136062
-136059
-136056
-136055
-136032
-136030
-135984
-135969
-135968
-135967
-135938
-135937
-135936
-135928
-135927
-135926
-135915
-135883
-135856
-135816
-135786
-135782
-135765
-135756
-135747
-135746
-135745
-135744
-135743
-135742
-135741
-135723
-135705
-135632
-135597
-135575
-135545
-135527
-135521
-135520
-135519
-135462
-135420
-135409
-135408
-135407
-135324
-135297
-135296
-135295
-135269
-135184
-135168
-135167
-135166
-135161
-135160
-135159
-135135
-135128
-135093
-135081
-135075
-135074
-135073
-135072
-135071
-135070
-135069
-135063
-135051
-135039
-135037
-135036
-135035
-134967
-134960
-134946
-134937
-134915
-134904
-134855
-134849
-134848
-134847
-134841
-134838
-134820
-134819
-134816
-134784
-134783
-134761
-134760
-134759
-134742
-134741
-134736
-134651
-134640
-134625
-134624
-134623
-134618
-134615
-134596
-134512
-134508
-134505
-134499
-134486
-134476
-134475
-134474
-134465
-134464
-134463
-134454
-134453
-134452
-134444
-134442
-134420
-134401
-134400
-134399
-134379
-134376
-134354
-134315
-134310
-134295
-134288
-134274
-134244
-134239
-134232
-134222
-134212
-134211
-134210
-134200
-134190
-134189
-134188
-134182
-134181
-134180
-134178
-134171
-134168
-134167
-134166
-134156
-134148
-134147
-134146
-134145
-134144
-134143
-134142
-134136
-134135
-134134
-134126
-134125
-134124
-134123
-134122
-134121
-134120
-134113
-134112
-134111
-134102
-134101
-134100
-134090
-134080
-134079
-134078
-134068
-134064
-134058
-134057
-134056
-134046
-134024
-134013
-133985
-133980
-133958
-133947
-133914
-133892
-133870
-133857
-133848
-133826
-133816
-133815
-133814
-133811
-133805
-133804
-133794
-133793
-133792
-133791
-133782
-133771
-133768
-133767
-133766
-133761
-133760
-133759
-133757
-133749
-133746
-133745
-133744
-133743
-133742
-133735
-133734
-133733
-133722
-133721
-133720
-133719
-133718
-133711
-133709
-133705
-133702
-133701
-133700
-133699
-133698
-133697
-133696
-133695
-133694
-133691
-133690
-133689
-133688
-133687
-133686
-133685
-133678
-133677
-133676
-133675
-133674
-133667
-133665
-133654
-133653
-133652
-133651
-133650
-133643
-133642
-133641
-133638
-133637
-133636
-133631
-133630
-133629
-133628
-133619
-133568
-133551
-133547
-133536
-133529
-133518
-133517
-133463
-133454
-133452
-133430
-133424
-133421
-133392
-133386
-133320
-133307
-133287
-133280
-133265
-133251
-133245
-133244
-133243
-133238
-133237
-133234
-133231
-133224
-133223
-133216
-133215
-133214
-133208
-133207
-133206
-133205
-133203
-133188
-133187
-133182
-133181
-133177
-133176
-133175
-133174
-133168
-133164
-133163
-133161
-133145
-133144
-133119
-133114
-133096
-133057
-133056
-133055
-133052
-133014
-132993
-132944
-132894
-132893
-132888
-132839
-132825
-132816
-132813
-132803
-132800
-132773
-132762
-132720
-132678
-132677
-132671
-132664
-132663
-132657
-132641
-132640
-132639
-132624
-132615
-132609
-132608
-132607
-132577
-132576
-132575
-132573
-132572
-132552
-132515
-132514
-132513
-132496
-132370
-132363
-132342
-132299
-132279
-132252
-132251
-132237
-132194
-132192
-132160
-132144
-132132
-132111
-132048
-132038
-131936
-131931
-131930
-131929
-131920
-131880
-131879
-131840
-131839
-131795
-131775
-131773
-131760
-131688
-131649
-131610
-131609
-131608
-131606
-131599
-131586
-131544
-131543
-131523
-131486
-131481
-131480
-131460
-131459
-131418
-131391
-131376
-131352
-131316
-131313
-131289
-131288
-131219
-131217
-131211
-131075
-131054
-131040
-131039
-131037
-131032
-131004
-131003
-131001
-130979
-130970
-130969
-130968
-130967
-130966
-130965
-130964
-130959
-130956
-130955
-130946
-130910
-130909
-130908
-130856
-130805
-130804
-130803
-130800
-130787
-130779
-130767
-130757
-130731
-130728
-130725
-130704
-130680
-130658
-130647
-130646
-130644
-130626
-130625
-130592
-130560
-130536
-130503
-130502
-130501
-130491
-130481
-130480
-130479
-130448
-130418
-130410
-130379
-130368
-130326
-130325
-130324
-130323
-130317
-130315
-130295
-130289
-130284
-130283
-130271
-130270
-130269
-130268
-130267
-130266
-130265
-130263
-130262
-130257
-130256
-130247
-130240
-130218
-130200
-130150
-130145
-130144
-130143
-130142
-130136
-130128
-130127
-130126
-130124
-130117
-130114
-130113
-130112
-130111
-130110
-130109
-130108
-130107
-130106
-130103
-130102
-130101
-130100
-130099
-130096
-130095
-130094
-130092
-130085
-130048
-130040
-130038
-130033
-130032
-130031
-130030
-130029
-130028
-130027
-130026
-130019
-130017
-130016
-130013
-130011
-130010
-130009
-130008
-130007
-130006
-130005
-130004
-130003
-130002
-130001
-130000
-129999
-129998
-129997
-129996
-129995
-129994
-129993
-129990
-129989
-129988
-129987
-129986
-129982
-129981
-129980
-129979
-129978
-129971
-129969
-129968
-129966
-129965
-129959
-129955
-129954
-129953
-129950
-129943
-129939
-129933
-129932
-129931
-129921
-129920
-129919
-129896
-129890
-129882
-129881
-129808
-129780
-129752
-129701
-129691
-129690
-129689
-129684
-129683
-129682
-129679
-129675
-129674
-129673
-129669
-129654
-129633
-129591
-129580
-129570
-129569
-129564
-129518
-129479
-129478
-129477
-129474
-129472
-129467
-129466
-129465
-129458
-129456
-129455
-129444
-129443
-129442
-129441
-129438
-129423
-129402
-129396
-129395
-129363
-129362
-129360
-129338
-129332
-129329
-129320
-129318
-129297
-129276
-129275
-129274
-129273
-129272
-129271
-129261
-129255
-129248
-129239
-129229
-129228
-129227
-129217
-129213
-129195
-129167
-129150
-129149
-129146
-129145
-129144
-129137
-129136
-129135
-129129
-129114
-129107
-129087
-129053
-129044
-129043
-129042
-129041
-129040
-129039
-129038
-129033
-129030
-129029
-129025
-129024
-129023
-129021
-129020
-129006
-128988
-128961
-128952
-128951
-128940
-128939
-128938
-128936
-128934
-128933
-128930
-128927
-128924
-128922
-128918
-128917
-128916
-128915
-128914
-128913
-128912
-128911
-128910
-128906
-128905
-128904
-128903
-128898
-128897
-128894
-128892
-128891
-128890
-128882
-128880
-128879
-128865
-128856
-128835
-128807
-128805
-128801
-128800
-128799
-128721
-128720
-128700
-128688
-128667
-128663
-128534
-128519
-128499
-128495
-128466
-128464
-128460
-128448
-128442
-128441
-128440
-128439
-128438
-128437
-128436
-128433
-128430
-128429
-128428
-128427
-128426
-128425
-128424
-128418
-128412
-128411
-128406
-128400
-128399
-128398
-128394
-128393
-128389
-128357
-128348
-128347
-128339
-128338
-128337
-128336
-128335
-128334
-128333
-128326
-128315
-128304
-128289
-128288
-128282
-128271
-128205
-128137
-128136
-128100
-128079
-128078
-128077
-128068
-128051
-128042
-128023
-128022
-128021
-128016
-128000
-127974
-127968
-127963
-127953
-127952
-127951
-127941
-127931
-127930
-127929
-127928
-127920
-127919
-127918
-127917
-127909
-127908
-127907
-127906
-127898
-127897
-127896
-127895
-127894
-127893
-127890
-127889
-127888
-127887
-127886
-127885
-127884
-127883
-127882
-127875
-127865
-127864
-127863
-127853
-127843
-127842
-127841
-127840
-127832
-127831
-127830
-127827
-127823
-127822
-127821
-127820
-127819
-127818
-127817
-127809
-127799
-127798
-127797
-127796
-127792
-127787
-127777
-127776
-127775
-127765
-127763
-127758
-127757
-127755
-127754
-127753
-127743
-127713
-127712
-127711
-127681
-127680
-127679
-127644
-127637
-127634
-127633
-127632
-127622
-127617
-127595
-127589
-127583
-127575
-127574
-127573
-127568
-127564
-127554
-127553
-127547
-127533
-127512
-127511
-127491
-127490
-127450
-127449
-127437
-127424
-127423
-127391
-127381
-127380
-127379
-127369
-127361
-127358
-127344
-127304
-127235
-127224
-127204
-127116
-127115
-127102
-127098
-127094
-127071
-127050
-127028
-127008
-127002
-126995
-126984
-126945
-126911
-126899
-126882
-126881
-126880
-126879
-126876
-126840
-126839
-126816
-126815
-126795
-126791
-126758
-126756
-126743
-126720
-126719
-126718
-126695
-126672
-126665
-126643
-126636
-126635
-126629
-126616
-126609
-126599
-126589
-126588
-126587
-126546
-126474
-126396
-126395
-126379
-126369
-126368
-126367
-126357
-126347
-126346
-126345
-126335
-126321
-126280
-126270
-126258
-126255
-126247
-126216
-126198
-126197
-126162
-126153
-126144
-126143
-126080
-126076
-126049
-126048
-126047
-126046
-126027
-126017
-126016
-126015
-126005
-125995
-125994
-125993
-125985
-125984
-125983
-125970
-125969
-125968
-125937
-125869
-125868
-125867
-125832
-125811
-125783
-125759
-125696
-125685
-125675
-125665
-125664
-125663
-125653
-125643
-125642
-125641
-125631
-125630
-125629
-125598
-125552
-125551
-125545
-125531
-125507
-125496
-125495
-125494
-125493
-125491
-125490
-125489
-125487
-125483
-125472
-125469
-125460
-125459
-125441
-125440
-125439
-125424
-125419
-125345
-125344
-125343
-125328
-125323
-125313
-125312
-125311
-125301
-125281
-125280
-125279
-125243
-125223
-125216
-125190
-125189
-125184
-125105
-125104
-125103
-124992
-124991
-124971
-124961
-124960
-124959
-124950
-124949
-124869
-124866
-124848
-124847
-124740
-124739
-124735
-124734
-124725
-124718
-124712
-124707
-124676
-124656
-124655
-124652
-124635
-124634
-124614
-124613
-124612
-124608
-124607
-124606
-124603
-124593
-124592
-124572
-124551
-124550
-124548
-124544
-124530
-124489
-124488
-124477
-124476
-124475
-124443
-124383
-124320
-124223
-124215
-124173
-124080
-123984
-123983
-123970
-123963
-123930
-123921
-123906
-123901
-123840
-123669
-123663
-123648
-123643
-123618
-123613
-123612
-123611
-123604
-123598
-123596
-123589
-123587
-123586
-123585
-123584
-123583
-123582
-123581
-123580
-123579
-123578
-123577
-123576
-123575
-123574
-123573
-123571
-123570
-123562
-123556
-123553
-123552
-123551
-123549
-123548
-123547
-123533
-123530
-123519
-123517
-123500
-123480
-123479
-123478
-123476
-123469
-123459
-123458
-123438
-123435
-123423
-123396
-123332
-123310
-123291
-123264
-123263
-123259
-123249
-123123
-123088
-123008
-122999
-122994
-122976
-122975
-122958
-122943
-122942
-122880
-122853
-122849
-122829
-122828
-122808
-122800
-122771
-122766
-122761
-122760
-122759
-122749
-122728
-122661
-122639
-122622
-122621
-122620
-122616
-122611
-122591
-122576
-122556
-122555
-122554
-122545
-122535
-122534
-122514
-122496
-122495
-122494
-122492
-122474
-122472
-122471
-122451
-122419
-122409
-122407
-122397
-122387
-122379
-122367
-122365
-122364
-122363
-122360
-122359
-122358
-122352
-122351
-122349
-122325
-122304
-122301
-122300
-122264
-122261
-122241
-122227
-122226
-122219
-122199
-122198
-122197
-122195
-122188
-122178
-122177
-122176
-122167
-122166
-122157
-122156
-122147
-122138
-122137
-122136
-122135
-122134
-122133
-122132
-122130
-122127
-122124
-122123
-122116
-122115
-122114
-122109
-122108
-122106
-122096
-122095
-122094
-122093
-122092
-122087
-122085
-122084
-122083
-122081
-122079
-122078
-122077
-122076
-122075
-122074
-122073
-122072
-122071
-122070
-122069
-122068
-122067
-122066
-122065
-122064
-122063
-122062
-122061
-122058
-122057
-122056
-122055
-122054
-122053
-122052
-122051
-122050
-122049
-122048
-122047
-122046
-122045
-122041
-122039
-122037
-122036
-122034
-122032
-122031
-122030
-122027
-122024
-122021
-122018
-122016
-122012
-122011
-122010
-122009
-122008
-122007
-122006
-122003
-122001
-122000
-121998
-121997
-121996
-121995
-121994
-121993
-121992
-121991
-121990
-121989
-121988
-121987
-121986
-121985
-121984
-121983
-121982
-121981
-121980
-121979
-121978
-121977
-121976
-121975
-121974
-121973
-121972
-121971
-121970
-121969
-121968
-121967
-121966
-121965
-121964
-121963
-121962
-121961
-121959
-121958
-121957
-121956
-121955
-121953
-121952
-121950
-121949
-121948
-121947
-121946
-121945
-121943
-121936
-121934
-121926
-121925
-121920
-121919
-121906
-121905
-121904
-121903
-121898
-121890
-121889
-121884
-121883
-121874
-121871
-121870
-121869
-121868
-121867
-121865
-121863
-121856
-121853
-121842
-121824
-121823
-121822
-121821
-121820
-121793
-121792
-121791
-121785
-121776
-121769
-121768
-121767
-121758
-121757
-121737
-121716
-121715
-121704
-121695
-121694
-121693
-121692
-121682
-121674
-121659
-121658
-121632
-121610
-121600
-121590
-121589
-121588
-121579
-121572
-121571
-121570
-121569
-121568
-121567
-121555
-121554
-121553
-121548
-121544
-121520
-121506
-121463
-121462
-121461
-121452
-121441
-121440
-121439
-121438
-121437
-121430
-121429
-121428
-121427
-121417
-121416
-121415
-121406
-121396
-121394
-121379
-121365
-121359
-121338
-121325
-121324
-121323
-121317
-121316
-121314
-121309
-121308
-121307
-121306
-121296
-121295
-121285
-121284
-121283
-121278
-121277
-121275
-121273
-121272
-121271
-121254
-121253
-121212
-121211
-121191
-121184
-121177
-121176
-121175
-121163
-121107
-121091
-121088
-121071
-121055
-121031
-121017
-121016
-121008
-120980
-120971
-120960
-120959
-120958
-120950
-120947
-120939
-120929
-120928
-120927
-120918
-120897
-120876
-120868
-120866
-120865
-120864
-120833
-120831
-120813
-120791
-120768
-120750
-120707
-120696
-120695
-120687
-120681
-120673
-120672
-120671
-120650
-120645
-120640
-120624
-120582
-120575
-120560
-120539
-120520
-120519
-120518
-120509
-120498
-120497
-120483
-120439
-120429
-120428
-120427
-120417
-120398
-120389
-120388
-120385
-120384
-120383
-120382
-120375
-120374
-120351
-120325
-120324
-120323
-120320
-120319
-120318
-120309
-120288
-120285
-120284
-120275
-120273
-120270
-120269
-120267
-120266
-120265
-120264
-120263
-120261
-120258
-120257
-120256
-120255
-120253
-120252
-120251
-120250
-120249
-120245
-120234
-120232
-120225
-120219
-120211
-120210
-120192
-120175
-120168
-120161
-120153
-120131
-120120
-120098
-120087
-120078
-120065
-120060
-120054
-120048
-120042
-120032
-119989
-119988
-119987
-119952
-119951
-119945
-119931
-119889
-119867
-119845
-119808
-119807
-119804
-119790
-119784
-119783
-119782
-119773
-119763
-119762
-119744
-119742
-119733
-119700
-119658
-119616
-119592
-119553
-119545
-119511
-119510
-119490
-119489
-119476
-119475
-119472
-119471
-119469
-119462
-119441
-119427
-119412
-119405
-119394
-119392
-119341
-119329
-119328
-119327
-119296
-119278
-119262
-119259
-119233
-119232
-119231
-119216
-119215
-119196
-119195
-119194
-119192
-119186
-119185
-119175
-119174
-119154
-119153
-119139
-119133
-119132
-119131
-119130
-119122
-119112
-119111
-119091
-119090
-119079
-119064
-119049
-119048
-119027
-119007
-119006
-119005
-119004
-119003
-119002
-119001
-119000
-118996
-118986
-118985
-118965
-118964
-118956
-118944
-118943
-118942
-118940
-118933
-118923
-118922
-118902
-118890
-118881
-118880
-118860
-118818
-118817
-118800
-118776
-118775
-118770
-118769
-118755
-118734
-118720
-118713
-118690
-118679
-118669
-118668
-118667
-118657
-118646
-118608
-118602
-118568
-118565
-118559
-118557
-118548
-118545
-118536
-118523
-118503
-118502
-118501
-118497
-118496
-118495
-118492
-118482
-118481
-118464
-118461
-118460
-118449
-118448
-118440
-118439
-118438
-118429
-118424
-118422
-118419
-118418
-118404
-118400
-118399
-118398
-118397
-118384
-118382
-118377
-118376
-118375
-118366
-118356
-118355
-118338
-118335
-118314
-118313
-118293
-118272
-118271
-118266
-118251
-118250
-118239
-118238
-118237
-118228
-118209
-118206
-118205
-118196
-118195
-118194
-118188
-118184
-118182
-118176
-118175
-118174
-118173
-118172
-118171
-118170
-118169
-118164
-118162
-118161
-118160
-118154
-118153
-118152
-118151
-118150
-118149
-118148
-118146
-118140
-118139
-118130
-118129
-118128
-118127
-118118
-118116
-118110
-118109
-118108
-118107
-118106
-118105
-118104
-118103
-118098
-118096
-118086
-118085
-118084
-118080
-118079
-118074
-118073
-118061
-118056
-118055
-118052
-118041
-118032
-118019
-118016
-118008
-117999
-117998
-117990
-117986
-117978
-117942
-117936
-117935
-117920
-117915
-117912
-117910
-117909
-117908
-117906
-117905
-117904
-117903
-117902
-117901
-117900
-117899
-117898
-117896
-117895
-117894
-117893
-117888
-117876
-117873
-117872
-117864
-117852
-117851
-117850
-117849
-117840
-117810
-117807
-117777
-117776
-117760
-117747
-117744
-117739
-117684
-117612
-117600
-117568
-117552
-117530
-117503
-117495
-117488
-117486
-117484
-117483
-117482
-117480
-117473
-117447
-117440
-117432
-117431
-117411
-117392
-117390
-117377
-117376
-117375
-117369
-117368
-117360
-117348
-117306
-117305
-117285
-117264
-117254
-117253
-117252
-117243
-117242
-117179
-117149
-117144
-117120
-117118
-117117
-117096
-117095
-117056
-117055
-117040
-117039
-117030
-116974
-116952
-116930
-116928
-116927
-116907
-116901
-116886
-116844
-116843
-116823
-116792
-116760
-116704
-116688
-116684
-116675
-116658
-116655
-116648
-116642
-116640
-116639
-116638
-116636
-116633
-116630
-116622
-116621
-116614
-116613
-116612
-116611
-116609
-116608
-116607
-116604
-116603
-116594
-116593
-116592
-116591
-116571
-116568
-116562
-116561
-116560
-116559
-116558
-116556
-116549
-116546
-116545
-116544
-116534
-116523
-116522
-116497
-116490
-116480
-116424
-116413
-116402
-116391
-116336
-116314
-116303
-116297
-116292
-116282
-116281
-116280
-116277
-116272
-116271
-116270
-116269
-116268
-116267
-116266
-116265
-116264
-116263
-116262
-116261
-116260
-116259
-116258
-116257
-116256
-116255
-116254
-116253
-116252
-116251
-116250
-116249
-116248
-116247
-116246
-116245
-116241
-116238
-116237
-116236
-116234
-116226
-116220
-116219
-116218
-116217
-116216
-116214
-116204
-116202
-116201
-116182
-116181
-116171
-116161
-116160
-116159
-116158
-116151
-116145
-116144
-116143
-116138
-116137
-116127
-116126
-116116
-116109
-116105
-116095
-116094
-116093
-116090
-116083
-116072
-116063
-116061
-116050
-116049
-116032
-116029
-116028
-116027
-115991
-115984
-115983
-115976
-115974
-115973
-115972
-115965
-115962
-115940
-115920
-115919
-115918
-115909
-115893
-115881
-115880
-115879
-115870
-115841
-115840
-115830
-115809
-115808
-115807
-115785
-115777
-115776
-115775
-115767
-115758
-115752
-115731
-115709
-115696
-115621
-115610
-115605
-115598
-115597
-115584
-115577
-115560
-115559
-115558
-115549
-115533
-115522
-115520
-115519
-115516
-115506
-115478
-115446
-115445
-115444
-115443
-115431
-115379
-115374
-115369
-115368
-115367
-115357
-115353
-115290
-115287
-115280
-115279
-115278
-115277
-115276
-115275
-115274
-115273
-115272
-115267
-115264
-115263
-115254
-115250
-115248
-115241
-115240
-115239
-115238
-115237
-115236
-115235
-115230
-115228
-115227
-115226
-115217
-115214
-115213
-115200
-115199
-115198
-115189
-115173
-115164
-115149
-115127
-115115
-115105
-115104
-115103
-115071
-115070
-115049
-115039
-115038
-115037
-115036
-115035
-115034
-115029
-115027
-115017
-115016
-115015
-115005
-115004
-114995
-114994
-114993
-114983
-114976
-114975
-114974
-114972
-114954
-114953
-114952
-114945
-114944
-114943
-114933
-114932
-114931
-114929
-114927
-114926
-114920
-114919
-114918
-114917
-114916
-114915
-114914
-114912
-114911
-114909
-114907
-114906
-114905
-114896
-114895
-114891
-114880
-114879
-114854
-114849
-114840
-114839
-114838
-114824
-114807
-114806
-114800
-114785
-114723
-114709
-114708
-114707
-114696
-114695
-114694
-114693
-114691
-114690
-114689
-114688
-114687
-114686
-114680
-114675
-114668
-114660
-114659
-114658
-114657
-114656
-114655
-114654
-114653
-114649
-114646
-114645
-114644
-114639
-114638
-114632
-114631
-114630
-114625
-114624
-114623
-114622
-114621
-114618
-114608
-114604
-114603
-114602
-114599
-114598
-114597
-114596
-114595
-114594
-114593
-114592
-114591
-114590
-114589
-114588
-114587
-114586
-114585
-114584
-114583
-114582
-114581
-114580
-114579
-114578
-114576
-114575
-114571
-114570
-114569
-114562
-114561
-114560
-114559
-114558
-114557
-114556
-114555
-114551
-114548
-114547
-114546
-114538
-114529
-114528
-114527
-114526
-114525
-114518
-114517
-114516
-114510
-114497
-114496
-114495
-114494
-114485
-114481
-114480
-114479
-114477
-114465
-114464
-114463
-114459
-114450
-114448
-114445
-114444
-114443
-114434
-114429
-114422
-114353
-114352
-114351
-114345
-114323
-114310
-114309
-114305
-114304
-114303
-114276
-114275
-114274
-114265
-114240
-114239
-114232
-114216
-114215
-114214
-114213
-114212
-114211
-114210
-114209
-114208
-114207
-114206
-114205
-114204
-114203
-114202
-114201
-114200
-114199
-114198
-114197
-114192
-114189
-114188
-114187
-114177
-114176
-114175
-114145
-114144
-114143
-114128
-114092
-114080
-114070
-114059
-114049
-114048
-114047
-114037
-114026
-114004
-113988
-113975
-113974
-113973
-113969
-113968
-113964
-113958
-113957
-113955
-113954
-113953
-113944
-113932
-113920
-113919
-113918
-113917
-113909
-113904
-113890
-113889
-113888
-113887
-113886
-113879
-113862
-113861
-113849
-113848
-113847
-113846
-113841
-113839
-113834
-113833
-113822
-113821
-113820
-113819
-113818
-113817
-113816
-113815
-113814
-113813
-113812
-113811
-113810
-113809
-113808
-113807
-113806
-113799
-113798
-113797
-113796
-113778
-113750
-113749
-113748
-113746
-113739
-113725
-113724
-113723
-113722
-113721
-113719
-113718
-113717
-113687
-113663
-113651
-113634
-113633
-113632
-113631
-113630
-113623
-113619
-113606
-113605
-113604
-113602
-113599
-113595
-113528
-113490
-113489
-113471
-113456
-113424
-113423
-113422
-113390
-113344
-113313
-113312
-113295
-113256
-113239
-113238
-113237
-113216
-113190
-113183
-113160
-113159
-113022
-113021
-113005
-113001
-112994
-112992
-112970
-112968
-112964
-112959
-112896
-112853
-112841
-112840
-112839
-112833
-112827
-112800
-112728
-112671
-112670
-112644
-112640
-112560
-112476
-112475
-112455
-112392
-112385
-112378
-112377
-112376
-112375
-112358
-112351
-112350
-112349
-112348
-112346
-112339
-112329
-112320
-112310
-112300
-112285
-112284
-112266
-112263
-112262
-112244
-112203
-112195
-112194
-112193
-112192
-112191
-112158
-112155
-112140
-112139
-112125
-112124
-112119
-112090
-112076
-112056
-112055
-112054
-112052
-112045
-112035
-112034
-112029
-112028
-112027
-112018
-112014
-112000
-111972
-111971
-111964
-111951
-111936
-111918
-111888
-111874
-111873
-111872
-111871
-111870
-111834
-111826
-111825
-111804
-111734
-111733
-111720
-111719
-111708
-111707
-111706
-111704
-111697
-111696
-111695
-111694
-111693
-111683
-111680
-111679
-111671
-111670
-111669
-111664
-111605
-111587
-111584
-111583
-111582
-111573
-111565
-111558
-111557
-111556
-111554
-111553
-111552
-111551
-111550
-111549
-111548
-111547
-111546
-111545
-111544
-111543
-111542
-111541
-111540
-111539
-111535
-111521
-111520
-111519
-111518
-111504
-111496
-111489
-111488
-111487
-111426
-111425
-111424
-111423
-111422
-111412
-111411
-111387
-111386
-111385
-111384
-111382
-111376
-111360
-111359
-111358
-111356
-111352
-111349
-111345
-111300
-111299
-111276
-111275
-111265
-111243
-111230
-111228
-111222
-111221
-111219
-111216
-111213
-111212
-111210
-111204
-111201
-111200
-111199
-111198
-111180
-111179
-111178
-111177
-111176
-111175
-111174
-111156
-111149
-111144
-111132
-111111
-111105
-111104
-111103
-111090
-111089
-111078
-111073
-111072
-111071
-111068
-111066
-111065
-111064
-111062
-111060
-111055
-111048
-111042
-111041
-111040
-111039
-111035
-111022
-111013
-111012
-111011
-111010
-111009
-111008
-111007
-111002
-110999
-110998
-110992
-110989
-110985
-110984
-110980
-110979
-110964
-110963
-110949
-110948
-110947
-110945
-110938
-110918
-110917
-110912
-110901
-110899
-110898
-110891
-110887
-110882
-110881
-110880
-110879
-110878
-110876
-110869
-110867
-110862
-110859
-110858
-110857
-110848
-110847
-110846
-110837
-110817
-110814
-110808
-110775
-110774
-110768
-110749
-110748
-110747
-110745
-110744
-110732
-110719
-110682
-110656
-110649
-110639
-110638
-110636
-110617
-110616
-110615
-110608
-110583
-110569
-110568
-110567
-110565
-110564
-110544
-110502
-110500
-110495
-110484
-110483
-110473
-110459
-110451
-110424
-110423
-110418
-110412
-110375
-110355
-110349
-110329
-110313
-110308
-110208
-110197
-110187
-110186
-110177
-110176
-110175
-110166
-110165
-110144
-110124
-110123
-110122
-110113
-110103
-110102
-110096
-110082
-110061
-110060
-110054
-110044
-110040
-110039
-109998
-109997
-109977
-109955
-109935
-109934
-109933
-109928
-109924
-109914
-109913
-109909
-109893
-109890
-109872
-109871
-109851
-109850
-109849
-109840
-109830
-109829
-109826
-109825
-109824
-109823
-109820
-109817
-109811
-109810
-109809
-109808
-109807
-109806
-109805
-109800
-109799
-109797
-109796
-109788
-109787
-109782
-109781
-109780
-109778
-109771
-109767
-109766
-109765
-109756
-109754
-109752
-109746
-109745
-109728
-109725
-109720
-109707
-109704
-109703
-109697
-109683
-109682
-109681
-109674
-109672
-109662
-109661
-109643
-109642
-109641
-109620
-109619
-109599
-109592
-109560
-109557
-109556
-109536
-109494
-109461
-109460
-109452
-109431
-109368
-109350
-109349
-109347
-109305
-109242
-109241
-109221
-109215
-109200
-109179
-109140
-109088
-109053
-109052
-109032
-108992
-108990
-108976
-108932
-108931
-108930
-108927
-108906
-108865
-108864
-108863
-108819
-108818
-108752
-108680
-108679
-108678
-108675
-108670
-108669
-108668
-108640
-108593
-108592
-108591
-108570
-108528
-108514
-108498
-108485
-108480
-108468
-108465
-108423
-108376
-108322
-108321
-108262
-108255
-108234
-108192
-108185
-108177
-108163
-108160
-108129
-108108
-108096
-108066
-108065
-108064
-108062
-108055
-108035
-108034
-108004
-107996
-107942
-107939
-107915
-107904
-107903
-107902
-107892
-107891
-107873
-107872
-107871
-107856
-107855
-107841
-107840
-107839
-107811
-107809
-107808
-107807
-107778
-107777
-107776
-107775
-107745
-107744
-107743
-107725
-107712
-107690
-107683
-107632
-107604
-107552
-107551
-107550
-107539
-107535
-107531
-107521
-107520
-107519
-107518
-107507
-107501
-107489
-107488
-107487
-107486
-107474
-107472
-107470
-107459
-107457
-107456
-107455
-107450
-107449
-107448
-107447
-107445
-107444
-107443
-107442
-107441
-107440
-107439
-107438
-107437
-107436
-107435
-107434
-107433
-107432
-107431
-107430
-107429
-107427
-107426
-107422
-107417
-107415
-107412
-107403
-107402
-107400
-107399
-107393
-107382
-107375
-107373
-107359
-107358
-107357
-107327
-107318
-107317
-107316
-107315
-107314
-107305
-107297
-107296
-107295
-107289
-107268
-107265
-107264
-107263
-107250
-107233
-107232
-107231
-107226
-107214
-107213
-107198
-107185
-107184
-107183
-107170
-107163
-107147
-107136
-107135
-107134
-107132
-107123
-107118
-107105
-107104
-107103
-107100
-107099
-107074
-107052
-107042
-107010
-107009
-107008
-107001
-107000
-106999
-106997
-106996
-106995
-106994
-106990
-106987
-106986
-106985
-106975
-106964
-106953
-106931
-106920
-106893
-106892
-106891
-106886
-106882
-106865
-106854
-106845
-106751
-106733
-106722
-106708
-106685
-106678
-106667
-106657
-106656
-106655
-106645
-106634
-106595
-106590
-106575
-106572
-106571
-106560
-106431
-106392
-106372
-106353
-106326
-106312
-106304
-106272
-106271
-106270
-106262
-106251
-106241
-106240
-106239
-106230
-106210
-106209
-106208
-106141
-106140
-106139
-106125
-106124
-106123
-106106
-106029
-106018
-105985
-105965
-105945
-105930
-105918
-105875
-105840
-105839
-105837
-105819
-105804
-105803
-105800
-105798
-105755
-105743
-105742
-105741
-105732
-105729
-105728
-105727
-105718
-105717
-105716
-105715
-105714
-105713
-105706
-105705
-105704
-105703
-105702
-105701
-105692
-105686
-105685
-105684
-105682
-105680
-105679
-105678
-105675
-105674
-105673
-105672
-105670
-105669
-105668
-105664
-105663
-105652
-105651
-105650
-105638
-105634
-105630
-105625
-105615
-105613
-105612
-105611
-105608
-105600
-105599
-105588
-105586
-105562
-105534
-105522
-105521
-105520
-105508
-105504
-105399
-105336
-105335
-105315
-105294
-105288
-105287
-105280
-105274
-105273
-105270
-105262
-105261
-105260
-105248
-105105
-105084
-105083
-105063
-105040
-104979
-104976
-104974
-104967
-104966
-104960
-104959
-104907
-104890
-104874
-104829
-104720
-104698
-104656
-104646
-104643
-104642
-104636
-104634
-104633
-104632
-104631
-104630
-104628
-104624
-104623
-104622
-104616
-104615
-104608
-104607
-104606
-104601
-104598
-104591
-104589
-104581
-104580
-104579
-104578
-104576
-104575
-104574
-104571
-104567
-104555
-104545
-104544
-104543
-104533
-104531
-104501
-104496
-104470
-104447
-104439
-104411
-104409
-104408
-104407
-104391
-104359
-104358
-104328
-104327
-104324
-104320
-104319
-104318
-104247
-104192
-104191
-104190
-104183
-104181
-104172
-104171
-104161
-104160
-104159
-104158
-104148
-104147
-104129
-104128
-104098
-104084
-104076
-104075
-104066
-104065
-104064
-104063
-104062
-104061
-104060
-104055
-104052
-104042
-104024
-104023
-104013
-104012
-104006
-104004
-104003
-104002
-104000
-103993
-103987
-103984
-103983
-103972
-103950
-103944
-103943
-103935
-103934
-103912
-103881
-103864
-103824
-103823
-103808
-103807
-103806
-103787
-103766
-103763
-103760
-103757
-103753
-103752
-103751
-103742
-103741
-103740
-103739
-103738
-103737
-103736
-103720
-103719
-103718
-103697
-103688
-103683
-103682
-103681
-103680
-103679
-103677
-103672
-103664
-103659
-103658
-103657
-103656
-103655
-103654
-103653
-103640
-103635
-103634
-103633
-103632
-103624
-103620
-103614
-103613
-103603
-103600
-103593
-103592
-103572
-103571
-103551
-103536
-103518
-103517
-103509
-103506
-103505
-103504
-103488
-103442
-103425
-103411
-103404
-103403
-103401
-103400
-103399
-103391
-103389
-103383
-103382
-103378
-103368
-103362
-103361
-103360
-103351
-103341
-103320
-103319
-103318
-103317
-103316
-103315
-103296
-103290
-103277
-103272
-103257
-103256
-103254
-103253
-103252
-103251
-103250
-103249
-103248
-103236
-103235
-103230
-103215
-103196
-103194
-103193
-103173
-103153
-103152
-103151
-103132
-103131
-103127
-103124
-103110
-103104
-103103
-103090
-103089
-103088
-103080
-103079
-103074
-103068
-103067
-103066
-103064
-103057
-103056
-103047
-103046
-103041
-103040
-103038
-103037
-103036
-103034
-103027
-103026
-102998
-102997
-102996
-102984
-102960
-102950
-102942
-102921
-102920
-102911
-102900
-102899
-102898
-102887
-102879
-102878
-102870
-102858
-102851
-102837
-102816
-102815
-102796
-102792
-102780
-102779
-102753
-102752
-102732
-102720
-102704
-102656
-102655
-102654
-102647
-102627
-102602
-102564
-102543
-102538
-102528
-102522
-102504
-102481
-102480
-102479
-102468
-102467
-102466
-102464
-102458
-102457
-102438
-102437
-102436
-102427
-102422
-102417
-102416
-102408
-102407
-102406
-102404
-102400
-102399
-102397
-102396
-102389
-102388
-102387
-102377
-102375
-102367
-102366
-102365
-102358
-102355
-102345
-102344
-102343
-102335
-102333
-102312
-102311
-102272
-102258
-102236
-102212
-102207
-102193
-102168
-102167
-102165
-102144
-102143
-102135
-102132
-102123
-102102
-102096
-102095
-102084
-102083
-102082
-102080
-102078
-102077
-102071
-102068
-102066
-102062
-102061
-102060
-102059
-102058
-102057
-102056
-102055
-102054
-102053
-102050
-102049
-102048
-102047
-102041
-102039
-102038
-102036
-102035
-102034
-102025
-102023
-102011
-102003
-101997
-101981
-101970
-101967
-101966
-101960
-101959
-101958
-101951
-101949
-101948
-101920
-101870
-101838
-101828
-101827
-101826
-101820
-101819
-101818
-101817
-101816
-101815
-101814
-101808
-101807
-101806
-101805
-101804
-101797
-101796
-101787
-101786
-101766
-101757
-101756
-101755
-101746
-101724
-101717
-101716
-101710
-101706
-101695
-101676
-101675
-101674
-101673
-101651
-101641
-101640
-101639
-101629
-101619
-101618
-101617
-101607
-101577
-101574
-101573
-101556
-101541
-101504
-101493
-101471
-101453
-101436
-101435
-101434
-101425
-101398
-101387
-101376
-101375
-101374
-101367
-101366
-101363
-101346
-101343
-101339
-101304
-101290
-101283
-101279
-101277
-101270
-101269
-101268
-101267
-101255
-101245
-101244
-101243
-101241
-101240
-101233
-101232
-101231
-101220
-101219
-101218
-101214
-101211
-101207
-101201
-101200
-101199
-101196
-101189
-101188
-101187
-101178
-101136
-101126
-101120
-101117
-101116
-101115
-101114
-101113
-101112
-101111
-101106
-101103
-101102
-101101
-101093
-101088
-101080
-101071
-101070
-101069
-101040
-101009
-101003
-100989
-100982
-100980
-100979
-100978
-100947
-100944
-100937
-100936
-100935
-100932
-100926
-100925
-100915
-100914
-100913
-100908
-100906
-100903
-100894
-100893
-100892
-100881
-100880
-100860
-100859
-100858
-100854
-100848
-100830
-100815
-100800
-100799
-100794
-100793
-100779
-100737
-100736
-100716
-100688
-100674
-100673
-100653
-100634
-100620
-100616
-100615
-100614
-100613
-100612
-100611
-100610
-100607
-100601
-100592
-100584
-100564
-100560
-100551
-100548
-100547
-100529
-100527
-100490
-100477
-100473
-100472
-100471
-100464
-100463
-100462
-100441
-100440
-100439
-100422
-100415
-100396
-100395
-100368
-100367
-100366
-100365
-100355
-100321
-100320
-100319
-100316
-100296
-100280
-100275
-100269
-100244
-100243
-100234
-100225
-100213
-100199
-100195
-100194
-100193
-100192
-100191
-100190
-100189
-100188
-100187
-100177
-100171
-100162
-100160
-100152
-100151
-100142
-100097
-100079
-100068
-100067
-100066
-100065
-100058
-100052
-100043
-100041
-100040
-100039
-100038
-100037
-100036
-100035
-100034
-100033
-100032
-100031
-100030
-100029
-100028
-100027
-100026
-100025
-100017
-100016
-100010
-100003
-100002
-100001
-99998
-99996
-99987
-99986
-99985
-99981
-99978
-99972
-99971
-99963
-99961
-99960
-99959
-99958
-99957
-99956
-99955
-99954
-99953
-99952
-99951
-99950
-99949
-99948
-99947
-99945
-99944
-99943
-99936
-99935
-99930
-99923
-99922
-99921
-99918
-99891
-99883
-99882
-99881
-99875
-99873
-99862
-99855
-99840
-99839
-99831
-99830
-99820
-99817
-99799
-99798
-99797
-99796
-99795
-99794
-99793
-99792
-99788
-99775
-99753
-99752
-99713
-99674
-99648
-99645
-99636
-99635
-99634
-99633
-99631
-99630
-99629
-99628
-99624
-99623
-99622
-99621
-99612
-99560
-99553
-99552
-99551
-99520
-99510
-99507
-99506
-99502
-99498
-99490
-99489
-99488
-99480
-99476
-99475
-99474
-99473
-99468
-99463
-99462
-99461
-99456
-99432
-99430
-99429
-99405
-99404
-99387
-99386
-99385
-99384
-99383
-99382
-99381
-99380
-99363
-99362
-99330
-99264
-99261
-99260
-99246
-99225
-99200
-99139
-99138
-99137
-99136
-99120
-99107
-99083
-99078
-99077
-99075
-99074
-99072
-99071
-99070
-99064
-99059
-99057
-99056
-99041
-99040
-99039
-99036
-99035
-99034
-99025
-99015
-99014
-98994
-98993
-98973
-98945
-98933
-98923
-98913
-98912
-98911
-98910
-98901
-98900
-98899
-98892
-98891
-98890
-98889
-98879
-98872
-98868
-98867
-98864
-98863
-98862
-98861
-98857
-98856
-98855
-98847
-98846
-98835
-98831
-98827
-98826
-98825
-98820
-98815
-98814
-98813
-98808
-98807
-98805
-98802
-98800
-98799
-98798
-98790
-98784
-98768
-98736
-98735
-98721
-98720
-98719
-98716
-98670
-98595
-98593
-98592
-98591
-98571
-98561
-98560
-98559
-98552
-98549
-98547
-98539
-98538
-98537
-98534
-98533
-98532
-98529
-98528
-98527
-98497
-98496
-98495
-98494
-98490
-98475
-98474
-98465
-98464
-98463
-98458
-98457
-98450
-98448
-98428
-98411
-98346
-98315
-98300
-98280
-98279
-98278
-98277
-98269
-98259
-98258
-98253
-98244
-98243
-98240
-98238
-98226
-98225
-98219
-98210
-98209
-98208
-98207
-98197
-98187
-98186
-98185
-98175
-98153
-98133
-98112
-98089
-98088
-98087
-98063
-98056
-98049
-98046
-98030
-98015
-98007
-98006
-98004
-98003
-98002
-98001
-98000
-97999
-97991
-97986
-97985
-97966
-97965
-97919
-97905
-97904
-97900
-97889
-97888
-97887
-97867
-97857
-97856
-97855
-97845
-97825
-97824
-97823
-97812
-97800
-97799
-97798
-97796
-97776
-97775
-97774
-97765
-97764
-97763
-97762
-97755
-97754
-97753
-97752
-97751
-97750
-97745
-97743
-97736
-97735
-97734
-97733
-97732
-97731
-97730
-97725
-97722
-97721
-97713
-97712
-97701
-97692
-97691
-97690
-97681
-97680
-97679
-97678
-97671
-97670
-97667
-97656
-97655
-97650
-97645
-97644
-97643
-97632
-97631
-97630
-97629
-97622
-97620
-97619
-97609
-97608
-97607
-97606
-97601
-97600
-97596
-97595
-97594
-97588
-97586
-97585
-97584
-97583
-97582
-97580
-97578
-97572
-97571
-97566
-97564
-97562
-97561
-97560
-97559
-97558
-97557
-97556
-97552
-97548
-97547
-97545
-97538
-97536
-97535
-97528
-97526
-97525
-97524
-97523
-97522
-97520
-97515
-97512
-97511
-97510
-97505
-97504
-97503
-97500
-97499
-97493
-97489
-97488
-97487
-97486
-97485
-97482
-97481
-97476
-97475
-97464
-97463
-97461
-97460
-97441
-97440
-97439
-97416
-97415
-97405
-97404
-97403
-97402
-97392
-97391
-97356
-97355
-97343
-97328
-97320
-97319
-97318
-97295
-97280
-97279
-97272
-97263
-97262
-97251
-97234
-97223
-97216
-97208
-97199
-97188
-97187
-97186
-97177
-97176
-97175
-97167
-97166
-97165
-97164
-97163
-97162
-97152
-97151
-97146
-97105
-97104
-97103
-97092
-97055
-97053
-97031
-97020
-97019
-96999
-96998
-96992
-96987
-96986
-96985
-96984
-96965
-96957
-96956
-96954
-96942
-96936
-96915
-96914
-96894
-96866
-96862
-96801
-96800
-96789
-96768
-96767
-96750
-96749
-96748
-96747
-96746
-96745
-96744
-96743
-96726
-96720
-96712
-96686
-96684
-96678
-96660
-96642
-96640
-96635
-96628
-96624
-96623
-96622
-96620
-96611
-96599
-96558
-96554
-96510
-96509
-96508
-96493
-96492
-96491
-96433
-96432
-96407
-96404
-96398
-96393
-96390
-96355
-96350
-96332
-96331
-96330
-96329
-96328
-96327
-96326
-96321
-96320
-96319
-96308
-96305
-96300
-96299
-96298
-96289
-96287
-96285
-96278
-96277
-96276
-96273
-96267
-96255
-96254
-96253
-96252
-96251
-96250
-96249
-96231
-96228
-96227
-96195
-96173
-96170
-96169
-96168
-96163
-96162
-96161
-96151
-96141
-96140
-96139
-96129
-96096
-96062
-96051
-96048
-96047
-96000
-95999
-95993
-95979
-95978
-95977
-95975
-95968
-95956
-95955
-95954
-95945
-95941
-95940
-95939
-95938
-95937
-95936
-95935
-95934
-95933
-95932
-95931
-95930
-95912
-95910
-95909
-95908
-95905
-95904
-95903
-95902
-95901
-95899
-95898
-95897
-95894
-95893
-95892
-95891
-95887
-95876
-95875
-95873
-95872
-95871
-95870
-95867
-95866
-95865
-95864
-95863
-95856
-95854
-95844
-95843
-95842
-95841
-95840
-95839
-95833
-95832
-95831
-95821
-95816
-95815
-95810
-95799
-95785
-95784
-95783
-95770
-95766
-95761
-95756
-95755
-95754
-95744
-95720
-95719
-95718
-95700
-95698
-95697
-95696
-95682
-95680
-95679
-95678
-95669
-95658
-95657
-95656
-95647
-95645
-95634
-95633
-95612
-95591
-95580
-95579
-95578
-95576
-95575
-95574
-95570
-95553
-95552
-95551
-95550
-95511
-95502
-95491
-95481
-95480
-95479
-95472
-95469
-95459
-95458
-95457
-95455
-95449
-95447
-95424
-95418
-95417
-95410
-95409
-95408
-95399
-95387
-95382
-95360
-95359
-95356
-95355
-95354
-95343
-95337
-95336
-95335
-95326
-95324
-95319
-95315
-95312
-95311
-95310
-95301
-95282
-95277
-95276
-95256
-95238
-95228
-95227
-95226
-95224
-95217
-95201
-95200
-95199
-95193
-95180
-95179
-95178
-95176
-95175
-95174
-95173
-95172
-95171
-95170
-95169
-95168
-95166
-95165
-95164
-95163
-95161
-95160
-95159
-95156
-95150
-95142
-95139
-95130
-95127
-95124
-95123
-95122
-95121
-95120
-95119
-95118
-95117
-95112
-95111
-95100
-95095
-95094
-95089
-95088
-95087
-95076
-95075
-95073
-95067
-95066
-95040
-95039
-95038
-95024
-95018
-95016
-95015
-95014
-95005
-95004
-95003
-95002
-95000
-94993
-94990
-94989
-94983
-94982
-94977
-94976
-94962
-94941
-94940
-94939
-94938
-94929
-94926
-94920
-94919
-94888
-94887
-94886
-94871
-94861
-94849
-94848
-94847
-94835
-94831
-94829
-94809
-94798
-94797
-94794
-94776
-94773
-94771
-94770
-94769
-94768
-94767
-94766
-94765
-94764
-94754
-94752
-94731
-94730
-94720
-94719
-94718
-94710
-94709
-94696
-94695
-94694
-94693
-94688
-94684
-94668
-94655
-94644
-94643
-94642
-94608
-94598
-94550
-94540
-94539
-94538
-94536
-94535
-94514
-94513
-94512
-94511
-94510
-94509
-94508
-94507
-94506
-94503
-94502
-94501
-94500
-94499
-94490
-94488
-94479
-94470
-94469
-94468
-94459
-94458
-94457
-94437
-94428
-94423
-94416
-94399
-94395
-94393
-94381
-94380
-94379
-94378
-94374
-94373
-94367
-94366
-94365
-94364
-94358
-94336
-94332
-94328
-94327
-94326
-94325
-94324
-94323
-94322
-94320
-94319
-94316
-94314
-94313
-94311
-94310
-94309
-94308
-94307
-94306
-94305
-94304
-94303
-94302
-94292
-94286
-94281
-94280
-94275
-94269
-94259
-94249
-94248
-94247
-94242
-94226
-94193
-94192
-94191
-94185
-94182
-94140
-94132
-94122
-94121
-94095
-94091
-94081
-94080
-94079
-94078
-94076
-94075
-94074
-94068
-94067
-94053
-94052
-94049
-94048
-94047
-94023
-94008
-93995
-93986
-93985
-93984
-93983
-93982
-93978
-93977
-93976
-93968
-93967
-93960
-93959
-93950
-93940
-93936
-93926
-93918
-93912
-93860
-93859
-93858
-93857
-93856
-93855
-93849
-93840
-93839
-93838
-93829
-93796
-93795
-93794
-93792
-93791
-93786
-93785
-93784
-93783
-93765
-93764
-93760
-93748
-93747
-93746
-93745
-93744
-93743
-93737
-93732
-93731
-93730
-93726
-93725
-93724
-93723
-93722
-93720
-93715
-93714
-93713
-93702
-93701
-93700
-93691
-93666
-93665
-93664
-93659
-93654
-93653
-93632
-93621
-93620
-93619
-93618
-93610
-93609
-93608
-93599
-93588
-93587
-93578
-93577
-93576
-93566
-93564
-93563
-93562
-93558
-93557
-93556
-93555
-93554
-93553
-93552
-93551
-93547
-93546
-93544
-93543
-93542
-93541
-93540
-93539
-93538
-93536
-93535
-93534
-93533
-93532
-93531
-93530
-93529
-93527
-93522
-93521
-93520
-93518
-93517
-93516
-93515
-93514
-93512
-93511
-93510
-93507
-93505
-93503
-93500
-93498
-93497
-93496
-93495
-93494
-93493
-93492
-93491
-93490
-93489
-93488
-93487
-93486
-93485
-93484
-93483
-93482
-93481
-93480
-93479
-93478
-93474
-93473
-93472
-93471
-93470
-93468
-93467
-93466
-93464
-93463
-93461
-93456
-93455
-93450
-93449
-93448
-93447
-93446
-93443
-93440
-93439
-93438
-93437
-93434
-93426
-93425
-93424
-93423
-93415
-93411
-93410
-93409
-93408
-93407
-93401
-93400
-93390
-93380
-93379
-93378
-93369
-93348
-93347
-93328
-93324
-93313
-93312
-93311
-93310
-93309
-93303
-93302
-93296
-93291
-93288
-93287
-93286
-93281
-93280
-93279
-93277
-93276
-93275
-93272
-93269
-93266
-93265
-93264
-93263
-93262
-93258
-93255
-93254
-93253
-93242
-93241
-93240
-93239
-93231
-93223
-93222
-93210
-93209
-93208
-93184
-93170
-93168
-93167
-93159
-93158
-93151
-93150
-93149
-93148
-93144
-93143
-93139
-93133
-93132
-93131
-93130
-93126
-93120
-93119
-93110
-93096
-93095
-93093
-93090
-93089
-93088
-93079
-93061
-93060
-93059
-93058
-93057
-93035
-93030
-93029
-93028
-93026
-93024
-93023
-93019
-93018
-93016
-93012
-93011
-93010
-93009
-93008
-93007
-93001
-93000
-92994
-92992
-92991
-92990
-92988
-92987
-92986
-92967
-92965
-92964
-92963
-92961
-92960
-92959
-92958
-92957
-92955
-92954
-92953
-92950
-92949
-92948
-92944
-92941
-92939
-92937
-92929
-92928
-92927
-92926
-92925
-92923
-92922
-92921
-92920
-92919
-92918
-92917
-92915
-92911
-92910
-92909
-92908
-92907
-92906
-92905
-92899
-92897
-92896
-92895
-92876
-92875
-92873
-92864
-92862
-92848
-92845
-92840
-92829
-92818
-92807
-92805
-92800
-92799
-92798
-92796
-92795
-92789
-92786
-92785
-92784
-92774
-92769
-92768
-92767
-92764
-92763
-92762
-92758
-92752
-92750
-92744
-92743
-92742
-92741
-92740
-92739
-92738
-92736
-92735
-92732
-92731
-92730
-92729
-92728
-92727
-92726
-92722
-92720
-92708
-92703
-92702
-92691
-92690
-92689
-92685
-92684
-92683
-92682
-92681
-92680
-92679
-92678
-92664
-92661
-92660
-92627
-92625
-92624
-92623
-92618
-92609
-92608
-92607
-92603
-92587
-92583
-92577
-92576
-92575
-92568
-92567
-92566
-92565
-92556
-92555
-92551
-92550
-92549
-92532
-92531
-92512
-92496
-92495
-92494
-92480
-92479
-92470
-92469
-92463
-92455
-92454
-92453
-92452
-92448
-92447
-92414
-92401
-92400
-92399
-92378
-92372
-92355
-92354
-92340
-92339
-92337
-92288
-92268
-92267
-92233
-92232
-92231
-92224
-92208
-92202
-92169
-92160
-92159
-92147
-92127
-92126
-92110
-92106
-92096
-92095
-92094
-92092
-92091
-92087
-92086
-92085
-92064
-92026
-92009
-92001
-92000
-91998
-91991
-91990
-91989
-91988
-91987
-91986
-91985
-91982
-91980
-91979
-91967
-91964
-91962
-91961
-91960
-91959
-91958
-91956
-91951
-91929
-91923
-91922
-91920
-91919
-91916
-91910
-91909
-91908
-91907
-91906
-91899
-91896
-91895
-91890
-91884
-91874
-91873
-91872
-91871
-91870
-91869
-91868
-91867
-91866
-91860
-91854
-91853
-91852
-91848
-91847
-91843
-91840
-91837
-91836
-91835
-91834
-91833
-91832
-91824
-91823
-91812
-91806
-91805
-91791
-91790
-91784
-91770
-91760
-91756
-91745
-91744
-91743
-91740
-91739
-91728
-91707
-91701
-91700
-91674
-91648
-91644
-91643
-91642
-91623
-91622
-91616
-91533
-91530
-91520
-91519
-91512
-91511
-91509
-91505
-91504
-91503
-91485
-91484
-91483
-91476
-91475
-91474
-91455
-91454
-91413
-91392
-91389
-91367
-91344
-91316
-91301
-91283
-91282
-91281
-91280
-91279
-91278
-91277
-91259
-91245
-91223
-91211
-91203
-91176
-91168
-91164
-91163
-91161
-91149
-91148
-91147
-91140
-91139
-91138
-91125
-91109
-91104
-91103
-91102
-91080
-91079
-91078
-91073
-91072
-91071
-91069
-91057
-91056
-91055
-90972
-90971
-90964
-90963
-90962
-90951
-90944
-90930
-90923
-90909
-90906
-90896
-90895
-90894
-90882
-90881
-90880
-90860
-90849
-90843
-90842
-90841
-90832
-90827
-90817
-90816
-90815
-90814
-90805
-90804
-90803
-90802
-90795
-90794
-90793
-90792
-90785
-90784
-90783
-90782
-90781
-90774
-90773
-90772
-90768
-90766
-90762
-90761
-90757
-90756
-90755
-90754
-90753
-90752
-90751
-90750
-90746
-90743
-90742
-90733
-90732
-90731
-90730
-90726
-90723
-90722
-90721
-90720
-90719
-90718
-90717
-90716
-90715
-90712
-90711
-90710
-90709
-90708
-90707
-90706
-90699
-90698
-90697
-90696
-90693
-90689
-90688
-90687
-90686
-90685
-90684
-90683
-90682
-90681
-90676
-90673
-90672
-90663
-90657
-90656
-90655
-90654
-90653
-90646
-90645
-90644
-90643
-90636
-90625
-90624
-90623
-90622
-90609
-90608
-90607
-90596
-90594
-90593
-90592
-90591
-90575
-90573
-90560
-90559
-90552
-90530
-90522
-90521
-90520
-90511
-90510
-90505
-90504
-90496
-90488
-90482
-90481
-90468
-90467
-90447
-90433
-90432
-90431
-90405
-90404
-90396
-90395
-90385
-90384
-90383
-90372
-90365
-90361
-90344
-90341
-90337
-90336
-90335
-90334
-90321
-90305
-90304
-90303
-90299
-90288
-90287
-90281
-90279
-90278
-90272
-90258
-90257
-90255
-90245
-90243
-90242
-90241
-90240
-90239
-90238
-90237
-90232
-90229
-90216
-90215
-90212
-90210
-90203
-90202
-90201
-90200
-90199
-90198
-90197
-90195
-90192
-90190
-90189
-90188
-90181
-90179
-90173
-90171
-90163
-90162
-90161
-90160
-90159
-90158
-90157
-90156
-90153
-90152
-90151
-90148
-90147
-90139
-90138
-90132
-90131
-90123
-90113
-90112
-90111
-90101
-90090
-90089
-90085
-90068
-90058
-90055
-90054
-90053
-90048
-90044
-90043
-90042
-90041
-90035
-90026
-90025
-90024
-90023
-90021
-90017
-90016
-90015
-90013
-90006
-89993
-89985
-89984
-89983
-89976
-89963
-89947
-89944
-89943
-89942
-89937
-89936
-89935
-89922
-89920
-89919
-89901
-89900
-89892
-89891
-89882
-89881
-89880
-89879
-89878
-89877
-89876
-89871
-89868
-89867
-89861
-89859
-89858
-89848
-89843
-89842
-89841
-89840
-89839
-89838
-89837
-89836
-89828
-89827
-89826
-89824
-89819
-89816
-89815
-89814
-89804
-89776
-89775
-89768
-89760
-89759
-89733
-89714
-89713
-89712
-89711
-89694
-89691
-89688
-89683
-89672
-89671
-89651
-89650
-89649
-89648
-89628
-89627
-89618
-89617
-89616
-89611
-89607
-89606
-89602
-89601
-89600
-89599
-89598
-89597
-89596
-89595
-89594
-89591
-89588
-89587
-89585
-89584
-89583
-89578
-89573
-89570
-89562
-89561
-89560
-89559
-89558
-89557
-89556
-89555
-89551
-89550
-89548
-89547
-89546
-89543
-89541
-89540
-89539
-89537
-89529
-89523
-89519
-89518
-89517
-89516
-89515
-89514
-89508
-89507
-89506
-89505
-89497
-89496
-89495
-89488
-89485
-89475
-89474
-89473
-89472
-89467
-89464
-89463
-89462
-89461
-89459
-89453
-89452
-89451
-89450
-89449
-89447
-89442
-89441
-89440
-89439
-89433
-89432
-89431
-89430
-89429
-89428
-89427
-89426
-89424
-89419
-89409
-89408
-89407
-89397
-89387
-89386
-89385
-89384
-89379
-89378
-89377
-89376
-89375
-89374
-89373
-89367
-89366
-89365
-89364
-89363
-89362
-89361
-89355
-89353
-89343
-89342
-89341
-89332
-89331
-89330
-89321
-89320
-89319
-89313
-89309
-89299
-89298
-89297
-89287
-89280
-89279
-89277
-89276
-89275
-89271
-89266
-89265
-89264
-89262
-89255
-89254
-89253
-89243
-89238
-89237
-89236
-89232
-89231
-89227
-89221
-89211
-89210
-89209
-89208
-89207
-89194
-89193
-89188
-89187
-89178
-89177
-89176
-89166
-89156
-89155
-89154
-89153
-89152
-89151
-89145
-89144
-89143
-89133
-89123
-89122
-89121
-89111
-89100
-89099
-89087
-89056
-89052
-89051
-89046
-89045
-89044
-89040
-89034
-89024
-89012
-88968
-88967
-88960
-88959
-88958
-88949
-88946
-88944
-88938
-88936
-88935
-88934
-88928
-88926
-88925
-88924
-88923
-88920
-88919
-88917
-88916
-88915
-88913
-88911
-88910
-88908
-88906
-88902
-88891
-88881
-88880
-88879
-88872
-88871
-88869
-88857
-88848
-88839
-88836
-88835
-88834
-88825
-88784
-88738
-88726
-88722
-88720
-88719
-88718
-88717
-88716
-88715
-88714
-88704
-88696
-88693
-88686
-88683
-88682
-88681
-88671
-88640
-88639
-88638
-88620
-88619
-88618
-88617
-88616
-88615
-88614
-88596
-88595
-88594
-88585
-88583
-88578
-88577
-88573
-88572
-88571
-88561
-88560
-88559
-88551
-88550
-88549
-88542
-88541
-88539
-88536
-88508
-88507
-88506
-88473
-88451
-88440
-88431
-88416
-88400
-88399
-88398
-88389
-88374
-88368
-88352
-88343
-88341
-88320
-88319
-88308
-88305
-88291
-88290
-88289
-88275
-88274
-88263
-88256
-88242
-88241
-88232
-88231
-88230
-88226
-88220
-88218
-88212
-88211
-88210
-88209
-88208
-88207
-88206
-88200
-88199
-88198
-88188
-88187
-88186
-88181
-88179
-88176
-88175
-88162
-88161
-88146
-88143
-88137
-88129
-88128
-88127
-88126
-88110
-88097
-88096
-88095
-88094
-88093
-88075
-88074
-88073
-88072
-88071
-88070
-88069
-88060
-88051
-88044
-88032
-88022
-88000
-87992
-87990
-87983
-87978
-87977
-87963
-87959
-87958
-87957
-87956
-87954
-87947
-87946
-87945
-87936
-87927
-87924
-87916
-87915
-87906
-87901
-87896
-87890
-87887
-87886
-87885
-87884
-87883
-87882
-87881
-87879
-87876
-87873
-87872
-87863
-87855
-87854
-87853
-87846
-87843
-87840
-87823
-87822
-87821
-87819
-87812
-87808
-87804
-87803
-87801
-87792
-87791
-87780
-87779
-87773
-87761
-87758
-87745
-87738
-87717
-87715
-87714
-87696
-87695
-87684
-87675
-87659
-87647
-87633
-87632
-87624
-87623
-87614
-87612
-87606
-87595
-87594
-87593
-87588
-87587
-87584
-87583
-87571
-87570
-87569
-87564
-87563
-87553
-87552
-87551
-87550
-87549
-87540
-87539
-87521
-87520
-87519
-87516
-87515
-87513
-87512
-87509
-87494
-87491
-87484
-87483
-87482
-87480
-87479
-87478
-87477
-87475
-87474
-87473
-87472
-87471
-87467
-87456
-87453
-87450
-87444
-87443
-87438
-87414
-87384
-87371
-87361
-87360
-87359
-87358
-87357
-87347
-87335
-87334
-87333
-87312
-87311
-87299
-87297
-87296
-87264
-87263
-87262
-87261
-87248
-87239
-87225
-87224
-87223
-87215
-87209
-87203
-87197
-87196
-87195
-87194
-87193
-87192
-87191
-87189
-87186
-87185
-87184
-87179
-87175
-87173
-87172
-87165
-87164
-87163
-87162
-87157
-87153
-87152
-87151
-87149
-87142
-87139
-87138
-87137
-87136
-87135
-87134
-87133
-87132
-87131
-87121
-87120
-87119
-87118
-87115
-87108
-87107
-87087
-87066
-87054
-87048
-87040
-87039
-87025
-87024
-87023
-86995
-86994
-86993
-86991
-86990
-86989
-86988
-86987
-86982
-86961
-86940
-86939
-86919
-86913
-86912
-86911
-86879
-86878
-86870
-86868
-86867
-86866
-86856
-86850
-86832
-86831
-86815
-86813
-86800
-86793
-86771
-86751
-86750
-86749
-86740
-86736
-86733
-86730
-86729
-86714
-86709
-86706
-86689
-86688
-86687
-86670
-86669
-86668
-86667
-86666
-86659
-86625
-86603
-86576
-86574
-86520
-86512
-86506
-86505
-86504
-86500
-86499
-86498
-86492
-86480
-86472
-86471
-86470
-86464
-86460
-86459
-86449
-86380
-86366
-86364
-86352
-86350
-86349
-86348
-86346
-86345
-86329
-86328
-86317
-86304
-86303
-86296
-86295
-86251
-86241
-86240
-86239
-86231
-86229
-86222
-86219
-86218
-86217
-86208
-86207
-86183
-86163
-86121
-86120
-86100
-86099
-86098
-86080
-86075
-86058
-86028
-86027
-86021
-86019
-86016
-86015
-86014
-86013
-86010
-86003
-85995
-85992
-85991
-85990
-85981
-85976
-85974
-85968
-85967
-85961
-85960
-85959
-85955
-85950
-85949
-85948
-85947
-85946
-85945
-85944
-85943
-85942
-85941
-85940
-85938
-85937
-85936
-85935
-85932
-85931
-85922
-85920
-85919
-85910
-85896
-85895
-85894
-85890
-85889
-85888
-85885
-85883
-85879
-85872
-85871
-85870
-85869
-85868
-85865
-85864
-85863
-85859
-85855
-85854
-85848
-85847
-85846
-85837
-85833
-85832
-85827
-85826
-85806
-85800
-85783
-85759
-85734
-85728
-85712
-85707
-85706
-85702
-85701
-85700
-85690
-85680
-85679
-85678
-85669
-85668
-85667
-85659
-85657
-85656
-85655
-85646
-85632
-85617
-85607
-85605
-85596
-85577
-85576
-85575
-85574
-85573
-85571
-85569
-85568
-85567
-85566
-85558
-85554
-85553
-85547
-85540
-85537
-85536
-85535
-85534
-85533
-85526
-85525
-85524
-85522
-85511
-85505
-85504
-85503
-85502
-85501
-85492
-85491
-85490
-85489
-85487
-85484
-85480
-85473
-85472
-85471
-85470
-85469
-85468
-85459
-85449
-85448
-85440
-85439
-85430
-85429
-85428
-85427
-85426
-85425
-85424
-85419
-85416
-85415
-85411
-85408
-85407
-85406
-85401
-85400
-85399
-85398
-85390
-85389
-85388
-85387
-85386
-85385
-85384
-85382
-85381
-85380
-85379
-85377
-85376
-85375
-85374
-85373
-85372
-85371
-85370
-85369
-85368
-85367
-85366
-85365
-85364
-85363
-85362
-85361
-85360
-85359
-85358
-85357
-85356
-85355
-85354
-85353
-85352
-85351
-85350
-85349
-85348
-85347
-85346
-85345
-85344
-85343
-85342
-85341
-85340
-85339
-85338
-85333
-85331
-85330
-85329
-85328
-85326
-85324
-85323
-85322
-85319
-85317
-85316
-85315
-85313
-85312
-85311
-85310
-85306
-85305
-85304
-85303
-85302
-85301
-85300
-85299
-85298
-85293
-85290
-85289
-85285
-85281
-85280
-85278
-85272
-85260
-85259
-85258
-85256
-85253
-85250
-85249
-85248
-85242
-85241
-85239
-85238
-85237
-85228
-85225
-85218
-85217
-85204
-85197
-85190
-85185
-85184
-85183
-85176
-85175
-85173
-85157
-85156
-85155
-85154
-85153
-85151
-85140
-85134
-85120
-85113
-85112
-85085
-85065
-85064
-85063
-85054
-85051
-85050
-85049
-85029
-85027
-85019
-85015
-85008
-85007
-85006
-84997
-84981
-84968
-84966
-84965
-84945
-84942
-84924
-84912
-84909
-84906
-84903
-84902
-84888
-84887
-84882
-84881
-84880
-84875
-84871
-84870
-84865
-84864
-84861
-84860
-84854
-84852
-84840
-84839
-84838
-84829
-84821
-84819
-84818
-84816
-84815
-84800
-84799
-84798
-84790
-84788
-84785
-84784
-84777
-84761
-84760
-84759
-84744
-84743
-84742
-84736
-84735
-84733
-84722
-84686
-84685
-84678
-84672
-84656
-84651
-84645
-84623
-84609
-84608
-84601
-84588
-84584
-84573
-84569
-84568
-84567
-84563
-84561
-84557
-84555
-84554
-84553
-84552
-84551
-84550
-84549
-84546
-84545
-84544
-84543
-84542
-84541
-84540
-84535
-84533
-84532
-84531
-84522
-84504
-84480
-84479
-84478
-84469
-84458
-84448
-84432
-84423
-84422
-84421
-84413
-84412
-84399
-84364
-84345
-84344
-84343
-84337
-84336
-84335
-84320
-84315
-84293
-84260
-84250
-84249
-84248
-84242
-84240
-84238
-84228
-84227
-84226
-84225
-84224
-84217
-84216
-84215
-84210
-84205
-84172
-84167
-84162
-84161
-84160
-84159
-84151
-84150
-84149
-84147
-84139
-84133
-84132
-84131
-84129
-84125
-84123
-84115
-84114
-84113
-84112
-84111
-84110
-84109
-84105
-84104
-84103
-84102
-84101
-84094
-84091
-84084
-84083
-84063
-84062
-84042
-84041
-84040
-84031
-84021
-84020
-84006
-84000
-83999
-83979
-83978
-83977
-83975
-83974
-83968
-83964
-83963
-83962
-83958
-83957
-83952
-83937
-83916
-83915
-83904
-83895
-83889
-83888
-83887
-83886
-83874
-83853
-83843
-83841
-83837
-83835
-83834
-83833
-83832
-83831
-83829
-83826
-83825
-83824
-83823
-83817
-83811
-83802
-83800
-83790
-83781
-83780
-83776
-83772
-83754
-83748
-83743
-83736
-83720
-83687
-83664
-83663
-83662
-83661
-83660
-83659
-83658
-83657
-83653
-83640
-83639
-83622
-83616
-83611
-83600
-83589
-83578
-83568
-83545
-83538
-83523
-83512
-83475
-83460
-83459
-83458
-83449
-83412
-83400
-83391
-83390
-83369
-83358
-83349
-83328
-83325
-83286
-83270
-83260
-83256
-83223
-83222
-83221
-83212
-83204
-83160
-83159
-83139
-83138
-83137
-83128
-83106
-83105
-83103
-83102
-83101
-83097
-83076
-83072
-83028
-83006
-82992
-82991
-82976
-82975
-82971
-82954
-82950
-82945
-82944
-82943
-82942
-82929
-82926
-82925
-82923
-82913
-82912
-82911
-82907
-82893
-82887
-82874
-82866
-82864
-82863
-82862
-82861
-82858
-82852
-82845
-82832
-82831
-82830
-82829
-82826
-82824
-82820
-82819
-82818
-82817
-82816
-82815
-82814
-82809
-82808
-82806
-82805
-82801
-82800
-82796
-82782
-82781
-82770
-82769
-82761
-82756
-82754
-82742
-82740
-82731
-82726
-82722
-82721
-82720
-82719
-82710
-82709
-82708
-82707
-82706
-82698
-82697
-82689
-82688
-82687
-82676
-82662
-82656
-82655
-82654
-82645
-82635
-82632
-82614
-82613
-82594
-82593
-82592
-82591
-82582
-82572
-82571
-82566
-82555
-82551
-82544
-82530
-82529
-82522
-82509
-82497
-82496
-82467
-82464
-82445
-82432
-82431
-82425
-82419
-82416
-82404
-82403
-82383
-82377
-82368
-82362
-82320
-82299
-82278
-82240
-82236
-82235
-82234
-82225
-82214
-82194
-82176
-82175
-82174
-82173
-82170
-82165
-82152
-82110
-82105
-82104
-82103
-82089
-82088
-82087
-82068
-82041
-82040
-82038
-82005
-82000
-81984
-81983
-81982
-81981
-81980
-81979
-81978
-81977
-81976
-81972
-81963
-81958
-81942
-81935
-81931
-81920
-81919
-81906
-81902
-81901
-81900
-81899
-81891
-81879
-81872
-81862
-81855
-81854
-81851
-81841
-81840
-81839
-81837
-81829
-81818
-81774
-81773
-81760
-81757
-81753
-81752
-81740
-81719
-81711
-81710
-81708
-81706
-81690
-81684
-81676
-81675
-81668
-81664
-81663
-81649
-81648
-81647
-81646
-81644
-81637
-81627
-81626
-81625
-81623
-81620
-81616
-81612
-81606
-81605
-81600
-81598
-81585
-81584
-81577
-81576
-81575
-81568
-81564
-81556
-81555
-81554
-81545
-81543
-81536
-81534
-81522
-81510
-81500
-81496
-81486
-81482
-81466
-81464
-81448
-81444
-81440
-81438
-81436
-81435
-81434
-81431
-81430
-81429
-81426
-81425
-81424
-81417
-81416
-81411
-81410
-81409
-81403
-81396
-81395
-81393
-81391
-81390
-81389
-81388
-81387
-81385
-81384
-81383
-81382
-81381
-81380
-81379
-81378
-81376
-81374
-81368
-81367
-81365
-81361
-81359
-81358
-81357
-81356
-81355
-81354
-81353
-81352
-81351
-81350
-81349
-81348
-81347
-81346
-81345
-81344
-81343
-81341
-81340
-81339
-81338
-81337
-81336
-81335
-81334
-81333
-81332
-81331
-81330
-81329
-81328
-81327
-81326
-81325
-81324
-81323
-81322
-81321
-81320
-81319
-81318
-81317
-81316
-81315
-81314
-81313
-81312
-81311
-81310
-81309
-81308
-81307
-81306
-81305
-81304
-81303
-81302
-81301
-81300
-81299
-81298
-81297
-81296
-81295
-81294
-81293
-81292
-81291
-81290
-81289
-81288
-81287
-81286
-81285
-81284
-81283
-81282
-81281
-81280
-81279
-81277
-81276
-81275
-81274
-81273
-81272
-81271
-81270
-81269
-81268
-81265
-81264
-81261
-81260
-81251
-81250
-81249
-81247
-81246
-81245
-81244
-81241
-81240
-81236
-81226
-81225
-81224
-81217
-81216
-81215
-81213
-81212
-81211
-81210
-81207
-81206
-81205
-81204
-81203
-81202
-81201
-81200
-81196
-81195
-81194
-81193
-81192
-81191
-81186
-81181
-81180
-81174
-81151
-81145
-81144
-81141
-81140
-81136
-81134
-81126
-81123
-81091
-81088
-81086
-81085
-81084
-81081
-81080
-81075
-81073
-81071
-81063
-81060
-81059
-81046
-81013
-81012
-81006
-80991
-80990
-80982
-80980
-80976
-80960
-80958
-80955
-80949
-80938
-80927
-80916
-80914
-80904
-80901
-80900
-80892
-80891
-80890
-80881
-80880
-80866
-80856
-80851
-80850
-80832
-80828
-80808
-80807
-80806
-80797
-80787
-80786
-80776
-80766
-80762
-80754
-80752
-80746
-80730
-80712
-80711
-80707
-80706
-80705
-80701
-80663
-80652
-80641
-80640
-80639
-80630
-80623
-80619
-80616
-80615
-80598
-80592
-80586
-80583
-80582
-80581
-80580
-80579
-80578
-80577
-80572
-80571
-80570
-80569
-80568
-80559
-80556
-80551
-80535
-80534
-80528
-80514
-80496
-80489
-80487
-80486
-80485
-80484
-80483
-80481
-80476
-80472
-80469
-80465
-80454
-80451
-80450
-80448
-80443
-80442
-80430
-80425
-80424
-80417
-80416
-80415
-80388
-80387
-80384
-80383
-80382
-80367
-80366
-80355
-80353
-80352
-80351
-80350
-80333
-80328
-80325
-80324
-80322
-80321
-80320
-80319
-80305
-80304
-80303
-80300
-80274
-80267
-80262
-80250
-80245
-80235
-80234
-80233
-80223
-80222
-80213
-80210
-80205
-80203
-80201
-80200
-80199
-80195
-80194
-80193
-80192
-80191
-80190
-80189
-80188
-80187
-80186
-80184
-80183
-80182
-80181
-80180
-80179
-80178
-80177
-80176
-80175
-80174
-80173
-80172
-80171
-80170
-80169
-80168
-80167
-80166
-80165
-80161
-80157
-80156
-80155
-80154
-80153
-80147
-80146
-80145
-80144
-80138
-80137
-80135
-80124
-80123
-80122
-80115
-80113
-80112
-80111
-80104
-80101
-80093
-80091
-80086
-80085
-80083
-80082
-80081
-80080
-80079
-80078
-80077
-80069
-80066
-80063
-80059
-80058
-80057
-80056
-80052
-80047
-80040
-80037
-80036
-80035
-80025
-80009
-80003
-80000
-79993
-79992
-79991
-79989
-79971
-79970
-79969
-79968
-79967
-79966
-79965
-79947
-79937
-79929
-79928
-79926
-79915
-79904
-79888
-79887
-79886
-79883
-79863
-79857
-79856
-79855
-79849
-79839
-79838
-79837
-79827
-79799
-79798
-79775
-79745
-79744
-79743
-79740
-79734
-79733
-79732
-79715
-79704
-79703
-79695
-79680
-79673
-79667
-79641
-79632
-79608
-79607
-79596
-79574
-79563
-79553
-79552
-79551
-79541
-79534
-79519
-79516
-79509
-79508
-79507
-79497
-79488
-79465
-79464
-79463
-79461
-79443
-79442
-79440
-79422
-79408
-79386
-79379
-79360
-79359
-79353
-79338
-79317
-79316
-79297
-79296
-79295
-79287
-79286
-79285
-79276
-79275
-79274
-79260
-79259
-79254
-79233
-79230
-79214
-79212
-79211
-79200
-79199
-79198
-79190
-79184
-79174
-79170
-79169
-79168
-79159
-79149
-79148
-79128
-79124
-79118
-79111
-79104
-79069
-79068
-79067
-79048
-79046
-79044
-79040
-79039
-79038
-79037
-79033
-79032
-79031
-79002
-79001
-78981
-78980
-78977
-78976
-78975
-78966
-78965
-78964
-78962
-78960
-78959
-78958
-78955
-78949
-78939
-78938
-78936
-78926
-78918
-78917
-78916
-78897
-78896
-78876
-78862
-78859
-78849
-78848
-78847
-78837
-78827
-78826
-78825
-78820
-78815
-78813
-78805
-78804
-78803
-78793
-78789
-78788
-78787
-78782
-78780
-78777
-78776
-78775
-78771
-78760
-78745
-78744
-78743
-78738
-78736
-78733
-78732
-78731
-78729
-78727
-78720
-78719
-78717
-78716
-78715
-78705
-78704
-78695
-78694
-78693
-78683
-78673
-78672
-78671
-78666
-78661
-78660
-78656
-78647
-78646
-78645
-78644
-78643
-78642
-78641
-78636
-78633
-78632
-78624
-78623
-78611
-78610
-78609
-78606
-78603
-78599
-78596
-78592
-78568
-78567
-78533
-78527
-78498
-78480
-78474
-78473
-78472
-78469
-78464
-78463
-78462
-78444
-78443
-78435
-78434
-78432
-78426
-78411
-78408
-78400
-78371
-78351
-78350
-78335
-78324
-78323
-78322
-78313
-78309
-78308
-78299
-78288
-78251
-78246
-78245
-78244
-78240
-78239
-78238
-78235
-78227
-78225
-78218
-78200
-78183
-78177
-78176
-78145
-78144
-78143
-78129
-78121
-78120
-78119
-78111
-78107
-78099
-78083
-78080
-78079
-78078
-78077
-78072
-78071
-78070
-78068
-78065
-78064
-78063
-78059
-78057
-78050
-78049
-78048
-78047
-78046
-78045
-78044
-78035
-78029
-78026
-78024
-78023
-78022
-78020
-78019
-78018
-78017
-78016
-78015
-78014
-78012
-78011
-78009
-78008
-78006
-78005
-78003
-78002
-78001
-77999
-77996
-77992
-77990
-77989
-77988
-77987
-77986
-77985
-77984
-77979
-77978
-77976
-77975
-77966
-77958
-77957
-77953
-77952
-77951
-77939
-77938
-77937
-77934
-77931
-77928
-77924
-77923
-77906
-77898
-77897
-77879
-77876
-77872
-77868
-77867
-77856
-77855
-77854
-77847
-77846
-77845
-77843
-77841
-77840
-77837
-77836
-77835
-77826
-77815
-77814
-77813
-77812
-77811
-77810
-77805
-77804
-77803
-77802
-77798
-77796
-77795
-77792
-77791
-77790
-77789
-77788
-77786
-77782
-77781
-77780
-77779
-77770
-77766
-77765
-77764
-77762
-77761
-77760
-77759
-77758
-77757
-77756
-77755
-77754
-77753
-77752
-77751
-77750
-77749
-77748
-77747
-77743
-77742
-77730
-77729
-77728
-77727
-77726
-77719
-77715
-77714
-77697
-77696
-77695
-77682
-77681
-77680
-77678
-77671
-77660
-77643
-77634
-77633
-77632
-77631
-77630
-77624
-77616
-77602
-77601
-77562
-77552
-77550
-77549
-77548
-77544
-77543
-77539
-77520
-77517
-77516
-77508
-77504
-77500
-77490
-77489
-77487
-77484
-77469
-77464
-77452
-77451
-77450
-77440
-77439
-77426
-77425
-77424
-77418
-77409
-77408
-77407
-77406
-77401
-77396
-77392
-77376
-77364
-77363
-77361
-77360
-77359
-77350
-77346
-77345
-77343
-77330
-77328
-77327
-77315
-77314
-77313
-77310
-77309
-77304
-77303
-77301
-77300
-77281
-77280
-77279
-77278
-77276
-77269
-77259
-77258
-77256
-77244
-77238
-77237
-77236
-77235
-77234
-77233
-77232
-77220
-77219
-77217
-77214
-77196
-77195
-77175
-77168
-77140
-77130
-77128
-77120
-77119
-77112
-77111
-77091
-77085
-77080
-77079
-77078
-77069
-77066
-77065
-77049
-77046
-77045
-77044
-77040
-77039
-77038
-77036
-77029
-77006
-77004
-77000
-76998
-76986
-76985
-76984
-76978
-76975
-76967
-76965
-76964
-76958
-76957
-76956
-76955
-76950
-76945
-76944
-76923
-76912
-76890
-76881
-76880
-76879
-76875
-76874
-76860
-76833
-76832
-76831
-76800
-76799
-76798
-76797
-76796
-76789
-76776
-76756
-76755
-76752
-76751
-76750
-76740
-76734
-76733
-76720
-76719
-76718
-76717
-76714
-76713
-76712
-76708
-76705
-76693
-76692
-76691
-76690
-76689
-76687
-76686
-76685
-76680
-76671
-76670
-76669
-76660
-76659
-76657
-76653
-76651
-76650
-76649
-76648
-76641
-76640
-76639
-76637
-76636
-76632
-76630
-76629
-76627
-76626
-76625
-76624
-76623
-76622
-76621
-76620
-76619
-76618
-76617
-76616
-76615
-76614
-76613
-76612
-76611
-76610
-76609
-76608
-76607
-76606
-76605
-76604
-76603
-76602
-76601
-76599
-76595
-76594
-76593
-76591
-76587
-76586
-76585
-76584
-76582
-76581
-76579
-76576
-76572
-76571
-76566
-76565
-76563
-76561
-76560
-76559
-76556
-76553
-76552
-76549
-76547
-76546
-76545
-76544
-76543
-76542
-76541
-76538
-76536
-76535
-76533
-76532
-76524
-76523
-76518
-76509
-76503
-76502
-76501
-76496
-76495
-76494
-76492
-76482
-76481
-76480
-76479
-76471
-76470
-76469
-76468
-76463
-76461
-76460
-76451
-76450
-76442
-76441
-76440
-76439
-76438
-76437
-76436
-76433
-76431
-76428
-76427
-76424
-76422
-76421
-76420
-76419
-76418
-76417
-76408
-76398
-76397
-76396
-76395
-76394
-76387
-76385
-76384
-76383
-76382
-76377
-76376
-76374
-76373
-76365
-76356
-76355
-76335
-76328
-76318
-76314
-76307
-76297
-76296
-76295
-76293
-76292
-76285
-76282
-76274
-76272
-76261
-76260
-76259
-76258
-76251
-76250
-76230
-76228
-76188
-76187
-76167
-76166
-76160
-76146
-76143
-76140
-76139
-76138
-76137
-76136
-76135
-76132
-76129
-76096
-76083
-76077
-76076
-76074
-76073
-76048
-76041
-76031
-75992
-75978
-75977
-75957
-75951
-75937
-75936
-75935
-75915
-75914
-75894
-75893
-75892
-75883
-75873
-75872
-75867
-75852
-75824
-75816
-75815
-75812
-75808
-75803
-75789
-75788
-75768
-75756
-75755
-75744
-75726
-75706
-75663
-75647
-75645
-75644
-75621
-75620
-75609
-75608
-75606
-75600
-75569
-75557
-75556
-75555
-75551
-75543
-75537
-75533
-75532
-75531
-75530
-75529
-75528
-75527
-75521
-75520
-75519
-75518
-75517
-75515
-75509
-75505
-75504
-75503
-75495
-75493
-75492
-75491
-75489
-75488
-75487
-75486
-75485
-75478
-75477
-75476
-75457
-75456
-75455
-75454
-75453
-75446
-75445
-75444
-75435
-75434
-75425
-75424
-75423
-75422
-75421
-75414
-75413
-75412
-75411
-75399
-75398
-75397
-75393
-75392
-75391
-75390
-75389
-75369
-75361
-75360
-75359
-75348
-75347
-75330
-75329
-75328
-75327
-75326
-75319
-75306
-75305
-75304
-75299
-75298
-75297
-75296
-75295
-75286
-75285
-75284
-75275
-75268
-75266
-75265
-75264
-75263
-75262
-75261
-75260
-75257
-75255
-75252
-75251
-75243
-75242
-75241
-75240
-75222
-75221
-75220
-75211
-75206
-75201
-75200
-75197
-75196
-75194
-75180
-75179
-75178
-75169
-75168
-75167
-75166
-75159
-75158
-75152
-75149
-75141
-75140
-75139
-75138
-75137
-75136
-75135
-75134
-75129
-75126
-75125
-75118
-75117
-75116
-75114
-75113
-75112
-75110
-75105
-75104
-75103
-75096
-75095
-75094
-75085
-75075
-75074
-75073
-75072
-75071
-75054
-75046
-75026
-75012
-75011
-74991
-74989
-74976
-74975
-74974
-74970
-74969
-74949
-74932
-74928
-74910
-74908
-74907
-74906
-74904
-74888
-74886
-74885
-74876
-74865
-74845
-74844
-74843
-74842
-74841
-74833
-74823
-74822
-74811
-74810
-74802
-74800
-74797
-74796
-74795
-74793
-74792
-74787
-74786
-74785
-74781
-74778
-74750
-74704
-74703
-74692
-74676
-74664
-74646
-74624
-74612
-74580
-74568
-74567
-74566
-74565
-74564
-74560
-74556
-74529
-74520
-74481
-74480
-74479
-74478
-74476
-74472
-74471
-74470
-74469
-74468
-74461
-74460
-74418
-74414
-74407
-74404
-74382
-74372
-74371
-74369
-74368
-74367
-74366
-74364
-74363
-74360
-74358
-74357
-74356
-74355
-74354
-74352
-74347
-74346
-74338
-74337
-74336
-74335
-74334
-74316
-74303
-74298
-74294
-74290
-74280
-74277
-74256
-74255
-74240
-74239
-74235
-74228
-74214
-74193
-74184
-74181
-74162
-74154
-74153
-74152
-74151
-74150
-74149
-74148
-74147
-74146
-74145
-74143
-74142
-74141
-74140
-74139
-74137
-74136
-74135
-74120
-74118
-74106
-74104
-74103
-74088
-74086
-74052
-74051
-74050
-74045
-74039
-74010
-73990
-73989
-73988
-73986
-73985
-73984
-73983
-73982
-73980
-73979
-73976
-73975
-73964
-73948
-73944
-73941
-73940
-73934
-73922
-73921
-73920
-73919
-73918
-73917
-73916
-73915
-73914
-73911
-73910
-73909
-73908
-73907
-73906
-73899
-73898
-73896
-73876
-73872
-73871
-73868
-73867
-73854
-73850
-73849
-73848
-73846
-73839
-73836
-73835
-73830
-73829
-73828
-73819
-73815
-73810
-73800
-73799
-73798
-73790
-73789
-73788
-73787
-73786
-73785
-73784
-73779
-73738
-73710
-73709
-73696
-73689
-73683
-73681
-73680
-73679
-73676
-73657
-73656
-73655
-73646
-73634
-73632
-73631
-73629
-73626
-73623
-73604
-73593
-73585
-73584
-73583
-73582
-73580
-73573
-73563
-73562
-73555
-73554
-73553
-73544
-73542
-73528
-73521
-73520
-73509
-73508
-73500
-73490
-73479
-73475
-73472
-73458
-73444
-73440
-73439
-73438
-73436
-73416
-73415
-73394
-73393
-73392
-73391
-73390
-73381
-73371
-73370
-73369
-73368
-73360
-73359
-73358
-73356
-73353
-73352
-73349
-73332
-73331
-73330
-73328
-73322
-73321
-73320
-73319
-73318
-73317
-73316
-73314
-73311
-73310
-73309
-73290
-73289
-73287
-73283
-73281
-73280
-73278
-73269
-73268
-73267
-73258
-73248
-73247
-73242
-73241
-73235
-73233
-73232
-73231
-73229
-73228
-73227
-73224
-73223
-73222
-73216
-73215
-73214
-73212
-73211
-73210
-73208
-73207
-73206
-73205
-73201
-73200
-73199
-73198
-73197
-73196
-73194
-73190
-73189
-73188
-73187
-73186
-73185
-73184
-73179
-73178
-73177
-73176
-73175
-73172
-73170
-73169
-73168
-73167
-73166
-73164
-73163
-73161
-73160
-73159
-73158
-73152
-73151
-73146
-73145
-73144
-73143
-73142
-73141
-73140
-73139
-73137
-73134
-73133
-73132
-73130
-73129
-73128
-73127
-73125
-73124
-73122
-73121
-73118
-73117
-73116
-73115
-73107
-73106
-73101
-73100
-73099
-73098
-73097
-73096
-73095
-73094
-73093
-73092
-73088
-73087
-73086
-73083
-73080
-73079
-73078
-73076
-73069
-73067
-73066
-73065
-73062
-73059
-73058
-73056
-73054
-73053
-73052
-73049
-73044
-73040
-73038
-73036
-73035
-73032
-73031
-73029
-73017
-73008
-73007
-73005
-72996
-72995
-72994
-72974
-72969
-72960
-72959
-72954
-72935
-72933
-72932
-72912
-72911
-72900
-72899
-72898
-72896
-72895
-72894
-72891
-72890
-72887
-72882
-72875
-72874
-72873
-72872
-72870
-72867
-72866
-72865
-72864
-72863
-72862
-72856
-72849
-72848
-72842
-72836
-72828
-72827
-72826
-72824
-72820
-72819
-72818
-72817
-72807
-72806
-72795
-72794
-72788
-72786
-72772
-72771
-72765
-72764
-72757
-72744
-72743
-72733
-72732
-72731
-72726
-72719
-72703
-72702
-72701
-72696
-72681
-72674
-72666
-72657
-72656
-72655
-72654
-72653
-72652
-72651
-72646
-72643
-72642
-72640
-72639
-72638
-72633
-72629
-72608
-72607
-72606
-72604
-72603
-72602
-72600
-72597
-72593
-72590
-72577
-72576
-72575
-72574
-72573
-72569
-72566
-72565
-72564
-72555
-72548
-72547
-72546
-72545
-72544
-72543
-72542
-72537
-72535
-72534
-72513
-72512
-72511
-72496
-72495
-72494
-72469
-72468
-72467
-72450
-72449
-72384
-72366
-72359
-72358
-72352
-72344
-72324
-72323
-72320
-72319
-72316
-72312
-72311
-72303
-72248
-72240
-72237
-72226
-72225
-72224
-72223
-72220
-72215
-72214
-72201
-72200
-72199
-72192
-72181
-72171
-72170
-72160
-72149
-72138
-72135
-72128
-72127
-72126
-72117
-72106
-72100
-72092
-72078
-72077
-72076
-72072
-72071
-72070
-72061
-72051
-72050
-72044
-72043
-72036
-72032
-72030
-72018
-72013
-72009
-72000
-71999
-71990
-71980
-71962
-71958
-71954
-71951
-71940
-71928
-71927
-71926
-71919
-71917
-71904
-71903
-71902
-71893
-71885
-71880
-71876
-71875
-71873
-71872
-71871
-71852
-71841
-71834
-71833
-71832
-71831
-71830
-71829
-71828
-71820
-71819
-71810
-71809
-71808
-71807
-71806
-71805
-71799
-71798
-71792
-71786
-71783
-71778
-71775
-71760
-71757
-71753
-71743
-71740
-71736
-71731
-71721
-71720
-71719
-71709
-71708
-71699
-71698
-71697
-71687
-71680
-71679
-71678
-71672
-71669
-71668
-71667
-71666
-71664
-71657
-71650
-71649
-71648
-71647
-71646
-71645
-71643
-71638
-71637
-71636
-71632
-71631
-71630
-71629
-71628
-71627
-71626
-71625
-71624
-71623
-71622
-71621
-71620
-71619
-71618
-71617
-71616
-71615
-71614
-71613
-71612
-71611
-71610
-71609
-71608
-71607
-71605
-71604
-71603
-71602
-71601
-71600
-71599
-71598
-71594
-71588
-71586
-71585
-71584
-71583
-71582
-71581
-71580
-71577
-71573
-71572
-71568
-71567
-71566
-71565
-71555
-71552
-71547
-71546
-71545
-71544
-71543
-71542
-71541
-71533
-71526
-71525
-71524
-71523
-71522
-71521
-71520
-71519
-71515
-71514
-71513
-71512
-71511
-71501
-71500
-71499
-71495
-71494
-71493
-71492
-71491
-71489
-71486
-71484
-71480
-71478
-71471
-71469
-71468
-71467
-71466
-71465
-71464
-71463
-71462
-71461
-71460
-71459
-71458
-71457
-71456
-71455
-71453
-71444
-71442
-71441
-71438
-71434
-71431
-71430
-71429
-71421
-71415
-71403
-71402
-71401
-71399
-71379
-71370
-71369
-71368
-71367
-71359
-71357
-71347
-71346
-71345
-71344
-71340
-71339
-71338
-71335
-71334
-71333
-71332
-71330
-71323
-71315
-71313
-71301
-71300
-71299
-71298
-71295
-71291
-71280
-71269
-71264
-71262
-71261
-71258
-71251
-71250
-71249
-71248
-71247
-71246
-71245
-71232
-71227
-71216
-71208
-71203
-71185
-71141
-71136
-71126
-71121
-71120
-71119
-71114
-71096
-71095
-71094
-71093
-71092
-71091
-71090
-71082
-71072
-71070
-71063
-71060
-71050
-71043
-71040
-71022
-71008
-71005
-71004
-71003
-70991
-70979
-70970
-70958
-70945
-70941
-70915
-70914
-70913
-70910
-70906
-70900
-70896
-70891
-70889
-70888
-70887
-70886
-70885
-70884
-70883
-70882
-70881
-70880
-70879
-70878
-70877
-70876
-70875
-70874
-70873
-70864
-70862
-70858
-70854
-70851
-70850
-70849
-70848
-70847
-70846
-70840
-70833
-70832
-70819
-70818
-70812
-70811
-70800
-70791
-70770
-70769
-70766
-70764
-70763
-70762
-70761
-70760
-70759
-70758
-70754
-70753
-70752
-70751
-70750
-70749
-70748
-70747
-70746
-70745
-70744
-70743
-70742
-70741
-70740
-70739
-70738
-70737
-70736
-70735
-70734
-70733
-70732
-70731
-70730
-70729
-70728
-70725
-70724
-70723
-70722
-70721
-70720
-70719
-70718
-70716
-70713
-70712
-70711
-70710
-70709
-70708
-70707
-70704
-70701
-70700
-70689
-70686
-70672
-70665
-70664
-70643
-70638
-70623
-70622
-70620
-70602
-70601
-70581
-70571
-70561
-70560
-70559
-70558
-70557
-70547
-70539
-70537
-70536
-70519
-70518
-70517
-70516
-70515
-70514
-70513
-70497
-70496
-70495
-70476
-70475
-70455
-70448
-70434
-70432
-70416
-70400
-70398
-70395
-70394
-70393
-70392
-70391
-70370
-70355
-70350
-70338
-70329
-70308
-70307
-70306
-70299
-70298
-70297
-70286
-70277
-70276
-70273
-70272
-70271
-70266
-70246
-70244
-70224
-70163
-70161
-70151
-70150
-70149
-70139
-70135
-70123
-70122
-70121
-70119
-70109
-70092
-70091
-70086
-70083
-70059
-70055
-70043
-70035
-70028
-70013
-70012
-70011
-70010
-70008
-70002
-69996
-69985
-69984
-69983
-69982
-69981
-69978
-69975
-69973
-69972
-69971
-69967
-69960
-69957
-69956
-69953
-69952
-69951
-69894
-69888
-69887
-69876
-69867
-69858
-69850
-69849
-69848
-69840
-69828
-69827
-69822
-69816
-69815
-69814
-69812
-69804
-69803
-69795
-69794
-69793
-69792
-69791
-69790
-69789
-69788
-69784
-69783
-69781
-69780
-69779
-69777
-69770
-69768
-69767
-69766
-69762
-69761
-69760
-69759
-69758
-69757
-69756
-69755
-69754
-69753
-69752
-69751
-69750
-69749
-69748
-69747
-69746
-69745
-69744
-69743
-69742
-69741
-69740
-69739
-69735
-69734
-69733
-69732
-69731
-69729
-69723
-69722
-69721
-69720
-69719
-69718
-69717
-69716
-69715
-69714
-69709
-69708
-69707
-69699
-69698
-69697
-69696
-69695
-69694
-69688
-69685
-69684
-69683
-69677
-69674
-69672
-69664
-69657
-69656
-69641
-69630
-69626
-69617
-69615
-69575
-69552
-69551
-69540
-69539
-69531
-69509
-69504
-69499
-69498
-69497
-69495
-69494
-69493
-69489
-69487
-69468
-69467
-69465
-69456
-69455
-69440
-69432
-69425
-69417
-69399
-69388
-69383
-69382
-69381
-69377
-69371
-69367
-69366
-69365
-69355
-69344
-69336
-69335
-69322
-69300
-69299
-69293
-69267
-69255
-69248
-69230
-69216
-69215
-69201
-69174
-69168
-69166
-69160
-69159
-69158
-69154
-69153
-69152
-69146
-69126
-69125
-69121
-69120
-69119
-69111
-69105
-69104
-69103
-69102
-69097
-69069
-69052
-69047
-69020
-69015
-69014
-68992
-68985
-68939
-68936
-68931
-68930
-68929
-68922
-68915
-68912
-68906
-68904
-68903
-68902
-68900
-68894
-68891
-68886
-68880
-68879
-68878
-68877
-68876
-68872
-68871
-68870
-68868
-68867
-68866
-68838
-68820
-68808
-68773
-68772
-68771
-68768
-68735
-68720
-68712
-68711
-68706
-68700
-68694
-68692
-68691
-68690
-68686
-68681
-68680
-68672
-68670
-68666
-68627
-68614
-68607
-68602
-68601
-68600
-68588
-68586
-68585
-68544
-68536
-68526
-68525
-68510
-68508
-68507
-68495
-68480
-68475
-68460
-68432
-68381
-68376
-68373
-68370
-68355
-68327
-68324
-68321
-68320
-68319
-68312
-68311
-68310
-68304
-68300
-68294
-68292
-68291
-68290
-68289
-68288
-68286
-68281
-68272
-68271
-68270
-68260
-68259
-68255
-68251
-68250
-68232
-68215
-68211
-68209
-68208
-68207
-68203
-68202
-68201
-68200
-68199
-68189
-68160
-68152
-68145
-68125
-68123
-68112
-68111
-68110
-68109
-68103
-68099
-68096
-68090
-68088
-68087
-68086
-68081
-68079
-68077
-68064
-68063
-68061
-68058
-68052
-68051
-68046
-68045
-68044
-68043
-68042
-68041
-68040
-68039
-68038
-68037
-68036
-68034
-68033
-68032
-68031
-68028
-68027
-68019
-68018
-68016
-68015
-68003
-67992
-67991
-67990
-67981
-67980
-67979
-67977
-67968
-67967
-67966
-67965
-67955
-67954
-67944
-67938
-67937
-67936
-67935
-67931
-67928
-67925
-67924
-67915
-67914
-67913
-67904
-67885
-67884
-67883
-67878
-67873
-67872
-67871
-67870
-67860
-67851
-67850
-67830
-67824
-67797
-67796
-67788
-67766
-67761
-67760
-67759
-67752
-67751
-67731
-67730
-67728
-67724
-67716
-67715
-67712
-67711
-67710
-67704
-67703
-67698
-67689
-67683
-67681
-67680
-67679
-67678
-67677
-67670
-67669
-67668
-67665
-67662
-67661
-67649
-67648
-67647
-67646
-67644
-67641
-67626
-67625
-67620
-67617
-67616
-67615
-67599
-67598
-67595
-67584
-67581
-67580
-67579
-67578
-67551
-67536
-67527
-67526
-67525
-67520
-67512
-67488
-67473
-67472
-67471
-67465
-67458
-67452
-67445
-67444
-67443
-67434
-67431
-67424
-67418
-67417
-67410
-67409
-67408
-67406
-67405
-67403
-67399
-67394
-67393
-67392
-67391
-67390
-67380
-67379
-67371
-67370
-67366
-67365
-67362
-67361
-67360
-67359
-67337
-67329
-67328
-67327
-67320
-67312
-67283
-67263
-67221
-67211
-67210
-67201
-67200
-67199
-67198
-67187
-67169
-67168
-67167
-67158
-67157
-67146
-67137
-67105
-67104
-67103
-67100
-67089
-67088
-67068
-67035
-67032
-67031
-67025
-67023
-67011
-66991
-66990
-66989
-66979
-66978
-66977
-66976
-66975
-66968
-66963
-66960
-66957
-66955
-66924
-66905
-66899
-66885
-66880
-66871
-66865
-66864
-66863
-66858
-66857
-66856
-66851
-66848
-66847
-66846
-66843
-66838
-66837
-66836
-66827
-66826
-66825
-66824
-66823
-66820
-66819
-66818
-66817
-66816
-66815
-66814
-66813
-66812
-66811
-66810
-66809
-66808
-66806
-66805
-66804
-66803
-66802
-66792
-66791
-66790
-66785
-66784
-66783
-66782
-66781
-66779
-66776
-66770
-66768
-66767
-66761
-66760
-66759
-66753
-66752
-66751
-66744
-66726
-66716
-66715
-66714
-66706
-66704
-66700
-66690
-66689
-66688
-66687
-66685
-66684
-66683
-66666
-66665
-66664
-66663
-66660
-66654
-66650
-66640
-66638
-66637
-66636
-66635
-66624
-66612
-66611
-66591
-66588
-66587
-66563
-66562
-66561
-66560
-66559
-66551
-66542
-66539
-66529
-66528
-66527
-66526
-66525
-66506
-66504
-66489
-66474
-66462
-66447
-66446
-66443
-66432
-66431
-66430
-66419
-66416
-66401
-66400
-66399
-66381
-66365
-66359
-66339
-66338
-66337
-66332
-66331
-66330
-66328
-66321
-66318
-66317
-66315
-66308
-66304
-66297
-66286
-66276
-66275
-66258
-66257
-66256
-66255
-66240
-66235
-66213
-66192
-66144
-66126
-66125
-66115
-66108
-66096
-66095
-66081
-66080
-66079
-66072
-66071
-66066
-66065
-66050
-66048
-66047
-66046
-66045
-66035
-66034
-66033
-66030
-66024
-66023
-66017
-66016
-66015
-66002
-66000
-65968
-65939
-65934
-65926
-65920
-65884
-65853
-65852
-65850
-65843
-65835
-65813
-65805
-65804
-65803
-65794
-65793
-65792
-65783
-65780
-65772
-65771
-65765
-65754
-65753
-65751
-65744
-65720
-65718
-65709
-65699
-65698
-65691
-65675
-65673
-65665
-65664
-65663
-65662
-65655
-65651
-65650
-65646
-65640
-65637
-65633
-65632
-65631
-65628
-65627
-65610
-65609
-65604
-65595
-65583
-65582
-65565
-65564
-65563
-65554
-65540
-65538
-65535
-65534
-65533
-65531
-65528
-65527
-65526
-65520
-65519
-65518
-65517
-65516
-65509
-65507
-65503
-65502
-65499
-65498
-65484
-65483
-65478
-65473
-65472
-65454
-65448
-65436
-65435
-65429
-65415
-65409
-65408
-65407
-65402
-65373
-65365
-65364
-65363
-65352
-65351
-65349
-65341
-65340
-65339
-65331
-65312
-65310
-65306
-65304
-65297
-65296
-65295
-65289
-65288
-65286
-65285
-65274
-65273
-65272
-65270
-65268
-65267
-65266
-65263
-65257
-65255
-65247
-65246
-65241
-65240
-65226
-65225
-65224
-65211
-65208
-65205
-65204
-65203
-65198
-65197
-65194
-65191
-65190
-65189
-65188
-65184
-65183
-65163
-65162
-65142
-65141
-65134
-65128
-65121
-65120
-65104
-65100
-65099
-65097
-65096
-65095
-65093
-65088
-65085
-65084
-65083
-65080
-65079
-65078
-65076
-65075
-65074
-65073
-65072
-65071
-65070
-65069
-65068
-65067
-65066
-65065
-65064
-65063
-65062
-65061
-65060
-65059
-65058
-65057
-65056
-65055
-65054
-65053
-65052
-65051
-65050
-65049
-65048
-65047
-65046
-65045
-65044
-65043
-65042
-65041
-65040
-65039
-65037
-65036
-65035
-65034
-65033
-65032
-65026
-65024
-65017
-65016
-65015
-65008
-65007
-65000
-64995
-64993
-64992
-64991
-64980
-64979
-64974
-64961
-64960
-64959
-64953
-64952
-64945
-64944
-64943
-64936
-64935
-64932
-64929
-64928
-64927
-64925
-64911
-64854
-64849
-64848
-64847
-64845
-64842
-64841
-64832
-64831
-64830
-64825
-64824
-64823
-64814
-64805
-64804
-64803
-64801
-64800
-64799
-64798
-64797
-64795
-64794
-64793
-64790
-64789
-64788
-64784
-64782
-64775
-64774
-64773
-64769
-64768
-64767
-64766
-64764
-64763
-64760
-64759
-64758
-64754
-64745
-64743
-64742
-64741
-64740
-64739
-64738
-64737
-64736
-64735
-64734
-64733
-64732
-64731
-64730
-64729
-64728
-64727
-64726
-64722
-64721
-64718
-64716
-64715
-64712
-64705
-64704
-64703
-64701
-64700
-64697
-64696
-64692
-64691
-64681
-64680
-64679
-64676
-64675
-64674
-64673
-64669
-64666
-64661
-64660
-64659
-64658
-64657
-64650
-64647
-64640
-64638
-64637
-64636
-64635
-64631
-64630
-64626
-64625
-64624
-64623
-64620
-64617
-64614
-64596
-64575
-64574
-64554
-64538
-64530
-64521
-64520
-64519
-64513
-64512
-64511
-64510
-64494
-64493
-64492
-64491
-64483
-64476
-64475
-64470
-64469
-64466
-64464
-64460
-64459
-64458
-64457
-64456
-64455
-64454
-64453
-64452
-64451
-64449
-64448
-64447
-64446
-64445
-64440
-64439
-64438
-64436
-64428
-64427
-64426
-64425
-64424
-64422
-64421
-64420
-64415
-64411
-64407
-64403
-64402
-64401
-64400
-64399
-64398
-64397
-64389
-64386
-64380
-64379
-64359
-64355
-64346
-64328
-64325
-64320
-64319
-64317
-64302
-64295
-64288
-64281
-64275
-64273
-64271
-64260
-64259
-64251
-64242
-64241
-64239
-64229
-64218
-64214
-64212
-64207
-64206
-64205
-64204
-64203
-64200
-64199
-64198
-64197
-64196
-64194
-64191
-64189
-64188
-64185
-64177
-64176
-64175
-64174
-64158
-64155
-64152
-64151
-64150
-64141
-64134
-64130
-64128
-64127
-64119
-64108
-64104
-64086
-64082
-64078
-64077
-64075
-64071
-64065
-64064
-64063
-64050
-64032
-64031
-64015
-64011
-64009
-64008
-64000
-63999
-63998
-63997
-63989
-63987
-63985
-63984
-63983
-63980
-63979
-63978
-63977
-63976
-63975
-63974
-63973
-63968
-63966
-63965
-63964
-63962
-63961
-63960
-63959
-63958
-63957
-63956
-63955
-63954
-63953
-63952
-63951
-63950
-63949
-63948
-63947
-63946
-63945
-63944
-63943
-63942
-63941
-63940
-63938
-63933
-63932
-63931
-63926
-63924
-63922
-63921
-63920
-63919
-63918
-63911
-63910
-63909
-63908
-63906
-63905
-63904
-63900
-63899
-63898
-63891
-63890
-63889
-63888
-63887
-63886
-63885
-63880
-63879
-63878
-63877
-63876
-63875
-63874
-63868
-63867
-63866
-63865
-63859
-63858
-63857
-63856
-63855
-63854
-63853
-63852
-63845
-63844
-63843
-63841
-63840
-63839
-63836
-63835
-63833
-63822
-63821
-63806
-63805
-63804
-63803
-63756
-63745
-63734
-63728
-63726
-63723
-63714
-63713
-63712
-63711
-63701
-63693
-63692
-63691
-63690
-63689
-63688
-63687
-63685
-63684
-63683
-63679
-63675
-63669
-63668
-63667
-63666
-63665
-63664
-63657
-63655
-63648
-63647
-63646
-63639
-63638
-63614
-63612
-63611
-63602
-63591
-63590
-63581
-63580
-63579
-63569
-63567
-63562
-63558
-63557
-63550
-63546
-63536
-63525
-63514
-63505
-63504
-63503
-63502
-63493
-63492
-63491
-63488
-63487
-63483
-63479
-63468
-63467
-63466
-63465
-63463
-63462
-63461
-63459
-63455
-63447
-63443
-63442
-63441
-63440
-63439
-63438
-63437
-63436
-63434
-63427
-63420
-63419
-63414
-63413
-63411
-63408
-63407
-63406
-63397
-63396
-63395
-63394
-63384
-63383
-63382
-63378
-63377
-63376
-63374
-63372
-63369
-63367
-63361
-63360
-63359
-63348
-63344
-63336
-63335
-63328
-63327
-63326
-63325
-63324
-63323
-63322
-63319
-63318
-63317
-63315
-63312
-63311
-63308
-63300
-63297
-63296
-63295
-63294
-63293
-63286
-63285
-63284
-63273
-63272
-63271
-63265
-63264
-63263
-63262
-63258
-63251
-63250
-63242
-63237
-63236
-63233
-63232
-63231
-63228
-63220
-63219
-63218
-63206
-63197
-63196
-63195
-63180
-63173
-63168
-63163
-63162
-63161
-63151
-63147
-63141
-63140
-63139
-63129
-63107
-63104
-63098
-63096
-63090
-63084
-63074
-63071
-63069
-63063
-63056
-63037
-63025
-63024
-63023
-63020
-63011
-63008
-63000
-62999
-62998
-62997
-62992
-62989
-62986
-62985
-62979
-62978
-62976
-62961
-62958
-62953
-62952
-62951
-62946
-62945
-62944
-62943
-62930
-62916
-62915
-62914
-62909
-62905
-62899
-62894
-62887
-62880
-62874
-62873
-62872
-62868
-62863
-62855
-62853
-62852
-62844
-62843
-62832
-62831
-62830
-62820
-62819
-62818
-62807
-62805
-62799
-62790
-62789
-62788
-62784
-62783
-62777
-62776
-62775
-62774
-62773
-62772
-62771
-62770
-62769
-62768
-62766
-62765
-62764
-62759
-62756
-62754
-62750
-62749
-62748
-62747
-62746
-62745
-62744
-62743
-62742
-62741
-62738
-62737
-62736
-62735
-62730
-62729
-62728
-62727
-62726
-62724
-62723
-62722
-62721
-62720
-62719
-62718
-62717
-62713
-62712
-62711
-62700
-62699
-62687
-62685
-62676
-62675
-62674
-62670
-62663
-62656
-62650
-62643
-62640
-62639
-62637
-62629
-62628
-62627
-62608
-62606
-62595
-62594
-62593
-62586
-62584
-62568
-62549
-62540
-62539
-62531
-62517
-62497
-62496
-62495
-62491
-62475
-62469
-62468
-62462
-62460
-62459
-62447
-62437
-62436
-62435
-62434
-62425
-62424
-62423
-62421
-62415
-62414
-62413
-62403
-62400
-62399
-62393
-62392
-62391
-62384
-62381
-62377
-62376
-62375
-62370
-62369
-62365
-62364
-62363
-62361
-62360
-62358
-62351
-62349
-62348
-62342
-62337
-62336
-62335
-62333
-62332
-62331
-62328
-62327
-62326
-62322
-62321
-62320
-62319
-62315
-62307
-62305
-62304
-62303
-62302
-62293
-62283
-62282
-62281
-62275
-62274
-62273
-62272
-62271
-62270
-62264
-62261
-62260
-62259
-62249
-62245
-62244
-62243
-62238
-62232
-62231
-62223
-62221
-62220
-62219
-62210
-62209
-62208
-62207
-62206
-62205
-62204
-62203
-62202
-62201
-62196
-62195
-62184
-62183
-62181
-62177
-62176
-62175
-62172
-62161
-62160
-62159
-62114
-62112
-62111
-62105
-62098
-62089
-62088
-62087
-62086
-62079
-62073
-62072
-62071
-62067
-62064
-62063
-62062
-62051
-62048
-62041
-62040
-62039
-62038
-62037
-62030
-62029
-62028
-62016
-62014
-62010
-62009
-62008
-62007
-62006
-62005
-62000
-61996
-61991
-61975
-61974
-61973
-61971
-61970
-61969
-61963
-61960
-61953
-61952
-61950
-61949
-61943
-61941
-61929
-61920
-61915
-61908
-61880
-61876
-61854
-61849
-61845
-61832
-61826
-61825
-61824
-61823
-61811
-61809
-61808
-61805
-61804
-61803
-61802
-61796
-61795
-61794
-61793
-61791
-61790
-61789
-61788
-61787
-61786
-61785
-61784
-61783
-61782
-61781
-61780
-61779
-61777
-61776
-61775
-61774
-61771
-61765
-61763
-61761
-61760
-61752
-61751
-61750
-61749
-61745
-61744
-61743
-61742
-61741
-61740
-61739
-61738
-61737
-61736
-61732
-61731
-61728
-61727
-61723
-61722
-61721
-61719
-61718
-61716
-61712
-61711
-61710
-61704
-61703
-61700
-61698
-61697
-61696
-61687
-61678
-61677
-61676
-61656
-61655
-61645
-61644
-61643
-61632
-61631
-61630
-61628
-61622
-61621
-61611
-61610
-61601
-61600
-61599
-61595
-61594
-61593
-61592
-61589
-61583
-61579
-61578
-61577
-61567
-61559
-61551
-61545
-61542
-61541
-61530
-61513
-61512
-61511
-61505
-61504
-61503
-61502
-61490
-61488
-61487
-61480
-61479
-61478
-61468
-61467
-61446
-61440
-61439
-61425
-61424
-61415
-61404
-61383
-61377
-61376
-61364
-61363
-61362
-61353
-61348
-61347
-61340
-61334
-61333
-61332
-61331
-61320
-61319
-61318
-61317
-61316
-61311
-61310
-61309
-61308
-61307
-61306
-61305
-61304
-61303
-61299
-61298
-61297
-61296
-61289
-61287
-61286
-61285
-61283
-61282
-61281
-61280
-61279
-61278
-61264
-61260
-61259
-61258
-61257
-61256
-61255
-61254
-61249
-61248
-61247
-61240
-61237
-61236
-61235
-61230
-61227
-61226
-61225
-61217
-61216
-61215
-61211
-61199
-61193
-61180
-61177
-61176
-61173
-61172
-61166
-61153
-61152
-61151
-61150
-61141
-61140
-61139
-61134
-61133
-61132
-61131
-61130
-61125
-61124
-61123
-61122
-61110
-61109
-61098
-61089
-61088
-61076
-61075
-61074
-61068
-61067
-61066
-61057
-61056
-61055
-61049
-61047
-61046
-61040
-61035
-61026
-61023
-61022
-61021
-61019
-61014
-61009
-61008
-61007
-61006
-61005
-61004
-61003
-61002
-60998
-60996
-60995
-60990
-60989
-60985
-60984
-60983
-60977
-60976
-60975
-60974
-60973
-60972
-60971
-60970
-60969
-60964
-60963
-60962
-60959
-60953
-60950
-60945
-60944
-60943
-60942
-60941
-60940
-60936
-60935
-60934
-60931
-60929
-60928
-60927
-60921
-60920
-60912
-60907
-60904
-60900
-60899
-60897
-60896
-60895
-60885
-60884
-60879
-60878
-60875
-60874
-60873
-60863
-60858
-60850
-60840
-60839
-60837
-60825
-60824
-60823
-60816
-60815
-60809
-60801
-60800
-60799
-60786
-60784
-60775
-60774
-60766
-60765
-60764
-60762
-60755
-60749
-60731
-60721
-60720
-60719
-60714
-60711
-60710
-60709
-60696
-60695
-60690
-60689
-60688
-60679
-60672
-60669
-60668
-60659
-60651
-60648
-60643
-60642
-60641
-60634
-60626
-60624
-60621
-60606
-60605
-60604
-60600
-60595
-60585
-60584
-60577
-60576
-60575
-60566
-60565
-60564
-60555
-60545
-60544
-60543
-60542
-60535
-60534
-60533
-60522
-60521
-60516
-60515
-60514
-60513
-60512
-60511
-60508
-60500
-60498
-60497
-60489
-60480
-60479
-60478
-60477
-60467
-60466
-60465
-60462
-60461
-60459
-60456
-60448
-60447
-60446
-60445
-60423
-60421
-60417
-60416
-60415
-60414
-60398
-60396
-60395
-60394
-60393
-60392
-60391
-60390
-60385
-60384
-60383
-60382
-60375
-60372
-60368
-60357
-60354
-60353
-60352
-60351
-60348
-60347
-60336
-60335
-60311
-60310
-60309
-60291
-60282
-60270
-60269
-60264
-60263
-60258
-60256
-60247
-60240
-60237
-60236
-60235
-60233
-60227
-60225
-60224
-60223
-60222
-60217
-60216
-60215
-60214
-60213
-60212
-60211
-60207
-60203
-60199
-60198
-60197
-60193
-60192
-60191
-60190
-60189
-60188
-60183
-60182
-60181
-60180
-60179
-60171
-60170
-60169
-60168
-60165
-60164
-60163
-60162
-60161
-60160
-60159
-60158
-60157
-60152
-60151
-60150
-60149
-60148
-60144
-60143
-60142
-60141
-60140
-60139
-60138
-60137
-60133
-60130
-60129
-60128
-60127
-60126
-60125
-60124
-60123
-60122
-60118
-60117
-60116
-60114
-60102
-60097
-60096
-60095
-60094
-60088
-60071
-60065
-60064
-60063
-60061
-60060
-60059
-60049
-60039
-60038
-60037
-60027
-60026
-60025
-60024
-60017
-60016
-60015
-60014
-60013
-60011
-60005
-59983
-59978
-59977
-59976
-59975
-59961
-59955
-59940
-59939
-59937
-59936
-59935
-59934
-59925
-59924
-59923
-59914
-59913
-59905
-59904
-59903
-59902
-59901
-59891
-59881
-59873
-59872
-59871
-59870
-59849
-59841
-59840
-59839
-59829
-59809
-59808
-59807
-59806
-59804
-59796
-59793
-59792
-59791
-59787
-59780
-59778
-59777
-59776
-59775
-59768
-59755
-59754
-59753
-59752
-59743
-59732
-59731
-59730
-59729
-59728
-59724
-59723
-59721
-59720
-59719
-59709
-59708
-59707
-59706
-59705
-59703
-59697
-59681
-59680
-59679
-59675
-59670
-59669
-59664
-59661
-59660
-59653
-59649
-59648
-59647
-59645
-59644
-59643
-59640
-59639
-59638
-59631
-59629
-59619
-59618
-59617
-59616
-59615
-59614
-59609
-59605
-59600
-59599
-59598
-59597
-59596
-59595
-59594
-59593
-59592
-59589
-59586
-59585
-59584
-59583
-59582
-59577
-59576
-59570
-59556
-59555
-59554
-59545
-59543
-59535
-59534
-59533
-59532
-59531
-59528
-59524
-59523
-59522
-59521
-59520
-59519
-59514
-59513
-59512
-59503
-59502
-59501
-59500
-59499
-59498
-59493
-59492
-59491
-59490
-59489
-59488
-59487
-59486
-59483
-59478
-59477
-59476
-59474
-59473
-59472
-59471
-59470
-59469
-59468
-59467
-59466
-59463
-59460
-59459
-59456
-59455
-59454
-59451
-59450
-59445
-59444
-59443
-59434
-59430
-59429
-59428
-59419
-59415
-59409
-59408
-59407
-59400
-59399
-59398
-59391
-59388
-59387
-59385
-59384
-59367
-59365
-59363
-59362
-59361
-59360
-59352
-59346
-59345
-59334
-59328
-59325
-59323
-59313
-59312
-59311
-59303
-59301
-59286
-59285
-59284
-59283
-59281
-59280
-59279
-59278
-59277
-59275
-59274
-59273
-59272
-59271
-59269
-59268
-59267
-59248
-59247
-59240
-59239
-59238
-59237
-59233
-59232
-59231
-59227
-59226
-59225
-59222
-59220
-59219
-59218
-59217
-59216
-59214
-59213
-59209
-59202
-59200
-59199
-59198
-59187
-59184
-59179
-59178
-59177
-59169
-59168
-59164
-59163
-59162
-59161
-59160
-59148
-59147
-59137
-59136
-59135
-59133
-59132
-59131
-59122
-59115
-59114
-59103
-59093
-59085
-59084
-59081
-59079
-59073
-59071
-59070
-59069
-59064
-59063
-59059
-59058
-59052
-59051
-59049
-59048
-59047
-59040
-59039
-59037
-59031
-59028
-59025
-59024
-59023
-59013
-59010
-59004
-58995
-58994
-58993
-58989
-58984
-58974
-58971
-58968
-58967
-58965
-58950
-58949
-58948
-58947
-58944
-58943
-58939
-58938
-58931
-58926
-58925
-58924
-58919
-58916
-58915
-58912
-58907
-58905
-58900
-58896
-58895
-58894
-58893
-58891
-58883
-58880
-58879
-58878
-58873
-58872
-58871
-58869
-58861
-58859
-58850
-58833
-58816
-58815
-58813
-58812
-58811
-58806
-58801
-58800
-58799
-58798
-58788
-58787
-58784
-58777
-58776
-58775
-58765
-58764
-58763
-58754
-58752
-58751
-58750
-58743
-58742
-58741
-58740
-58739
-58729
-58727
-58718
-58716
-58715
-58714
-58712
-58707
-58703
-58697
-58696
-58695
-58685
-58683
-58679
-58675
-58674
-58671
-58670
-58661
-58660
-58659
-58655
-58652
-58651
-58630
-58626
-58622
-58621
-58620
-58619
-58609
-58608
-58607
-58606
-58604
-58596
-58595
-58590
-58586
-58572
-58571
-58560
-58559
-58558
-58553
-58549
-58548
-58547
-58546
-58545
-58539
-58537
-58536
-58535
-58534
-58533
-58531
-58529
-58528
-58527
-58526
-58520
-58515
-58514
-58513
-58506
-58504
-58500
-58499
-58498
-58497
-58496
-58477
-58476
-58475
-58466
-58465
-58464
-58463
-58454
-58443
-58439
-58433
-58432
-58431
-58428
-58427
-58425
-58424
-58422
-58421
-58416
-58415
-58410
-58401
-58400
-58397
-58396
-58395
-58392
-58391
-58383
-58380
-58379
-58378
-58377
-58376
-58369
-58368
-58367
-58366
-58357
-58356
-58355
-58354
-58344
-58343
-58342
-58341
-58338
-58337
-58336
-58335
-58320
-58319
-58318
-58317
-58316
-58315
-58314
-58313
-58312
-58311
-58310
-58309
-58305
-58304
-58300
-58296
-58295
-58292
-58291
-58289
-58282
-58281
-58280
-58279
-58278
-58277
-58272
-58270
-58269
-58268
-58267
-58265
-58255
-58254
-58253
-58249
-58248
-58247
-58245
-58241
-58240
-58238
-58232
-58224
-58218
-58217
-58212
-58211
-58210
-58201
-58199
-58191
-58190
-58189
-58188
-58187
-58179
-58177
-58176
-58175
-58174
-58173
-58170
-58168
-58167
-58166
-58165
-58164
-58163
-58158
-58156
-58155
-58154
-58153
-58152
-58149
-58147
-58146
-58145
-58144
-58143
-58142
-58141
-58140
-58139
-58138
-58137
-58136
-58135
-58134
-58133
-58132
-58131
-58130
-58129
-58128
-58127
-58126
-58125
-58124
-58123
-58122
-58121
-58120
-58119
-58118
-58117
-58116
-58115
-58114
-58113
-58112
-58110
-58109
-58108
-58107
-58106
-58105
-58104
-58102
-58101
-58100
-58099
-58098
-58097
-58096
-58095
-58094
-58093
-58092
-58091
-58090
-58087
-58086
-58085
-58081
-58080
-58079
-58078
-58077
-58076
-58069
-58067
-58066
-58065
-58064
-58063
-58062
-58058
-58056
-58055
-58045
-58044
-58043
-58036
-58034
-58033
-58032
-58031
-58030
-58026
-58025
-58024
-58023
-58022
-58021
-58018
-58017
-58016
-58015
-58014
-58013
-58012
-58010
-58009
-58008
-58007
-58003
-58002
-58001
-58000
-57998
-57996
-57988
-57981
-57980
-57978
-57970
-57960
-57959
-57958
-57953
-57949
-57939
-57938
-57937
-57935
-57926
-57925
-57920
-57919
-57918
-57917
-57916
-57915
-57914
-57908
-57907
-57906
-57905
-57904
-57903
-57902
-57901
-57897
-57896
-57895
-57886
-57883
-57882
-57880
-57879
-57878
-57876
-57875
-57868
-57867
-57866
-57865
-57864
-57863
-57860
-57857
-57856
-57855
-57838
-57835
-57834
-57833
-57828
-57827
-57826
-57820
-57819
-57818
-57816
-57815
-57813
-57810
-57809
-57808
-57806
-57805
-57804
-57799
-57797
-57796
-57795
-57794
-57793
-57792
-57791
-57784
-57783
-57780
-57779
-57772
-57771
-57770
-57768
-57753
-57752
-57750
-57743
-57729
-57728
-57725
-57724
-57723
-57722
-57721
-57720
-57719
-57717
-57716
-57715
-57708
-57707
-57706
-57705
-57701
-57695
-57693
-57687
-57686
-57685
-57684
-57683
-57682
-57681
-57680
-57679
-57675
-57673
-57666
-57663
-57662
-57661
-57651
-57650
-57640
-57638
-57637
-57636
-57629
-57627
-57618
-57617
-57598
-57596
-57586
-57585
-57584
-57583
-57581
-57580
-57579
-57576
-57575
-57574
-57573
-57572
-57568
-57565
-57564
-57563
-57562
-57561
-57552
-57551
-57546
-57545
-57542
-57541
-57540
-57536
-57535
-57530
-57528
-57527
-57522
-57521
-57520
-57519
-57518
-57517
-57516
-57515
-57510
-57509
-57508
-57507
-57506
-57505
-57500
-57499
-57498
-57497
-57496
-57495
-57494
-57491
-57486
-57485
-57476
-57475
-57474
-57465
-57464
-57462
-57459
-57458
-57457
-57456
-57455
-57454
-57453
-57452
-57451
-57450
-57448
-57444
-57442
-57438
-57435
-57432
-57431
-57430
-57420
-57419
-57407
-57402
-57400
-57398
-57393
-57392
-57387
-57385
-57377
-57376
-57375
-57372
-57371
-57370
-57368
-57366
-57365
-57361
-57356
-57354
-57351
-57350
-57349
-57348
-57347
-57346
-57345
-57344
-57343
-57342
-57341
-57340
-57339
-57338
-57336
-57332
-57331
-57330
-57329
-57328
-57327
-57326
-57324
-57321
-57318
-57317
-57313
-57312
-57311
-57309
-57308
-57299
-57295
-57288
-57287
-57286
-57280
-57277
-57276
-57274
-57273
-57272
-57270
-57267
-57266
-57261
-57260
-57259
-57256
-57246
-57233
-57232
-57229
-57225
-57222
-57221
-57218
-57204
-57200
-57194
-57189
-57179
-57178
-57177
-57167
-57164
-57156
-57155
-57141
-57138
-57137
-57136
-57135
-57134
-57133
-57132
-57128
-57127
-57126
-57125
-57124
-57123
-57122
-57121
-57120
-57119
-57118
-57116
-57115
-57114
-57113
-57112
-57111
-57110
-57109
-57108
-57107
-57106
-57105
-57104
-57103
-57102
-57101
-57100
-57099
-57098
-57097
-57096
-57095
-57094
-57093
-57092
-57091
-57090
-57086
-57085
-57084
-57083
-57082
-57081
-57080
-57079
-57078
-57077
-57075
-57074
-57073
-57072
-57071
-57070
-57069
-57068
-57067
-57065
-57064
-57063
-57057
-57052
-57051
-57050
-57049
-57048
-57047
-57046
-57045
-57044
-57042
-57041
-57040
-57039
-57038
-57037
-57036
-57035
-57029
-57025
-57024
-57023
-57015
-57013
-57010
-57009
-57008
-57003
-57002
-57001
-56994
-56993
-56991
-56980
-56979
-56978
-56977
-56976
-56969
-56965
-56960
-56959
-56958
-56957
-56956
-56952
-56951
-56950
-56948
-56947
-56946
-56945
-56944
-56943
-56942
-56941
-56939
-56938
-56937
-56936
-56935
-56934
-56933
-56932
-56931
-56930
-56929
-56927
-56925
-56924
-56923
-56922
-56921
-56920
-56917
-56916
-56915
-56914
-56913
-56912
-56911
-56910
-56909
-56908
-56907
-56906
-56905
-56904
-56903
-56902
-56901
-56900
-56899
-56898
-56897
-56896
-56895
-56894
-56893
-56892
-56891
-56890
-56889
-56888
-56887
-56886
-56885
-56884
-56883
-56882
-56881
-56880
-56878
-56877
-56876
-56875
-56874
-56873
-56872
-56871
-56870
-56869
-56868
-56867
-56866
-56865
-56864
-56863
-56862
-56861
-56860
-56859
-56858
-56857
-56856
-56853
-56852
-56850
-56849
-56848
-56847
-56841
-56840
-56839
-56838
-56837
-56836
-56834
-56833
-56829
-56828
-56826
-56825
-56819
-56818
-56817
-56816
-56815
-56814
-56813
-56810
-56809
-56808
-56807
-56806
-56805
-56804
-56803
-56802
-56801
-56800
-56799
-56798
-56797
-56795
-56794
-56793
-56791
-56790
-56785
-56784
-56783
-56782
-56781
-56772
-56771
-56770
-56769
-56768
-56767
-56766
-56765
-56764
-56763
-56761
-56760
-56759
-56758
-56757
-56756
-56745
-56730
-56721
-56716
-56712
-56705
-56700
-56699
-56698
-56696
-56695
-56694
-56693
-56691
-56689
-56687
-56686
-56685
-56683
-56679
-56672
-56671
-56670
-56668
-56667
-56661
-56658
-56653
-56650
-56640
-56639
-56636
-56635
-56634
-56633
-56632
-56629
-56628
-56627
-56625
-56624
-56623
-56622
-56621
-56620
-56619
-56618
-56617
-56616
-56615
-56614
-56610
-56609
-56608
-56607
-56606
-56605
-56598
-56595
-56592
-56591
-56590
-56581
-56579
-56573
-56568
-56567
-56566
-56561
-56557
-56553
-56545
-56544
-56543
-56540
-56532
-56531
-56520
-56519
-56518
-56513
-56511
-56510
-56509
-56500
-56496
-56495
-56494
-56491
-56490
-56489
-56488
-56486
-56485
-56474
-56472
-56469
-56465
-56460
-56448
-56447
-56444
-56442
-56441
-56440
-56439
-56438
-56436
-56433
-56431
-56430
-56429
-56427
-56421
-56420
-56419
-56409
-56407
-56406
-56400
-56399
-56398
-56395
-56394
-56393
-56392
-56389
-56386
-56385
-56376
-56375
-56374
-56373
-56371
-56370
-56369
-56365
-56364
-56363
-56352
-56350
-56349
-56342
-56340
-56339
-56331
-56328
-56321
-56320
-56319
-56318
-56309
-56304
-56303
-56298
-56280
-56276
-56265
-56259
-56256
-56255
-56254
-56253
-56243
-56238
-56236
-56235
-56234
-56233
-56232
-56231
-56224
-56221
-56216
-56215
-56214
-56212
-56211
-56210
-56209
-56201
-56199
-56196
-56195
-56194
-56190
-56188
-56186
-56185
-56178
-56177
-56176
-56175
-56174
-56173
-56172
-56171
-56166
-56165
-56164
-56163
-56162
-56160
-56159
-56158
-56157
-56154
-56153
-56152
-56151
-56150
-56149
-56144
-56136
-56135
-56134
-56133
-56132
-56131
-56129
-56128
-56127
-56122
-56121
-56120
-56118
-56117
-56112
-56111
-56100
-56099
-56098
-56097
-56096
-56095
-56094
-56093
-56091
-56090
-56089
-56088
-56087
-56086
-56085
-56083
-56082
-56081
-56076
-56075
-56070
-56069
-56068
-56067
-56066
-56064
-56063
-56062
-56060
-56059
-56050
-56049
-56048
-56039
-56036
-56034
-56033
-56032
-56031
-56030
-56029
-56028
-56027
-56026
-56025
-56024
-56023
-56019
-56018
-56017
-56016
-56015
-56012
-56007
-56006
-56005
-56004
-56003
-56000
-55999
-55994
-55990
-55986
-55985
-55982
-55981
-55980
-55971
-55968
-55967
-55966
-55965
-55964
-55960
-55959
-55958
-55957
-55948
-55946
-55937
-55936
-55935
-55934
-55933
-55926
-55925
-55924
-55920
-55916
-55913
-55912
-55911
-55905
-55904
-55903
-55902
-55896
-55895
-55894
-55893
-55892
-55891
-55890
-55889
-55888
-55887
-55886
-55885
-55884
-55883
-55882
-55881
-55880
-55879
-55878
-55877
-55873
-55872
-55871
-55870
-55869
-55868
-55867
-55866
-55865
-55862
-55859
-55858
-55856
-55855
-55854
-55853
-55852
-55851
-55850
-55849
-55848
-55847
-55846
-55845
-55844
-55842
-55841
-55840
-55839
-55838
-55837
-55836
-55835
-55834
-55833
-55832
-55830
-55829
-55828
-55826
-55825
-55824
-55823
-55822
-55818
-55814
-55811
-55809
-55808
-55807
-55806
-55803
-55797
-55790
-55788
-55787
-55786
-55785
-55784
-55783
-55781
-55780
-55779
-55778
-55777
-55776
-55775
-55774
-55773
-55772
-55771
-55770
-55769
-55768
-55767
-55766
-55765
-55764
-55763
-55762
-55761
-55760
-55757
-55755
-55754
-55753
-55752
-55751
-55750
-55749
-55748
-55746
-55745
-55744
-55743
-55742
-55741
-55734
-55728
-55727
-55726
-55719
-55713
-55712
-55711
-55710
-55709
-55706
-55705
-55702
-55701
-55700
-55692
-55691
-55688
-55682
-55681
-55680
-55679
-55678
-55677
-55676
-55671
-55670
-55668
-55667
-55665
-55664
-55663
-55661
-55660
-55658
-55649
-55648
-55647
-55638
-55616
-55595
-55585
-55584
-55583
-55575
-55574
-55573
-55571
-55570
-55569
-55568
-55553
-55552
-55551
-55550
-55544
-55535
-55534
-55533
-55532
-55531
-55530
-55529
-55524
-55522
-55521
-55520
-55518
-55517
-55511
-55503
-55502
-55491
-55490
-55489
-55488
-55487
-55486
-55485
-55484
-55482
-55481
-55457
-55456
-55455
-55449
-55440
-55439
-55438
-55436
-55431
-55430
-55429
-55422
-55421
-55420
-55419
-55418
-55408
-55407
-55406
-55405
-55404
-55403
-55402
-55401
-55399
-55398
-55397
-55396
-55393
-55392
-55391
-55390
-55384
-55383
-55382
-55377
-55376
-55374
-55373
-55363
-55361
-55360
-55359
-55356
-55352
-55351
-55349
-55328
-55318
-55317
-55316
-55315
-55314
-55305
-55290
-55289
-55287
-55286
-55285
-55284
-55283
-55282
-55281
-55264
-55263
-55260
-55250
-55249
-55242
-55226
-55223
-55221
-55220
-55218
-55217
-55216
-55215
-55214
-55212
-55211
-55210
-55209
-55207
-55206
-55205
-55204
-55202
-55201
-55200
-55195
-55188
-55187
-55176
-55175
-55167
-55166
-55154
-55149
-55148
-55147
-55146
-55143
-55132
-55131
-55125
-55115
-55114
-55113
-55110
-55104
-55103
-55102
-55088
-55080
-55073
-55072
-55071
-55066
-55062
-55061
-55056
-55044
-55040
-55039
-55038
-55031
-55029
-55028
-55027
-55026
-55011
-54999
-54992
-54990
-54989
-54988
-54987
-54986
-54984
-54980
-54979
-54978
-54957
-54945
-54944
-54943
-54936
-54935
-54923
-54919
-54918
-54917
-54915
-54912
-54910
-54902
-54901
-54900
-54899
-54893
-54892
-54891
-54890
-54889
-54888
-54887
-54882
-54881
-54880
-54879
-54878
-54873
-54872
-54869
-54868
-54857
-54855
-54852
-54824
-54810
-54809
-54805
-54796
-54795
-54789
-54779
-54778
-54774
-54769
-54768
-54767
-54756
-54755
-54753
-54747
-54746
-54741
-54740
-54739
-54734
-54726
-54725
-54719
-54714
-54684
-54683
-54674
-54672
-54666
-54663
-54657
-54656
-54655
-54648
-54647
-54646
-54625
-54622
-54620
-54600
-54599
-54598
-54589
-54579
-54578
-54570
-54569
-54560
-54559
-54558
-54544
-54538
-54537
-54536
-54534
-54522
-54516
-54515
-54495
-54494
-54488
-54487
-54483
-54475
-54474
-54472
-54455
-54453
-54450
-54441
-54435
-54434
-54433
-54432
-54431
-54430
-54429
-54428
-54425
-54423
-54421
-54414
-54412
-54411
-54408
-54407
-54404
-54395
-54391
-54384
-54383
-54382
-54379
-54374
-54369
-54368
-54365
-54348
-54339
-54332
-54327
-54326
-54323
-54320
-54317
-54311
-54306
-54305
-54299
-54296
-54290
-54288
-54287
-54286
-54285
-54284
-54283
-54281
-54280
-54275
-54274
-54264
-54263
-54262
-54261
-54257
-54256
-54253
-54252
-54251
-54249
-54248
-54247
-54243
-54242
-54238
-54234
-54233
-54232
-54230
-54223
-54222
-54219
-54218
-54210
-54209
-54208
-54207
-54201
-54197
-54188
-54187
-54186
-54177
-54171
-54168
-54161
-54160
-54159
-54157
-54156
-54150
-54144
-54131
-54126
-54125
-54120
-54119
-54118
-54110
-54109
-54108
-54098
-54097
-54096
-54095
-54094
-54093
-54084
-54074
-54064
-54063
-54054
-54053
-54052
-54047
-54044
-54043
-54041
-54035
-54034
-54033
-54032
-54031
-54030
-54029
-54024
-54023
-54021
-54020
-54016
-54012
-54011
-54002
-54001
-53999
-53997
-53996
-53991
-53989
-53988
-53987
-53985
-53984
-53983
-53982
-53977
-53971
-53970
-53969
-53967
-53966
-53965
-53964
-53963
-53960
-53955
-53946
-53945
-53944
-53943
-53940
-53939
-53935
-53933
-53928
-53927
-53924
-53922
-53921
-53911
-53909
-53904
-53901
-53900
-53899
-53893
-53892
-53891
-53889
-53879
-53878
-53877
-53875
-53874
-53873
-53872
-53871
-53870
-53869
-53867
-53865
-53864
-53856
-53851
-53847
-53844
-53841
-53834
-53833
-53832
-53824
-53823
-53822
-53812
-53808
-53807
-53802
-53801
-53800
-53792
-53791
-53790
-53789
-53788
-53779
-53774
-53768
-53767
-53761
-53760
-53759
-53754
-53753
-53751
-53750
-53749
-53744
-53735
-53725
-53724
-53723
-53717
-53715
-53714
-53713
-53711
-53710
-53709
-53703
-53702
-53701
-53700
-53696
-53691
-53690
-53689
-53681
-53680
-53679
-53675
-53669
-53664
-53663
-53662
-53661
-53660
-53659
-53658
-53657
-53656
-53655
-53654
-53653
-53652
-53649
-53648
-53647
-53646
-53637
-53636
-53635
-53634
-53632
-53630
-53628
-53627
-53625
-53624
-53623
-53622
-53616
-53614
-53607
-53606
-53603
-53598
-53592
-53591
-53590
-53584
-53571
-53570
-53569
-53559
-53558
-53548
-53547
-53537
-53536
-53535
-53528
-53527
-53526
-53525
-53524
-53519
-53515
-53505
-53504
-53503
-53502
-53493
-53482
-53481
-53473
-53472
-53471
-53470
-53466
-53461
-53460
-53459
-53458
-53457
-53455
-53454
-53453
-53452
-53451
-53450
-53449
-53448
-53447
-53444
-53441
-53440
-53439
-53438
-53437
-53436
-53427
-53424
-53423
-53419
-53418
-53417
-53416
-53408
-53405
-53403
-53395
-53394
-53393
-53383
-53381
-53380
-53373
-53372
-53371
-53361
-53360
-53351
-53350
-53349
-53339
-53331
-53330
-53329
-53328
-53327
-53326
-53325
-53317
-53315
-53314
-53313
-53307
-53306
-53305
-53298
-53295
-53286
-53285
-53284
-53283
-53282
-53275
-53273
-53262
-53248
-53234
-53218
-53214
-53210
-53207
-53200
-53197
-53196
-53195
-53192
-53185
-53174
-53163
-53160
-53130
-53129
-53120
-53108
-53104
-53099
-53097
-53089
-53088
-53087
-53086
-53083
-53079
-53075
-53071
-53070
-53069
-53065
-53064
-53063
-53062
-53055
-53053
-53046
-53042
-53040
-53012
-53001
-52998
-52983
-52982
-52977
-52976
-52975
-52974
-52973
-52965
-52964
-52962
-52949
-52948
-52943
-52940
-52938
-52937
-52936
-52935
-52923
-52920
-52919
-52918
-52916
-52909
-52899
-52898
-52890
-52889
-52888
-52886
-52885
-52884
-52878
-52877
-52875
-52874
-52873
-52871
-52866
-52865
-52864
-52863
-52862
-52861
-52857
-52856
-52854
-52852
-52851
-52848
-52846
-52845
-52844
-52843
-52842
-52841
-52840
-52839
-52838
-52837
-52836
-52835
-52834
-52833
-52832
-52831
-52830
-52829
-52828
-52827
-52825
-52824
-52823
-52821
-52819
-52817
-52816
-52815
-52814
-52813
-52809
-52808
-52807
-52806
-52805
-52804
-52803
-52801
-52799
-52794
-52793
-52785
-52781
-52780
-52779
-52774
-52773
-52767
-52766
-52765
-52753
-52752
-52751
-52745
-52741
-52735
-52734
-52733
-52731
-52730
-52725
-52717
-52716
-52710
-52701
-52689
-52679
-52677
-52676
-52675
-52672
-52671
-52670
-52668
-52667
-52663
-52650
-52649
-52647
-52646
-52645
-52644
-52643
-52642
-52641
-52640
-52639
-52638
-52637
-52636
-52633
-52632
-52630
-52629
-52628
-52627
-52626
-52625
-52613
-52611
-52609
-52608
-52607
-52606
-52605
-52602
-52598
-52587
-52582
-52577
-52576
-52575
-52555
-52538
-52535
-52533
-52528
-52520
-52506
-52505
-52504
-52500
-52499
-52488
-52487
-52485
-52480
-52479
-52470
-52464
-52461
-52460
-52459
-52441
-52440
-52439
-52437
-52430
-52429
-52428
-52425
-52417
-52416
-52415
-52414
-52405
-52404
-52403
-52395
-52394
-52391
-52385
-52384
-52383
-52379
-52375
-52371
-52353
-52352
-52350
-52343
-52341
-52339
-52338
-52337
-52335
-52334
-52333
-52331
-52329
-52328
-52327
-52326
-52325
-52323
-52322
-52321
-52320
-52319
-52318
-52317
-52316
-52315
-52314
-52313
-52312
-52311
-52310
-52309
-52308
-52307
-52305
-52304
-52301
-52300
-52299
-52298
-52297
-52296
-52295
-52293
-52292
-52291
-52290
-52289
-52288
-52287
-52285
-52284
-52283
-52281
-52280
-52279
-52278
-52274
-52273
-52272
-52271
-52269
-52263
-52253
-52251
-52248
-52216
-52206
-52205
-52204
-52203
-52199
-52193
-52192
-52191
-52190
-52185
-52182
-52181
-52175
-52170
-52169
-52168
-52164
-52163
-52160
-52159
-52143
-52142
-52127
-52122
-52107
-52101
-52096
-52092
-52091
-52081
-52080
-52079
-52078
-52072
-52071
-52070
-52068
-52067
-52064
-52063
-52062
-52061
-52038
-52037
-52033
-52032
-52031
-52030
-52029
-52028
-52026
-52025
-52024
-52023
-52022
-52021
-52020
-52019
-52018
-52017
-52016
-52015
-52014
-52013
-52012
-52011
-52010
-52007
-52006
-52005
-52004
-52003
-52002
-52001
-52000
-51999
-51998
-51997
-51996
-51995
-51994
-51993
-51992
-51991
-51990
-51989
-51987
-51986
-51985
-51984
-51982
-51981
-51980
-51975
-51972
-51971
-51970
-51968
-51967
-51966
-51961
-51959
-51953
-51952
-51948
-51947
-51946
-51942
-51932
-51931
-51930
-51928
-51921
-51912
-51909
-51906
-51905
-51904
-51899
-51898
-51897
-51890
-51887
-51885
-51884
-51883
-51879
-51878
-51877
-51876
-51875
-51874
-51873
-51870
-51869
-51868
-51867
-51865
-51864
-51863
-51862
-51860
-51859
-51856
-51855
-51854
-51853
-51851
-51850
-51848
-51844
-51843
-51842
-51841
-51840
-51839
-51838
-51836
-51835
-51834
-51833
-51832
-51831
-51830
-51829
-51828
-51827
-51826
-51824
-51820
-51819
-51809
-51808
-51807
-51803
-51801
-51796
-51795
-51794
-51788
-51785
-51783
-51782
-51775
-51772
-51766
-51765
-51758
-51756
-51750
-51745
-51744
-51743
-51731
-51726
-51722
-51717
-51711
-51702
-51681
-51680
-51678
-51675
-51662
-51661
-51660
-51659
-51658
-51657
-51656
-51645
-51639
-51638
-51636
-51633
-51632
-51631
-51623
-51612
-51606
-51597
-51596
-51584
-51579
-51578
-51577
-51576
-51575
-51574
-51573
-51566
-51565
-51564
-51562
-51555
-51554
-51553
-51552
-51551
-51549
-51545
-51542
-51540
-51536
-51535
-51534
-51533
-51532
-51531
-51530
-51527
-51525
-51524
-51522
-51521
-51520
-51519
-51518
-51517
-51516
-51515
-51513
-51512
-51510
-51509
-51508
-51507
-51506
-51497
-51492
-51491
-51490
-51485
-51484
-51483
-51481
-51480
-51471
-51470
-51460
-51458
-51457
-51456
-51455
-51454
-51452
-51450
-51441
-51436
-51435
-51434
-51428
-51426
-51425
-51422
-51414
-51413
-51412
-51408
-51407
-51406
-51404
-51403
-51397
-51393
-51392
-51391
-51387
-51386
-51381
-51373
-51370
-51366
-51362
-51360
-51359
-51358
-51349
-51348
-51345
-51344
-51324
-51323
-51308
-51303
-51297
-51296
-51295
-51290
-51282
-51281
-51264
-51263
-51261
-51246
-51245
-51243
-51242
-51241
-51240
-51239
-51238
-51237
-51236
-51235
-51234
-51233
-51232
-51231
-51230
-51227
-51225
-51224
-51222
-51221
-51219
-51218
-51217
-51216
-51215
-51212
-51211
-51207
-51206
-51205
-51204
-51203
-51202
-51201
-51200
-51199
-51198
-51197
-51196
-51195
-51194
-51193
-51192
-51191
-51188
-51184
-51183
-51182
-51181
-51177
-51176
-51175
-51174
-51173
-51172
-51171
-51170
-51169
-51168
-51167
-51166
-51161
-51156
-51155
-51154
-51152
-51151
-51150
-51149
-51145
-51139
-51137
-51136
-51135
-51134
-51128
-51127
-51124
-51122
-51118
-51114
-51113
-51106
-51105
-51104
-51103
-51102
-51093
-51092
-51091
-51084
-51083
-51082
-51079
-51078
-51077
-51073
-51072
-51071
-51067
-51066
-51065
-51064
-51062
-51055
-51054
-51051
-51050
-51048
-51047
-51044
-51041
-51039
-51038
-51036
-51035
-51034
-51032
-51031
-51030
-51029
-51028
-51027
-51026
-51025
-51024
-51023
-51022
-51021
-51020
-51019
-51018
-51017
-51013
-51012
-51011
-51009
-51008
-50997
-50996
-50995
-50994
-50993
-50992
-50988
-50987
-50984
-50983
-50980
-50975
-50967
-50966
-50965
-50964
-50963
-50962
-50960
-50956
-50952
-50949
-50946
-50945
-50944
-50941
-50935
-50933
-50931
-50930
-50929
-50925
-50924
-50921
-50919
-50918
-50915
-50912
-50911
-50910
-50909
-50908
-50907
-50906
-50905
-50904
-50903
-50902
-50901
-50900
-50897
-50895
-50894
-50893
-50892
-50891
-50887
-50886
-50885
-50883
-50882
-50875
-50874
-50864
-50862
-50861
-50860
-50853
-50851
-50848
-50841
-50840
-50832
-50831
-50821
-50820
-50819
-50813
-50809
-50799
-50798
-50792
-50787
-50786
-50785
-50784
-50783
-50778
-50777
-50760
-50759
-50758
-50757
-50754
-50753
-50752
-50751
-50750
-50749
-50747
-50737
-50736
-50735
-50733
-50732
-50721
-50720
-50719
-50718
-50717
-50716
-50715
-50714
-50713
-50712
-50707
-50706
-50704
-50699
-50694
-50693
-50692
-50688
-50677
-50676
-50675
-50673
-50672
-50654
-50652
-50651
-50650
-50648
-50641
-50640
-50635
-50634
-50633
-50631
-50630
-50624
-50622
-50611
-50610
-50601
-50600
-50599
-50595
-50594
-50593
-50589
-50588
-50579
-50576
-50575
-50568
-50567
-50561
-50554
-50553
-50552
-50551
-50545
-50544
-50543
-50536
-50535
-50534
-50526
-50520
-50517
-50513
-50512
-50511
-50508
-50505
-50502
-50501
-50496
-50484
-50479
-50469
-50468
-50467
-50463
-50457
-50442
-50440
-50437
-50436
-50435
-50430
-50429
-50428
-50421
-50411
-50407
-50406
-50405
-50404
-50403
-50401
-50400
-50399
-50398
-50397
-50396
-50387
-50386
-50385
-50384
-50379
-50376
-50375
-50374
-50365
-50358
-50357
-50349
-50348
-50347
-50346
-50345
-50337
-50336
-50328
-50316
-50306
-50301
-50300
-50299
-50298
-50292
-50288
-50281
-50280
-50279
-50274
-50273
-50267
-50264
-50253
-50232
-50231
-50225
-50220
-50219
-50211
-50208
-50204
-50198
-50197
-50196
-50195
-50189
-50187
-50186
-50185
-50184
-50183
-50182
-50181
-50180
-50177
-50176
-50175
-50162
-50160
-50143
-50142
-50141
-50140
-50135
-50134
-50133
-50132
-50130
-50127
-50126
-50123
-50120
-50117
-50116
-50115
-50112
-50111
-50106
-50105
-50096
-50095
-50094
-50093
-50088
-50087
-50083
-50076
-50075
-50064
-50061
-50060
-50057
-50055
-50040
-50039
-50037
-50022
-50021
-50020
-50019
-50007
-50004
-50003
-49980
-49979
-49973
-49972
-49971
-49959
-49958
-49955
-49952
-49944
-49941
-49938
-49937
-49936
-49932
-49931
-49930
-49924
-49920
-49898
-49896
-49895
-49894
-49893
-49884
-49883
-49877
-49875
-49874
-49861
-49848
-49847
-49846
-49845
-49841
-49840
-49839
-49838
-49833
-49832
-49823
-49821
-49820
-49819
-49818
-49817
-49816
-49815
-49814
-49813
-49812
-49811
-49810
-49809
-49808
-49807
-49806
-49805
-49800
-49797
-49796
-49791
-49790
-49789
-49786
-49783
-49782
-49781
-49780
-49779
-49778
-49777
-49776
-49775
-49774
-49773
-49770
-49769
-49767
-49766
-49765
-49764
-49763
-49761
-49758
-49755
-49754
-49753
-49752
-49751
-49749
-49743
-49742
-49741
-49740
-49739
-49738
-49737
-49736
-49735
-49734
-49733
-49732
-49731
-49730
-49729
-49728
-49727
-49725
-49724
-49721
-49720
-49719
-49716
-49710
-49709
-49705
-49704
-49703
-49702
-49701
-49698
-49692
-49691
-49690
-49686
-49678
-49671
-49665
-49654
-49643
-49632
-49631
-49630
-49622
-49616
-49602
-49601
-49600
-49599
-49595
-49591
-49590
-49588
-49584
-49581
-49580
-49579
-49572
-49571
-49570
-49569
-49568
-49567
-49566
-49560
-49559
-49558
-49555
-49549
-49544
-49543
-49539
-49538
-49537
-49535
-49533
-49532
-49531
-49525
-49518
-49512
-49507
-49504
-49501
-49500
-49499
-49496
-49493
-49478
-49476
-49475
-49474
-49473
-49467
-49466
-49465
-49455
-49454
-49453
-49452
-49449
-49448
-49447
-49446
-49445
-49444
-49443
-49442
-49441
-49440
-49439
-49437
-49436
-49435
-49434
-49433
-49432
-49431
-49430
-49429
-49428
-49427
-49426
-49425
-49424
-49423
-49419
-49417
-49416
-49415
-49414
-49413
-49412
-49411
-49410
-49409
-49408
-49407
-49406
-49405
-49404
-49403
-49402
-49401
-49400
-49399
-49398
-49396
-49395
-49394
-49393
-49392
-49391
-49390
-49389
-49387
-49386
-49381
-49379
-49378
-49377
-49371
-49370
-49369
-49368
-49367
-49366
-49365
-49364
-49361
-49360
-49359
-49358
-49357
-49356
-49355
-49354
-49350
-49349
-49348
-49347
-49343
-49339
-49335
-49329
-49328
-49323
-49322
-49308
-49302
-49289
-49288
-49287
-49281
-49280
-49279
-49267
-49266
-49265
-49258
-49257
-49255
-49249
-49248
-49247
-49246
-49245
-49244
-49243
-49234
-49229
-49228
-49224
-49223
-49217
-49216
-49215
-49209
-49206
-49203
-49201
-49200
-49199
-49198
-49197
-49193
-49192
-49191
-49190
-49182
-49181
-49175
-49173
-49172
-49171
-49168
-49166
-49162
-49161
-49160
-49154
-49153
-49152
-49151
-49140
-49139
-49138
-49136
-49135
-49134
-49129
-49125
-49122
-49121
-49120
-49119
-49118
-49115
-49114
-49113
-49112
-49111
-49105
-49104
-49103
-49102
-49098
-49093
-49089
-49088
-49087
-49086
-49085
-49077
-49076
-49075
-49070
-49067
-49065
-49063
-49062
-49061
-49057
-49056
-49055
-49049
-49047
-49046
-49045
-49044
-49043
-49042
-49041
-49035
-49032
-49028
-49025
-49023
-49014
-49013
-49005
-48996
-48995
-48994
-48993
-48988
-48983
-48980
-48973
-48972
-48971
-48960
-48959
-48953
-48947
-48945
-48944
-48943
-48936
-48935
-48934
-48930
-48928
-48926
-48924
-48923
-48922
-48912
-48909
-48906
-48905
-48904
-48903
-48901
-48900
-48899
-48888
-48882
-48881
-48880
-48879
-48878
-48877
-48876
-48875
-48874
-48873
-48870
-48869
-48868
-48867
-48866
-48865
-48864
-48863
-48862
-48859
-48858
-48857
-48855
-48854
-48853
-48852
-48851
-48849
-48846
-48840
-48839
-48838
-48836
-48832
-48831
-48830
-48829
-48828
-48827
-48826
-48825
-48824
-48823
-48822
-48821
-48820
-48819
-48818
-48817
-48816
-48815
-48814
-48813
-48812
-48811
-48810
-48809
-48808
-48806
-48805
-48804
-48803
-48801
-48800
-48799
-48798
-48797
-48796
-48795
-48794
-48793
-48792
-48791
-48790
-48789
-48788
-48787
-48786
-48785
-48784
-48783
-48782
-48781
-48780
-48779
-48778
-48777
-48776
-48775
-48774
-48773
-48772
-48771
-48770
-48769
-48768
-48767
-48766
-48765
-48764
-48763
-48762
-48761
-48760
-48759
-48758
-48757
-48756
-48755
-48754
-48753
-48752
-48751
-48750
-48749
-48748
-48747
-48746
-48745
-48744
-48743
-48742
-48741
-48740
-48739
-48735
-48732
-48731
-48723
-48722
-48721
-48720
-48719
-48718
-48714
-48709
-48708
-48707
-48706
-48699
-48697
-48696
-48695
-48694
-48688
-48684
-48683
-48679
-48678
-48677
-48675
-48673
-48672
-48671
-48670
-48669
-48664
-48661
-48660
-48659
-48648
-48647
-48646
-48645
-48644
-48643
-48640
-48639
-48636
-48635
-48634
-48625
-48624
-48623
-48622
-48615
-48612
-48611
-48609
-48608
-48607
-48601
-48600
-48599
-48598
-48596
-48595
-48594
-48593
-48589
-48585
-48584
-48581
-48580
-48579
-48577
-48576
-48575
-48573
-48570
-48564
-48563
-48556
-48555
-48552
-48551
-48547
-48546
-48545
-48540
-48537
-48531
-48530
-48528
-48519
-48510
-48509
-48506
-48496
-48492
-48491
-48489
-48488
-48479
-48476
-48475
-48474
-48471
-48470
-48469
-48465
-48464
-48463
-48460
-48447
-48446
-48444
-48438
-48437
-48426
-48399
-48396
-48392
-48385
-48384
-48383
-48373
-48363
-48361
-48360
-48359
-48348
-48347
-48346
-48345
-48344
-48339
-48338
-48336
-48321
-48320
-48314
-48312
-48300
-48290
-48289
-48288
-48282
-48279
-48272
-48265
-48258
-48257
-48239
-48236
-48231
-48217
-48216
-48215
-48214
-48208
-48204
-48196
-48195
-48194
-48190
-48165
-48164
-48163
-48158
-48157
-48150
-48149
-48146
-48144
-48132
-48131
-48127
-48126
-48125
-48114
-48113
-48112
-48103
-48096
-48095
-48092
-48086
-48085
-48084
-48081
-48080
-48076
-48069
-48068
-48060
-48048
-48047
-48046
-48042
-48037
-48027
-48026
-48024
-48023
-48012
-48006
-48000
-47990
-47988
-47978
-47972
-47971
-47970
-47969
-47968
-47967
-47966
-47965
-47964
-47948
-47946
-47943
-47937
-47936
-47927
-47916
-47915
-47913
-47908
-47907
-47895
-47894
-47893
-47892
-47891
-47890
-47889
-47883
-47880
-47879
-47878
-47872
-47871
-47869
-47853
-47852
-47850
-47849
-47848
-47846
-47844
-47843
-47840
-47838
-47837
-47829
-47828
-47825
-47824
-47823
-47817
-47816
-47815
-47814
-47806
-47796
-47795
-47790
-47789
-47788
-47786
-47785
-47784
-47775
-47774
-47766
-47754
-47753
-47751
-47747
-47746
-47733
-47729
-47724
-47723
-47722
-47719
-47718
-47717
-47713
-47712
-47711
-47709
-47708
-47707
-47702
-47700
-47699
-47691
-47690
-47689
-47685
-47682
-47680
-47678
-47671
-47670
-47669
-47664
-47663
-47656
-47652
-47651
-47650
-47649
-47646
-47635
-47628
-47627
-47625
-47616
-47615
-47614
-47613
-47612
-47611
-47610
-47607
-47605
-47602
-47601
-47600
-47592
-47591
-47586
-47585
-47583
-47582
-47581
-47580
-47579
-47578
-47577
-47565
-47564
-47563
-47559
-47556
-47555
-47554
-47553
-47552
-47545
-47544
-47543
-47542
-47538
-47533
-47531
-47528
-47524
-47523
-47522
-47521
-47520
-47519
-47518
-47517
-47516
-47513
-47510
-47509
-47508
-47507
-47504
-47503
-47502
-47501
-47500
-47499
-47498
-47497
-47495
-47494
-47493
-47492
-47490
-47489
-47488
-47487
-47486
-47484
-47483
-47481
-47480
-47474
-47472
-47471
-47470
-47465
-47463
-47461
-47460
-47459
-47458
-47454
-47449
-47448
-47447
-47439
-47438
-47435
-47424
-47418
-47397
-47390
-47389
-47388
-47387
-47386
-47385
-47384
-47360
-47355
-47354
-47348
-47347
-47346
-47339
-47337
-47336
-47335
-47334
-47333
-47327
-47322
-47313
-47312
-47311
-47300
-47294
-47292
-47290
-47289
-47278
-47268
-47267
-47266
-47264
-47259
-47258
-47257
-47256
-47255
-47254
-47253
-47252
-47251
-47250
-47249
-47248
-47247
-47246
-47245
-47244
-47243
-47242
-47235
-47234
-47233
-47232
-47231
-47230
-47229
-47228
-47223
-47219
-47215
-47214
-47208
-47201
-47200
-47199
-47196
-47195
-47190
-47187
-47186
-47183
-47182
-47175
-47170
-47169
-47168
-47167
-47166
-47165
-47164
-47163
-47162
-47161
-47160
-47159
-47158
-47157
-47156
-47155
-47154
-47153
-47152
-47151
-47149
-47147
-47146
-47145
-47144
-47143
-47140
-47135
-47134
-47133
-47125
-47124
-47123
-47122
-47121
-47120
-47119
-47108
-47103
-47095
-47091
-47088
-47087
-47082
-47077
-47061
-47060
-47058
-47052
-47047
-47040
-47039
-47038
-47036
-47034
-47029
-47028
-47026
-47024
-47019
-47018
-47000
-46999
-46998
-46996
-46993
-46992
-46991
-46990
-46989
-46982
-46981
-46980
-46979
-46978
-46976
-46975
-46974
-46970
-46956
-46955
-46954
-46950
-46945
-46935
-46934
-46929
-46928
-46927
-46914
-46909
-46904
-46900
-46899
-46898
-46897
-46896
-46895
-46894
-46892
-46889
-46886
-46885
-46876
-46872
-46871
-46866
-46865
-46864
-46863
-46862
-46861
-46860
-46859
-46858
-46855
-46851
-46849
-46848
-46847
-46845
-46827
-46823
-46818
-46817
-46816
-46815
-46809
-46805
-46800
-46799
-46786
-46784
-46775
-46767
-46766
-46751
-46741
-46740
-46739
-46738
-46736
-46735
-46734
-46731
-46729
-46728
-46727
-46726
-46725
-46720
-46709
-46707
-46706
-46705
-46704
-46703
-46702
-46701
-46695
-46692
-46690
-46689
-46688
-46687
-46686
-46683
-46682
-46679
-46674
-46673
-46672
-46667
-46665
-46664
-46663
-46662
-46657
-46656
-46655
-46654
-46653
-46651
-46650
-46649
-46647
-46646
-46645
-46644
-46643
-46640
-46638
-46637
-46636
-46635
-46634
-46632
-46631
-46627
-46625
-46624
-46623
-46622
-46620
-46617
-46616
-46600
-46598
-46597
-46596
-46593
-46592
-46591
-46587
-46585
-46580
-46579
-46578
-46576
-46575
-46574
-46573
-46572
-46571
-46570
-46569
-46568
-46566
-46565
-46564
-46563
-46559
-46552
-46551
-46550
-46545
-46544
-46543
-46541
-46536
-46535
-46534
-46531
-46530
-46529
-46528
-46526
-46525
-46521
-46520
-46519
-46517
-46516
-46515
-46514
-46513
-46512
-46511
-46508
-46507
-46506
-46505
-46504
-46503
-46502
-46501
-46500
-46499
-46496
-46494
-46493
-46492
-46491
-46490
-46489
-46488
-46487
-46486
-46484
-46483
-46482
-46481
-46480
-46479
-46478
-46476
-46475
-46465
-46464
-46463
-46462
-46460
-46459
-46458
-46453
-46451
-46449
-46442
-46433
-46432
-46431
-46420
-46417
-46416
-46410
-46404
-46403
-46400
-46399
-46387
-46386
-46377
-46376
-46375
-46374
-46368
-46367
-46366
-46365
-46361
-46360
-46359
-46357
-46350
-46347
-46346
-46345
-46344
-46343
-46341
-46340
-46338
-46336
-46332
-46331
-46305
-46304
-46303
-46299
-46284
-46283
-46282
-46280
-46273
-46265
-46259
-46257
-46256
-46255
-46248
-46247
-46246
-46242
-46238
-46235
-46234
-46233
-46230
-46229
-46228
-46227
-46224
-46223
-46222
-46220
-46219
-46213
-46211
-46209
-46208
-46207
-46201
-46200
-46199
-46189
-46188
-46187
-46179
-46178
-46177
-46171
-46170
-46169
-46168
-46167
-46166
-46165
-46164
-46158
-46151
-46150
-46144
-46130
-46125
-46124
-46123
-46116
-46115
-46112
-46111
-46110
-46098
-46095
-46091
-46081
-46080
-46079
-46078
-46075
-46069
-46068
-46067
-46066
-46065
-46057
-46056
-46055
-46053
-46052
-46051
-46050
-46049
-46048
-46047
-46046
-46045
-46044
-46043
-46042
-46035
-46032
-46025
-46018
-46017
-46016
-46015
-46013
-46011
-46003
-46001
-46000
-45999
-45991
-45990
-45989
-45980
-45971
-45969
-45968
-45966
-45960
-45959
-45957
-45956
-45955
-45954
-45953
-45952
-45951
-45946
-45945
-45943
-45942
-45941
-45940
-45938
-45937
-45936
-45935
-45934
-45933
-45932
-45931
-45930
-45929
-45928
-45927
-45926
-45925
-45924
-45923
-45921
-45920
-45919
-45917
-45914
-45912
-45911
-45906
-45904
-45903
-45902
-45901
-45899
-45892
-45887
-45885
-45884
-45882
-45881
-45880
-45879
-45878
-45877
-45872
-45871
-45870
-45869
-45864
-45863
-45862
-45859
-45857
-45856
-45855
-45853
-45848
-45843
-45842
-45838
-45837
-45828
-45827
-45825
-45824
-45823
-45822
-45820
-45815
-45813
-45808
-45805
-45804
-45803
-45802
-45793
-45792
-45791
-45771
-45766
-45765
-45764
-45760
-45759
-45755
-45752
-45751
-45750
-45749
-45738
-45737
-45732
-45725
-45724
-45719
-45718
-45717
-45716
-45707
-45705
-45697
-45696
-45695
-45694
-45683
-45673
-45672
-45671
-45670
-45665
-45664
-45663
-45655
-45652
-45650
-45645
-45633
-45632
-45628
-45617
-45612
-45600
-45595
-45591
-45588
-45587
-45586
-45585
-45584
-45583
-45582
-45581
-45577
-45570
-45568
-45556
-45555
-45554
-45545
-45541
-45540
-45539
-45530
-45529
-45528
-45527
-45526
-45525
-45524
-45523
-45522
-45518
-45517
-45516
-45509
-45507
-45506
-45505
-45500
-45499
-45498
-45489
-45486
-45485
-45473
-45472
-45468
-45467
-45457
-45456
-45446
-45441
-45440
-45439
-45436
-45432
-45430
-45426
-45425
-45410
-45409
-45408
-45407
-45406
-45389
-45386
-45384
-45383
-45381
-45378
-45375
-45363
-45362
-45361
-45360
-45359
-45358
-45357
-45356
-45355
-45354
-45353
-45345
-45344
-45342
-45339
-45335
-45326
-45325
-45322
-45321
-45318
-45312
-45311
-45310
-45297
-45296
-45292
-45288
-45287
-45281
-45280
-45279
-45278
-45276
-45266
-45264
-45261
-45254
-45253
-45248
-45241
-45240
-45239
-45234
-45233
-45232
-45230
-45228
-45227
-45223
-45216
-45213
-45212
-45198
-45197
-45196
-45195
-45192
-45191
-45187
-45186
-45185
-45171
-45170
-45169
-45167
-45166
-45160
-45150
-45149
-45144
-45143
-45142
-45140
-45137
-45136
-45135
-45133
-45129
-45128
-45122
-45121
-45120
-45119
-45118
-45111
-45109
-45108
-45107
-45106
-45104
-45097
-45096
-45095
-45094
-45087
-45086
-45085
-45084
-45083
-45078
-45074
-45072
-45071
-45069
-45066
-45065
-45064
-45057
-45056
-45055
-45050
-45048
-45045
-45044
-45043
-45042
-45034
-45033
-45031
-45030
-45029
-45028
-45027
-45026
-45025
-45024
-45023
-45022
-45021
-45020
-45019
-45018
-45017
-45016
-45015
-45012
-45011
-45006
-45003
-45002
-45000
-44993
-44992
-44991
-44984
-44982
-44981
-44980
-44979
-44978
-44975
-44973
-44972
-44971
-44968
-44964
-44963
-44961
-44960
-44957
-44955
-44952
-44951
-44950
-44949
-44946
-44940
-44939
-44928
-44927
-44926
-44925
-44921
-44920
-44919
-44918
-44915
-44914
-44913
-44912
-44911
-44909
-44908
-44907
-44904
-44903
-44898
-44897
-44896
-44895
-44891
-44889
-44888
-44887
-44880
-44877
-44869
-44859
-44858
-44857
-44856
-44855
-44850
-44847
-44837
-44836
-44835
-44833
-44832
-44831
-44827
-44826
-44825
-44824
-44821
-44820
-44819
-44816
-44814
-44813
-44803
-44802
-44801
-44800
-44799
-44793
-44791
-44783
-44782
-44781
-44780
-44779
-44772
-44771
-44770
-44769
-44768
-44767
-44765
-44764
-44760
-44759
-44758
-44751
-44750
-44749
-44748
-44747
-44746
-44745
-44738
-44737
-44736
-44730
-44729
-44728
-44727
-44726
-44725
-44724
-44723
-44721
-44720
-44719
-44718
-44717
-44716
-44715
-44714
-44713
-44712
-44711
-44709
-44707
-44705
-44704
-44703
-44694
-44693
-44692
-44691
-44690
-44689
-44688
-44687
-44686
-44685
-44683
-44682
-44681
-44676
-44675
-44672
-44671
-44670
-44667
-44666
-44663
-44662
-44661
-44660
-44659
-44658
-44657
-44652
-44651
-44650
-44649
-44648
-44647
-44646
-44642
-44641
-44640
-44639
-44638
-44637
-44628
-44627
-44626
-44625
-44619
-44617
-44616
-44615
-44609
-44608
-44606
-44605
-44604
-44603
-44597
-44596
-44595
-44594
-44593
-44586
-44583
-44579
-44578
-44576
-44575
-44574
-44573
-44572
-44571
-44568
-44567
-44561
-44555
-44551
-44550
-44549
-44548
-44546
-44545
-44544
-44543
-44542
-44541
-44540
-44539
-44538
-44531
-44528
-44527
-44525
-44520
-44519
-44518
-44517
-44516
-44513
-44512
-44511
-44510
-44508
-44507
-44506
-44498
-44495
-44485
-44484
-44483
-44481
-44480
-44479
-44478
-44477
-44476
-44473
-44472
-44467
-44465
-44464
-44463
-44462
-44461
-44460
-44459
-44457
-44456
-44454
-44453
-44451
-44443
-44442
-44441
-44440
-44439
-44438
-44437
-44436
-44429
-44424
-44423
-44419
-44418
-44417
-44415
-44414
-44413
-44407
-44402
-44400
-44396
-44394
-44393
-44392
-44391
-44390
-44388
-44385
-44381
-44374
-44372
-44370
-44363
-44361
-44353
-44352
-44351
-44350
-44341
-44334
-44331
-44330
-44329
-44319
-44310
-44298
-44297
-44289
-44288
-44286
-44280
-44279
-44277
-44275
-44271
-44270
-44268
-44267
-44262
-44254
-44247
-44242
-44240
-44237
-44231
-44226
-44225
-44221
-44220
-44219
-44217
-44209
-44208
-44205
-44199
-44198
-44164
-44163
-44162
-44160
-44154
-44147
-44146
-44145
-44144
-44142
-44135
-44132
-44128
-44121
-44120
-44113
-44111
-44100
-44099
-44098
-44096
-44095
-44094
-44091
-44089
-44087
-44081
-44080
-44079
-44078
-44070
-44065
-44064
-44063
-44062
-44061
-44058
-44055
-44054
-44053
-44052
-44047
-44046
-44045
-44044
-44043
-44042
-44036
-44034
-44033
-44032
-44031
-44030
-44023
-44022
-44021
-44020
-44019
-44017
-44016
-44015
-44012
-44011
-44010
-44001
-44000
-43999
-43998
-43997
-43996
-43995
-43992
-43991
-43990
-43989
-43988
-43987
-43980
-43979
-43978
-43977
-43976
-43975
-43974
-43966
-43965
-43962
-43960
-43957
-43956
-43955
-43953
-43947
-43945
-43938
-43931
-43929
-43928
-43927
-43926
-43923
-43920
-43919
-43911
-43910
-43904
-43903
-43902
-43901
-43900
-43899
-43898
-43896
-43895
-43891
-43890
-43889
-43883
-43875
-43874
-43869
-43868
-43865
-43857
-43856
-43855
-43854
-43848
-43847
-43846
-43845
-43840
-43839
-43827
-43824
-43823
-43821
-43820
-43818
-43815
-43812
-43811
-43810
-43809
-43805
-43800
-43799
-43798
-43797
-43796
-43795
-43794
-43792
-43791
-43790
-43787
-43785
-43784
-43781
-43776
-43775
-43774
-43768
-43767
-43766
-43764
-43763
-43762
-43760
-43758
-43757
-43752
-43751
-43748
-43746
-43745
-43744
-43743
-43742
-43741
-43740
-43739
-43738
-43737
-43736
-43735
-43734
-43730
-43729
-43728
-43727
-43725
-43721
-43718
-43716
-43715
-43714
-43713
-43712
-43711
-43709
-43707
-43704
-43703
-43702
-43701
-43700
-43699
-43692
-43691
-43688
-43682
-43681
-43680
-43679
-43678
-43677
-43676
-43670
-43669
-43668
-43667
-43666
-43665
-43664
-43660
-43659
-43658
-43656
-43655
-43654
-43649
-43648
-43647
-43646
-43645
-43643
-43641
-43638
-43637
-43633
-43632
-43631
-43629
-43626
-43623
-43608
-43605
-43604
-43602
-43601
-43600
-43599
-43597
-43594
-43593
-43592
-43591
-43589
-43585
-43582
-43579
-43578
-43577
-43576
-43575
-43574
-43573
-43571
-43570
-43569
-43568
-43567
-43561
-43560
-43559
-43555
-43554
-43549
-43542
-43541
-43540
-43539
-43538
-43537
-43536
-43535
-43533
-43532
-43527
-43523
-43520
-43519
-43518
-43516
-43512
-43509
-43506
-43505
-43504
-43500
-43499
-43498
-43497
-43496
-43495
-43494
-43493
-43491
-43488
-43487
-43484
-43483
-43482
-43476
-43472
-43470
-43469
-43456
-43455
-43454
-43447
-43446
-43445
-43440
-43436
-43435
-43432
-43431
-43428
-43427
-43425
-43424
-43423
-43422
-43421
-43418
-43416
-43415
-43414
-43413
-43412
-43409
-43407
-43406
-43401
-43400
-43399
-43395
-43393
-43392
-43391
-43390
-43386
-43384
-43383
-43380
-43379
-43378
-43373
-43369
-43367
-43365
-43361
-43360
-43359
-43356
-43355
-43354
-43350
-43347
-43346
-43345
-43344
-43343
-43342
-43341
-43340
-43337
-43336
-43335
-43334
-43333
-43332
-43331
-43329
-43328
-43327
-43326
-43325
-43324
-43323
-43322
-43319
-43318
-43317
-43313
-43310
-43307
-43302
-43297
-43296
-43295
-43294
-43292
-43286
-43285
-43281
-43280
-43275
-43274
-43273
-43263
-43262
-43261
-43260
-43259
-43254
-43252
-43241
-43240
-43239
-43238
-43232
-43230
-43229
-43225
-43224
-43223
-43221
-43220
-43219
-43216
-43200
-43199
-43197
-43191
-43190
-43189
-43188
-43187
-43184
-43183
-43182
-43176
-43175
-43172
-43170
-43165
-43164
-43163
-43157
-43155
-43154
-43153
-43152
-43151
-43150
-43148
-43146
-43142
-43140
-43139
-43138
-43134
-43128
-43127
-43121
-43120
-43119
-43116
-43115
-43113
-43098
-43092
-43091
-43090
-43087
-43079
-43077
-43076
-43075
-43073
-43072
-43071
-43066
-43065
-43056
-43055
-43050
-43049
-43044
-43043
-43042
-43040
-43034
-43032
-43031
-43030
-43029
-43028
-43019
-43014
-43013
-43011
-43010
-43009
-43008
-43007
-43006
-43005
-43004
-43003
-43002
-42995
-42989
-42987
-42986
-42985
-42984
-42983
-42982
-42980
-42978
-42977
-42976
-42975
-42974
-42973
-42972
-42971
-42970
-42969
-42968
-42967
-42966
-42965
-42964
-42963
-42962
-42961
-42960
-42959
-42958
-42956
-42953
-42951
-42950
-42949
-42948
-42947
-42946
-42945
-42944
-42942
-42940
-42939
-42938
-42937
-42936
-42935
-42934
-42933
-42932
-42926
-42923
-42922
-42914
-42912
-42911
-42910
-42908
-42907
-42906
-42905
-42903
-42900
-42899
-42898
-42896
-42887
-42880
-42878
-42877
-42876
-42875
-42874
-42867
-42863
-42861
-42860
-42856
-42851
-42845
-42840
-42839
-42838
-42837
-42835
-42834
-42833
-42829
-42827
-42826
-42823
-42822
-42819
-42818
-42812
-42810
-42809
-42808
-42807
-42805
-42804
-42803
-42802
-42801
-42800
-42799
-42798
-42797
-42796
-42795
-42793
-42792
-42791
-42784
-42779
-42769
-42768
-42767
-42766
-42764
-42757
-42756
-42755
-42752
-42751
-42750
-42747
-42746
-42745
-42739
-42738
-42737
-42735
-42734
-42725
-42724
-42723
-42721
-42720
-42719
-42718
-42717
-42714
-42713
-42711
-42710
-42709
-42708
-42702
-42700
-42693
-42692
-42691
-42689
-42688
-42687
-42686
-42685
-42683
-42682
-42680
-42678
-42677
-42676
-42675
-42674
-42673
-42672
-42671
-42665
-42664
-42663
-42660
-42658
-42657
-42656
-42655
-42654
-42653
-42650
-42647
-42646
-42645
-42644
-42642
-42637
-42636
-42635
-42630
-42629
-42625
-42624
-42623
-42622
-42609
-42608
-42603
-42602
-42599
-42598
-42596
-42595
-42594
-42593
-42592
-42591
-42588
-42587
-42586
-42581
-42578
-42577
-42575
-42571
-42570
-42569
-42567
-42566
-42560
-42559
-42552
-42551
-42546
-42537
-42534
-42528
-42527
-42526
-42525
-42524
-42523
-42522
-42521
-42520
-42519
-42518
-42516
-42510
-42504
-42503
-42498
-42490
-42482
-42480
-42479
-42471
-42463
-42462
-42461
-42460
-42457
-42456
-42455
-42454
-42451
-42450
-42449
-42444
-42443
-42442
-42441
-42440
-42438
-42433
-42426
-42425
-42424
-42420
-42419
-42415
-42407
-42405
-42399
-42390
-42383
-42377
-42372
-42371
-42370
-42369
-42368
-42367
-42361
-42357
-42350
-42346
-42337
-42336
-42335
-42334
-42330
-42320
-42319
-42317
-42315
-42313
-42311
-42308
-42306
-42305
-42304
-42303
-42302
-42301
-42300
-42292
-42291
-42289
-42285
-42284
-42283
-42282
-42281
-42280
-42278
-42277
-42276
-42275
-42274
-42273
-42272
-42271
-42270
-42268
-42263
-42261
-42255
-42252
-42251
-42250
-42249
-42248
-42241
-42240
-42239
-42232
-42231
-42230
-42229
-42228
-42225
-42224
-42223
-42219
-42218
-42217
-42216
-42215
-42212
-42210
-42209
-42208
-42207
-42200
-42199
-42194
-42189
-42188
-42185
-42182
-42176
-42175
-42174
-42168
-42161
-42160
-42159
-42141
-42140
-42132
-42130
-42129
-42126
-42121
-42120
-42119
-42117
-42112
-42111
-42110
-42109
-42108
-42107
-42106
-42097
-42096
-42086
-42085
-42083
-42081
-42080
-42079
-42076
-42075
-42074
-42067
-42066
-42065
-42064
-42063
-42061
-42060
-42059
-42056
-42053
-42051
-42050
-42048
-42047
-42046
-42045
-42043
-42042
-42041
-42036
-42035
-42031
-42024
-42020
-42016
-42015
-42011
-42005
-42001
-42000
-41999
-41998
-41990
-41989
-41988
-41984
-41983
-41982
-41979
-41975
-41974
-41973
-41968
-41964
-41958
-41957
-41956
-41955
-41954
-41953
-41952
-41951
-41950
-41949
-41944
-41943
-41942
-41941
-41940
-41932
-41929
-41928
-41927
-41921
-41920
-41919
-41918
-41915
-41910
-41904
-41903
-41902
-41901
-41899
-41895
-41891
-41889
-41888
-41887
-41886
-41885
-41883
-41880
-41879
-41878
-41877
-41869
-41868
-41867
-41866
-41865
-41860
-41856
-41855
-41852
-41850
-41847
-41846
-41844
-41843
-41840
-41838
-41837
-41836
-41835
-41834
-41833
-41832
-41831
-41830
-41829
-41828
-41827
-41826
-41825
-41824
-41823
-41822
-41820
-41819
-41811
-41810
-41808
-41807
-41797
-41796
-41795
-41794
-41790
-41784
-41783
-41782
-41776
-41773
-41772
-41771
-41761
-41760
-41759
-41758
-41757
-41748
-41747
-41745
-41736
-41730
-41729
-41728
-41726
-41725
-41724
-41723
-41720
-41719
-41717
-41706
-41696
-41695
-41694
-41688
-41684
-41665
-41664
-41663
-41657
-41656
-41651
-41643
-41642
-41628
-41627
-41624
-41622
-41621
-41617
-41616
-41615
-41614
-41613
-41611
-41610
-41609
-41604
-41603
-41602
-41601
-41600
-41599
-41592
-41591
-41590
-41580
-41579
-41574
-41573
-41572
-41571
-41569
-41568
-41567
-41559
-41558
-41557
-41552
-41551
-41550
-41549
-41548
-41547
-41544
-41543
-41537
-41536
-41535
-41534
-41529
-41525
-41520
-41517
-41516
-41514
-41513
-41505
-41504
-41503
-41502
-41496
-41495
-41492
-41488
-41487
-41486
-41484
-41481
-41477
-41475
-41474
-41473
-41472
-41471
-41470
-41469
-41468
-41467
-41466
-41465
-41464
-41463
-41462
-41461
-41460
-41459
-41457
-41456
-41455
-41454
-41453
-41452
-41450
-41448
-41445
-41441
-41440
-41439
-41438
-41433
-41430
-41421
-41420
-41419
-41418
-41417
-41416
-41415
-41412
-41409
-41408
-41407
-41401
-41398
-41393
-41392
-41391
-41386
-41385
-41384
-41383
-41382
-41381
-41378
-41377
-41376
-41375
-41374
-41371
-41370
-41366
-41363
-41362
-41361
-41360
-41359
-41358
-41357
-41355
-41354
-41353
-41352
-41351
-41349
-41346
-41345
-41344
-41343
-41342
-41339
-41338
-41337
-41331
-41330
-41329
-41328
-41327
-41323
-41322
-41321
-41320
-41316
-41312
-41311
-41307
-41304
-41301
-41294
-41292
-41291
-41280
-41279
-41278
-41264
-41261
-41250
-41249
-41248
-41247
-41244
-41240
-41239
-41238
-41237
-41236
-41235
-41228
-41223
-41217
-41216
-41215
-41214
-41212
-41208
-41207
-41205
-41204
-41199
-41198
-41195
-41185
-41184
-41183
-41182
-41173
-41163
-41162
-41161
-41160
-41159
-41151
-41148
-41140
-41136
-41129
-41121
-41120
-41119
-41118
-41117
-41114
-41104
-41097
-41096
-41088
-41087
-41086
-41084
-41081
-41077
-41075
-41063
-41055
-41053
-41052
-41051
-41045
-41044
-41043
-41041
-41030
-41028
-41022
-41020
-41019
-41018
-41017
-41013
-41012
-41008
-41002
-40992
-40990
-40989
-40988
-40987
-40986
-40985
-40982
-40976
-40970
-40960
-40959
-40958
-40956
-40953
-40951
-40950
-40949
-40948
-40942
-40939
-40931
-40929
-40928
-40921
-40920
-40919
-40915
-40909
-40908
-40899
-40898
-40897
-40894
-40893
-40889
-40887
-40886
-40881
-40880
-40879
-40871
-40870
-40866
-40865
-40864
-40863
-40862
-40860
-40855
-40854
-40853
-40845
-40844
-40843
-40842
-40841
-40837
-40835
-40833
-40832
-40831
-40830
-40826
-40825
-40824
-40823
-40822
-40821
-40820
-40815
-40813
-40812
-40811
-40810
-40809
-40805
-40803
-40802
-40801
-40800
-40799
-40798
-40795
-40789
-40788
-40787
-40784
-40783
-40782
-40781
-40780
-40777
-40771
-40769
-40768
-40767
-40766
-40765
-40761
-40760
-40756
-40755
-40754
-40752
-40748
-40744
-40741
-40740
-40736
-40734
-40733
-40722
-40719
-40718
-40716
-40713
-40712
-40711
-40705
-40704
-40703
-40702
-40700
-40698
-40697
-40696
-40695
-40694
-40693
-40692
-40691
-40690
-40689
-40688
-40687
-40686
-40685
-40684
-40683
-40682
-40681
-40680
-40679
-40678
-40677
-40676
-40675
-40674
-40673
-40672
-40671
-40670
-40669
-40668
-40667
-40666
-40665
-40664
-40663
-40662
-40661
-40660
-40659
-40658
-40657
-40656
-40655
-40654
-40653
-40652
-40651
-40650
-40649
-40648
-40647
-40646
-40645
-40644
-40643
-40642
-40641
-40640
-40639
-40638
-40637
-40636
-40635
-40634
-40633
-40632
-40631
-40630
-40629
-40628
-40627
-40626
-40625
-40624
-40623
-40622
-40621
-40620
-40619
-40618
-40616
-40615
-40614
-40613
-40610
-40609
-40606
-40605
-40604
-40600
-40599
-40595
-40594
-40593
-40590
-40589
-40579
-40572
-40571
-40570
-40568
-40561
-40557
-40556
-40552
-40551
-40550
-40546
-40545
-40544
-40543
-40542
-40541
-40540
-40538
-40537
-40536
-40535
-40532
-40531
-40526
-40525
-40524
-40523
-40516
-40506
-40500
-40499
-40495
-40491
-40490
-40489
-40488
-40482
-40481
-40480
-40479
-40469
-40467
-40466
-40461
-40460
-40459
-40458
-40457
-40456
-40455
-40446
-40445
-40444
-40442
-40436
-40435
-40432
-40431
-40429
-40428
-40427
-40426
-40425
-40424
-40419
-40414
-40412
-40408
-40407
-40406
-40404
-40403
-40402
-40401
-40400
-40399
-40392
-40391
-40382
-40377
-40375
-40370
-40362
-40359
-40355
-40350
-40331
-40329
-40326
-40325
-40324
-40323
-40321
-40320
-40319
-40318
-40317
-40308
-40307
-40304
-40300
-40299
-40298
-40296
-40295
-40294
-40293
-40292
-40290
-40289
-40288
-40287
-40285
-40284
-40283
-40278
-40275
-40273
-40271
-40269
-40263
-40260
-40257
-40256
-40250
-40249
-40248
-40238
-40237
-40236
-40227
-40224
-40220
-40218
-40215
-40208
-40207
-40206
-40205
-40195
-40194
-40193
-40192
-40191
-40183
-40176
-40175
-40174
-40173
-40172
-40169
-40166
-40165
-40162
-40161
-40160
-40159
-40158
-40157
-40156
-40152
-40150
-40149
-40147
-40145
-40144
-40140
-40139
-40138
-40136
-40135
-40134
-40133
-40132
-40131
-40129
-40128
-40127
-40126
-40125
-40124
-40123
-40120
-40118
-40117
-40116
-40114
-40112
-40111
-40110
-40109
-40108
-40107
-40106
-40105
-40104
-40103
-40102
-40101
-40100
-40099
-40098
-40097
-40096
-40095
-40094
-40093
-40092
-40091
-40090
-40089
-40088
-40087
-40086
-40085
-40084
-40083
-40082
-40081
-40080
-40079
-40078
-40077
-40076
-40075
-40074
-40073
-40072
-40071
-40070
-40069
-40068
-40067
-40066
-40065
-40064
-40063
-40062
-40061
-40059
-40058
-40057
-40056
-40055
-40054
-40053
-40052
-40051
-40050
-40049
-40047
-40044
-40043
-40042
-40041
-40040
-40039
-40038
-40037
-40035
-40033
-40032
-40031
-40030
-40029
-40028
-40027
-40026
-40021
-40020
-40019
-40018
-40017
-40016
-40015
-40014
-40009
-40008
-40007
-40006
-40005
-40000
-39997
-39996
-39995
-39989
-39985
-39984
-39983
-39975
-39974
-39973
-39963
-39959
-39952
-39950
-39941
-39936
-39935
-39933
-39931
-39930
-39929
-39928
-39927
-39921
-39920
-39919
-39917
-39910
-39908
-39900
-39899
-39897
-39894
-39884
-39883
-39882
-39881
-39880
-39879
-39878
-39876
-39875
-39872
-39871
-39870
-39869
-39868
-39866
-39864
-39859
-39858
-39852
-39851
-39849
-39842
-39837
-39835
-39824
-39823
-39820
-39816
-39815
-39809
-39808
-39807
-39806
-39804
-39803
-39802
-39800
-39798
-39797
-39795
-39794
-39793
-39787
-39777
-39776
-39775
-39774
-39773
-39767
-39766
-39765
-39764
-39760
-39757
-39756
-39755
-39754
-39753
-39752
-39751
-39745
-39744
-39743
-39742
-39738
-39733
-39732
-39731
-39729
-39728
-39722
-39721
-39720
-39715
-39714
-39713
-39712
-39711
-39710
-39704
-39699
-39698
-39696
-39693
-39690
-39689
-39688
-39686
-39683
-39682
-39680
-39679
-39676
-39671
-39669
-39668
-39666
-39662
-39655
-39653
-39650
-39649
-39648
-39647
-39646
-39645
-39634
-39633
-39630
-39629
-39627
-39626
-39624
-39618
-39613
-39606
-39605
-39604
-39600
-39599
-39598
-39595
-39589
-39588
-39587
-39586
-39585
-39584
-39582
-39578
-39577
-39567
-39564
-39563
-39562
-39556
-39555
-39554
-39553
-39552
-39551
-39546
-39545
-39543
-39542
-39541
-39540
-39538
-39537
-39536
-39534
-39533
-39532
-39525
-39524
-39523
-39522
-39521
-39520
-39519
-39518
-39517
-39516
-39515
-39514
-39513
-39512
-39511
-39509
-39503
-39501
-39500
-39498
-39495
-39494
-39492
-39491
-39490
-39489
-39488
-39487
-39486
-39485
-39484
-39483
-39482
-39481
-39480
-39479
-39478
-39477
-39476
-39475
-39474
-39473
-39472
-39471
-39470
-39469
-39468
-39467
-39466
-39465
-39464
-39463
-39462
-39461
-39459
-39458
-39457
-39456
-39455
-39454
-39447
-39446
-39445
-39444
-39443
-39438
-39437
-39436
-39435
-39434
-39432
-39431
-39427
-39426
-39425
-39424
-39423
-39422
-39421
-39417
-39416
-39415
-39413
-39411
-39409
-39406
-39405
-39404
-39403
-39402
-39401
-39400
-39399
-39398
-39397
-39396
-39395
-39394
-39393
-39392
-39391
-39390
-39389
-39388
-39387
-39386
-39385
-39384
-39382
-39381
-39380
-39379
-39378
-39377
-39376
-39375
-39374
-39373
-39372
-39371
-39370
-39369
-39368
-39367
-39366
-39365
-39364
-39363
-39362
-39361
-39360
-39359
-39358
-39357
-39356
-39355
-39354
-39353
-39352
-39351
-39349
-39347
-39345
-39339
-39338
-39337
-39336
-39335
-39334
-39333
-39332
-39328
-39326
-39325
-39324
-39315
-39314
-39313
-39312
-39311
-39310
-39309
-39306
-39305
-39304
-39303
-39302
-39301
-39299
-39297
-39296
-39295
-39294
-39292
-39291
-39290
-39288
-39287
-39284
-39283
-39282
-39281
-39280
-39273
-39271
-39270
-39269
-39265
-39264
-39263
-39262
-39261
-39259
-39250
-39249
-39248
-39247
-39245
-39244
-39243
-39239
-39237
-39236
-39235
-39234
-39233
-39232
-39231
-39230
-39228
-39227
-39216
-39215
-39207
-39206
-39205
-39204
-39203
-39202
-39201
-39200
-39199
-39197
-39196
-39193
-39192
-39191
-39186
-39185
-39183
-39182
-39181
-39171
-39170
-39169
-39168
-39167
-39166
-39165
-39164
-39162
-39161
-39160
-39158
-39151
-39145
-39144
-39143
-39142
-39137
-39136
-39135
-39127
-39125
-39123
-39122
-39119
-39116
-39113
-39109
-39108
-39107
-39105
-39102
-39098
-39088
-39083
-39081
-39078
-39077
-39073
-39072
-39071
-39070
-39069
-39062
-39061
-39060
-39059
-39051
-39050
-39048
-39047
-39041
-39040
-39039
-39038
-39037
-39036
-39035
-39034
-39033
-39032
-39029
-39028
-39026
-39025
-39024
-39023
-39022
-39021
-39020
-39018
-39017
-39016
-39013
-39012
-39011
-39009
-39008
-39007
-39006
-39000
-38999
-38997
-38991
-38990
-38984
-38979
-38978
-38977
-38976
-38975
-38974
-38973
-38969
-38968
-38967
-38966
-38962
-38961
-38955
-38954
-38953
-38945
-38944
-38943
-38942
-38941
-38940
-38939
-38938
-38936
-38934
-38933
-38932
-38928
-38927
-38924
-38918
-38917
-38913
-38912
-38911
-38910
-38907
-38906
-38905
-38904
-38903
-38902
-38897
-38896
-38895
-38894
-38893
-38892
-38891
-38890
-38889
-38888
-38887
-38886
-38885
-38884
-38883
-38882
-38881
-38880
-38879
-38878
-38877
-38876
-38875
-38874
-38873
-38872
-38871
-38870
-38869
-38868
-38867
-38866
-38865
-38864
-38863
-38862
-38861
-38859
-38858
-38857
-38856
-38855
-38853
-38852
-38850
-38849
-38848
-38847
-38846
-38843
-38842
-38841
-38840
-38839
-38838
-38837
-38835
-38832
-38830
-38829
-38828
-38824
-38821
-38820
-38819
-38817
-38816
-38815
-38814
-38813
-38809
-38808
-38807
-38806
-38805
-38804
-38803
-38796
-38790
-38789
-38786
-38785
-38784
-38783
-38782
-38781
-38776
-38775
-38774
-38771
-38769
-38768
-38767
-38766
-38765
-38763
-38760
-38759
-38753
-38752
-38751
-38745
-38744
-38742
-38738
-38736
-38731
-38729
-38724
-38721
-38720
-38719
-38714
-38709
-38703
-38702
-38700
-38698
-38697
-38689
-38688
-38687
-38682
-38681
-38676
-38674
-38672
-38670
-38664
-38663
-38661
-38660
-38655
-38654
-38652
-38651
-38648
-38646
-38645
-38644
-38642
-38641
-38640
-38639
-38638
-38637
-38636
-38632
-38631
-38630
-38629
-38628
-38627
-38626
-38625
-38619
-38618
-38610
-38598
-38597
-38595
-38594
-38593
-38592
-38591
-38590
-38589
-38588
-38577
-38576
-38570
-38569
-38568
-38565
-38564
-38563
-38561
-38560
-38559
-38556
-38555
-38553
-38548
-38547
-38545
-38544
-38543
-38542
-38541
-38540
-38534
-38533
-38532
-38531
-38529
-38528
-38527
-38523
-38522
-38521
-38520
-38519
-38518
-38517
-38516
-38514
-38511
-38510
-38509
-38508
-38507
-38502
-38501
-38500
-38499
-38498
-38497
-38496
-38495
-38494
-38493
-38489
-38483
-38479
-38478
-38477
-38476
-38475
-38474
-38472
-38471
-38467
-38465
-38464
-38463
-38462
-38461
-38456
-38454
-38451
-38450
-38449
-38445
-38444
-38437
-38436
-38430
-38423
-38416
-38413
-38412
-38411
-38410
-38409
-38408
-38402
-38401
-38400
-38399
-38398
-38397
-38396
-38394
-38391
-38390
-38389
-38388
-38387
-38380
-38379
-38378
-38376
-38375
-38369
-38368
-38367
-38366
-38364
-38358
-38357
-38356
-38355
-38354
-38353
-38352
-38351
-38350
-38349
-38348
-38347
-38346
-38345
-38344
-38343
-38342
-38341
-38340
-38339
-38338
-38337
-38336
-38335
-38334
-38329
-38328
-38325
-38324
-38323
-38322
-38318
-38317
-38316
-38313
-38310
-38309
-38308
-38307
-38305
-38304
-38303
-38302
-38301
-38300
-38298
-38297
-38296
-38295
-38292
-38291
-38290
-38288
-38285
-38284
-38283
-38282
-38281
-38280
-38279
-38278
-38277
-38275
-38274
-38273
-38270
-38269
-38268
-38264
-38259
-38258
-38257
-38254
-38251
-38250
-38247
-38241
-38240
-38238
-38237
-38236
-38235
-38232
-38231
-38230
-38228
-38226
-38225
-38224
-38223
-38220
-38215
-38214
-38213
-38212
-38211
-38210
-38209
-38208
-38207
-38204
-38203
-38202
-38201
-38200
-38199
-38198
-38197
-38196
-38195
-38194
-38193
-38192
-38191
-38190
-38189
-38188
-38187
-38186
-38183
-38182
-38181
-38180
-38178
-38177
-38176
-38175
-38171
-38170
-38169
-38163
-38159
-38157
-38156
-38155
-38151
-38150
-38149
-38148
-38147
-38146
-38145
-38144
-38139
-38137
-38136
-38135
-38134
-38127
-38126
-38125
-38124
-38123
-38121
-38120
-38117
-38116
-38115
-38114
-38106
-38105
-38104
-38103
-38094
-38093
-38092
-38088
-38087
-38082
-38081
-38080
-38079
-38078
-38077
-38076
-38075
-38074
-38073
-38072
-38071
-38070
-38069
-38068
-38067
-38066
-38065
-38064
-38063
-38062
-38061
-38060
-38059
-38055
-38054
-38053
-38052
-38051
-38050
-38049
-38048
-38047
-38043
-38042
-38041
-38040
-38038
-38037
-38036
-38035
-38031
-38030
-38027
-38017
-38016
-38015
-38014
-38012
-38010
-38007
-38006
-38005
-37996
-37995
-37994
-37990
-37989
-37988
-37985
-37983
-37980
-37979
-37975
-37972
-37969
-37968
-37967
-37962
-37961
-37951
-37950
-37949
-37948
-37944
-37943
-37939
-37932
-37926
-37925
-37917
-37915
-37914
-37913
-37912
-37911
-37908
-37907
-37906
-37905
-37903
-37902
-37901
-37900
-37899
-37895
-37888
-37885
-37884
-37883
-37882
-37880
-37878
-37877
-37876
-37873
-37872
-37871
-37870
-37868
-37867
-37866
-37863
-37862
-37861
-37859
-37858
-37856
-37851
-37848
-37847
-37842
-37841
-37840
-37839
-37837
-37836
-37835
-37834
-37833
-37832
-37829
-37824
-37823
-37821
-37818
-37800
-37799
-37792
-37789
-37788
-37787
-37785
-37779
-37778
-37775
-37774
-37773
-37763
-37761
-37760
-37759
-37758
-37757
-37755
-37754
-37753
-37752
-37751
-37750
-37749
-37746
-37744
-37743
-37741
-37740
-37739
-37737
-37736
-37731
-37730
-37729
-37728
-37727
-37726
-37725
-37720
-37719
-37718
-37717
-37716
-37713
-37712
-37711
-37710
-37709
-37708
-37697
-37696
-37695
-37687
-37686
-37685
-37680
-37679
-37676
-37675
-37674
-37673
-37667
-37666
-37665
-37664
-37663
-37662
-37661
-37656
-37655
-37653
-37652
-37651
-37650
-37649
-37647
-37643
-37640
-37638
-37634
-37633
-37632
-37631
-37630
-37629
-37628
-37627
-37626
-37625
-37624
-37623
-37621
-37620
-37619
-37618
-37617
-37616
-37609
-37607
-37606
-37605
-37604
-37603
-37602
-37601
-37597
-37594
-37592
-37590
-37589
-37587
-37584
-37583
-37580
-37572
-37571
-37570
-37569
-37568
-37566
-37565
-37560
-37559
-37558
-37557
-37556
-37555
-37554
-37553
-37552
-37548
-37547
-37546
-37545
-37544
-37541
-37536
-37535
-37534
-37530
-37529
-37527
-37525
-37521
-37520
-37519
-37514
-37513
-37512
-37511
-37510
-37506
-37505
-37504
-37503
-37502
-37501
-37495
-37492
-37491
-37490
-37489
-37488
-37485
-37479
-37475
-37466
-37465
-37453
-37451
-37445
-37444
-37440
-37439
-37438
-37437
-37427
-37422
-37421
-37420
-37419
-37415
-37414
-37413
-37411
-37408
-37407
-37406
-37403
-37401
-37400
-37399
-37398
-37397
-37396
-37395
-37392
-37391
-37389
-37388
-37386
-37385
-37380
-37379
-37378
-37377
-37376
-37375
-37374
-37373
-37372
-37371
-37370
-37368
-37367
-37366
-37365
-37364
-37363
-37362
-37359
-37358
-37357
-37356
-37355
-37354
-37352
-37351
-37347
-37346
-37345
-37344
-37343
-37342
-37340
-37338
-37335
-37324
-37320
-37313
-37312
-37311
-37307
-37306
-37305
-37304
-37296
-37295
-37293
-37292
-37291
-37290
-37289
-37287
-37284
-37283
-37282
-37281
-37280
-37275
-37273
-37272
-37271
-37263
-37262
-37261
-37260
-37259
-37258
-37256
-37255
-37252
-37251
-37250
-37249
-37248
-37247
-37246
-37242
-37241
-37240
-37239
-37238
-37237
-37236
-37235
-37234
-37233
-37232
-37231
-37230
-37229
-37228
-37227
-37226
-37225
-37224
-37223
-37222
-37221
-37219
-37218
-37216
-37214
-37213
-37212
-37211
-37210
-37201
-37200
-37199
-37192
-37191
-37190
-37189
-37188
-37187
-37186
-37185
-37184
-37183
-37182
-37181
-37180
-37179
-37178
-37177
-37176
-37175
-37174
-37173
-37172
-37171
-37170
-37169
-37168
-37167
-37166
-37165
-37164
-37163
-37162
-37158
-37157
-37156
-37153
-37152
-37151
-37149
-37148
-37147
-37146
-37145
-37144
-37143
-37140
-37139
-37138
-37137
-37136
-37135
-37134
-37128
-37127
-37126
-37125
-37124
-37122
-37120
-37119
-37117
-37115
-37114
-37113
-37112
-37110
-37108
-37107
-37106
-37103
-37102
-37100
-37097
-37095
-37094
-37093
-37092
-37091
-37090
-37089
-37086
-37085
-37084
-37083
-37082
-37080
-37079
-37078
-37077
-37076
-37075
-37074
-37073
-37072
-37071
-37070
-37069
-37068
-37067
-37066
-37065
-37064
-37062
-37061
-37060
-37059
-37058
-37055
-37053
-37052
-37051
-37050
-37049
-37048
-37047
-37044
-37043
-37037
-37034
-37032
-37030
-37027
-37026
-37025
-37024
-37023
-37022
-37021
-37020
-37019
-37015
-37006
-37002
-37001
-36997
-36996
-36995
-36994
-36993
-36992
-36991
-36990
-36989
-36988
-36987
-36986
-36983
-36982
-36981
-36980
-36979
-36974
-36973
-36972
-36971
-36970
-36967
-36966
-36965
-36963
-36962
-36961
-36960
-36959
-36958
-36957
-36956
-36955
-36954
-36953
-36952
-36951
-36950
-36949
-36948
-36947
-36946
-36942
-36941
-36940
-36939
-36938
-36937
-36936
-36935
-36934
-36933
-36932
-36931
-36929
-36928
-36927
-36926
-36925
-36924
-36923
-36922
-36921
-36918
-36917
-36916
-36915
-36914
-36913
-36912
-36907
-36905
-36904
-36903
-36897
-36896
-36895
-36894
-36893
-36884
-36883
-36876
-36875
-36873
-36872
-36871
-36866
-36865
-36864
-36863
-36862
-36855
-36854
-36851
-36849
-36848
-36847
-36844
-36841
-36840
-36839
-36834
-36833
-36832
-36831
-36829
-36828
-36827
-36826
-36823
-36817
-36816
-36815
-36814
-36813
-36812
-36811
-36810
-36809
-36807
-36803
-36802
-36801
-36800
-36799
-36798
-36795
-36794
-36793
-36792
-36791
-36790
-36789
-36788
-36783
-36782
-36780
-36779
-36777
-36776
-36773
-36771
-36770
-36769
-36764
-36763
-36762
-36760
-36753
-36751
-36750
-36749
-36748
-36747
-36739
-36738
-36737
-36736
-36735
-36729
-36728
-36727
-36725
-36719
-36718
-36708
-36707
-36706
-36704
-36703
-36697
-36696
-36695
-36694
-36693
-36691
-36687
-36686
-36685
-36684
-36683
-36682
-36681
-36680
-36679
-36678
-36677
-36676
-36675
-36674
-36673
-36671
-36668
-36667
-36666
-36665
-36664
-36663
-36662
-36661
-36660
-36659
-36658
-36657
-36656
-36655
-36654
-36653
-36650
-36649
-36648
-36647
-36646
-36645
-36644
-36643
-36641
-36640
-36639
-36638
-36637
-36636
-36634
-36630
-36629
-36626
-36625
-36624
-36623
-36622
-36621
-36620
-36619
-36618
-36617
-36615
-36614
-36613
-36612
-36611
-36610
-36609
-36608
-36607
-36606
-36605
-36604
-36603
-36602
-36601
-36600
-36599
-36598
-36597
-36596
-36595
-36594
-36593
-36592
-36591
-36590
-36589
-36588
-36587
-36586
-36585
-36584
-36583
-36582
-36581
-36580
-36579
-36578
-36577
-36576
-36575
-36573
-36572
-36571
-36569
-36568
-36567
-36566
-36565
-36564
-36563
-36562
-36561
-36560
-36559
-36558
-36557
-36556
-36555
-36554
-36551
-36549
-36548
-36546
-36542
-36541
-36540
-36539
-36538
-36537
-36536
-36531
-36530
-36529
-36528
-36527
-36524
-36521
-36519
-36518
-36515
-36513
-36512
-36510
-36509
-36505
-36504
-36503
-36502
-36501
-36498
-36497
-36496
-36495
-36494
-36493
-36491
-36488
-36487
-36486
-36485
-36482
-36481
-36480
-36479
-36478
-36477
-36476
-36475
-36473
-36469
-36468
-36467
-36466
-36465
-36464
-36459
-36457
-36456
-36455
-36454
-36453
-36452
-36450
-36449
-36448
-36447
-36445
-36444
-36443
-36439
-36435
-36434
-36433
-36432
-36431
-36430
-36428
-36425
-36424
-36423
-36422
-36419
-36418
-36417
-36416
-36415
-36414
-36413
-36412
-36411
-36410
-36407
-36405
-36404
-36402
-36401
-36400
-36399
-36395
-36393
-36392
-36386
-36385
-36374
-36372
-36371
-36370
-36369
-36366
-36365
-36361
-36360
-36359
-36358
-36357
-36352
-36351
-36350
-36349
-36348
-36347
-36344
-36330
-36325
-36311
-36309
-36308
-36307
-36302
-36301
-36300
-36299
-36295
-36294
-36293
-36289
-36288
-36287
-36286
-36285
-36284
-36283
-36282
-36281
-36280
-36279
-36277
-36274
-36273
-36272
-36270
-36269
-36267
-36266
-36257
-36256
-36255
-36249
-36246
-36245
-36238
-36234
-36225
-36224
-36223
-36215
-36214
-36208
-36207
-36206
-36204
-36203
-36202
-36201
-36197
-36192
-36191
-36190
-36189
-36183
-36179
-36177
-36176
-36175
-36167
-36166
-36165
-36162
-36161
-36160
-36159
-36156
-36155
-36153
-36146
-36145
-36141
-36140
-36134
-36131
-36124
-36120
-36119
-36118
-36115
-36112
-36110
-36109
-36108
-36107
-36099
-36098
-36097
-36096
-36095
-36084
-36080
-36079
-36078
-36064
-36063
-36057
-36054
-36053
-36052
-36044
-36043
-36039
-36038
-36037
-36036
-36035
-36034
-36033
-36032
-36028
-36027
-36026
-36025
-36024
-36022
-36021
-36018
-36017
-36016
-36015
-36014
-36013
-36012
-36010
-36007
-36006
-36005
-36003
-35999
-35995
-35994
-35993
-35992
-35991
-35990
-35989
-35984
-35976
-35975
-35973
-35970
-35969
-35967
-35965
-35964
-35963
-35961
-35960
-35959
-35952
-35951
-35950
-35948
-35941
-35938
-35937
-35936
-35935
-35931
-35927
-35926
-35925
-35918
-35916
-35915
-35910
-35905
-35904
-35903
-35902
-35890
-35889
-35883
-35882
-35881
-35880
-35879
-35878
-35877
-35876
-35874
-35873
-35872
-35871
-35870
-35869
-35868
-35867
-35866
-35861
-35860
-35859
-35853
-35849
-35847
-35846
-35845
-35841
-35840
-35839
-35838
-35836
-35835
-35834
-35833
-35832
-35831
-35830
-35829
-35827
-35826
-35825
-35824
-35823
-35822
-35821
-35818
-35817
-35816
-35815
-35814
-35813
-35812
-35811
-35810
-35809
-35808
-35807
-35806
-35805
-35804
-35803
-35802
-35801
-35800
-35799
-35798
-35797
-35796
-35795
-35794
-35793
-35792
-35791
-35790
-35789
-35788
-35787
-35786
-35785
-35784
-35783
-35780
-35779
-35777
-35776
-35775
-35774
-35773
-35772
-35771
-35770
-35769
-35768
-35763
-35761
-35756
-35755
-35754
-35752
-35751
-35750
-35749
-35748
-35747
-35746
-35745
-35743
-35742
-35741
-35739
-35738
-35737
-35736
-35735
-35734
-35733
-35730
-35729
-35728
-35727
-35724
-35722
-35721
-35720
-35719
-35718
-35717
-35714
-35713
-35712
-35711
-35710
-35709
-35706
-35704
-35703
-35702
-35701
-35700
-35699
-35698
-35695
-35694
-35687
-35686
-35685
-35684
-35683
-35682
-35681
-35680
-35678
-35676
-35675
-35674
-35673
-35671
-35670
-35669
-35668
-35667
-35666
-35665
-35664
-35663
-35662
-35661
-35660
-35659
-35658
-35657
-35655
-35654
-35651
-35650
-35645
-35644
-35643
-35641
-35640
-35639
-35637
-35636
-35632
-35631
-35630
-35629
-35624
-35622
-35621
-35620
-35619
-35618
-35617
-35616
-35615
-35614
-35613
-35612
-35607
-35605
-35604
-35603
-35602
-35597
-35596
-35595
-35594
-35593
-35585
-35584
-35574
-35573
-35568
-35567
-35565
-35555
-35552
-35551
-35550
-35549
-35547
-35546
-35541
-35540
-35535
-35532
-35531
-35530
-35529
-35520
-35519
-35514
-35513
-35511
-35508
-35505
-35504
-35503
-35502
-35501
-35497
-35496
-35495
-35490
-35487
-35486
-35485
-35480
-35478
-35475
-35474
-35468
-35464
-35462
-35453
-35451
-35450
-35448
-35444
-35443
-35442
-35441
-35440
-35438
-35433
-35431
-35430
-35426
-35425
-35424
-35423
-35421
-35420
-35419
-35418
-35416
-35410
-35409
-35408
-35406
-35405
-35404
-35402
-35400
-35398
-35395
-35392
-35386
-35385
-35384
-35383
-35381
-35380
-35379
-35377
-35376
-35375
-35374
-35371
-35370
-35369
-35368
-35367
-35364
-35363
-35360
-35359
-35358
-35356
-35355
-35354
-35353
-35343
-35342
-35341
-35340
-35339
-35332
-35328
-35327
-35322
-35321
-35316
-35315
-35310
-35309
-35308
-35306
-35305
-35304
-35303
-35302
-35301
-35300
-35299
-35297
-35296
-35295
-35294
-35291
-35288
-35282
-35281
-35280
-35279
-35278
-35277
-35276
-35269
-35268
-35267
-35266
-35264
-35259
-35258
-35257
-35256
-35255
-35254
-35253
-35248
-35245
-35244
-35243
-35238
-35237
-35235
-35224
-35217
-35216
-35215
-35211
-35207
-35206
-35205
-35204
-35200
-35199
-35198
-35197
-35196
-35195
-35194
-35193
-35189
-35178
-35177
-35175
-35174
-35169
-35168
-35167
-35154
-35153
-35152
-35150
-35145
-35143
-35136
-35134
-35133
-35132
-35123
-35113
-35112
-35111
-35110
-35108
-35107
-35101
-35098
-35097
-35093
-35092
-35091
-35090
-35088
-35087
-35070
-35056
-35055
-35054
-35053
-35051
-35050
-35049
-35048
-35046
-35045
-35040
-35039
-35038
-35036
-35035
-35034
-35028
-35027
-35024
-35015
-35014
-35013
-35012
-35010
-35007
-35004
-35003
-35002
-35001
-35000
-34998
-34993
-34992
-34991
-34990
-34989
-34988
-34987
-34986
-34985
-34981
-34980
-34979
-34978
-34977
-34968
-34967
-34965
-34964
-34960
-34958
-34945
-34944
-34943
-34942
-34940
-34933
-34932
-34931
-34925
-34923
-34922
-34920
-34919
-34918
-34916
-34909
-34907
-34906
-34905
-34902
-34901
-34900
-34899
-34898
-34897
-34896
-34895
-34894
-34893
-34892
-34891
-34890
-34889
-34888
-34887
-34886
-34885
-34884
-34883
-34882
-34881
-34880
-34879
-34878
-34877
-34876
-34875
-34874
-34873
-34872
-34871
-34870
-34869
-34868
-34867
-34866
-34865
-34864
-34863
-34862
-34861
-34860
-34859
-34858
-34857
-34856
-34855
-34854
-34853
-34852
-34851
-34849
-34848
-34847
-34846
-34845
-34844
-34842
-34839
-34838
-34837
-34836
-34835
-34834
-34833
-34832
-34830
-34827
-34826
-34825
-34824
-34823
-34822
-34818
-34816
-34815
-34814
-34813
-34812
-34811
-34810
-34809
-34808
-34807
-34804
-34799
-34796
-34782
-34781
-34777
-34776
-34775
-34774
-34772
-34771
-34770
-34769
-34767
-34766
-34765
-34763
-34760
-34758
-34755
-34754
-34752
-34751
-34750
-34749
-34748
-34747
-34746
-34743
-34741
-34740
-34738
-34734
-34728
-34727
-34726
-34724
-34722
-34721
-34720
-34719
-34718
-34717
-34716
-34715
-34714
-34713
-34712
-34710
-34709
-34708
-34707
-34706
-34705
-34696
-34694
-34692
-34691
-34689
-34686
-34685
-34684
-34683
-34682
-34681
-34680
-34679
-34678
-34676
-34675
-34674
-34673
-34672
-34671
-34670
-34668
-34667
-34666
-34664
-34663
-34662
-34661
-34660
-34659
-34658
-34657
-34656
-34655
-34654
-34653
-34650
-34649
-34648
-34645
-34643
-34641
-34633
-34632
-34631
-34628
-34619
-34608
-34607
-34606
-34597
-34596
-34587
-34586
-34585
-34584
-34583
-34582
-34580
-34579
-34576
-34573
-34572
-34571
-34566
-34563
-34562
-34560
-34559
-34558
-34554
-34553
-34552
-34545
-34544
-34541
-34540
-34539
-34536
-34535
-34529
-34528
-34527
-34524
-34518
-34515
-34512
-34506
-34505
-34504
-34503
-34502
-34501
-34500
-34499
-34496
-34488
-34487
-34485
-34482
-34481
-34480
-34478
-34474
-34471
-34466
-34464
-34463
-34462
-34461
-34460
-34454
-34453
-34452
-34451
-34446
-34443
-34440
-34439
-34438
-34434
-34433
-34432
-34431
-34430
-34429
-34427
-34426
-34425
-34419
-34415
-34411
-34410
-34409
-34408
-34404
-34403
-34402
-34400
-34399
-34398
-34397
-34392
-34391
-34386
-34385
-34384
-34383
-34379
-34377
-34376
-34375
-34370
-34369
-34368
-34367
-34366
-34365
-34364
-34362
-34361
-34360
-34359
-34358
-34357
-34356
-34355
-34353
-34352
-34351
-34350
-34349
-34348
-34347
-34346
-34345
-34344
-34341
-34340
-34339
-34338
-34337
-34336
-34335
-34334
-34331
-34329
-34322
-34321
-34320
-34319
-34317
-34316
-34314
-34313
-34310
-34309
-34307
-34305
-34304
-34303
-34300
-34299
-34298
-34297
-34294
-34293
-34292
-34291
-34287
-34286
-34282
-34281
-34277
-34276
-34275
-34274
-34273
-34272
-34271
-34270
-34268
-34265
-34262
-34260
-34254
-34252
-34251
-34250
-34248
-34247
-34243
-34241
-34240
-34239
-34238
-34235
-34233
-34232
-34231
-34230
-34229
-34228
-34226
-34224
-34223
-34221
-34219
-34216
-34215
-34214
-34212
-34210
-34209
-34208
-34205
-34193
-34188
-34187
-34186
-34185
-34181
-34177
-34176
-34175
-34174
-34172
-34167
-34166
-34165
-34163
-34162
-34161
-34160
-34159
-34158
-34157
-34156
-34155
-34154
-34153
-34151
-34150
-34149
-34148
-34147
-34146
-34145
-34144
-34143
-34142
-34141
-34140
-34139
-34138
-34137
-34136
-34135
-34134
-34133
-34132
-34131
-34130
-34129
-34128
-34127
-34126
-34125
-34124
-34122
-34121
-34119
-34116
-34115
-34114
-34112
-34111
-34110
-34105
-34104
-34103
-34102
-34101
-34100
-34099
-34096
-34093
-34092
-34091
-34090
-34089
-34088
-34086
-34083
-34082
-34080
-34079
-34078
-34076
-34075
-34074
-34072
-34070
-34067
-34065
-34062
-34061
-34060
-34058
-34057
-34056
-34055
-34054
-34053
-34052
-34051
-34050
-34048
-34047
-34045
-34043
-34041
-34040
-34038
-34037
-34034
-34032
-34031
-34030
-34028
-34026
-34025
-34024
-34023
-34022
-34021
-34020
-34019
-34018
-34017
-34016
-34015
-34014
-34013
-34012
-34011
-34010
-34009
-34008
-34007
-34006
-34004
-34002
-34001
-33999
-33998
-33997
-33996
-33995
-33994
-33990
-33988
-33987
-33986
-33985
-33984
-33983
-33982
-33981
-33980
-33978
-33976
-33972
-33971
-33970
-33966
-33965
-33963
-33962
-33960
-33959
-33958
-33957
-33956
-33955
-33954
-33953
-33952
-33951
-33950
-33949
-33948
-33947
-33946
-33945
-33944
-33943
-33942
-33941
-33940
-33939
-33938
-33937
-33936
-33935
-33934
-33933
-33932
-33931
-33930
-33929
-33928
-33927
-33926
-33924
-33921
-33920
-33919
-33916
-33915
-33911
-33908
-33907
-33906
-33902
-33894
-33893
-33891
-33890
-33881
-33880
-33879
-33876
-33875
-33873
-33869
-33865
-33859
-33858
-33857
-33856
-33852
-33851
-33847
-33840
-33839
-33838
-33836
-33831
-33830
-33829
-33825
-33824
-33823
-33822
-33821
-33820
-33813
-33811
-33810
-33809
-33808
-33806
-33803
-33799
-33798
-33794
-33793
-33792
-33791
-33790
-33789
-33788
-33781
-33780
-33779
-33771
-33770
-33769
-33768
-33767
-33761
-33760
-33759
-33758
-33756
-33749
-33748
-33747
-33738
-33737
-33735
-33732
-33731
-33729
-33728
-33727
-33726
-33725
-33723
-33722
-33721
-33719
-33716
-33714
-33713
-33712
-33709
-33708
-33707
-33706
-33705
-33704
-33703
-33702
-33701
-33698
-33697
-33696
-33695
-33694
-33693
-33692
-33691
-33690
-33689
-33686
-33685
-33684
-33683
-33682
-33681
-33677
-33676
-33672
-33665
-33664
-33663
-33662
-33661
-33660
-33659
-33655
-33649
-33648
-33647
-33642
-33641
-33639
-33638
-33637
-33636
-33635
-33634
-33633
-33632
-33631
-33630
-33629
-33627
-33624
-33623
-33621
-33620
-33618
-33615
-33611
-33605
-33603
-33602
-33600
-33599
-33598
-33593
-33592
-33591
-33590
-33587
-33580
-33579
-33578
-33577
-33576
-33574
-33573
-33572
-33568
-33561
-33560
-33558
-33557
-33552
-33550
-33540
-33537
-33536
-33535
-33534
-33533
-33532
-33531
-33529
-33528
-33527
-33524
-33523
-33521
-33520
-33519
-33516
-33515
-33514
-33512
-33507
-33506
-33505
-33502
-33501
-33500
-33496
-33495
-33494
-33489
-33488
-33487
-33486
-33484
-33481
-33480
-33479
-33477
-33474
-33473
-33472
-33471
-33465
-33464
-33463
-33462
-33456
-33455
-33453
-33452
-33449
-33439
-33432
-33431
-33426
-33421
-33419
-33418
-33417
-33415
-33414
-33413
-33410
-33408
-33407
-33406
-33405
-33401
-33397
-33396
-33395
-33392
-33390
-33386
-33385
-33384
-33383
-33382
-33381
-33377
-33376
-33375
-33374
-33373
-33369
-33365
-33363
-33360
-33356
-33353
-33351
-33350
-33349
-33348
-33347
-33346
-33345
-33344
-33343
-33342
-33341
-33340
-33339
-33335
-33334
-33333
-33332
-33331
-33330
-33329
-33327
-33326
-33325
-33324
-33323
-33321
-33320
-33319
-33318
-33317
-33316
-33315
-33311
-33309
-33306
-33305
-33304
-33302
-33300
-33297
-33296
-33295
-33294
-33293
-33292
-33291
-33290
-33285
-33284
-33280
-33279
-33278
-33275
-33269
-33267
-33266
-33265
-33264
-33263
-33262
-33261
-33254
-33251
-33250
-33249
-33243
-33242
-33241
-33240
-33235
-33234
-33233
-33232
-33231
-33228
-33225
-33224
-33223
-33222
-33214
-33210
-33209
-33208
-33207
-33205
-33204
-33203
-33201
-33200
-33198
-33197
-33189
-33179
-33178
-33177
-33176
-33175
-33174
-33173
-33170
-33166
-33165
-33157
-33156
-33155
-33154
-33153
-33152
-33151
-33150
-33149
-33143
-33142
-33141
-33138
-33136
-33135
-33134
-33133
-33132
-33128
-33125
-33124
-33121
-33120
-33119
-33118
-33117
-33116
-33111
-33110
-33109
-33108
-33107
-33102
-33101
-33100
-33099
-33097
-33096
-33095
-33089
-33088
-33087
-33086
-33085
-33084
-33077
-33075
-33074
-33072
-33071
-33066
-33063
-33062
-33061
-33060
-33059
-33058
-33057
-33056
-33055
-33054
-33052
-33049
-33048
-33047
-33046
-33045
-33044
-33043
-33041
-33040
-33039
-33038
-33037
-33036
-33033
-33032
-33025
-33024
-33023
-33022
-33016
-33015
-33014
-33012
-33011
-33010
-33005
-33004
-33003
-33001
-33000
-32999
-32998
-32997
-32994
-32993
-32991
-32989
-32988
-32987
-32986
-32984
-32983
-32980
-32978
-32976
-32975
-32970
-32969
-32963
-32960
-32959
-32948
-32946
-32945
-32941
-32940
-32939
-32936
-32934
-32929
-32928
-32921
-32912
-32901
-32900
-32899
-32898
-32897
-32895
-32891
-32890
-32889
-32888
-32886
-32885
-32877
-32868
-32867
-32865
-32864
-32859
-32858
-32853
-32851
-32850
-32844
-32843
-32841
-32840
-32838
-32835
-32834
-32833
-32832
-32831
-32830
-32825
-32824
-32823
-32822
-32819
-32818
-32817
-32816
-32814
-32808
-32804
-32803
-32802
-32801
-32800
-32799
-32798
-32796
-32795
-32791
-32784
-32783
-32782
-32781
-32780
-32778
-32771
-32769
-32768
-32767
-32766
-32762
-32761
-32760
-32759
-32758
-32757
-32756
-32751
-32750
-32748
-32747
-32742
-32741
-32739
-32738
-32737
-32736
-32735
-32734
-32725
-32724
-32723
-32721
-32718
-32717
-32716
-32714
-32707
-32705
-32704
-32703
-32700
-32697
-32696
-32688
-32685
-32684
-32683
-32682
-32681
-32680
-32679
-32676
-32675
-32674
-32673
-32672
-32670
-32669
-32665
-32664
-32663
-32661
-32660
-32657
-32656
-32655
-32654
-32648
-32643
-32642
-32641
-32640
-32639
-32637
-32634
-32632
-32621
-32620
-32619
-32612
-32611
-32608
-32606
-32605
-32604
-32603
-32601
-32600
-32599
-32595
-32594
-32593
-32592
-32591
-32581
-32574
-32571
-32570
-32568
-32567
-32566
-32565
-32562
-32560
-32557
-32552
-32551
-32550
-32549
-32548
-32547
-32546
-32545
-32544
-32543
-32542
-32541
-32540
-32539
-32538
-32537
-32536
-32535
-32534
-32532
-32531
-32530
-32529
-32528
-32527
-32526
-32525
-32524
-32523
-32522
-32521
-32520
-32519
-32518
-32517
-32516
-32515
-32513
-32512
-32511
-32510
-32509
-32508
-32507
-32506
-32505
-32504
-32503
-32500
-32499
-32498
-32497
-32496
-32495
-32494
-32492
-32490
-32488
-32487
-32486
-32481
-32480
-32479
-32473
-32472
-32471
-32470
-32469
-32468
-32467
-32466
-32464
-32451
-32450
-32448
-32445
-32444
-32441
-32440
-32439
-32432
-32431
-32430
-32426
-32424
-32421
-32420
-32406
-32400
-32395
-32392
-32390
-32389
-32388
-32387
-32386
-32385
-32384
-32383
-32382
-32381
-32373
-32368
-32364
-32363
-32362
-32361
-32357
-32352
-32351
-32349
-32348
-32343
-32342
-32341
-32340
-32339
-32338
-32337
-32336
-32334
-32333
-32331
-32330
-32329
-32328
-32321
-32320
-32319
-32318
-32317
-32316
-32315
-32314
-32313
-32308
-32307
-32304
-32302
-32298
-32297
-32296
-32295
-32293
-32292
-32291
-32289
-32288
-32287
-32285
-32277
-32274
-32264
-32263
-32262
-32257
-32256
-32255
-32253
-32250
-32249
-32247
-32246
-32245
-32244
-32243
-32241
-32240
-32238
-32237
-32236
-32235
-32234
-32233
-32232
-32231
-32230
-32229
-32228
-32227
-32226
-32225
-32224
-32223
-32222
-32221
-32220
-32219
-32217
-32216
-32214
-32213
-32212
-32211
-32210
-32209
-32208
-32207
-32206
-32205
-32203
-32202
-32201
-32200
-32199
-32193
-32192
-32190
-32188
-32186
-32185
-32178
-32175
-32172
-32171
-32165
-32164
-32163
-32148
-32147
-32145
-32144
-32143
-32142
-32136
-32131
-32121
-32120
-32119
-32118
-32117
-32116
-32115
-32113
-32112
-32110
-32109
-32108
-32103
-32102
-32101
-32100
-32099
-32098
-32097
-32096
-32095
-32087
-32085
-32084
-32083
-32078
-32077
-32076
-32075
-32074
-32073
-32066
-32065
-32064
-32063
-32062
-32054
-32053
-32052
-32051
-32046
-32043
-32040
-32039
-32038
-32034
-32033
-32032
-32031
-32029
-32027
-32025
-32023
-32021
-32016
-32015
-32014
-32011
-32010
-32009
-32005
-32004
-32000
-31999
-31996
-31994
-31993
-31992
-31991
-31990
-31989
-31988
-31987
-31983
-31981
-31980
-31979
-31978
-31977
-31976
-31968
-31967
-31966
-31965
-31964
-31963
-31960
-31959
-31958
-31956
-31955
-31954
-31950
-31949
-31945
-31944
-31943
-31942
-31941
-31940
-31933
-31931
-31922
-31920
-31919
-31918
-31916
-31914
-31911
-31909
-31907
-31902
-31901
-31900
-31899
-31896
-31895
-31893
-31890
-31889
-31888
-31884
-31883
-31878
-31877
-31876
-31875
-31873
-31872
-31871
-31870
-31867
-31863
-31860
-31859
-31858
-31857
-31856
-31855
-31845
-31844
-31843
-31842
-31841
-31840
-31839
-31834
-31833
-31832
-31831
-31828
-31824
-31823
-31822
-31815
-31814
-31813
-31812
-31811
-31810
-31808
-31806
-31805
-31800
-31799
-31794
-31793
-31792
-31790
-31789
-31787
-31786
-31785
-31783
-31779
-31778
-31777
-31776
-31775
-31774
-31773
-31772
-31770
-31769
-31768
-31767
-31757
-31754
-31753
-31752
-31751
-31750
-31748
-31747
-31746
-31745
-31744
-31743
-31742
-31741
-31740
-31736
-31735
-31734
-31733
-31732
-31731
-31730
-31729
-31728
-31727
-31724
-31722
-31721
-31720
-31719
-31718
-31717
-31716
-31715
-31713
-31712
-31710
-31709
-31708
-31707
-31706
-31705
-31704
-31703
-31702
-31701
-31700
-31699
-31698
-31697
-31696
-31693
-31692
-31691
-31690
-31689
-31688
-31687
-31686
-31685
-31684
-31682
-31681
-31680
-31679
-31678
-31677
-31676
-31675
-31674
-31673
-31672
-31671
-31670
-31669
-31668
-31667
-31663
-31662
-31661
-31660
-31659
-31658
-31657
-31656
-31655
-31654
-31651
-31650
-31649
-31648
-31647
-31646
-31639
-31636
-31631
-31629
-31626
-31625
-31624
-31623
-31622
-31616
-31615
-31614
-31613
-31611
-31610
-31609
-31608
-31607
-31605
-31603
-31599
-31598
-31592
-31591
-31590
-31589
-31585
-31584
-31583
-31582
-31581
-31580
-31578
-31577
-31576
-31575
-31571
-31570
-31569
-31564
-31563
-31562
-31560
-31559
-31556
-31554
-31552
-31551
-31550
-31549
-31548
-31547
-31546
-31542
-31541
-31540
-31539
-31538
-31537
-31536
-31535
-31533
-31531
-31528
-31527
-31526
-31525
-31524
-31523
-31522
-31521
-31520
-31518
-31516
-31515
-31514
-31513
-31512
-31511
-31510
-31509
-31506
-31505
-31504
-31503
-31501
-31500
-31499
-31498
-31497
-31496
-31495
-31493
-31491
-31488
-31487
-31486
-31485
-31484
-31483
-31482
-31481
-31479
-31478
-31477
-31476
-31475
-31474
-31473
-31472
-31471
-31467
-31465
-31464
-31463
-31462
-31461
-31460
-31459
-31458
-31457
-31456
-31455
-31453
-31449
-31447
-31446
-31445
-31444
-31443
-31440
-31439
-31438
-31436
-31435
-31434
-31433
-31429
-31428
-31427
-31426
-31425
-31424
-31421
-31417
-31416
-31415
-31410
-31409
-31408
-31405
-31399
-31395
-31394
-31393
-31392
-31391
-31388
-31385
-31383
-31382
-31380
-31376
-31375
-31374
-31373
-31372
-31371
-31370
-31369
-31368
-31367
-31365
-31364
-31363
-31362
-31361
-31360
-31359
-31358
-31357
-31356
-31355
-31354
-31352
-31350
-31348
-31347
-31346
-31343
-31341
-31339
-31338
-31337
-31336
-31331
-31329
-31328
-31327
-31321
-31320
-31319
-31318
-31317
-31313
-31311
-31310
-31309
-31308
-31307
-31306
-31305
-31304
-31303
-31302
-31301
-31297
-31296
-31295
-31292
-31290
-31284
-31283
-31282
-31280
-31279
-31278
-31275
-31271
-31270
-31269
-31268
-31262
-31255
-31252
-31251
-31250
-31249
-31248
-31247
-31246
-31245
-31244
-31242
-31241
-31240
-31239
-31237
-31235
-31234
-31233
-31232
-31231
-31230
-31229
-31228
-31227
-31226
-31221
-31220
-31219
-31218
-31217
-31216
-31215
-31213
-31212
-31211
-31209
-31207
-31206
-31203
-31200
-31199
-31198
-31197
-31196
-31195
-31194
-31193
-31192
-31191
-31190
-31189
-31188
-31187
-31186
-31185
-31184
-31183
-31182
-31181
-31180
-31179
-31178
-31176
-31175
-31174
-31173
-31172
-31170
-31169
-31168
-31167
-31166
-31165
-31164
-31163
-31162
-31161
-31160
-31159
-31158
-31157
-31156
-31155
-31154
-31153
-31152
-31151
-31150
-31149
-31145
-31141
-31140
-31139
-31137
-31136
-31135
-31133
-31132
-31131
-31130
-31129
-31128
-31127
-31126
-31125
-31124
-31123
-31122
-31121
-31120
-31119
-31118
-31117
-31116
-31115
-31114
-31112
-31110
-31109
-31108
-31107
-31106
-31105
-31104
-31103
-31102
-31101
-31100
-31099
-31098
-31097
-31096
-31094
-31093
-31092
-31091
-31086
-31085
-31082
-31080
-31079
-31078
-31074
-31073
-31072
-31071
-31067
-31064
-31059
-31058
-31056
-31053
-31050
-31048
-31046
-31045
-31044
-31043
-31042
-31040
-31039
-31038
-31037
-31033
-31032
-31031
-31027
-31025
-31024
-31023
-31020
-31019
-31017
-31014
-31009
-31008
-31007
-31006
-31005
-31001
-31000
-30999
-30996
-30995
-30988
-30987
-30976
-30975
-30974
-30972
-30971
-30970
-30969
-30968
-30965
-30960
-30959
-30956
-30936
-30935
-30933
-30932
-30931
-30925
-30924
-30923
-30922
-30921
-30916
-30915
-30914
-30913
-30912
-30911
-30910
-30909
-30906
-30901
-30900
-30899
-30897
-30896
-30895
-30894
-30893
-30892
-30891
-30890
-30889
-30888
-30887
-30882
-30876
-30875
-30874
-30873
-30872
-30871
-30870
-30869
-30868
-30867
-30866
-30865
-30864
-30863
-30862
-30861
-30860
-30859
-30858
-30857
-30856
-30855
-30852
-30851
-30850
-30849
-30848
-30847
-30846
-30845
-30844
-30842
-30840
-30839
-30834
-30833
-30832
-30828
-30827
-30822
-30819
-30818
-30817
-30816
-30815
-30814
-30813
-30812
-30811
-30810
-30807
-30806
-30805
-30804
-30803
-30801
-30800
-30799
-30798
-30796
-30795
-30794
-30791
-30789
-30786
-30784
-30780
-30779
-30778
-30777
-30771
-30767
-30756
-30755
-30753
-30752
-30751
-30750
-30749
-30748
-30744
-30743
-30740
-30739
-30738
-30736
-30734
-30732
-30731
-30728
-30723
-30721
-30720
-30719
-30718
-30705
-30704
-30703
-30702
-30701
-30700
-30696
-30695
-30693
-30691
-30690
-30689
-30688
-30687
-30686
-30685
-30684
-30683
-30682
-30681
-30680
-30679
-30675
-30674
-30673
-30672
-30671
-30670
-30669
-30668
-30667
-30666
-30665
-30664
-30663
-30662
-30661
-30660
-30659
-30658
-30657
-30656
-30655
-30654
-30653
-30652
-30651
-30650
-30649
-30648
-30647
-30646
-30645
-30644
-30643
-30642
-30641
-30640
-30639
-30638
-30637
-30636
-30635
-30633
-30632
-30631
-30630
-30629
-30628
-30627
-30626
-30625
-30624
-30623
-30622
-30620
-30619
-30618
-30617
-30616
-30614
-30613
-30612
-30611
-30610
-30608
-30607
-30606
-30602
-30600
-30599
-30597
-30596
-30595
-30594
-30592
-30591
-30590
-30589
-30588
-30587
-30586
-30584
-30583
-30580
-30577
-30576
-30575
-30567
-30566
-30565
-30558
-30555
-30554
-30553
-30551
-30549
-30544
-30540
-30539
-30534
-30533
-30532
-30527
-30525
-30524
-30520
-30515
-30514
-30513
-30512
-30511
-30510
-30509
-30508
-30507
-30506
-30505
-30504
-30503
-30502
-30501
-30500
-30499
-30497
-30496
-30495
-30494
-30493
-30492
-30491
-30490
-30489
-30485
-30482
-30481
-30480
-30475
-30474
-30473
-30471
-30470
-30469
-30465
-30464
-30463
-30459
-30458
-30457
-30452
-30451
-30450
-30449
-30441
-30433
-30432
-30431
-30429
-30428
-30425
-30419
-30415
-30411
-30408
-30402
-30400
-30396
-30395
-30394
-30393
-30392
-30391
-30389
-30387
-30385
-30384
-30383
-30382
-30381
-30380
-30379
-30378
-30375
-30374
-30373
-30372
-30371
-30370
-30369
-30368
-30367
-30366
-30362
-30361
-30360
-30359
-30358
-30357
-30355
-30352
-30350
-30349
-30348
-30347
-30345
-30344
-30342
-30339
-30338
-30337
-30336
-30335
-30334
-30330
-30328
-30327
-30326
-30325
-30324
-30323
-30322
-30321
-30320
-30319
-30318
-30316
-30314
-30313
-30312
-30311
-30306
-30305
-30304
-30303
-30302
-30300
-30299
-30295
-30294
-30293
-30284
-30283
-30282
-30281
-30277
-30275
-30273
-30272
-30271
-30267
-30264
-30261
-30260
-30259
-30258
-30257
-30256
-30255
-30254
-30253
-30252
-30251
-30250
-30248
-30246
-30245
-30244
-30243
-30242
-30241
-30240
-30239
-30238
-30237
-30236
-30235
-30234
-30231
-30230
-30229
-30228
-30227
-30222
-30219
-30218
-30217
-30216
-30213
-30210
-30209
-30208
-30207
-30206
-30205
-30204
-30203
-30199
-30198
-30197
-30195
-30192
-30191
-30190
-30189
-30188
-30181
-30180
-30177
-30176
-30175
-30174
-30173
-30172
-30168
-30167
-30166
-30165
-30164
-30163
-30162
-30159
-30156
-30155
-30154
-30153
-30152
-30151
-30149
-30145
-30144
-30143
-30142
-30135
-30134
-30133
-30132
-30131
-30130
-30129
-30128
-30123
-30118
-30117
-30116
-30114
-30113
-30112
-30111
-30108
-30107
-30106
-30103
-30102
-30101
-30100
-30097
-30096
-30095
-30094
-30093
-30092
-30091
-30089
-30087
-30086
-30085
-30084
-30083
-30082
-30081
-30080
-30079
-30078
-30077
-30076
-30074
-30073
-30072
-30071
-30070
-30069
-30068
-30067
-30066
-30065
-30064
-30063
-30062
-30061
-30060
-30059
-30058
-30057
-30056
-30053
-30052
-30051
-30050
-30049
-30048
-30047
-30044
-30043
-30042
-30041
-30036
-30035
-30033
-30032
-30031
-30030
-30029
-30028
-30027
-30026
-30024
-30023
-30020
-30019
-30018
-30016
-30013
-30012
-30011
-30010
-30009
-30008
-30007
-30006
-30005
-30004
-30000
-29999
-29998
-29997
-29996
-29995
-29988
-29987
-29986
-29985
-29984
-29983
-29982
-29981
-29977
-29975
-29971
-29970
-29969
-29968
-29967
-29966
-29965
-29964
-29963
-29962
-29961
-29960
-29959
-29954
-29953
-29952
-29951
-29950
-29949
-29946
-29945
-29944
-29942
-29941
-29936
-29935
-29933
-29931
-29927
-29925
-29924
-29921
-29920
-29919
-29917
-29913
-29909
-29905
-29904
-29903
-29902
-29900
-29899
-29898
-29897
-29896
-29895
-29894
-29893
-29891
-29890
-29889
-29888
-29887
-29886
-29884
-29883
-29882
-29880
-29879
-29876
-29875
-29867
-29866
-29865
-29862
-29859
-29855
-29854
-29853
-29852
-29848
-29844
-29843
-29841
-29835
-29833
-29832
-29831
-29830
-29825
-29824
-29823
-29822
-29821
-29820
-29819
-29811
-29808
-29807
-29805
-29799
-29798
-29795
-29793
-29792
-29791
-29790
-29788
-29786
-29785
-29784
-29783
-29781
-29778
-29777
-29768
-29767
-29766
-29765
-29761
-29760
-29759
-29758
-29757
-29756
-29755
-29754
-29749
-29748
-29745
-29744
-29743
-29737
-29736
-29735
-29733
-29729
-29728
-29727
-29726
-29724
-29723
-29719
-29718
-29715
-29712
-29711
-29701
-29700
-29699
-29698
-29697
-29696
-29695
-29694
-29687
-29680
-29678
-29676
-29673
-29672
-29670
-29667
-29665
-29664
-29663
-29662
-29661
-29660
-29659
-29658
-29657
-29655
-29652
-29651
-29649
-29648
-29646
-29645
-29644
-29643
-29642
-29641
-29640
-29639
-29638
-29637
-29636
-29635
-29634
-29633
-29632
-29631
-29630
-29628
-29627
-29625
-29623
-29622
-29621
-29620
-29619
-29618
-29617
-29616
-29615
-29614
-29613
-29612
-29611
-29610
-29609
-29608
-29607
-29606
-29605
-29604
-29601
-29600
-29599
-29598
-29596
-29595
-29594
-29592
-29591
-29590
-29589
-29588
-29585
-29580
-29579
-29577
-29575
-29569
-29568
-29567
-29566
-29565
-29558
-29557
-29556
-29555
-29554
-29553
-29547
-29546
-29544
-29543
-29540
-29539
-29538
-29535
-29533
-29532
-29531
-29530
-29529
-29528
-29526
-29525
-29524
-29523
-29521
-29520
-29519
-29518
-29517
-29515
-29514
-29513
-29512
-29511
-29510
-29509
-29508
-29507
-29505
-29504
-29503
-29502
-29500
-29499
-29491
-29484
-29483
-29482
-29481
-29480
-29479
-29478
-29477
-29475
-29474
-29473
-29472
-29471
-29470
-29469
-29468
-29467
-29466
-29465
-29463
-29462
-29461
-29460
-29459
-29458
-29457
-29456
-29452
-29450
-29449
-29448
-29447
-29446
-29445
-29444
-29442
-29441
-29440
-29439
-29438
-29437
-29436
-29435
-29434
-29433
-29430
-29429
-29428
-29427
-29426
-29425
-29424
-29423
-29422
-29421
-29420
-29419
-29417
-29416
-29415
-29414
-29413
-29412
-29411
-29410
-29409
-29408
-29407
-29406
-29405
-29404
-29403
-29402
-29401
-29400
-29399
-29398
-29397
-29396
-29394
-29393
-29392
-29391
-29389
-29388
-29387
-29385
-29382
-29381
-29379
-29377
-29376
-29375
-29374
-29373
-29372
-29371
-29370
-29369
-29368
-29367
-29365
-29364
-29363
-29359
-29358
-29357
-29352
-29351
-29350
-29349
-29348
-29347
-29346
-29345
-29344
-29343
-29342
-29341
-29340
-29339
-29338
-29337
-29336
-29333
-29330
-29328
-29327
-29326
-29325
-29324
-29323
-29322
-29316
-29315
-29314
-29305
-29304
-29303
-29302
-29301
-29298
-29297
-29296
-29295
-29294
-29293
-29292
-29291
-29289
-29288
-29287
-29286
-29285
-29284
-29282
-29281
-29280
-29279
-29277
-29276
-29275
-29274
-29273
-29272
-29271
-29270
-29269
-29268
-29267
-29266
-29265
-29264
-29263
-29262
-29261
-29260
-29259
-29258
-29257
-29256
-29255
-29253
-29252
-29250
-29249
-29248
-29247
-29246
-29245
-29243
-29239
-29238
-29237
-29234
-29233
-29232
-29231
-29230
-29229
-29228
-29227
-29225
-29224
-29222
-29221
-29220
-29219
-29218
-29217
-29216
-29215
-29214
-29213
-29212
-29211
-29210
-29209
-29208
-29207
-29206
-29205
-29204
-29202
-29201
-29200
-29199
-29198
-29197
-29196
-29195
-29194
-29193
-29192
-29191
-29190
-29189
-29188
-29187
-29186
-29185
-29184
-29183
-29182
-29181
-29180
-29178
-29177
-29172
-29171
-29170
-29169
-29168
-29166
-29165
-29164
-29163
-29162
-29161
-29160
-29159
-29158
-29157
-29156
-29155
-29154
-29153
-29152
-29151
-29150
-29149
-29148
-29147
-29146
-29145
-29141
-29140
-29139
-29138
-29137
-29136
-29135
-29133
-29130
-29129
-29128
-29127
-29125
-29124
-29123
-29122
-29121
-29120
-29119
-29117
-29113
-29112
-29111
-29110
-29109
-29108
-29107
-29106
-29103
-29101
-29100
-29099
-29096
-29095
-29094
-29091
-29090
-29089
-29088
-29087
-29086
-29085
-29084
-29082
-29080
-29079
-29078
-29076
-29075
-29074
-29073
-29072
-29070
-29069
-29068
-29067
-29066
-29065
-29064
-29063
-29062
-29061
-29060
-29059
-29058
-29057
-29056
-29055
-29054
-29053
-29052
-29051
-29050
-29049
-29048
-29047
-29045
-29044
-29043
-29042
-29041
-29040
-29039
-29038
-29036
-29034
-29033
-29029
-29028
-29027
-29026
-29024
-29018
-29017
-29016
-29015
-29014
-29009
-29008
-29007
-29006
-29005
-29004
-29003
-29001
-29000
-28998
-28997
-28996
-28995
-28993
-28992
-28991
-28985
-28982
-28980
-28979
-28978
-28977
-28976
-28975
-28974
-28973
-28971
-28969
-28963
-28961
-28960
-28959
-28958
-28956
-28955
-28952
-28949
-28947
-28945
-28944
-28943
-28942
-28941
-28939
-28938
-28937
-28932
-28931
-28930
-28929
-28928
-28927
-28926
-28920
-28919
-28918
-28917
-28916
-28915
-28914
-28911
-28910
-28909
-28908
-28907
-28905
-28904
-28903
-28899
-28898
-28897
-28896
-28895
-28894
-28892
-28890
-28889
-28888
-28886
-28885
-28884
-28883
-28882
-28880
-28879
-28878
-28876
-28875
-28874
-28873
-28872
-28871
-28866
-28865
-28864
-28863
-28862
-28861
-28860
-28858
-28854
-28853
-28852
-28848
-28847
-28844
-28843
-28842
-28841
-28840
-28836
-28835
-28833
-28832
-28831
-28830
-28825
-28820
-28818
-28815
-28812
-28809
-28800
-28799
-28798
-28797
-28792
-28791
-28790
-28787
-28785
-28784
-28783
-28782
-28781
-28780
-28779
-28777
-28776
-28775
-28770
-28769
-28768
-28767
-28766
-28764
-28763
-28756
-28755
-28754
-28753
-28752
-28751
-28750
-28749
-28748
-28743
-28742
-28737
-28736
-28735
-28734
-28733
-28728
-28727
-28726
-28725
-28724
-28721
-28717
-28716
-28711
-28710
-28709
-28708
-28707
-28706
-28705
-28704
-28703
-28702
-28701
-28700
-28699
-28696
-28694
-28693
-28692
-28691
-28689
-28688
-28687
-28686
-28683
-28682
-28681
-28680
-28679
-28678
-28677
-28676
-28675
-28674
-28673
-28672
-28671
-28670
-28669
-28668
-28667
-28666
-28665
-28664
-28662
-28659
-28658
-28657
-28656
-28655
-28654
-28652
-28651
-28650
-28648
-28647
-28646
-28644
-28643
-28641
-28640
-28639
-28637
-28635
-28634
-28633
-28632
-28631
-28630
-28629
-28628
-28627
-28626
-28624
-28623
-28622
-28615
-28612
-28611
-28609
-28604
-28602
-28601
-28600
-28599
-28595
-28593
-28589
-28588
-28583
-28582
-28581
-28580
-28579
-28578
-28577
-28575
-28571
-28570
-28569
-28568
-28567
-28566
-28565
-28563
-28562
-28561
-28560
-28559
-28558
-28557
-28556
-28555
-28553
-28552
-28551
-28550
-28549
-28548
-28547
-28545
-28544
-28543
-28542
-28541
-28540
-28539
-28538
-28537
-28536
-28535
-28534
-28533
-28532
-28531
-28530
-28529
-28528
-28527
-28526
-28525
-28524
-28523
-28522
-28521
-28520
-28519
-28518
-28517
-28516
-28515
-28514
-28513
-28512
-28511
-28510
-28509
-28508
-28504
-28503
-28502
-28501
-28500
-28499
-28497
-28496
-28495
-28494
-28492
-28491
-28490
-28489
-28488
-28487
-28486
-28485
-28484
-28481
-28480
-28479
-28478
-28477
-28476
-28475
-28474
-28473
-28472
-28469
-28468
-28467
-28466
-28465
-28464
-28463
-28462
-28461
-28460
-28459
-28458
-28457
-28456
-28455
-28454
-28453
-28452
-28451
-28450
-28449
-28448
-28447
-28446
-28445
-28444
-28443
-28442
-28441
-28440
-28439
-28438
-28437
-28436
-28435
-28434
-28433
-28432
-28431
-28430
-28429
-28428
-28427
-28426
-28425
-28424
-28423
-28422
-28421
-28420
-28419
-28418
-28417
-28416
-28415
-28414
-28413
-28412
-28411
-28410
-28409
-28408
-28407
-28406
-28405
-28404
-28403
-28402
-28401
-28398
-28397
-28396
-28395
-28394
-28392
-28391
-28390
-28388
-28387
-28386
-28385
-28384
-28383
-28382
-28381
-28380
-28379
-28378
-28377
-28376
-28375
-28374
-28373
-28372
-28371
-28370
-28369
-28368
-28364
-28363
-28362
-28361
-28358
-28357
-28356
-28355
-28354
-28353
-28352
-28351
-28350
-28349
-28348
-28347
-28346
-28345
-28344
-28343
-28342
-28341
-28340
-28339
-28338
-28337
-28336
-28335
-28334
-28332
-28331
-28330
-28329
-28328
-28326
-28325
-28324
-28322
-28321
-28320
-28319
-28318
-28317
-28316
-28315
-28314
-28313
-28312
-28311
-28308
-28307
-28306
-28305
-28304
-28303
-28302
-28301
-28300
-28298
-28296
-28295
-28294
-28293
-28292
-28291
-28290
-28289
-28288
-28287
-28286
-28285
-28284
-28283
-28281
-28280
-28279
-28278
-28276
-28275
-28274
-28273
-28272
-28271
-28270
-28269
-28266
-28265
-28263
-28259
-28251
-28248
-28247
-28246
-28245
-28244
-28241
-28240
-28238
-28237
-28236
-28235
-28232
-28231
-28230
-28226
-28225
-28224
-28223
-28222
-28221
-28220
-28215
-28214
-28213
-28210
-28208
-28206
-28205
-28204
-28203
-28202
-28201
-28200
-28199
-28198
-28197
-28196
-28194
-28193
-28192
-28191
-28190
-28189
-28188
-28187
-28186
-28185
-28184
-28183
-28182
-28181
-28179
-28178
-28176
-28175
-28174
-28173
-28172
-28171
-28170
-28169
-28167
-28166
-28165
-28164
-28163
-28161
-28160
-28159
-28158
-28157
-28154
-28152
-28151
-28150
-28149
-28148
-28146
-28144
-28141
-28140
-28139
-28138
-28137
-28136
-28129
-28128
-28127
-28126
-28122
-28119
-28118
-28117
-28116
-28115
-28114
-28113
-28112
-28111
-28106
-28105
-28104
-28103
-28098
-28097
-28096
-28095
-28094
-28093
-28091
-28090
-28087
-28083
-28081
-28080
-28079
-28078
-28077
-28076
-28075
-28074
-28073
-28072
-28071
-28067
-28066
-28065
-28064
-28062
-28061
-28060
-28059
-28058
-28056
-28055
-28054
-28053
-28052
-28050
-28049
-28047
-28046
-28045
-28044
-28043
-28042
-28041
-28040
-28039
-28038
-28036
-28035
-28034
-28033
-28032
-28031
-28030
-28029
-28028
-28026
-28025
-28024
-28023
-28022
-28021
-28020
-28019
-28014
-28013
-28012
-28008
-28007
-28006
-28005
-28003
-28001
-28000
-27999
-27993
-27992
-27991
-27990
-27989
-27988
-27984
-27981
-27980
-27979
-27973
-27972
-27971
-27970
-27968
-27967
-27966
-27965
-27964
-27963
-27962
-27961
-27960
-27959
-27957
-27956
-27955
-27954
-27953
-27952
-27951
-27950
-27949
-27948
-27947
-27946
-27945
-27944
-27943
-27942
-27941
-27940
-27939
-27938
-27937
-27936
-27935
-27934
-27933
-27932
-27931
-27930
-27929
-27928
-27927
-27926
-27925
-27924
-27923
-27922
-27921
-27920
-27919
-27918
-27916
-27915
-27914
-27913
-27912
-27911
-27910
-27909
-27908
-27907
-27905
-27904
-27903
-27900
-27899
-27898
-27897
-27896
-27895
-27894
-27893
-27892
-27891
-27890
-27889
-27888
-27887
-27886
-27885
-27884
-27883
-27882
-27881
-27880
-27879
-27878
-27876
-27875
-27874
-27873
-27872
-27871
-27870
-27867
-27866
-27865
-27864
-27863
-27861
-27855
-27854
-27852
-27851
-27846
-27845
-27844
-27842
-27841
-27840
-27839
-27838
-27837
-27835
-27830
-27829
-27828
-27825
-27824
-27819
-27818
-27816
-27815
-27809
-27808
-27807
-27806
-27805
-27804
-27799
-27798
-27797
-27796
-27795
-27787
-27786
-27785
-27783
-27782
-27777
-27776
-27775
-27768
-27767
-27764
-27762
-27761
-27753
-27752
-27745
-27744
-27743
-27742
-27741
-27740
-27739
-27738
-27737
-27736
-27735
-27734
-27733
-27732
-27731
-27730
-27729
-27728
-27727
-27723
-27722
-27721
-27720
-27719
-27718
-27717
-27716
-27715
-27714
-27713
-27712
-27711
-27710
-27709
-27708
-27707
-27705
-27704
-27703
-27702
-27701
-27700
-27699
-27698
-27697
-27696
-27695
-27694
-27693
-27692
-27691
-27690
-27688
-27687
-27686
-27685
-27684
-27681
-27680
-27678
-27677
-27676
-27675
-27674
-27673
-27672
-27671
-27670
-27669
-27665
-27664
-27663
-27662
-27660
-27659
-27658
-27657
-27654
-27651
-27648
-27647
-27646
-27645
-27644
-27643
-27642
-27641
-27640
-27639
-27638
-27637
-27636
-27635
-27632
-27631
-27630
-27629
-27628
-27627
-27625
-27624
-27623
-27622
-27621
-27620
-27619
-27618
-27617
-27616
-27615
-27614
-27612
-27611
-27610
-27609
-27608
-27607
-27606
-27605
-27604
-27603
-27602
-27601
-27600
-27599
-27598
-27597
-27596
-27595
-27594
-27593
-27592
-27591
-27590
-27589
-27588
-27587
-27583
-27582
-27581
-27579
-27577
-27575
-27574
-27573
-27572
-27570
-27569
-27567
-27566
-27565
-27560
-27559
-27558
-27557
-27556
-27555
-27553
-27552
-27551
-27545
-27544
-27543
-27541
-27540
-27539
-27533
-27531
-27529
-27528
-27527
-27522
-27521
-27520
-27519
-27518
-27516
-27513
-27511
-27510
-27509
-27506
-27504
-27503
-27500
-27497
-27495
-27493
-27491
-27489
-27488
-27485
-27483
-27482
-27481
-27480
-27478
-27477
-27475
-27474
-27473
-27472
-27471
-27470
-27469
-27468
-27467
-27466
-27462
-27461
-27460
-27459
-27458
-27457
-27456
-27455
-27454
-27451
-27450
-27449
-27447
-27446
-27445
-27443
-27442
-27441
-27440
-27439
-27438
-27437
-27434
-27433
-27432
-27431
-27430
-27429
-27426
-27425
-27424
-27423
-27419
-27417
-27413
-27412
-27411
-27405
-27404
-27403
-27401
-27395
-27391
-27390
-27389
-27383
-27379
-27378
-27374
-27373
-27372
-27371
-27370
-27369
-27368
-27367
-27363
-27362
-27361
-27360
-27359
-27358
-27353
-27352
-27349
-27346
-27344
-27342
-27341
-27340
-27338
-27336
-27335
-27331
-27329
-27328
-27327
-27325
-27324
-27323
-27321
-27320
-27313
-27312
-27311
-27310
-27306
-27305
-27302
-27301
-27300
-27299
-27291
-27286
-27285
-27284
-27283
-27281
-27280
-27279
-27278
-27277
-27274
-27270
-27269
-27268
-27265
-27258
-27257
-27255
-27251
-27250
-27249
-27248
-27247
-27246
-27237
-27236
-27235
-27234
-27233
-27232
-27227
-27226
-27225
-27224
-27218
-27217
-27216
-27215
-27214
-27213
-27208
-27203
-27200
-27199
-27195
-27194
-27192
-27191
-27183
-27182
-27179
-27174
-27173
-27170
-27169
-27168
-27167
-27166
-27164
-27163
-27157
-27156
-27155
-27153
-27152
-27151
-27149
-27148
-27147
-27146
-27145
-27144
-27143
-27142
-27141
-27140
-27139
-27136
-27134
-27133
-27132
-27131
-27130
-27129
-27128
-27126
-27125
-27122
-27120
-27119
-27118
-27117
-27115
-27111
-27110
-27108
-27107
-27105
-27104
-27103
-27093
-27090
-27089
-27088
-27086
-27084
-27083
-27079
-27073
-27072
-27071
-27070
-27069
-27068
-27063
-27061
-27060
-27059
-27049
-27048
-27047
-27046
-27039
-27038
-27037
-27036
-27035
-27033
-27032
-27027
-27026
-27025
-27024
-27017
-27016
-27015
-27006
-27005
-27002
-27001
-27000
-26999
-26997
-26996
-26995
-26994
-26993
-26992
-26991
-26988
-26987
-26985
-26984
-26983
-26981
-26979
-26978
-26976
-26975
-26974
-26973
-26972
-26971
-26970
-26969
-26968
-26967
-26964
-26963
-26962
-26961
-26960
-26955
-26954
-26953
-26952
-26951
-26950
-26949
-26948
-26946
-26945
-26944
-26943
-26942
-26940
-26939
-26938
-26937
-26936
-26935
-26934
-26929
-26928
-26927
-26926
-26925
-26924
-26923
-26922
-26917
-26913
-26912
-26911
-26910
-26909
-26908
-26907
-26906
-26905
-26904
-26903
-26901
-26900
-26899
-26896
-26895
-26894
-26893
-26892
-26891
-26888
-26887
-26886
-26885
-26884
-26883
-26882
-26881
-26880
-26879
-26878
-26877
-26876
-26874
-26873
-26872
-26871
-26868
-26867
-26866
-26865
-26864
-26863
-26862
-26861
-26860
-26859
-26858
-26856
-26855
-26854
-26853
-26852
-26851
-26850
-26849
-26848
-26847
-26846
-26843
-26842
-26841
-26840
-26839
-26838
-26837
-26833
-26832
-26831
-26830
-26829
-26828
-26827
-26826
-26825
-26824
-26823
-26821
-26820
-26819
-26818
-26817
-26816
-26815
-26814
-26813
-26812
-26811
-26810
-26808
-26807
-26806
-26797
-26796
-26795
-26794
-26793
-26790
-26789
-26788
-26786
-26785
-26784
-26783
-26782
-26781
-26780
-26779
-26775
-26774
-26773
-26772
-26769
-26768
-26767
-26764
-26763
-26762
-26761
-26760
-26759
-26758
-26754
-26753
-26752
-26751
-26750
-26749
-26748
-26742
-26741
-26740
-26739
-26738
-26737
-26736
-26735
-26734
-26733
-26732
-26731
-26730
-26729
-26728
-26727
-26726
-26725
-26724
-26723
-26722
-26721
-26720
-26719
-26718
-26717
-26716
-26715
-26713
-26712
-26711
-26710
-26709
-26708
-26707
-26706
-26705
-26704
-26699
-26698
-26697
-26696
-26695
-26693
-26692
-26691
-26690
-26688
-26687
-26686
-26685
-26684
-26681
-26680
-26679
-26676
-26675
-26674
-26673
-26670
-26668
-26667
-26666
-26665
-26664
-26663
-26662
-26661
-26660
-26658
-26657
-26656
-26655
-26654
-26653
-26648
-26645
-26644
-26643
-26642
-26641
-26640
-26639
-26634
-26631
-26630
-26628
-26627
-26625
-26624
-26623
-26622
-26621
-26620
-26619
-26615
-26611
-26610
-26609
-26606
-26605
-26600
-26599
-26598
-26597
-26596
-26595
-26593
-26592
-26591
-26590
-26589
-26588
-26587
-26586
-26585
-26584
-26583
-26580
-26579
-26578
-26577
-26576
-26575
-26568
-26567
-26566
-26565
-26564
-26563
-26562
-26560
-26559
-26556
-26555
-26554
-26553
-26552
-26550
-26549
-26547
-26546
-26545
-26544
-26543
-26542
-26541
-26537
-26536
-26535
-26534
-26533
-26532
-26531
-26530
-26529
-26528
-26523
-26522
-26521
-26520
-26511
-26510
-26509
-26508
-26505
-26504
-26502
-26501
-26500
-26499
-26498
-26496
-26495
-26491
-26490
-26489
-26488
-26487
-26486
-26485
-26484
-26483
-26481
-26480
-26478
-26477
-26476
-26475
-26474
-26472
-26471
-26468
-26467
-26466
-26462
-26461
-26460
-26459
-26458
-26457
-26456
-26455
-26454
-26453
-26451
-26450
-26449
-26448
-26447
-26446
-26445
-26444
-26443
-26442
-26441
-26440
-26439
-26438
-26433
-26432
-26431
-26430
-26429
-26425
-26424
-26423
-26422
-26420
-26419
-26418
-26417
-26416
-26415
-26414
-26411
-26409
-26407
-26405
-26404
-26403
-26402
-26401
-26400
-26399
-26398
-26397
-26396
-26395
-26394
-26393
-26392
-26391
-26390
-26389
-26388
-26387
-26386
-26385
-26384
-26378
-26376
-26375
-26374
-26373
-26369
-26367
-26364
-26356
-26355
-26351
-26348
-26345
-26341
-26335
-26334
-26333
-26330
-26329
-26328
-26327
-26326
-26325
-26324
-26323
-26322
-26321
-26320
-26319
-26318
-26317
-26316
-26315
-26314
-26313
-26312
-26311
-26310
-26309
-26306
-26305
-26304
-26303
-26301
-26300
-26299
-26292
-26289
-26288
-26287
-26286
-26285
-26280
-26279
-26277
-26276
-26275
-26274
-26273
-26271
-26270
-26269
-26268
-26267
-26266
-26262
-26261
-26260
-26259
-26257
-26250
-26248
-26244
-26243
-26242
-26241
-26240
-26239
-26236
-26235
-26234
-26233
-26232
-26231
-26230
-26229
-26228
-26225
-26224
-26223
-26222
-26221
-26220
-26219
-26218
-26217
-26213
-26211
-26209
-26208
-26207
-26206
-26204
-26202
-26200
-26199
-26198
-26197
-26196
-26195
-26194
-26191
-26189
-26187
-26186
-26183
-26182
-26181
-26180
-26179
-26176
-26175
-26174
-26173
-26169
-26166
-26165
-26164
-26163
-26161
-26160
-26159
-26158
-26154
-26153
-26151
-26148
-26147
-26146
-26145
-26144
-26143
-26142
-26141
-26140
-26139
-26137
-26136
-26135
-26134
-26133
-26132
-26131
-26130
-26129
-26128
-26127
-26125
-26124
-26123
-26121
-26120
-26119
-26118
-26117
-26116
-26115
-26114
-26113
-26112
-26111
-26110
-26109
-26108
-26107
-26106
-26105
-26103
-26102
-26101
-26100
-26099
-26097
-26096
-26095
-26091
-26089
-26082
-26081
-26080
-26079
-26078
-26076
-26075
-26072
-26071
-26070
-26069
-26068
-26067
-26064
-26063
-26061
-26060
-26059
-26056
-26051
-26049
-26048
-26047
-26046
-26045
-26043
-26042
-26041
-26040
-26039
-26038
-26037
-26036
-26035
-26034
-26033
-26032
-26031
-26030
-26029
-26028
-26027
-26026
-26025
-26024
-26023
-26021
-26020
-26019
-26018
-26017
-26016
-26015
-26014
-26013
-26012
-26011
-26010
-26009
-26008
-26007
-26006
-26005
-26004
-26003
-26002
-26001
-26000
-25999
-25998
-25997
-25996
-25995
-25994
-25993
-25992
-25991
-25990
-25989
-25988
-25987
-25986
-25985
-25984
-25983
-25982
-25981
-25980
-25979
-25978
-25977
-25976
-25975
-25974
-25973
-25972
-25971
-25970
-25969
-25968
-25967
-25966
-25965
-25964
-25963
-25962
-25961
-25960
-25959
-25957
-25956
-25955
-25954
-25953
-25952
-25951
-25950
-25949
-25948
-25947
-25946
-25945
-25944
-25943
-25942
-25941
-25940
-25939
-25938
-25937
-25936
-25935
-25934
-25933
-25932
-25931
-25930
-25929
-25928
-25927
-25926
-25925
-25924
-25923
-25922
-25921
-25920
-25919
-25918
-25917
-25916
-25915
-25914
-25913
-25912
-25911
-25910
-25909
-25908
-25907
-25906
-25905
-25904
-25903
-25902
-25901
-25900
-25899
-25898
-25897
-25896
-25895
-25893
-25892
-25891
-25890
-25889
-25888
-25887
-25886
-25885
-25884
-25883
-25882
-25881
-25880
-25876
-25875
-25874
-25873
-25872
-25871
-25870
-25869
-25868
-25867
-25866
-25864
-25861
-25860
-25859
-25857
-25856
-25855
-25854
-25853
-25852
-25851
-25850
-25849
-25848
-25847
-25846
-25845
-25843
-25842
-25841
-25840
-25839
-25835
-25833
-25831
-25830
-25829
-25828
-25827
-25825
-25824
-25823
-25821
-25820
-25819
-25818
-25817
-25816
-25814
-25812
-25809
-25808
-25806
-25805
-25803
-25802
-25799
-25794
-25793
-25792
-25791
-25790
-25789
-25788
-25787
-25783
-25782
-25781
-25780
-25779
-25777
-25776
-25775
-25774
-25773
-25772
-25771
-25770
-25769
-25768
-25767
-25766
-25765
-25764
-25763
-25762
-25761
-25760
-25759
-25758
-25757
-25755
-25754
-25753
-25752
-25751
-25750
-25749
-25748
-25746
-25745
-25744
-25743
-25742
-25741
-25740
-25739
-25738
-25737
-25736
-25735
-25730
-25729
-25728
-25727
-25726
-25725
-25724
-25723
-25722
-25721
-25719
-25718
-25717
-25716
-25715
-25714
-25713
-25712
-25710
-25707
-25706
-25705
-25704
-25703
-25702
-25701
-25700
-25699
-25698
-25697
-25696
-25695
-25694
-25693
-25692
-25691
-25690
-25688
-25686
-25685
-25684
-25683
-25682
-25680
-25679
-25678
-25676
-25675
-25674
-25673
-25672
-25671
-25670
-25669
-25668
-25665
-25664
-25663
-25662
-25661
-25660
-25655
-25652
-25651
-25650
-25649
-25648
-25647
-25646
-25645
-25644
-25643
-25641
-25640
-25639
-25637
-25634
-25631
-25630
-25629
-25627
-25622
-25621
-25620
-25619
-25618
-25615
-25614
-25609
-25608
-25607
-25606
-25605
-25604
-25602
-25601
-25600
-25599
-25598
-25597
-25595
-25594
-25593
-25592
-25590
-25589
-25588
-25586
-25584
-25583
-25581
-25580
-25579
-25578
-25577
-25576
-25575
-25574
-25571
-25570
-25569
-25568
-25567
-25566
-25565
-25564
-25563
-25562
-25560
-25559
-25558
-25557
-25556
-25555
-25554
-25553
-25552
-25550
-25548
-25546
-25545
-25544
-25543
-25542
-25541
-25540
-25539
-25538
-25537
-25536
-25535
-25534
-25533
-25532
-25531
-25530
-25529
-25528
-25527
-25526
-25525
-25524
-25523
-25522
-25521
-25520
-25519
-25518
-25517
-25516
-25515
-25514
-25513
-25512
-25511
-25510
-25509
-25508
-25507
-25506
-25505
-25504
-25503
-25502
-25500
-25499
-25498
-25497
-25496
-25495
-25494
-25493
-25492
-25491
-25490
-25489
-25488
-25487
-25486
-25485
-25483
-25481
-25480
-25479
-25478
-25476
-25474
-25473
-25472
-25469
-25466
-25464
-25463
-25462
-25461
-25460
-25456
-25454
-25453
-25452
-25451
-25450
-25449
-25448
-25443
-25441
-25440
-25439
-25438
-25437
-25434
-25433
-25432
-25431
-25430
-25429
-25427
-25426
-25425
-25424
-25423
-25422
-25421
-25420
-25416
-25415
-25414
-25410
-25409
-25408
-25407
-25406
-25404
-25403
-25400
-25399
-25398
-25397
-25392
-25391
-25389
-25388
-25387
-25386
-25385
-25381
-25380
-25379
-25378
-25377
-25376
-25375
-25370
-25368
-25367
-25366
-25365
-25364
-25362
-25361
-25360
-25359
-25358
-25357
-25356
-25355
-25353
-25350
-25348
-25347
-25346
-25345
-25344
-25343
-25342
-25340
-25337
-25335
-25334
-25333
-25332
-25331
-25328
-25327
-25326
-25325
-25324
-25323
-25322
-25321
-25320
-25319
-25317
-25316
-25314
-25313
-25312
-25311
-25310
-25308
-25307
-25306
-25305
-25304
-25303
-25301
-25300
-25299
-25298
-25296
-25295
-25294
-25293
-25292
-25290
-25289
-25288
-25287
-25285
-25284
-25283
-25282
-25281
-25280
-25279
-25278
-25275
-25274
-25273
-25272
-25271
-25270
-25269
-25266
-25265
-25264
-25263
-25262
-25261
-25256
-25251
-25250
-25248
-25247
-25242
-25239
-25235
-25234
-25233
-25231
-25230
-25225
-25224
-25223
-25222
-25221
-25220
-25215
-25214
-25213
-25212
-25211
-25210
-25209
-25206
-25205
-25204
-25203
-25202
-25201
-25200
-25199
-25198
-25197
-25190
-25189
-25187
-25186
-25185
-25184
-25182
-25181
-25179
-25178
-25175
-25174
-25173
-25172
-25171
-25168
-25163
-25160
-25158
-25157
-25156
-25152
-25151
-25150
-25146
-25145
-25144
-25143
-25142
-25141
-25140
-25139
-25137
-25136
-25135
-25134
-25132
-25126
-25124
-25120
-25116
-25115
-25114
-25113
-25112
-25110
-25109
-25108
-25105
-25104
-25103
-25102
-25100
-25099
-25098
-25097
-25095
-25094
-25093
-25092
-25091
-25088
-25087
-25086
-25081
-25080
-25079
-25078
-25077
-25074
-25073
-25071
-25070
-25069
-25068
-25067
-25066
-25065
-25064
-25063
-25061
-25060
-25059
-25058
-25056
-25055
-25054
-25053
-25052
-25051
-25050
-25049
-25048
-25047
-25046
-25045
-25044
-25043
-25042
-25040
-25039
-25038
-25037
-25036
-25034
-25033
-25032
-25031
-25030
-25029
-25028
-25027
-25026
-25025
-25024
-25021
-25020
-25019
-25018
-25016
-25015
-25014
-25011
-25010
-25009
-25008
-25004
-25003
-24993
-24992
-24991
-24990
-24989
-24988
-24985
-24984
-24983
-24982
-24981
-24979
-24977
-24976
-24975
-24971
-24970
-24969
-24968
-24967
-24961
-24960
-24959
-24958
-24957
-24956
-24955
-24954
-24953
-24949
-24948
-24947
-24946
-24944
-24937
-24935
-24934
-24933
-24931
-24929
-24928
-24927
-24926
-24925
-24924
-24923
-24922
-24920
-24915
-24913
-24912
-24911
-24910
-24909
-24908
-24907
-24906
-24905
-24904
-24903
-24900
-24899
-24898
-24896
-24893
-24892
-24888
-24887
-24885
-24884
-24883
-24882
-24881
-24880
-24879
-24873
-24871
-24870
-24869
-24866
-24865
-24864
-24863
-24862
-24861
-24860
-24859
-24858
-24857
-24856
-24855
-24854
-24853
-24852
-24851
-24850
-24849
-24846
-24845
-24844
-24843
-24842
-24840
-24839
-24838
-24837
-24832
-24831
-24830
-24829
-24827
-24822
-24821
-24817
-24816
-24815
-24814
-24813
-24812
-24805
-24804
-24803
-24802
-24801
-24800
-24799
-24795
-24794
-24793
-24792
-24786
-24785
-24784
-24783
-24780
-24779
-24777
-24776
-24775
-24772
-24770
-24769
-24768
-24767
-24766
-24765
-24764
-24761
-24759
-24758
-24753
-24752
-24751
-24750
-24749
-24743
-24742
-24741
-24740
-24739
-24738
-24737
-24736
-24735
-24732
-24731
-24728
-24727
-24725
-24724
-24723
-24722
-24721
-24720
-24719
-24718
-24717
-24716
-24715
-24714
-24713
-24712
-24711
-24710
-24709
-24708
-24707
-24706
-24705
-24704
-24703
-24702
-24701
-24700
-24699
-24698
-24697
-24696
-24695
-24694
-24690
-24689
-24688
-24687
-24685
-24684
-24683
-24681
-24680
-24679
-24676
-24675
-24674
-24673
-24671
-24664
-24662
-24661
-24654
-24653
-24652
-24651
-24650
-24644
-24643
-24642
-24641
-24640
-24639
-24638
-24637
-24636
-24635
-24634
-24633
-24632
-24629
-24627
-24624
-24623
-24621
-24619
-24618
-24617
-24616
-24615
-24614
-24612
-24611
-24610
-24609
-24608
-24607
-24606
-24605
-24604
-24603
-24601
-24600
-24599
-24598
-24597
-24596
-24595
-24594
-24593
-24591
-24590
-24589
-24587
-24586
-24585
-24584
-24583
-24582
-24581
-24580
-24578
-24577
-24576
-24575
-24574
-24573
-24572
-24571
-24570
-24569
-24568
-24567
-24566
-24565
-24564
-24563
-24561
-24560
-24559
-24558
-24557
-24556
-24555
-24554
-24553
-24552
-24551
-24550
-24549
-24548
-24546
-24545
-24544
-24543
-24542
-24541
-24540
-24539
-24538
-24537
-24535
-24534
-24533
-24532
-24531
-24530
-24529
-24528
-24527
-24526
-24525
-24524
-24523
-24522
-24521
-24520
-24519
-24518
-24517
-24516
-24515
-24514
-24513
-24512
-24511
-24510
-24507
-24506
-24505
-24504
-24503
-24501
-24500
-24499
-24498
-24497
-24495
-24494
-24492
-24491
-24486
-24485
-24482
-24480
-24479
-24478
-24477
-24476
-24475
-24474
-24473
-24472
-24471
-24469
-24467
-24465
-24464
-24463
-24462
-24461
-24460
-24459
-24458
-24456
-24455
-24454
-24453
-24452
-24451
-24450
-24449
-24448
-24447
-24446
-24445
-24444
-24443
-24442
-24441
-24440
-24439
-24438
-24437
-24436
-24435
-24433
-24432
-24431
-24430
-24429
-24428
-24427
-24426
-24425
-24424
-24423
-24422
-24421
-24420
-24419
-24418
-24417
-24416
-24415
-24414
-24413
-24412
-24411
-24410
-24409
-24408
-24407
-24406
-24405
-24404
-24403
-24402
-24401
-24400
-24399
-24398
-24397
-24396
-24395
-24394
-24393
-24392
-24391
-24390
-24389
-24388
-24387
-24386
-24385
-24384
-24383
-24382
-24381
-24380
-24379
-24378
-24377
-24376
-24375
-24374
-24373
-24372
-24371
-24370
-24369
-24368
-24367
-24366
-24365
-24364
-24363
-24362
-24361
-24360
-24359
-24358
-24357
-24356
-24355
-24354
-24353
-24352
-24351
-24350
-24349
-24348
-24347
-24346
-24345
-24344
-24343
-24342
-24341
-24340
-24339
-24338
-24337
-24336
-24335
-24334
-24333
-24332
-24331
-24330
-24329
-24328
-24327
-24326
-24325
-24324
-24323
-24322
-24321
-24320
-24319
-24318
-24317
-24316
-24315
-24314
-24313
-24312
-24311
-24310
-24309
-24307
-24305
-24304
-24303
-24302
-24301
-24300
-24299
-24298
-24297
-24296
-24295
-24294
-24293
-24292
-24291
-24290
-24289
-24288
-24287
-24286
-24283
-24282
-24281
-24280
-24279
-24278
-24277
-24276
-24275
-24273
-24272
-24271
-24270
-24269
-24268
-24266
-24265
-24264
-24263
-24262
-24260
-24259
-24258
-24257
-24256
-24255
-24254
-24253
-24252
-24251
-24244
-24243
-24241
-24240
-24239
-24238
-24237
-24235
-24234
-24233
-24232
-24231
-24230
-24229
-24228
-24225
-24224
-24222
-24219
-24218
-24217
-24216
-24213
-24212
-24211
-24210
-24208
-24206
-24205
-24204
-24203
-24202
-24200
-24198
-24196
-24195
-24194
-24193
-24192
-24191
-24190
-24189
-24188
-24186
-24185
-24181
-24180
-24179
-24178
-24174
-24173
-24172
-24171
-24170
-24168
-24167
-24166
-24165
-24163
-24162
-24161
-24160
-24159
-24158
-24157
-24156
-24155
-24154
-24153
-24152
-24150
-24149
-24148
-24146
-24143
-24141
-24139
-24138
-24132
-24131
-24129
-24128
-24127
-24126
-24125
-24124
-24123
-24122
-24121
-24120
-24119
-24118
-24117
-24116
-24115
-24114
-24112
-24108
-24107
-24104
-24103
-24102
-24101
-24090
-24089
-24088
-24087
-24086
-24084
-24083
-24081
-24080
-24079
-24076
-24075
-24074
-24073
-24072
-24071
-24070
-24068
-24066
-24065
-24064
-24063
-24060
-24059
-24057
-24056
-24055
-24054
-24053
-24051
-24048
-24047
-24046
-24045
-24044
-24039
-24038
-24035
-24034
-24033
-24030
-24029
-24028
-24025
-24024
-24023
-24022
-24019
-24013
-24012
-24011
-24010
-24003
-24002
-24001
-24000
-23999
-23997
-23994
-23993
-23992
-23989
-23988
-23987
-23985
-23984
-23983
-23982
-23981
-23980
-23979
-23978
-23976
-23975
-23973
-23972
-23971
-23970
-23969
-23968
-23967
-23963
-23961
-23960
-23959
-23958
-23954
-23947
-23946
-23945
-23944
-23943
-23942
-23941
-23940
-23939
-23938
-23937
-23936
-23935
-23932
-23929
-23925
-23922
-23921
-23920
-23919
-23918
-23917
-23916
-23915
-23914
-23913
-23912
-23911
-23910
-23909
-23908
-23905
-23904
-23903
-23902
-23901
-23900
-23899
-23898
-23897
-23896
-23895
-23894
-23893
-23892
-23891
-23890
-23886
-23883
-23881
-23880
-23877
-23876
-23872
-23871
-23870
-23869
-23868
-23867
-23866
-23864
-23861
-23857
-23856
-23855
-23848
-23842
-23840
-23839
-23838
-23837
-23836
-23835
-23828
-23827
-23826
-23825
-23824
-23820
-23819
-23817
-23814
-23809
-23808
-23807
-23806
-23805
-23804
-23803
-23800
-23796
-23795
-23794
-23793
-23791
-23790
-23789
-23788
-23782
-23778
-23777
-23776
-23775
-23774
-23771
-23767
-23766
-23765
-23762
-23761
-23760
-23759
-23758
-23756
-23754
-23753
-23752
-23751
-23750
-23749
-23747
-23746
-23745
-23744
-23743
-23742
-23738
-23736
-23735
-23734
-23733
-23730
-23727
-23726
-23724
-23718
-23716
-23713
-23712
-23711
-23710
-23709
-23708
-23706
-23705
-23699
-23695
-23694
-23693
-23692
-23690
-23688
-23687
-23686
-23685
-23684
-23683
-23681
-23680
-23679
-23678
-23677
-23676
-23674
-23673
-23672
-23671
-23670
-23669
-23668
-23667
-23666
-23664
-23663
-23661
-23660
-23659
-23655
-23653
-23651
-23650
-23649
-23646
-23644
-23643
-23642
-23639
-23636
-23635
-23634
-23633
-23632
-23630
-23629
-23628
-23627
-23626
-23625
-23624
-23623
-23622
-23621
-23619
-23618
-23617
-23616
-23615
-23614
-23613
-23612
-23611
-23610
-23608
-23607
-23606
-23605
-23604
-23603
-23602
-23601
-23599
-23598
-23597
-23596
-23595
-23594
-23593
-23592
-23591
-23590
-23589
-23588
-23587
-23586
-23585
-23584
-23583
-23582
-23581
-23580
-23579
-23578
-23577
-23576
-23575
-23574
-23573
-23572
-23571
-23570
-23569
-23568
-23567
-23566
-23565
-23564
-23563
-23562
-23561
-23560
-23559
-23558
-23557
-23556
-23555
-23552
-23551
-23550
-23549
-23548
-23547
-23546
-23544
-23541
-23540
-23539
-23538
-23537
-23533
-23531
-23529
-23528
-23526
-23522
-23521
-23520
-23519
-23518
-23517
-23516
-23514
-23513
-23512
-23511
-23509
-23508
-23507
-23506
-23505
-23504
-23503
-23502
-23501
-23499
-23498
-23497
-23496
-23495
-23494
-23492
-23491
-23490
-23489
-23488
-23487
-23485
-23484
-23478
-23477
-23476
-23475
-23474
-23472
-23471
-23470
-23467
-23465
-23464
-23463
-23460
-23457
-23456
-23455
-23454
-23452
-23447
-23446
-23445
-23444
-23441
-23436
-23435
-23434
-23433
-23432
-23431
-23430
-23429
-23425
-23424
-23423
-23422
-23421
-23420
-23419
-23416
-23415
-23414
-23411
-23409
-23408
-23407
-23406
-23405
-23400
-23399
-23397
-23394
-23393
-23392
-23391
-23390
-23388
-23386
-23382
-23381
-23375
-23374
-23373
-23372
-23371
-23370
-23369
-23368
-23364
-23363
-23362
-23361
-23360
-23359
-23358
-23355
-23352
-23351
-23350
-23348
-23347
-23346
-23345
-23344
-23343
-23342
-23341
-23340
-23339
-23337
-23336
-23335
-23334
-23332
-23331
-23330
-23329
-23328
-23327
-23326
-23325
-23324
-23323
-23322
-23321
-23320
-23319
-23318
-23317
-23316
-23315
-23312
-23311
-23310
-23309
-23306
-23304
-23303
-23302
-23299
-23298
-23297
-23296
-23295
-23294
-23293
-23292
-23291
-23289
-23287
-23286
-23285
-23284
-23283
-23282
-23281
-23280
-23279
-23277
-23276
-23275
-23274
-23273
-23272
-23271
-23270
-23269
-23268
-23267
-23266
-23265
-23264
-23263
-23262
-23261
-23260
-23259
-23258
-23257
-23256
-23255
-23254
-23253
-23252
-23251
-23250
-23249
-23248
-23247
-23246
-23245
-23244
-23243
-23242
-23241
-23240
-23239
-23238
-23237
-23236
-23235
-23234
-23233
-23232
-23231
-23230
-23229
-23228
-23227
-23226
-23222
-23221
-23220
-23219
-23218
-23217
-23211
-23210
-23209
-23208
-23207
-23206
-23205
-23204
-23202
-23199
-23198
-23194
-23193
-23192
-23189
-23188
-23187
-23186
-23185
-23184
-23183
-23182
-23181
-23180
-23179
-23177
-23175
-23173
-23172
-23171
-23168
-23167
-23166
-23165
-23163
-23162
-23161
-23160
-23159
-23158
-23157
-23156
-23155
-23153
-23152
-23150
-23148
-23147
-23144
-23143
-23142
-23141
-23140
-23139
-23138
-23136
-23135
-23134
-23133
-23132
-23130
-23129
-23125
-23123
-23122
-23121
-23120
-23115
-23114
-23113
-23112
-23111
-23110
-23109
-23108
-23106
-23103
-23101
-23100
-23099
-23098
-23096
-23094
-23090
-23089
-23088
-23087
-23086
-23085
-23084
-23083
-23082
-23079
-23078
-23077
-23076
-23075
-23073
-23072
-23071
-23070
-23067
-23066
-23064
-23063
-23058
-23057
-23056
-23055
-23054
-23051
-23049
-23045
-23040
-23039
-23038
-23034
-23033
-23030
-23029
-23028
-23027
-23026
-23024
-23023
-23022
-23019
-23016
-23015
-23014
-23013
-23012
-23009
-23008
-23007
-23006
-23004
-23003
-23002
-23001
-23000
-22999
-22998
-22995
-22994
-22992
-22991
-22990
-22989
-22986
-22985
-22982
-22980
-22979
-22978
-22977
-22976
-22975
-22974
-22973
-22972
-22971
-22970
-22969
-22968
-22967
-22966
-22965
-22964
-22963
-22962
-22961
-22960
-22959
-22958
-22957
-22956
-22955
-22954
-22953
-22952
-22950
-22949
-22947
-22946
-22945
-22944
-22943
-22942
-22941
-22940
-22939
-22935
-22934
-22933
-22932
-22931
-22930
-22925
-22924
-22923
-22921
-22920
-22919
-22918
-22914
-22913
-22912
-22911
-22910
-22909
-22908
-22907
-22906
-22905
-22904
-22903
-22902
-22901
-22900
-22899
-22896
-22895
-22894
-22893
-22891
-22890
-22888
-22885
-22881
-22880
-22879
-22878
-22877
-22876
-22875
-22874
-22872
-22870
-22869
-22868
-22867
-22865
-22862
-22860
-22859
-22858
-22857
-22856
-22855
-22854
-22853
-22850
-22849
-22848
-22847
-22846
-22845
-22844
-22843
-22842
-22841
-22840
-22839
-22838
-22837
-22836
-22835
-22834
-22833
-22828
-22827
-22826
-22825
-22824
-22821
-22820
-22819
-22818
-22817
-22816
-22815
-22814
-22813
-22810
-22809
-22808
-22806
-22805
-22803
-22802
-22800
-22799
-22797
-22796
-22795
-22794
-22793
-22792
-22791
-22790
-22789
-22786
-22785
-22784
-22783
-22782
-22781
-22780
-22778
-22777
-22776
-22775
-22774
-22773
-22772
-22771
-22770
-22769
-22767
-22766
-22765
-22764
-22763
-22762
-22761
-22760
-22759
-22756
-22755
-22754
-22753
-22752
-22751
-22750
-22749
-22748
-22747
-22743
-22742
-22741
-22737
-22736
-22735
-22734
-22732
-22728
-22726
-22725
-22724
-22723
-22722
-22721
-22720
-22719
-22718
-22715
-22712
-22709
-22708
-22707
-22706
-22705
-22704
-22703
-22702
-22701
-22700
-22698
-22697
-22696
-22695
-22694
-22693
-22692
-22691
-22690
-22683
-22682
-22680
-22679
-22678
-22677
-22676
-22675
-22674
-22673
-22672
-22671
-22669
-22668
-22667
-22664
-22663
-22662
-22661
-22660
-22659
-22658
-22657
-22656
-22655
-22653
-22649
-22648
-22647
-22646
-22645
-22644
-22643
-22641
-22638
-22637
-22636
-22634
-22633
-22632
-22631
-22630
-22628
-22627
-22626
-22625
-22624
-22623
-22622
-22621
-22620
-22619
-22618
-22617
-22616
-22615
-22614
-22613
-22610
-22608
-22607
-22606
-22605
-22604
-22600
-22599
-22598
-22596
-22595
-22594
-22593
-22592
-22591
-22590
-22586
-22585
-22584
-22582
-22581
-22575
-22574
-22573
-22572
-22571
-22570
-22569
-22568
-22567
-22565
-22564
-22563
-22562
-22561
-22560
-22559
-22558
-22557
-22556
-22555
-22554
-22553
-22552
-22551
-22550
-22549
-22548
-22547
-22545
-22544
-22543
-22542
-22541
-22540
-22539
-22538
-22537
-22536
-22535
-22533
-22532
-22531
-22530
-22529
-22528
-22527
-22526
-22525
-22522
-22521
-22518
-22517
-22516
-22515
-22512
-22511
-22510
-22508
-22507
-22506
-22505
-22503
-22502
-22501
-22500
-22499
-22497
-22496
-22495
-22493
-22492
-22491
-22490
-22489
-22488
-22487
-22486
-22485
-22484
-22483
-22482
-22480
-22479
-22478
-22477
-22476
-22475
-22474
-22473
-22472
-22470
-22469
-22468
-22465
-22464
-22463
-22462
-22461
-22460
-22459
-22458
-22457
-22456
-22455
-22454
-22453
-22452
-22451
-22449
-22448
-22447
-22446
-22445
-22444
-22443
-22442
-22441
-22440
-22439
-22438
-22433
-22429
-22428
-22427
-22426
-22425
-22424
-22420
-22419
-22418
-22417
-22410
-22407
-22406
-22402
-22401
-22400
-22399
-22392
-22391
-22386
-22385
-22383
-22382
-22381
-22379
-22375
-22374
-22373
-22372
-22368
-22365
-22364
-22363
-22357
-22356
-22355
-22354
-22352
-22347
-22345
-22344
-22343
-22341
-22336
-22335
-22332
-22331
-22330
-22329
-22326
-22323
-22322
-22321
-22320
-22319
-22318
-22310
-22309
-22308
-22307
-22306
-22305
-22304
-22303
-22302
-22301
-22300
-22298
-22297
-22295
-22294
-22293
-22291
-22289
-22288
-22287
-22286
-22285
-22284
-22283
-22282
-22281
-22280
-22276
-22275
-22274
-22273
-22272
-22271
-22270
-22269
-22268
-22266
-22264
-22263
-22262
-22261
-22260
-22259
-22258
-22257
-22256
-22254
-22253
-22249
-22248
-22247
-22242
-22241
-22240
-22239
-22238
-22237
-22236
-22235
-22234
-22233
-22231
-22230
-22229
-22228
-22227
-22226
-22225
-22224
-22223
-22222
-22221
-22220
-22219
-22218
-22217
-22216
-22212
-22211
-22210
-22209
-22208
-22207
-22206
-22205
-22204
-22198
-22197
-22196
-22195
-22194
-22193
-22192
-22191
-22190
-22187
-22186
-22185
-22184
-22183
-22179
-22178
-22177
-22176
-22175
-22174
-22173
-22172
-22167
-22166
-22165
-22164
-22163
-22155
-22154
-22153
-22152
-22151
-22149
-22148
-22147
-22144
-22143
-22142
-22140
-22139
-22138
-22137
-22136
-22134
-22133
-22132
-22130
-22128
-22127
-22126
-22125
-22124
-22123
-22122
-22121
-22120
-22113
-22112
-22111
-22110
-22104
-22103
-22102
-22100
-22099
-22093
-22092
-22091
-22089
-22088
-22087
-22086
-22085
-22084
-22083
-22082
-22081
-22080
-22079
-22078
-22077
-22072
-22071
-22070
-22069
-22068
-22067
-22066
-22065
-22064
-22063
-22061
-22059
-22056
-22055
-22054
-22050
-22049
-22048
-22046
-22045
-22044
-22043
-22041
-22039
-22033
-22032
-22031
-22029
-22028
-22024
-22023
-22022
-22021
-22018
-22017
-22016
-22015
-22011
-22010
-22009
-22008
-22007
-22006
-22005
-22004
-22003
-22001
-22000
-21999
-21997
-21995
-21990
-21989
-21987
-21986
-21985
-21983
-21980
-21979
-21978
-21977
-21976
-21975
-21972
-21971
-21969
-21967
-21966
-21965
-21964
-21962
-21960
-21959
-21956
-21955
-21954
-21953
-21952
-21951
-21950
-21949
-21948
-21947
-21946
-21945
-21944
-21942
-21935
-21934
-21930
-21929
-21924
-21923
-21922
-21920
-21918
-21917
-21914
-21913
-21912
-21911
-21910
-21909
-21908
-21906
-21905
-21904
-21903
-21902
-21900
-21899
-21898
-21897
-21896
-21895
-21894
-21893
-21892
-21891
-21890
-21889
-21888
-21887
-21886
-21885
-21884
-21882
-21881
-21879
-21878
-21877
-21876
-21875
-21872
-21871
-21870
-21869
-21868
-21867
-21866
-21865
-21864
-21863
-21862
-21861
-21860
-21859
-21858
-21857
-21856
-21855
-21853
-21852
-21851
-21850
-21848
-21846
-21845
-21844
-21843
-21842
-21841
-21840
-21839
-21838
-21837
-21836
-21835
-21834
-21833
-21832
-21830
-21829
-21828
-21827
-21826
-21825
-21824
-21823
-21819
-21818
-21817
-21816
-21815
-21814
-21813
-21812
-21810
-21807
-21803
-21802
-21801
-21800
-21799
-21798
-21797
-21796
-21795
-21794
-21793
-21792
-21791
-21790
-21789
-21787
-21783
-21782
-21781
-21780
-21779
-21778
-21777
-21776
-21773
-21772
-21771
-21770
-21769
-21768
-21767
-21766
-21765
-21763
-21762
-21761
-21760
-21759
-21758
-21756
-21755
-21753
-21749
-21748
-21747
-21746
-21744
-21736
-21735
-21734
-21733
-21729
-21728
-21727
-21726
-21725
-21724
-21720
-21717
-21716
-21715
-21714
-21713
-21712
-21711
-21710
-21709
-21708
-21707
-21703
-21700
-21699
-21696
-21693
-21692
-21691
-21684
-21683
-21681
-21678
-21674
-21672
-21671
-21670
-21665
-21661
-21660
-21659
-21653
-21651
-21650
-21649
-21648
-21647
-21646
-21641
-21638
-21637
-21636
-21635
-21633
-21632
-21631
-21630
-21627
-21626
-21624
-21623
-21620
-21619
-21618
-21617
-21616
-21615
-21614
-21612
-21611
-21610
-21609
-21608
-21607
-21603
-21600
-21599
-21598
-21597
-21596
-21595
-21594
-21593
-21592
-21591
-21588
-21587
-21586
-21585
-21584
-21583
-21582
-21581
-21580
-21578
-21577
-21576
-21575
-21574
-21573
-21572
-21571
-21569
-21568
-21567
-21566
-21565
-21564
-21563
-21561
-21560
-21559
-21558
-21557
-21556
-21555
-21553
-21552
-21551
-21549
-21546
-21545
-21544
-21542
-21541
-21540
-21539
-21538
-21537
-21536
-21535
-21534
-21528
-21527
-21526
-21525
-21524
-21523
-21521
-21520
-21519
-21517
-21516
-21515
-21514
-21513
-21510
-21509
-21508
-21507
-21506
-21505
-21504
-21503
-21502
-21501
-21500
-21499
-21498
-21497
-21496
-21495
-21494
-21493
-21492
-21491
-21490
-21489
-21488
-21487
-21486
-21485
-21484
-21483
-21482
-21481
-21480
-21479
-21478
-21477
-21476
-21475
-21474
-21473
-21472
-21471
-21470
-21469
-21468
-21467
-21466
-21465
-21464
-21463
-21462
-21461
-21460
-21459
-21457
-21456
-21455
-21454
-21453
-21452
-21451
-21450
-21449
-21448
-21444
-21443
-21442
-21441
-21440
-21439
-21438
-21436
-21435
-21433
-21432
-21431
-21428
-21425
-21424
-21423
-21422
-21421
-21420
-21419
-21418
-21417
-21416
-21415
-21414
-21413
-21412
-21411
-21410
-21409
-21408
-21407
-21406
-21405
-21404
-21403
-21402
-21401
-21400
-21399
-21398
-21397
-21396
-21395
-21394
-21393
-21392
-21390
-21389
-21387
-21386
-21385
-21384
-21383
-21382
-21381
-21380
-21378
-21377
-21375
-21374
-21373
-21372
-21371
-21369
-21367
-21365
-21364
-21363
-21362
-21361
-21360
-21359
-21358
-21357
-21356
-21355
-21354
-21353
-21352
-21351
-21350
-21349
-21347
-21346
-21344
-21343
-21342
-21341
-21340
-21339
-21338
-21337
-21336
-21335
-21334
-21333
-21329
-21328
-21327
-21321
-21320
-21319
-21318
-21317
-21316
-21315
-21314
-21313
-21312
-21311
-21309
-21307
-21301
-21300
-21299
-21298
-21297
-21296
-21295
-21294
-21293
-21292
-21290
-21287
-21285
-21284
-21283
-21281
-21280
-21279
-21278
-21277
-21276
-21275
-21274
-21273
-21272
-21268
-21267
-21264
-21263
-21262
-21261
-21260
-21258
-21255
-21253
-21252
-21251
-21250
-21249
-21246
-21242
-21241
-21240
-21239
-21238
-21237
-21236
-21234
-21233
-21232
-21231
-21230
-21229
-21228
-21227
-21226
-21225
-21224
-21223
-21222
-21221
-21220
-21219
-21218
-21216
-21215
-21213
-21212
-21211
-21210
-21209
-21208
-21207
-21206
-21205
-21204
-21203
-21202
-21201
-21200
-21198
-21197
-21195
-21192
-21191
-21190
-21189
-21188
-21187
-21186
-21185
-21184
-21183
-21182
-21181
-21180
-21177
-21175
-21174
-21173
-21169
-21168
-21167
-21166
-21165
-21164
-21163
-21162
-21161
-21160
-21159
-21158
-21156
-21155
-21154
-21153
-21152
-21151
-21150
-21149
-21148
-21147
-21146
-21145
-21144
-21143
-21142
-21141
-21140
-21139
-21138
-21137
-21136
-21135
-21134
-21133
-21132
-21131
-21130
-21129
-21128
-21127
-21126
-21125
-21124
-21123
-21121
-21120
-21119
-21118
-21117
-21116
-21115
-21114
-21113
-21112
-21111
-21110
-21109
-21108
-21107
-21106
-21105
-21104
-21102
-21100
-21099
-21098
-21097
-21096
-21095
-21094
-21091
-21090
-21089
-21088
-21087
-21086
-21085
-21084
-21083
-21081
-21080
-21079
-21076
-21074
-21073
-21072
-21071
-21070
-21066
-21065
-21064
-21063
-21062
-21060
-21059
-21057
-21056
-21055
-21054
-21053
-21051
-21048
-21047
-21046
-21044
-21043
-21042
-21041
-21039
-21035
-21034
-21033
-21032
-21031
-21030
-21029
-21028
-21027
-21026
-21025
-21024
-21023
-21022
-21021
-21020
-21019
-21018
-21015
-21014
-21013
-21012
-21011
-21010
-21009
-21008
-21007
-21006
-21005
-21004
-21003
-21002
-21001
-21000
-20999
-20998
-20997
-20996
-20995
-20994
-20991
-20990
-20989
-20988
-20987
-20986
-20985
-20984
-20983
-20982
-20979
-20978
-20977
-20976
-20975
-20974
-20972
-20971
-20970
-20969
-20968
-20965
-20963
-20960
-20959
-20958
-20957
-20956
-20955
-20954
-20953
-20952
-20951
-20950
-20949
-20948
-20947
-20946
-20945
-20944
-20943
-20942
-20941
-20940
-20939
-20937
-20934
-20933
-20931
-20930
-20929
-20928
-20927
-20926
-20925
-20924
-20922
-20921
-20920
-20919
-20918
-20917
-20916
-20915
-20914
-20913
-20912
-20911
-20910
-20909
-20908
-20907
-20906
-20905
-20904
-20903
-20902
-20901
-20900
-20899
-20898
-20897
-20895
-20894
-20893
-20892
-20891
-20890
-20889
-20884
-20883
-20882
-20881
-20880
-20879
-20878
-20877
-20876
-20875
-20874
-20871
-20870
-20868
-20867
-20866
-20865
-20864
-20863
-20862
-20861
-20860
-20859
-20858
-20857
-20856
-20855
-20854
-20853
-20852
-20851
-20850
-20849
-20848
-20845
-20844
-20843
-20842
-20841
-20839
-20834
-20833
-20832
-20831
-20830
-20829
-20828
-20826
-20825
-20823
-20822
-20820
-20819
-20817
-20816
-20815
-20814
-20813
-20812
-20811
-20810
-20809
-20808
-20807
-20806
-20805
-20804
-20803
-20802
-20801
-20800
-20799
-20798
-20797
-20796
-20795
-20794
-20792
-20791
-20790
-20789
-20788
-20787
-20786
-20785
-20784
-20783
-20782
-20780
-20779
-20778
-20777
-20776
-20775
-20774
-20773
-20772
-20771
-20770
-20769
-20768
-20767
-20766
-20765
-20761
-20758
-20757
-20756
-20755
-20754
-20753
-20749
-20748
-20747
-20746
-20745
-20744
-20743
-20742
-20741
-20740
-20739
-20738
-20737
-20736
-20735
-20734
-20733
-20732
-20731
-20730
-20729
-20728
-20727
-20726
-20725
-20724
-20723
-20722
-20721
-20720
-20719
-20716
-20715
-20714
-20713
-20712
-20711
-20709
-20706
-20705
-20704
-20703
-20702
-20701
-20700
-20699
-20698
-20697
-20696
-20695
-20691
-20690
-20689
-20688
-20687
-20684
-20683
-20682
-20681
-20680
-20679
-20678
-20677
-20673
-20672
-20671
-20670
-20669
-20668
-20667
-20666
-20664
-20663
-20662
-20661
-20660
-20659
-20658
-20657
-20656
-20650
-20648
-20647
-20646
-20643
-20641
-20640
-20639
-20638
-20637
-20636
-20632
-20628
-20627
-20626
-20625
-20624
-20623
-20622
-20621
-20620
-20619
-20618
-20617
-20616
-20615
-20614
-20610
-20609
-20608
-20607
-20606
-20605
-20604
-20603
-20601
-20600
-20599
-20597
-20596
-20595
-20594
-20593
-20592
-20591
-20590
-20586
-20585
-20584
-20582
-20581
-20580
-20579
-20578
-20574
-20573
-20570
-20569
-20568
-20567
-20560
-20559
-20558
-20557
-20556
-20555
-20554
-20548
-20546
-20545
-20544
-20543
-20542
-20541
-20540
-20539
-20538
-20537
-20535
-20533
-20532
-20531
-20530
-20527
-20526
-20525
-20522
-20520
-20519
-20518
-20516
-20515
-20514
-20511
-20510
-20509
-20505
-20504
-20503
-20496
-20495
-20494
-20493
-20492
-20491
-20490
-20482
-20481
-20480
-20479
-20478
-20477
-20476
-20475
-20474
-20471
-20469
-20468
-20467
-20466
-20461
-20460
-20459
-20458
-20454
-20450
-20449
-20448
-20447
-20446
-20445
-20444
-20443
-20442
-20441
-20440
-20439
-20438
-20437
-20436
-20435
-20434
-20433
-20432
-20431
-20430
-20429
-20428
-20427
-20426
-20424
-20420
-20419
-20418
-20417
-20416
-20415
-20414
-20412
-20411
-20410
-20409
-20408
-20406
-20405
-20403
-20402
-20401
-20400
-20399
-20398
-20395
-20394
-20393
-20392
-20391
-20390
-20389
-20387
-20386
-20385
-20384
-20383
-20380
-20379
-20378
-20376
-20375
-20374
-20373
-20372
-20371
-20370
-20369
-20368
-20367
-20366
-20365
-20364
-20363
-20362
-20361
-20360
-20359
-20358
-20357
-20356
-20355
-20353
-20352
-20351
-20350
-20349
-20348
-20346
-20345
-20344
-20342
-20341
-20340
-20339
-20338
-20337
-20336
-20335
-20334
-20333
-20332
-20331
-20330
-20329
-20328
-20327
-20326
-20325
-20324
-20323
-20322
-20321
-20320
-20319
-20318
-20317
-20316
-20315
-20314
-20313
-20312
-20311
-20310
-20309
-20308
-20307
-20306
-20305
-20304
-20303
-20302
-20301
-20300
-20299
-20298
-20296
-20295
-20294
-20293
-20292
-20289
-20286
-20285
-20284
-20280
-20279
-20278
-20277
-20276
-20275
-20274
-20273
-20272
-20271
-20270
-20269
-20268
-20267
-20265
-20264
-20263
-20262
-20261
-20259
-20258
-20257
-20253
-20252
-20251
-20250
-20249
-20248
-20244
-20243
-20242
-20241
-20240
-20239
-20238
-20237
-20234
-20233
-20232
-20231
-20230
-20229
-20228
-20227
-20226
-20225
-20224
-20223
-20222
-20221
-20220
-20219
-20218
-20217
-20216
-20215
-20214
-20213
-20212
-20211
-20210
-20209
-20208
-20207
-20206
-20203
-20202
-20201
-20200
-20199
-20198
-20197
-20196
-20195
-20192
-20191
-20190
-20188
-20187
-20184
-20183
-20181
-20180
-20179
-20178
-20177
-20175
-20174
-20172
-20171
-20169
-20168
-20166
-20165
-20164
-20163
-20162
-20161
-20160
-20159
-20158
-20157
-20156
-20155
-20154
-20153
-20152
-20151
-20150
-20149
-20148
-20147
-20146
-20142
-20140
-20139
-20138
-20136
-20135
-20130
-20129
-20128
-20127
-20126
-20125
-20124
-20123
-20122
-20121
-20119
-20118
-20117
-20113
-20112
-20111
-20108
-20107
-20106
-20105
-20099
-20098
-20097
-20096
-20095
-20090
-20089
-20088
-20087
-20086
-20085
-20084
-20083
-20082
-20081
-20079
-20077
-20076
-20075
-20074
-20066
-20065
-20064
-20063
-20062
-20059
-20057
-20056
-20055
-20053
-20051
-20050
-20049
-20048
-20047
-20045
-20044
-20039
-20038
-20037
-20034
-20033
-20032
-20031
-20030
-20029
-20026
-20025
-20024
-20023
-20022
-20021
-20020
-20019
-20016
-20015
-20014
-20013
-20011
-20010
-20009
-20008
-20007
-20000
-19999
-19998
-19997
-19996
-19995
-19994
-19993
-19992
-19991
-19990
-19989
-19988
-19987
-19986
-19985
-19984
-19981
-19980
-19979
-19976
-19975
-19974
-19973
-19971
-19970
-19969
-19968
-19967
-19966
-19965
-19964
-19963
-19962
-19960
-19955
-19954
-19953
-19950
-19949
-19946
-19944
-19943
-19942
-19941
-19940
-19939
-19937
-19936
-19935
-19934
-19933
-19932
-19931
-19930
-19929
-19928
-19926
-19925
-19924
-19923
-19922
-19921
-19920
-19919
-19913
-19912
-19911
-19908
-19907
-19906
-19905
-19904
-19903
-19902
-19901
-19900
-19899
-19898
-19897
-19896
-19895
-19893
-19891
-19890
-19889
-19887
-19886
-19885
-19884
-19883
-19880
-19877
-19876
-19875
-19874
-19873
-19872
-19871
-19870
-19869
-19867
-19866
-19865
-19864
-19860
-19859
-19858
-19857
-19856
-19855
-19854
-19852
-19851
-19848
-19847
-19846
-19845
-19844
-19843
-19842
-19841
-19840
-19839
-19838
-19837
-19836
-19835
-19833
-19832
-19831
-19830
-19829
-19826
-19825
-19824
-19823
-19822
-19821
-19820
-19818
-19817
-19815
-19814
-19813
-19812
-19811
-19810
-19809
-19808
-19807
-19805
-19804
-19803
-19802
-19801
-19800
-19799
-19798
-19797
-19792
-19790
-19789
-19788
-19786
-19785
-19784
-19783
-19782
-19781
-19780
-19779
-19778
-19777
-19776
-19775
-19774
-19773
-19771
-19770
-19769
-19768
-19767
-19766
-19765
-19764
-19763
-19762
-19761
-19760
-19759
-19758
-19757
-19756
-19755
-19754
-19753
-19752
-19751
-19750
-19749
-19748
-19747
-19746
-19745
-19744
-19743
-19742
-19741
-19740
-19739
-19738
-19737
-19736
-19735
-19734
-19733
-19732
-19731
-19730
-19729
-19728
-19727
-19726
-19724
-19723
-19722
-19719
-19718
-19717
-19716
-19715
-19713
-19712
-19711
-19708
-19706
-19705
-19704
-19703
-19702
-19701
-19700
-19698
-19697
-19696
-19695
-19694
-19693
-19692
-19691
-19690
-19689
-19686
-19685
-19684
-19683
-19682
-19681
-19680
-19679
-19678
-19677
-19676
-19675
-19674
-19673
-19672
-19670
-19669
-19668
-19667
-19666
-19665
-19664
-19659
-19658
-19657
-19656
-19655
-19654
-19653
-19652
-19651
-19650
-19649
-19648
-19647
-19646
-19645
-19644
-19643
-19642
-19641
-19640
-19639
-19638
-19636
-19635
-19634
-19633
-19632
-19631
-19630
-19629
-19628
-19627
-19624
-19621
-19620
-19619
-19616
-19614
-19613
-19612
-19611
-19610
-19608
-19607
-19606
-19603
-19602
-19601
-19600
-19599
-19598
-19597
-19596
-19595
-19594
-19593
-19592
-19591
-19587
-19586
-19585
-19584
-19583
-19582
-19581
-19580
-19579
-19578
-19577
-19576
-19575
-19574
-19573
-19572
-19571
-19570
-19569
-19568
-19566
-19565
-19564
-19562
-19561
-19560
-19559
-19558
-19557
-19556
-19554
-19552
-19551
-19550
-19549
-19548
-19547
-19545
-19541
-19540
-19539
-19538
-19537
-19536
-19535
-19534
-19533
-19532
-19531
-19530
-19529
-19528
-19527
-19526
-19525
-19524
-19523
-19522
-19521
-19520
-19519
-19518
-19517
-19516
-19515
-19514
-19513
-19512
-19511
-19510
-19509
-19508
-19507
-19506
-19505
-19504
-19503
-19502
-19500
-19499
-19498
-19495
-19494
-19492
-19491
-19490
-19489
-19488
-19487
-19486
-19485
-19482
-19481
-19480
-19477
-19476
-19475
-19474
-19473
-19472
-19471
-19470
-19469
-19468
-19467
-19466
-19465
-19464
-19463
-19462
-19461
-19460
-19459
-19458
-19457
-19456
-19455
-19454
-19453
-19452
-19451
-19450
-19448
-19446
-19445
-19444
-19443
-19442
-19441
-19440
-19439
-19438
-19437
-19436
-19435
-19434
-19433
-19432
-19431
-19430
-19429
-19428
-19427
-19426
-19425
-19424
-19423
-19422
-19421
-19417
-19416
-19415
-19414
-19413
-19412
-19411
-19408
-19406
-19404
-19403
-19402
-19400
-19398
-19396
-19395
-19394
-19393
-19392
-19391
-19390
-19389
-19388
-19386
-19385
-19383
-19382
-19381
-19380
-19377
-19376
-19375
-19372
-19371
-19370
-19369
-19368
-19367
-19362
-19361
-19360
-19359
-19358
-19357
-19356
-19355
-19354
-19352
-19351
-19350
-19349
-19348
-19345
-19344
-19343
-19342
-19341
-19340
-19339
-19338
-19337
-19336
-19333
-19332
-19331
-19330
-19329
-19328
-19327
-19326
-19325
-19322
-19321
-19320
-19319
-19318
-19317
-19316
-19315
-19314
-19313
-19312
-19311
-19310
-19309
-19308
-19307
-19306
-19305
-19304
-19299
-19298
-19297
-19296
-19295
-19294
-19293
-19292
-19291
-19286
-19285
-19284
-19283
-19282
-19281
-19278
-19277
-19276
-19275
-19274
-19273
-19272
-19271
-19270
-19269
-19268
-19267
-19266
-19265
-19264
-19263
-19262
-19261
-19260
-19259
-19258
-19257
-19256
-19255
-19253
-19252
-19251
-19250
-19249
-19248
-19247
-19246
-19242
-19240
-19239
-19238
-19237
-19236
-19235
-19234
-19233
-19232
-19231
-19230
-19229
-19228
-19227
-19226
-19225
-19224
-19223
-19222
-19221
-19220
-19219
-19218
-19217
-19216
-19215
-19214
-19211
-19210
-19209
-19208
-19207
-19206
-19205
-19204
-19203
-19201
-19200
-19199
-19198
-19197
-19196
-19195
-19194
-19193
-19192
-19191
-19189
-19188
-19187
-19186
-19185
-19184
-19183
-19182
-19181
-19180
-19179
-19178
-19177
-19176
-19175
-19174
-19173
-19172
-19171
-19170
-19169
-19168
-19167
-19166
-19165
-19164
-19163
-19162
-19161
-19160
-19158
-19157
-19156
-19155
-19154
-19153
-19152
-19151
-19150
-19149
-19148
-19147
-19146
-19145
-19144
-19143
-19142
-19141
-19140
-19139
-19138
-19137
-19136
-19135
-19134
-19133
-19131
-19130
-19129
-19128
-19127
-19126
-19125
-19124
-19123
-19122
-19121
-19120
-19119
-19118
-19117
-19116
-19115
-19114
-19113
-19112
-19111
-19110
-19109
-19108
-19107
-19106
-19105
-19104
-19103
-19098
-19097
-19096
-19095
-19093
-19092
-19091
-19090
-19089
-19088
-19087
-19086
-19085
-19084
-19083
-19082
-19081
-19080
-19079
-19078
-19077
-19076
-19075
-19074
-19073
-19072
-19071
-19070
-19068
-19067
-19066
-19065
-19064
-19063
-19062
-19061
-19059
-19058
-19057
-19056
-19055
-19054
-19053
-19052
-19051
-19050
-19049
-19048
-19047
-19046
-19045
-19044
-19043
-19042
-19041
-19040
-19039
-19038
-19037
-19036
-19035
-19034
-19033
-19032
-19031
-19030
-19029
-19028
-19027
-19026
-19025
-19024
-19023
-19022
-19021
-19020
-19019
-19018
-19017
-19016
-19015
-19011
-19010
-19009
-19008
-19007
-19006
-19005
-19004
-19003
-19002
-19001
-19000
-18999
-18998
-18997
-18996
-18994
-18993
-18992
-18991
-18990
-18989
-18988
-18987
-18986
-18985
-18984
-18983
-18980
-18979
-18978
-18977
-18976
-18975
-18974
-18973
-18972
-18971
-18970
-18966
-18964
-18963
-18962
-18961
-18960
-18959
-18958
-18957
-18956
-18955
-18954
-18953
-18952
-18951
-18950
-18949
-18948
-18947
-18946
-18945
-18944
-18943
-18942
-18941
-18940
-18939
-18938
-18937
-18936
-18935
-18934
-18933
-18932
-18931
-18930
-18929
-18928
-18927
-18924
-18923
-18922
-18921
-18920
-18919
-18918
-18917
-18916
-18915
-18914
-18913
-18912
-18911
-18910
-18909
-18908
-18907
-18906
-18905
-18904
-18903
-18902
-18900
-18899
-18898
-18897
-18896
-18895
-18894
-18893
-18891
-18890
-18889
-18888
-18887
-18886
-18884
-18883
-18882
-18881
-18880
-18879
-18878
-18877
-18876
-18875
-18874
-18873
-18872
-18871
-18870
-18869
-18868
-18867
-18866
-18865
-18864
-18863
-18862
-18861
-18860
-18859
-18858
-18857
-18856
-18855
-18854
-18853
-18852
-18850
-18849
-18848
-18847
-18846
-18844
-18843
-18842
-18841
-18840
-18839
-18837
-18836
-18835
-18834
-18833
-18832
-18830
-18828
-18827
-18826
-18825
-18824
-18822
-18821
-18820
-18819
-18818
-18817
-18816
-18815
-18814
-18813
-18812
-18811
-18810
-18809
-18807
-18806
-18805
-18804
-18803
-18802
-18801
-18800
-18799
-18798
-18797
-18796
-18795
-18794
-18793
-18792
-18791
-18790
-18789
-18788
-18786
-18785
-18784
-18783
-18782
-18781
-18780
-18779
-18777
-18776
-18775
-18774
-18773
-18772
-18770
-18769
-18768
-18767
-18766
-18765
-18764
-18763
-18760
-18759
-18758
-18757
-18756
-18755
-18754
-18753
-18752
-18751
-18750
-18749
-18747
-18746
-18745
-18744
-18743
-18742
-18741
-18740
-18734
-18733
-18732
-18731
-18728
-18725
-18724
-18723
-18722
-18721
-18720
-18719
-18718
-18717
-18716
-18715
-18714
-18713
-18712
-18711
-18710
-18709
-18708
-18707
-18706
-18705
-18704
-18703
-18702
-18701
-18700
-18699
-18698
-18697
-18696
-18695
-18694
-18693
-18692
-18691
-18690
-18689
-18688
-18687
-18686
-18685
-18684
-18683
-18682
-18681
-18680
-18679
-18678
-18677
-18676
-18675
-18674
-18673
-18672
-18671
-18670
-18669
-18668
-18667
-18666
-18665
-18664
-18662
-18661
-18660
-18659
-18657
-18656
-18655
-18654
-18653
-18652
-18651
-18649
-18648
-18647
-18646
-18645
-18644
-18643
-18642
-18641
-18640
-18639
-18638
-18637
-18636
-18635
-18634
-18633
-18632
-18631
-18630
-18629
-18628
-18627
-18626
-18625
-18624
-18623
-18622
-18621
-18620
-18619
-18618
-18617
-18616
-18615
-18614
-18613
-18612
-18611
-18610
-18609
-18608
-18607
-18606
-18605
-18604
-18603
-18602
-18601
-18600
-18599
-18598
-18597
-18596
-18595
-18594
-18593
-18592
-18591
-18590
-18589
-18588
-18587
-18586
-18585
-18584
-18583
-18582
-18581
-18580
-18579
-18578
-18577
-18576
-18575
-18574
-18573
-18572
-18571
-18570
-18569
-18568
-18567
-18566
-18565
-18564
-18563
-18562
-18561
-18560
-18559
-18558
-18557
-18556
-18555
-18554
-18553
-18552
-18551
-18550
-18549
-18548
-18547
-18546
-18545
-18544
-18543
-18542
-18541
-18540
-18539
-18538
-18537
-18536
-18535
-18533
-18532
-18530
-18529
-18528
-18527
-18526
-18525
-18524
-18523
-18522
-18521
-18519
-18515
-18514
-18513
-18512
-18511
-18510
-18509
-18508
-18507
-18506
-18505
-18504
-18503
-18502
-18501
-18499
-18498
-18497
-18496
-18495
-18494
-18493
-18492
-18491
-18490
-18489
-18488
-18487
-18486
-18485
-18484
-18483
-18482
-18481
-18480
-18479
-18478
-18477
-18476
-18475
-18474
-18473
-18472
-18471
-18470
-18469
-18468
-18467
-18466
-18465
-18464
-18463
-18462
-18461
-18460
-18459
-18458
-18457
-18456
-18455
-18452
-18451
-18450
-18449
-18448
-18447
-18446
-18445
-18443
-18441
-18438
-18437
-18436
-18435
-18433
-18432
-18431
-18430
-18429
-18428
-18426
-18425
-18423
-18422
-18421
-18420
-18419
-18417
-18416
-18415
-18414
-18413
-18412
-18411
-18410
-18409
-18408
-18407
-18406
-18405
-18404
-18403
-18402
-18401
-18400
-18399
-18398
-18397
-18396
-18395
-18393
-18392
-18391
-18390
-18389
-18388
-18386
-18385
-18384
-18383
-18382
-18381
-18380
-18375
-18374
-18373
-18371
-18370
-18369
-18368
-18367
-18366
-18365
-18360
-18359
-18358
-18357
-18355
-18354
-18353
-18352
-18351
-18350
-18349
-18348
-18347
-18346
-18343
-18342
-18341
-18340
-18339
-18338
-18337
-18336
-18335
-18333
-18332
-18331
-18330
-18329
-18328
-18327
-18326
-18325
-18323
-18322
-18321
-18320
-18319
-18318
-18317
-18316
-18315
-18313
-18312
-18311
-18309
-18308
-18307
-18306
-18305
-18304
-18303
-18302
-18301
-18300
-18299
-18298
-18297
-18296
-18295
-18294
-18293
-18292
-18291
-18290
-18289
-18288
-18287
-18286
-18285
-18284
-18283
-18282
-18281
-18280
-18279
-18278
-18275
-18274
-18273
-18272
-18271
-18270
-18269
-18268
-18264
-18263
-18262
-18261
-18260
-18259
-18258
-18257
-18256
-18255
-18254
-18253
-18252
-18251
-18250
-18249
-18248
-18246
-18245
-18243
-18242
-18241
-18240
-18239
-18238
-18237
-18235
-18233
-18231
-18230
-18229
-18228
-18227
-18226
-18225
-18224
-18223
-18222
-18221
-18220
-18219
-18218
-18217
-18216
-18215
-18214
-18213
-18211
-18210
-18209
-18208
-18207
-18206
-18205
-18204
-18203
-18202
-18201
-18200
-18199
-18198
-18197
-18196
-18195
-18194
-18193
-18192
-18189
-18188
-18187
-18186
-18185
-18184
-18183
-18182
-18179
-18178
-18177
-18176
-18175
-18174
-18173
-18172
-18171
-18170
-18169
-18168
-18167
-18166
-18165
-18164
-18162
-18161
-18155
-18153
-18151
-18150
-18149
-18148
-18147
-18146
-18145
-18144
-18143
-18142
-18141
-18140
-18139
-18138
-18137
-18136
-18135
-18134
-18133
-18132
-18131
-18130
-18129
-18128
-18126
-18123
-18120
-18119
-18118
-18117
-18116
-18115
-18113
-18112
-18111
-18110
-18109
-18108
-18107
-18106
-18105
-18104
-18103
-18102
-18101
-18100
-18099
-18098
-18097
-18096
-18095
-18094
-18093
-18092
-18091
-18090
-18089
-18088
-18087
-18086
-18085
-18084
-18083
-18082
-18081
-18080
-18079
-18078
-18077
-18075
-18074
-18073
-18072
-18071
-18069
-18066
-18063
-18062
-18061
-18060
-18059
-18058
-18057
-18056
-18055
-18054
-18053
-18052
-18051
-18050
-18049
-18048
-18047
-18046
-18045
-18044
-18042
-18041
-18040
-18039
-18038
-18037
-18036
-18035
-18034
-18033
-18032
-18031
-18030
-18029
-18028
-18027
-18025
-18024
-18023
-18022
-18021
-18020
-18019
-18018
-18017
-18016
-18015
-18014
-18013
-18012
-18011
-18010
-18009
-18008
-18007
-18006
-18005
-18004
-18003
-18002
-18001
-18000
-17999
-17998
-17997
-17996
-17995
-17994
-17993
-17992
-17991
-17990
-17989
-17988
-17987
-17986
-17985
-17984
-17983
-17982
-17981
-17980
-17979
-17978
-17977
-17976
-17975
-17974
-17973
-17972
-17971
-17970
-17969
-17968
-17967
-17966
-17965
-17964
-17963
-17962
-17961
-17960
-17959
-17958
-17957
-17956
-17955
-17954
-17953
-17952
-17951
-17950
-17949
-17948
-17947
-17946
-17945
-17944
-17943
-17942
-17941
-17940
-17939
-17938
-17937
-17936
-17935
-17934
-17933
-17932
-17931
-17930
-17929
-17928
-17927
-17924
-17922
-17921
-17920
-17919
-17918
-17917
-17916
-17915
-17914
-17913
-17912
-17911
-17910
-17909
-17908
-17907
-17906
-17905
-17904
-17903
-17902
-17901
-17900
-17899
-17898
-17897
-17896
-17895
-17894
-17893
-17892
-17891
-17890
-17889
-17888
-17887
-17886
-17885
-17884
-17883
-17882
-17881
-17878
-17877
-17876
-17875
-17874
-17873
-17871
-17870
-17869
-17868
-17867
-17866
-17865
-17864
-17863
-17862
-17861
-17860
-17859
-17858
-17857
-17856
-17855
-17854
-17853
-17852
-17851
-17850
-17849
-17848
-17847
-17846
-17845
-17844
-17843
-17842
-17841
-17840
-17839
-17838
-17835
-17834
-17833
-17832
-17831
-17829
-17828
-17827
-17826
-17825
-17824
-17823
-17822
-17821
-17820
-17819
-17818
-17816
-17815
-17814
-17813
-17812
-17811
-17810
-17809
-17808
-17807
-17806
-17805
-17804
-17802
-17801
-17800
-17799
-17798
-17797
-17796
-17795
-17794
-17793
-17792
-17791
-17790
-17788
-17787
-17786
-17785
-17784
-17783
-17782
-17781
-17780
-17779
-17778
-17777
-17776
-17775
-17774
-17773
-17772
-17771
-17769
-17768
-17767
-17766
-17765
-17764
-17763
-17762
-17761
-17760
-17759
-17758
-17755
-17754
-17753
-17748
-17747
-17745
-17744
-17743
-17742
-17741
-17734
-17733
-17732
-17731
-17730
-17729
-17728
-17727
-17726
-17724
-17723
-17722
-17721
-17720
-17714
-17713
-17712
-17711
-17710
-17709
-17708
-17707
-17706
-17705
-17704
-17703
-17702
-17701
-17700
-17699
-17698
-17697
-17696
-17695
-17694
-17693
-17692
-17691
-17690
-17689
-17688
-17687
-17686
-17685
-17684
-17683
-17682
-17681
-17680
-17679
-17678
-17677
-17676
-17675
-17674
-17671
-17670
-17669
-17667
-17666
-17665
-17664
-17663
-17662
-17661
-17660
-17659
-17658
-17657
-17656
-17655
-17654
-17653
-17652
-17651
-17650
-17649
-17646
-17645
-17644
-17643
-17642
-17641
-17640
-17639
-17638
-17637
-17636
-17635
-17634
-17633
-17632
-17631
-17630
-17629
-17628
-17627
-17626
-17625
-17624
-17623
-17622
-17621
-17619
-17618
-17617
-17616
-17615
-17614
-17613
-17612
-17611
-17610
-17609
-17608
-17607
-17606
-17605
-17602
-17601
-17600
-17599
-17598
-17597
-17596
-17595
-17594
-17591
-17590
-17589
-17588
-17587
-17586
-17585
-17584
-17583
-17582
-17581
-17579
-17578
-17577
-17576
-17575
-17574
-17573
-17570
-17569
-17568
-17567
-17566
-17565
-17564
-17563
-17561
-17559
-17558
-17557
-17556
-17555
-17554
-17553
-17551
-17550
-17549
-17548
-17547
-17546
-17545
-17544
-17543
-17542
-17541
-17540
-17538
-17537
-17536
-17535
-17534
-17533
-17532
-17531
-17528
-17526
-17524
-17523
-17522
-17520
-17519
-17518
-17517
-17515
-17514
-17513
-17512
-17511
-17510
-17508
-17507
-17506
-17505
-17504
-17503
-17502
-17501
-17500
-17499
-17498
-17497
-17496
-17495
-17494
-17493
-17492
-17491
-17490
-17489
-17488
-17487
-17486
-17485
-17484
-17483
-17482
-17481
-17480
-17479
-17478
-17476
-17475
-17474
-17473
-17472
-17471
-17470
-17469
-17468
-17467
-17466
-17465
-17464
-17463
-17462
-17461
-17460
-17459
-17458
-17457
-17456
-17455
-17454
-17453
-17452
-17451
-17450
-17449
-17448
-17447
-17446
-17445
-17444
-17443
-17442
-17441
-17440
-17439
-17438
-17437
-17436
-17435
-17434
-17433
-17432
-17431
-17430
-17429
-17428
-17427
-17426
-17425
-17424
-17423
-17422
-17421
-17420
-17419
-17418
-17417
-17416
-17415
-17414
-17413
-17412
-17411
-17410
-17409
-17408
-17407
-17406
-17405
-17403
-17402
-17401
-17400
-17399
-17398
-17396
-17395
-17394
-17393
-17392
-17391
-17390
-17389
-17388
-17387
-17386
-17385
-17384
-17382
-17381
-17380
-17379
-17378
-17377
-17376
-17375
-17374
-17373
-17372
-17371
-17370
-17369
-17368
-17367
-17366
-17365
-17364
-17363
-17362
-17361
-17360
-17359
-17358
-17357
-17356
-17355
-17354
-17353
-17352
-17351
-17350
-17349
-17348
-17347
-17346
-17345
-17344
-17343
-17342
-17341
-17340
-17339
-17338
-17337
-17336
-17335
-17334
-17333
-17332
-17331
-17330
-17329
-17328
-17327
-17326
-17325
-17324
-17323
-17322
-17321
-17320
-17319
-17318
-17317
-17316
-17315
-17314
-17313
-17312
-17310
-17309
-17308
-17307
-17306
-17305
-17304
-17303
-17302
-17301
-17300
-17298
-17297
-17296
-17295
-17294
-17293
-17292
-17291
-17290
-17289
-17288
-17287
-17286
-17285
-17284
-17283
-17282
-17281
-17280
-17279
-17278
-17277
-17276
-17275
-17274
-17273
-17272
-17271
-17270
-17269
-17268
-17267
-17266
-17264
-17262
-17261
-17260
-17259
-17258
-17256
-17255
-17254
-17253
-17252
-17251
-17250
-17249
-17248
-17247
-17245
-17244
-17243
-17242
-17241
-17240
-17239
-17238
-17237
-17236
-17235
-17234
-17232
-17231
-17230
-17229
-17228
-17227
-17226
-17225
-17224
-17223
-17222
-17221
-17220
-17219
-17218
-17217
-17216
-17215
-17214
-17213
-17211
-17209
-17208
-17207
-17206
-17205
-17204
-17203
-17202
-17201
-17200
-17199
-17198
-17197
-17196
-17195
-17194
-17193
-17192
-17190
-17189
-17188
-17187
-17186
-17185
-17184
-17183
-17182
-17181
-17180
-17179
-17178
-17177
-17176
-17175
-17174
-17173
-17172
-17171
-17170
-17169
-17168
-17167
-17166
-17165
-17164
-17163
-17162
-17161
-17160
-17159
-17158
-17157
-17156
-17155
-17154
-17153
-17152
-17151
-17150
-17149
-17148
-17147
-17146
-17145
-17144
-17143
-17142
-17141
-17140
-17139
-17138
-17137
-17136
-17135
-17134
-17133
-17132
-17131
-17130
-17129
-17128
-17127
-17126
-17125
-17124
-17123
-17122
-17121
-17120
-17119
-17118
-17117
-17116
-17115
-17114
-17113
-17112
-17111
-17110
-17109
-17108
-17107
-17106
-17105
-17104
-17103
-17102
-17101
-17100
-17099
-17098
-17097
-17096
-17095
-17094
-17093
-17092
-17091
-17090
-17089
-17088
-17087
-17086
-17085
-17084
-17083
-17082
-17081
-17080
-17079
-17078
-17077
-17076
-17075
-17074
-17073
-17072
-17071
-17070
-17069
-17068
-17067
-17066
-17065
-17064
-17063
-17062
-17061
-17060
-17059
-17058
-17057
-17056
-17055
-17054
-17053
-17052
-17051
-17050
-17049
-17048
-17047
-17046
-17045
-17044
-17043
-17042
-17041
-17040
-17039
-17038
-17037
-17036
-17035
-17034
-17033
-17032
-17031
-17030
-17029
-17028
-17027
-17026
-17025
-17024
-17023
-17022
-17021
-17020
-17019
-17018
-17017
-17016
-17015
-17014
-17013
-17012
-17011
-17010
-17009
-17008
-17007
-17006
-17005
-17004
-17003
-17002
-17001
-17000
-16999
-16998
-16997
-16996
-16995
-16994
-16993
-16992
-16991
-16990
-16989
-16988
-16987
-16986
-16985
-16984
-16983
-16982
-16981
-16980
-16979
-16978
-16977
-16976
-16975
-16974
-16973
-16972
-16971
-16970
-16969
-16968
-16967
-16966
-16965
-16964
-16963
-16962
-16961
-16960
-16959
-16958
-16957
-16956
-16955
-16954
-16953
-16952
-16951
-16949
-16948
-16947
-16946
-16945
-16944
-16943
-16941
-16940
-16939
-16938
-16937
-16936
-16935
-16934
-16933
-16932
-16931
-16929
-16928
-16927
-16926
-16925
-16924
-16923
-16922
-16920
-16919
-16918
-16917
-16916
-16915
-16914
-16913
-16912
-16911
-16910
-16909
-16908
-16907
-16906
-16905
-16904
-16903
-16902
-16901
-16900
-16899
-16898
-16897
-16896
-16895
-16894
-16893
-16892
-16891
-16890
-16889
-16888
-16887
-16886
-16885
-16884
-16883
-16882
-16881
-16880
-16879
-16878
-16877
-16876
-16875
-16874
-16873
-16872
-16871
-16870
-16869
-16868
-16867
-16866
-16865
-16864
-16863
-16862
-16861
-16860
-16859
-16858
-16857
-16856
-16855
-16854
-16853
-16852
-16851
-16850
-16849
-16848
-16847
-16846
-16845
-16844
-16843
-16842
-16841
-16840
-16839
-16838
-16837
-16836
-16835
-16834
-16833
-16832
-16831
-16830
-16829
-16827
-16825
-16824
-16823
-16822
-16821
-16820
-16819
-16817
-16816
-16815
-16814
-16812
-16811
-16810
-16809
-16808
-16807
-16806
-16805
-16804
-16803
-16802
-16801
-16800
-16799
-16798
-16797
-16796
-16795
-16794
-16793
-16791
-16790
-16789
-16788
-16787
-16786
-16785
-16784
-16779
-16778
-16776
-16775
-16773
-16770
-16769
-16768
-16767
-16766
-16765
-16764
-16763
-16762
-16761
-16760
-16759
-16758
-16757
-16756
-16755
-16754
-16753
-16751
-16749
-16747
-16746
-16745
-16744
-16743
-16742
-16741
-16740
-16739
-16738
-16737
-16736
-16735
-16734
-16733
-16732
-16731
-16728
-16727
-16726
-16724
-16722
-16721
-16720
-16719
-16716
-16715
-16714
-16713
-16712
-16709
-16706
-16705
-16704
-16703
-16702
-16701
-16700
-16698
-16697
-16696
-16695
-16694
-16693
-16692
-16691
-16690
-16689
-16688
-16687
-16686
-16685
-16684
-16683
-16681
-16680
-16679
-16678
-16677
-16676
-16675
-16674
-16673
-16672
-16671
-16670
-16668
-16667
-16666
-16665
-16664
-16661
-16660
-16659
-16655
-16654
-16653
-16652
-16651
-16650
-16649
-16648
-16647
-16646
-16645
-16644
-16643
-16641
-16640
-16639
-16638
-16637
-16636
-16633
-16632
-16631
-16630
-16629
-16628
-16627
-16625
-16623
-16622
-16621
-16620
-16619
-16618
-16616
-16615
-16614
-16613
-16611
-16610
-16609
-16608
-16607
-16606
-16605
-16604
-16603
-16602
-16601
-16600
-16599
-16598
-16597
-16596
-16595
-16593
-16592
-16591
-16590
-16589
-16588
-16587
-16586
-16585
-16584
-16583
-16581
-16580
-16579
-16578
-16577
-16576
-16575
-16574
-16573
-16572
-16569
-16568
-16567
-16566
-16565
-16563
-16562
-16561
-16560
-16559
-16558
-16557
-16555
-16554
-16553
-16549
-16548
-16547
-16546
-16545
-16544
-16543
-16542
-16541
-16540
-16537
-16536
-16534
-16533
-16532
-16531
-16529
-16528
-16527
-16526
-16525
-16524
-16523
-16522
-16521
-16520
-16519
-16518
-16517
-16516
-16515
-16514
-16513
-16512
-16511
-16510
-16509
-16508
-16507
-16506
-16505
-16504
-16503
-16502
-16501
-16500
-16499
-16498
-16497
-16496
-16495
-16494
-16493
-16492
-16491
-16490
-16489
-16488
-16485
-16484
-16483
-16482
-16481
-16480
-16479
-16478
-16477
-16475
-16474
-16473
-16472
-16471
-16470
-16469
-16468
-16467
-16466
-16465
-16464
-16463
-16461
-16460
-16459
-16458
-16457
-16456
-16455
-16453
-16452
-16451
-16450
-16449
-16448
-16447
-16446
-16445
-16444
-16443
-16442
-16441
-16439
-16436
-16434
-16433
-16432
-16431
-16430
-16429
-16428
-16427
-16424
-16423
-16422
-16421
-16420
-16419
-16418
-16417
-16416
-16415
-16414
-16413
-16412
-16411
-16410
-16409
-16407
-16406
-16404
-16403
-16401
-16400
-16399
-16398
-16397
-16392
-16391
-16390
-16389
-16388
-16387
-16386
-16385
-16384
-16383
-16382
-16381
-16380
-16379
-16378
-16377
-16376
-16375
-16374
-16373
-16372
-16371
-16370
-16369
-16368
-16367
-16366
-16365
-16363
-16362
-16360
-16359
-16358
-16357
-16355
-16354
-16353
-16352
-16351
-16350
-16349
-16348
-16347
-16346
-16345
-16344
-16343
-16342
-16341
-16340
-16339
-16338
-16337
-16336
-16335
-16334
-16333
-16332
-16331
-16330
-16329
-16328
-16326
-16325
-16324
-16323
-16322
-16321
-16320
-16319
-16317
-16316
-16315
-16313
-16310
-16308
-16306
-16305
-16304
-16303
-16302
-16301
-16300
-16299
-16298
-16296
-16295
-16294
-16293
-16292
-16291
-16290
-16289
-16288
-16287
-16286
-16285
-16284
-16283
-16282
-16281
-16280
-16279
-16278
-16277
-16276
-16275
-16274
-16273
-16272
-16271
-16270
-16269
-16268
-16267
-16266
-16265
-16264
-16263
-16262
-16261
-16260
-16259
-16258
-16257
-16256
-16255
-16254
-16253
-16252
-16251
-16250
-16249
-16248
-16247
-16246
-16245
-16244
-16243
-16242
-16241
-16240
-16239
-16238
-16237
-16236
-16235
-16234
-16233
-16232
-16231
-16230
-16229
-16228
-16227
-16226
-16225
-16224
-16223
-16222
-16221
-16220
-16219
-16218
-16216
-16215
-16214
-16213
-16212
-16211
-16210
-16209
-16208
-16207
-16206
-16205
-16204
-16203
-16202
-16201
-16200
-16199
-16198
-16197
-16196
-16195
-16194
-16193
-16192
-16191
-16190
-16189
-16188
-16186
-16185
-16184
-16183
-16182
-16181
-16180
-16179
-16178
-16177
-16176
-16175
-16173
-16172
-16171
-16170
-16169
-16168
-16167
-16166
-16165
-16164
-16163
-16162
-16161
-16160
-16159
-16158
-16157
-16156
-16155
-16154
-16153
-16152
-16151
-16150
-16149
-16148
-16147
-16146
-16145
-16144
-16143
-16142
-16140
-16139
-16137
-16136
-16135
-16132
-16129
-16128
-16127
-16126
-16125
-16124
-16123
-16122
-16121
-16120
-16119
-16117
-16116
-16115
-16113
-16112
-16111
-16110
-16109
-16108
-16107
-16106
-16105
-16104
-16103
-16102
-16101
-16100
-16099
-16098
-16097
-16096
-16095
-16094
-16093
-16092
-16091
-16090
-16089
-16088
-16086
-16085
-16083
-16082
-16081
-16080
-16077
-16076
-16075
-16074
-16073
-16071
-16070
-16069
-16068
-16067
-16066
-16065
-16064
-16061
-16060
-16059
-16058
-16057
-16056
-16055
-16054
-16053
-16050
-16049
-16048
-16047
-16044
-16043
-16042
-16041
-16040
-16039
-16038
-16037
-16036
-16035
-16034
-16033
-16032
-16031
-16030
-16029
-16028
-16027
-16026
-16025
-16023
-16022
-16020
-16019
-16017
-16016
-16015
-16014
-16010
-16008
-16007
-16006
-16005
-16004
-16003
-16002
-16001
-16000
-15999
-15997
-15996
-15995
-15994
-15993
-15992
-15990
-15989
-15988
-15985
-15984
-15983
-15982
-15981
-15980
-15978
-15975
-15974
-15973
-15972
-15971
-15970
-15968
-15966
-15965
-15964
-15963
-15962
-15961
-15960
-15959
-15958
-15957
-15956
-15955
-15953
-15952
-15951
-15950
-15949
-15948
-15947
-15945
-15941
-15940
-15939
-15938
-15937
-15936
-15935
-15934
-15933
-15931
-15930
-15929
-15928
-15927
-15923
-15922
-15920
-15918
-15917
-15915
-15914
-15913
-15912
-15911
-15908
-15907
-15906
-15905
-15904
-15903
-15902
-15900
-15899
-15898
-15897
-15896
-15895
-15894
-15893
-15888
-15887
-15886
-15885
-15884
-15882
-15878
-15877
-15876
-15875
-15874
-15873
-15872
-15871
-15870
-15869
-15868
-15867
-15866
-15865
-15864
-15863
-15862
-15861
-15860
-15859
-15858
-15857
-15856
-15855
-15854
-15853
-15852
-15851
-15850
-15849
-15848
-15847
-15846
-15845
-15844
-15843
-15842
-15841
-15840
-15839
-15838
-15837
-15836
-15835
-15834
-15833
-15832
-15831
-15830
-15829
-15828
-15827
-15826
-15825
-15824
-15823
-15822
-15821
-15820
-15819
-15818
-15817
-15816
-15815
-15813
-15812
-15811
-15810
-15809
-15808
-15807
-15805
-15804
-15803
-15802
-15800
-15799
-15798
-15797
-15796
-15795
-15794
-15793
-15792
-15791
-15788
-15786
-15785
-15784
-15783
-15782
-15781
-15780
-15779
-15778
-15777
-15776
-15775
-15774
-15773
-15772
-15771
-15770
-15769
-15768
-15767
-15766
-15765
-15764
-15763
-15762
-15761
-15759
-15758
-15757
-15756
-15755
-15754
-15753
-15752
-15751
-15750
-15749
-15748
-15747
-15746
-15745
-15744
-15743
-15742
-15741
-15740
-15739
-15738
-15737
-15735
-15734
-15733
-15732
-15731
-15730
-15729
-15728
-15727
-15726
-15725
-15723
-15722
-15721
-15720
-15719
-15718
-15717
-15716
-15715
-15714
-15713
-15712
-15711
-15710
-15709
-15708
-15707
-15706
-15705
-15704
-15703
-15702
-15701
-15700
-15699
-15698
-15697
-15696
-15695
-15694
-15693
-15692
-15691
-15690
-15689
-15688
-15687
-15686
-15685
-15684
-15683
-15682
-15681
-15680
-15679
-15678
-15677
-15676
-15675
-15674
-15672
-15671
-15670
-15669
-15668
-15667
-15666
-15665
-15664
-15663
-15662
-15661
-15660
-15659
-15658
-15657
-15656
-15655
-15653
-15652
-15651
-15650
-15649
-15648
-15647
-15646
-15645
-15644
-15643
-15642
-15641
-15640
-15639
-15638
-15636
-15635
-15633
-15632
-15631
-15629
-15627
-15626
-15625
-15624
-15623
-15622
-15621
-15620
-15617
-15616
-15615
-15614
-15613
-15612
-15611
-15610
-15609
-15608
-15607
-15606
-15605
-15604
-15603
-15602
-15601
-15600
-15599
-15598
-15597
-15593
-15592
-15589
-15588
-15587
-15586
-15585
-15584
-15583
-15582
-15581
-15580
-15579
-15578
-15577
-15576
-15575
-15574
-15573
-15572
-15571
-15570
-15569
-15568
-15567
-15566
-15565
-15564
-15563
-15562
-15561
-15560
-15559
-15558
-15557
-15556
-15555
-15554
-15553
-15552
-15551
-15550
-15549
-15548
-15547
-15546
-15545
-15544
-15543
-15542
-15541
-15540
-15539
-15538
-15536
-15535
-15534
-15532
-15530
-15529
-15528
-15527
-15526
-15525
-15524
-15523
-15522
-15521
-15520
-15519
-15518
-15517
-15516
-15515
-15514
-15513
-15512
-15511
-15510
-15509
-15505
-15504
-15503
-15502
-15501
-15500
-15499
-15498
-15497
-15496
-15495
-15494
-15493
-15491
-15489
-15488
-15487
-15486
-15485
-15484
-15483
-15482
-15480
-15479
-15478
-15477
-15476
-15475
-15474
-15471
-15470
-15468
-15467
-15466
-15465
-15462
-15459
-15458
-15457
-15456
-15455
-15454
-15453
-15452
-15450
-15449
-15448
-15447
-15446
-15445
-15444
-15443
-15442
-15440
-15438
-15437
-15436
-15435
-15434
-15433
-15432
-15431
-15430
-15428
-15427
-15426
-15425
-15424
-15423
-15422
-15421
-15420
-15419
-15418
-15417
-15416
-15415
-15414
-15413
-15412
-15411
-15410
-15409
-15408
-15407
-15406
-15405
-15404
-15401
-15400
-15399
-15398
-15397
-15396
-15395
-15394
-15393
-15392
-15391
-15390
-15389
-15388
-15387
-15386
-15385
-15384
-15383
-15382
-15379
-15378
-15377
-15376
-15375
-15374
-15373
-15372
-15371
-15370
-15369
-15368
-15367
-15365
-15361
-15360
-15359
-15358
-15357
-15356
-15355
-15354
-15353
-15352
-15351
-15350
-15349
-15348
-15347
-15346
-15345
-15344
-15341
-15340
-15339
-15336
-15335
-15334
-15333
-15332
-15331
-15330
-15329
-15328
-15327
-15326
-15325
-15324
-15323
-15322
-15321
-15320
-15319
-15318
-15317
-15316
-15315
-15314
-15313
-15312
-15311
-15310
-15309
-15308
-15307
-15306
-15305
-15304
-15303
-15302
-15301
-15300
-15299
-15298
-15297
-15296
-15295
-15294
-15293
-15292
-15291
-15290
-15289
-15288
-15287
-15286
-15285
-15284
-15282
-15281
-15279
-15276
-15275
-15274
-15273
-15272
-15269
-15268
-15267
-15266
-15265
-15264
-15263
-15261
-15260
-15259
-15257
-15253
-15252
-15251
-15250
-15249
-15247
-15246
-15245
-15244
-15242
-15241
-15240
-15239
-15236
-15235
-15234
-15233
-15232
-15231
-15227
-15226
-15225
-15224
-15221
-15220
-15216
-15215
-15213
-15212
-15210
-15209
-15204
-15203
-15202
-15201
-15200
-15199
-15198
-15196
-15195
-15193
-15192
-15191
-15190
-15189
-15188
-15186
-15184
-15183
-15182
-15181
-15180
-15179
-15174
-15173
-15172
-15171
-15169
-15168
-15167
-15164
-15163
-15162
-15161
-15160
-15159
-15158
-15157
-15156
-15155
-15151
-15150
-15149
-15147
-15146
-15145
-15144
-15143
-15142
-15141
-15140
-15139
-15138
-15137
-15136
-15135
-15134
-15133
-15132
-15131
-15130
-15129
-15128
-15127
-15126
-15125
-15124
-15123
-15122
-15121
-15120
-15119
-15118
-15117
-15116
-15115
-15114
-15113
-15112
-15109
-15107
-15106
-15105
-15104
-15103
-15102
-15101
-15099
-15098
-15097
-15096
-15095
-15094
-15093
-15092
-15091
-15088
-15087
-15086
-15085
-15084
-15083
-15081
-15080
-15078
-15077
-15076
-15073
-15072
-15071
-15070
-15069
-15068
-15067
-15066
-15065
-15064
-15063
-15062
-15061
-15060
-15059
-15057
-15056
-15055
-15051
-15050
-15049
-15048
-15047
-15046
-15045
-15044
-15042
-15041
-15040
-15039
-15038
-15037
-15036
-15035
-15034
-15033
-15032
-15031
-15030
-15029
-15028
-15027
-15026
-15025
-15024
-15023
-15022
-15021
-15020
-15019
-15018
-15017
-15016
-15015
-15014
-15013
-15012
-15011
-15010
-15009
-15008
-15007
-15006
-15005
-15004
-15003
-15002
-15001
-15000
-14999
-14997
-14996
-14995
-14994
-14993
-14992
-14991
-14990
-14989
-14988
-14987
-14986
-14985
-14984
-14983
-14982
-14981
-14980
-14979
-14978
-14977
-14976
-14975
-14974
-14973
-14972
-14971
-14969
-14968
-14967
-14966
-14964
-14963
-14962
-14960
-14959
-14958
-14953
-14952
-14951
-14950
-14949
-14948
-14947
-14946
-14945
-14944
-14943
-14942
-14941
-14940
-14939
-14938
-14937
-14933
-14931
-14930
-14929
-14928
-14927
-14926
-14924
-14920
-14917
-14916
-14915
-14914
-14913
-14912
-14911
-14910
-14909
-14908
-14906
-14905
-14904
-14903
-14900
-14899
-14897
-14896
-14895
-14894
-14893
-14892
-14889
-14888
-14886
-14885
-14884
-14883
-14882
-14881
-14880
-14879
-14878
-14877
-14876
-14875
-14874
-14873
-14872
-14871
-14870
-14869
-14868
-14867
-14866
-14865
-14864
-14863
-14861
-14859
-14858
-14857
-14856
-14855
-14854
-14853
-14851
-14850
-14849
-14848
-14847
-14846
-14845
-14844
-14843
-14842
-14840
-14839
-14838
-14837
-14836
-14835
-14833
-14832
-14831
-14829
-14828
-14826
-14824
-14823
-14822
-14821
-14820
-14819
-14818
-14817
-14816
-14815
-14813
-14812
-14811
-14810
-14809
-14808
-14807
-14806
-14805
-14804
-14803
-14802
-14801
-14800
-14799
-14798
-14797
-14796
-14795
-14794
-14793
-14791
-14790
-14789
-14787
-14786
-14785
-14784
-14783
-14782
-14781
-14780
-14779
-14778
-14777
-14775
-14773
-14772
-14771
-14770
-14769
-14768
-14767
-14766
-14765
-14764
-14763
-14762
-14761
-14760
-14759
-14758
-14757
-14756
-14755
-14754
-14753
-14752
-14751
-14750
-14749
-14748
-14747
-14745
-14744
-14743
-14742
-14741
-14740
-14739
-14738
-14737
-14736
-14735
-14734
-14733
-14732
-14731
-14730
-14729
-14728
-14727
-14726
-14725
-14724
-14723
-14722
-14721
-14720
-14719
-14718
-14716
-14715
-14714
-14713
-14712
-14711
-14710
-14709
-14708
-14707
-14706
-14705
-14704
-14703
-14702
-14701
-14700
-14699
-14698
-14697
-14696
-14695
-14694
-14693
-14691
-14690
-14689
-14688
-14687
-14686
-14685
-14684
-14683
-14682
-14681
-14679
-14678
-14677
-14676
-14675
-14674
-14673
-14672
-14671
-14670
-14669
-14668
-14667
-14666
-14665
-14664
-14663
-14662
-14661
-14660
-14659
-14658
-14657
-14656
-14655
-14654
-14653
-14652
-14651
-14650
-14649
-14648
-14647
-14646
-14645
-14644
-14643
-14642
-14641
-14640
-14639
-14638
-14637
-14636
-14635
-14634
-14633
-14632
-14631
-14630
-14629
-14628
-14627
-14626
-14625
-14624
-14623
-14622
-14621
-14620
-14619
-14618
-14617
-14616
-14615
-14614
-14613
-14612
-14611
-14610
-14609
-14608
-14607
-14606
-14605
-14604
-14603
-14602
-14601
-14600
-14599
-14598
-14597
-14596
-14595
-14594
-14593
-14592
-14591
-14590
-14589
-14588
-14587
-14586
-14585
-14584
-14583
-14582
-14581
-14580
-14579
-14578
-14577
-14576
-14575
-14574
-14573
-14572
-14571
-14570
-14569
-14568
-14567
-14566
-14565
-14564
-14563
-14562
-14561
-14560
-14559
-14558
-14557
-14556
-14555
-14554
-14553
-14552
-14551
-14550
-14549
-14548
-14547
-14546
-14545
-14544
-14543
-14542
-14541
-14540
-14539
-14538
-14537
-14535
-14534
-14533
-14532
-14531
-14530
-14529
-14528
-14527
-14526
-14525
-14524
-14523
-14522
-14521
-14520
-14519
-14518
-14517
-14516
-14515
-14514
-14513
-14512
-14511
-14510
-14509
-14508
-14507
-14506
-14505
-14504
-14503
-14502
-14501
-14500
-14499
-14498
-14497
-14496
-14495
-14494
-14493
-14492
-14491
-14490
-14489
-14488
-14487
-14486
-14485
-14484
-14483
-14481
-14480
-14479
-14478
-14477
-14476
-14475
-14474
-14473
-14472
-14471
-14470
-14469
-14468
-14467
-14466
-14465
-14464
-14463
-14462
-14461
-14460
-14459
-14458
-14457
-14456
-14455
-14454
-14453
-14451
-14450
-14449
-14448
-14447
-14446
-14445
-14444
-14443
-14442
-14441
-14440
-14439
-14438
-14437
-14436
-14435
-14434
-14433
-14432
-14431
-14430
-14429
-14428
-14427
-14426
-14425
-14424
-14423
-14422
-14421
-14420
-14419
-14418
-14416
-14415
-14412
-14411
-14410
-14409
-14408
-14406
-14405
-14404
-14403
-14402
-14401
-14400
-14399
-14398
-14397
-14396
-14395
-14393
-14392
-14391
-14390
-14389
-14388
-14387
-14386
-14385
-14384
-14383
-14382
-14381
-14379
-14378
-14377
-14376
-14375
-14374
-14373
-14372
-14371
-14369
-14368
-14367
-14366
-14365
-14364
-14363
-14362
-14361
-14360
-14358
-14357
-14356
-14355
-14354
-14353
-14352
-14351
-14350
-14349
-14346
-14344
-14343
-14342
-14340
-14339
-14338
-14337
-14336
-14335
-14334
-14333
-14332
-14331
-14330
-14329
-14328
-14327
-14326
-14325
-14324
-14323
-14322
-14321
-14320
-14319
-14318
-14317
-14316
-14315
-14314
-14313
-14312
-14311
-14310
-14309
-14308
-14307
-14306
-14305
-14304
-14303
-14302
-14301
-14300
-14299
-14297
-14296
-14295
-14294
-14293
-14292
-14291
-14290
-14289
-14288
-14287
-14283
-14282
-14281
-14280
-14279
-14278
-14277
-14276
-14275
-14274
-14273
-14272
-14271
-14270
-14269
-14268
-14267
-14266
-14265
-14264
-14263
-14262
-14261
-14260
-14259
-14258
-14257
-14256
-14255
-14254
-14253
-14252
-14251
-14250
-14249
-14248
-14247
-14246
-14245
-14244
-14243
-14242
-14241
-14240
-14239
-14238
-14237
-14236
-14235
-14234
-14233
-14232
-14231
-14230
-14229
-14227
-14226
-14225
-14224
-14223
-14222
-14221
-14220
-14219
-14218
-14217
-14216
-14214
-14212
-14211
-14210
-14209
-14208
-14207
-14206
-14205
-14203
-14201
-14199
-14198
-14197
-14196
-14195
-14194
-14193
-14192
-14191
-14190
-14189
-14188
-14187
-14186
-14185
-14184
-14183
-14182
-14181
-14180
-14179
-14178
-14177
-14176
-14175
-14174
-14173
-14172
-14171
-14170
-14169
-14168
-14167
-14166
-14165
-14164
-14163
-14162
-14161
-14160
-14159
-14158
-14157
-14156
-14155
-14154
-14153
-14152
-14151
-14150
-14149
-14148
-14147
-14146
-14145
-14144
-14143
-14142
-14141
-14140
-14139
-14138
-14137
-14136
-14135
-14134
-14133
-14132
-14131
-14130
-14129
-14128
-14127
-14126
-14125
-14124
-14123
-14122
-14121
-14120
-14119
-14118
-14116
-14115
-14114
-14113
-14112
-14111
-14110
-14109
-14108
-14105
-14104
-14103
-14102
-14101
-14100
-14099
-14098
-14097
-14096
-14095
-14094
-14093
-14092
-14091
-14090
-14089
-14088
-14087
-14086
-14085
-14084
-14083
-14082
-14081
-14080
-14079
-14078
-14077
-14076
-14075
-14074
-14073
-14072
-14071
-14070
-14069
-14068
-14067
-14066
-14065
-14064
-14063
-14062
-14061
-14060
-14059
-14058
-14057
-14053
-14052
-14051
-14050
-14049
-14048
-14047
-14042
-14041
-14040
-14039
-14038
-14037
-14036
-14035
-14034
-14031
-14030
-14029
-14028
-14027
-14026
-14025
-14024
-14023
-14022
-14021
-14020
-14019
-14018
-14017
-14016
-14015
-14014
-14013
-14012
-14011
-14010
-14009
-14008
-14007
-14006
-14005
-14004
-14003
-14001
-14000
-13999
-13998
-13997
-13996
-13995
-13994
-13993
-13992
-13991
-13990
-13989
-13986
-13985
-13984
-13983
-13982
-13981
-13980
-13979
-13978
-13977
-13976
-13975
-13974
-13973
-13971
-13970
-13969
-13968
-13967
-13966
-13965
-13964
-13963
-13962
-13961
-13960
-13959
-13958
-13957
-13956
-13955
-13954
-13953
-13952
-13951
-13950
-13949
-13948
-13947
-13946
-13945
-13944
-13943
-13942
-13941
-13940
-13939
-13938
-13937
-13936
-13935
-13934
-13933
-13932
-13931
-13930
-13929
-13928
-13927
-13926
-13925
-13924
-13923
-13922
-13921
-13920
-13919
-13918
-13917
-13916
-13915
-13914
-13913
-13912
-13911
-13910
-13909
-13908
-13907
-13906
-13905
-13904
-13903
-13902
-13901
-13900
-13899
-13898
-13896
-13895
-13893
-13892
-13890
-13889
-13888
-13887
-13886
-13885
-13884
-13883
-13882
-13881
-13880
-13879
-13878
-13877
-13876
-13875
-13874
-13873
-13872
-13871
-13870
-13869
-13868
-13867
-13866
-13865
-13864
-13863
-13862
-13861
-13860
-13859
-13858
-13857
-13856
-13855
-13854
-13853
-13852
-13851
-13850
-13849
-13848
-13847
-13846
-13845
-13844
-13843
-13842
-13841
-13840
-13839
-13838
-13837
-13836
-13835
-13834
-13833
-13832
-13831
-13830
-13829
-13828
-13827
-13826
-13825
-13824
-13823
-13822
-13821
-13820
-13819
-13818
-13817
-13816
-13815
-13814
-13813
-13812
-13811
-13810
-13809
-13808
-13807
-13806
-13805
-13804
-13803
-13802
-13801
-13800
-13799
-13798
-13797
-13796
-13795
-13794
-13793
-13792
-13791
-13790
-13789
-13788
-13787
-13786
-13785
-13784
-13783
-13781
-13777
-13776
-13775
-13774
-13773
-13772
-13771
-13770
-13769
-13768
-13767
-13766
-13765
-13764
-13763
-13762
-13761
-13760
-13759
-13758
-13757
-13756
-13755
-13754
-13753
-13752
-13751
-13750
-13749
-13748
-13747
-13744
-13741
-13740
-13739
-13738
-13737
-13736
-13735
-13734
-13733
-13732
-13730
-13729
-13728
-13727
-13726
-13725
-13723
-13721
-13720
-13719
-13718
-13717
-13716
-13715
-13714
-13713
-13712
-13711
-13707
-13706
-13705
-13704
-13703
-13702
-13701
-13699
-13698
-13697
-13696
-13695
-13694
-13693
-13692
-13691
-13689
-13686
-13685
-13684
-13683
-13682
-13681
-13680
-13679
-13678
-13676
-13675
-13674
-13673
-13672
-13671
-13670
-13669
-13668
-13667
-13666
-13665
-13664
-13663
-13662
-13661
-13659
-13658
-13656
-13655
-13653
-13652
-13651
-13650
-13649
-13648
-13647
-13644
-13643
-13642
-13641
-13640
-13639
-13638
-13637
-13636
-13635
-13634
-13633
-13632
-13631
-13629
-13628
-13627
-13626
-13625
-13624
-13623
-13622
-13620
-13618
-13617
-13616
-13615
-13614
-13613
-13612
-13611
-13610
-13609
-13608
-13607
-13606
-13605
-13604
-13603
-13602
-13601
-13600
-13599
-13598
-13597
-13596
-13595
-13594
-13593
-13589
-13587
-13586
-13585
-13584
-13583
-13582
-13581
-13580
-13579
-13578
-13577
-13576
-13575
-13574
-13573
-13572
-13571
-13570
-13569
-13568
-13567
-13566
-13565
-13564
-13563
-13562
-13561
-13560
-13559
-13558
-13556
-13554
-13553
-13552
-13551
-13547
-13546
-13545
-13544
-13543
-13542
-13541
-13540
-13539
-13536
-13535
-13534
-13533
-13532
-13531
-13530
-13529
-13528
-13527
-13524
-13523
-13522
-13520
-13519
-13518
-13517
-13516
-13515
-13513
-13512
-13511
-13510
-13509
-13508
-13507
-13505
-13504
-13503
-13502
-13501
-13500
-13499
-13498
-13497
-13496
-13495
-13494
-13493
-13492
-13491
-13490
-13489
-13488
-13487
-13486
-13485
-13484
-13483
-13482
-13481
-13480
-13479
-13478
-13477
-13476
-13475
-13474
-13473
-13472
-13471
-13470
-13469
-13468
-13467
-13466
-13465
-13464
-13463
-13462
-13461
-13460
-13457
-13455
-13454
-13453
-13452
-13451
-13450
-13448
-13447
-13446
-13445
-13444
-13443
-13442
-13441
-13440
-13439
-13438
-13437
-13436
-13435
-13434
-13433
-13432
-13431
-13430
-13429
-13428
-13427
-13426
-13425
-13424
-13423
-13422
-13421
-13420
-13419
-13418
-13416
-13415
-13414
-13413
-13412
-13411
-13410
-13409
-13408
-13407
-13406
-13405
-13404
-13403
-13402
-13401
-13400
-13399
-13398
-13397
-13396
-13395
-13394
-13393
-13392
-13391
-13390
-13389
-13388
-13387
-13386
-13385
-13384
-13383
-13381
-13380
-13379
-13378
-13377
-13376
-13375
-13374
-13373
-13372
-13371
-13370
-13369
-13368
-13367
-13366
-13365
-13364
-13363
-13362
-13361
-13360
-13359
-13358
-13357
-13356
-13355
-13354
-13353
-13352
-13351
-13350
-13349
-13348
-13347
-13346
-13345
-13344
-13343
-13342
-13341
-13340
-13339
-13338
-13337
-13336
-13335
-13334
-13333
-13332
-13331
-13330
-13329
-13328
-13327
-13326
-13325
-13322
-13321
-13320
-13319
-13317
-13316
-13315
-13314
-13313
-13312
-13311
-13310
-13309
-13308
-13307
-13306
-13304
-13302
-13301
-13300
-13299
-13298
-13297
-13296
-13295
-13294
-13293
-13292
-13291
-13290
-13289
-13288
-13287
-13286
-13285
-13284
-13283
-13282
-13281
-13280
-13279
-13278
-13277
-13276
-13275
-13274
-13273
-13272
-13271
-13270
-13269
-13268
-13267
-13266
-13265
-13264
-13263
-13262
-13260
-13259
-13257
-13256
-13255
-13254
-13253
-13251
-13250
-13249
-13248
-13247
-13246
-13245
-13244
-13243
-13242
-13241
-13240
-13239
-13238
-13237
-13236
-13233
-13232
-13231
-13230
-13229
-13228
-13226
-13225
-13224
-13223
-13222
-13221
-13220
-13219
-13217
-13216
-13215
-13214
-13213
-13212
-13211
-13210
-13209
-13208
-13207
-13206
-13205
-13203
-13202
-13201
-13200
-13199
-13198
-13197
-13196
-13194
-13193
-13192
-13191
-13190
-13189
-13188
-13187
-13186
-13185
-13184
-13183
-13182
-13179
-13178
-13177
-13176
-13175
-13174
-13173
-13172
-13170
-13169
-13168
-13167
-13166
-13165
-13164
-13163
-13162
-13161
-13160
-13159
-13158
-13157
-13156
-13155
-13154
-13153
-13152
-13151
-13150
-13149
-13148
-13147
-13146
-13145
-13144
-13143
-13142
-13141
-13140
-13139
-13138
-13137
-13136
-13135
-13134
-13133
-13132
-13130
-13129
-13128
-13127
-13126
-13125
-13124
-13123
-13122
-13121
-13120
-13119
-13118
-13117
-13116
-13115
-13114
-13113
-13112
-13111
-13110
-13109
-13108
-13107
-13106
-13105
-13104
-13103
-13102
-13101
-13100
-13099
-13098
-13097
-13096
-13095
-13094
-13093
-13092
-13091
-13090
-13089
-13088
-13087
-13086
-13084
-13083
-13082
-13081
-13080
-13079
-13077
-13076
-13074
-13073
-13072
-13070
-13069
-13068
-13067
-13066
-13065
-13064
-13063
-13062
-13061
-13060
-13059
-13058
-13057
-13056
-13055
-13054
-13053
-13052
-13051
-13050
-13049
-13048
-13047
-13046
-13045
-13044
-13043
-13042
-13041
-13040
-13039
-13038
-13037
-13036
-13035
-13034
-13033
-13032
-13031
-13030
-13029
-13028
-13027
-13025
-13024
-13023
-13022
-13021
-13020
-13019
-13018
-13017
-13016
-13015
-13014
-13013
-13012
-13011
-13010
-13009
-13008
-13007
-13006
-13005
-13004
-13003
-13002
-13001
-13000
-12999
-12998
-12997
-12996
-12995
-12994
-12993
-12992
-12991
-12990
-12989
-12988
-12987
-12986
-12985
-12984
-12983
-12982
-12981
-12980
-12979
-12978
-12977
-12976
-12975
-12974
-12973
-12972
-12971
-12970
-12969
-12968
-12967
-12966
-12965
-12964
-12963
-12962
-12961
-12960
-12959
-12958
-12957
-12956
-12955
-12954
-12953
-12952
-12951
-12950
-12949
-12948
-12947
-12946
-12945
-12944
-12943
-12942
-12941
-12940
-12939
-12938
-12937
-12936
-12935
-12934
-12933
-12932
-12931
-12930
-12929
-12928
-12927
-12926
-12925
-12924
-12923
-12922
-12921
-12920
-12919
-12918
-12917
-12916
-12915
-12914
-12913
-12912
-12911
-12910
-12909
-12908
-12907
-12906
-12905
-12904
-12903
-12902
-12901
-12900
-12899
-12898
-12897
-12896
-12895
-12894
-12893
-12892
-12891
-12890
-12889
-12888
-12887
-12886
-12885
-12884
-12883
-12882
-12881
-12880
-12879
-12878
-12877
-12876
-12875
-12874
-12873
-12872
-12871
-12870
-12869
-12868
-12867
-12866
-12865
-12864
-12863
-12862
-12861
-12860
-12859
-12858
-12857
-12856
-12855
-12854
-12853
-12852
-12851
-12850
-12849
-12848
-12847
-12846
-12845
-12844
-12843
-12842
-12841
-12840
-12839
-12838
-12837
-12836
-12835
-12834
-12833
-12832
-12831
-12830
-12829
-12828
-12827
-12826
-12825
-12824
-12823
-12822
-12821
-12819
-12818
-12817
-12816
-12815
-12814
-12813
-12812
-12811
-12810
-12809
-12808
-12807
-12806
-12805
-12804
-12803
-12802
-12801
-12800
-12799
-12798
-12797
-12796
-12795
-12794
-12793
-12792
-12791
-12790
-12789
-12788
-12787
-12786
-12785
-12784
-12783
-12782
-12781
-12780
-12779
-12778
-12777
-12776
-12775
-12774
-12773
-12772
-12771
-12770
-12769
-12768
-12767
-12766
-12765
-12764
-12763
-12761
-12760
-12759
-12758
-12757
-12756
-12755
-12754
-12753
-12752
-12751
-12750
-12749
-12748
-12747
-12746
-12745
-12744
-12743
-12742
-12741
-12740
-12739
-12738
-12737
-12736
-12735
-12734
-12733
-12732
-12731
-12730
-12728
-12727
-12726
-12725
-12723
-12722
-12721
-12720
-12719
-12718
-12717
-12716
-12715
-12714
-12713
-12712
-12711
-12710
-12709
-12708
-12707
-12706
-12705
-12704
-12703
-12702
-12699
-12698
-12697
-12696
-12695
-12694
-12693
-12692
-12691
-12690
-12689
-12688
-12687
-12686
-12685
-12684
-12683
-12682
-12681
-12680
-12679
-12678
-12677
-12676
-12675
-12674
-12673
-12672
-12671
-12670
-12669
-12668
-12667
-12666
-12665
-12663
-12662
-12661
-12660
-12659
-12658
-12657
-12656
-12655
-12654
-12653
-12652
-12651
-12650
-12649
-12648
-12647
-12646
-12645
-12644
-12643
-12642
-12641
-12640
-12639
-12638
-12637
-12636
-12635
-12634
-12633
-12631
-12630
-12629
-12628
-12627
-12626
-12625
-12624
-12623
-12621
-12620
-12619
-12618
-12617
-12616
-12615
-12614
-12613
-12612
-12611
-12610
-12609
-12608
-12607
-12606
-12605
-12604
-12603
-12602
-12601
-12600
-12599
-12598
-12597
-12596
-12595
-12594
-12593
-12592
-12591
-12590
-12589
-12588
-12587
-12586
-12585
-12584
-12583
-12582
-12581
-12580
-12579
-12578
-12577
-12576
-12575
-12574
-12573
-12572
-12571
-12570
-12569
-12567
-12566
-12565
-12564
-12563
-12562
-12561
-12560
-12559
-12558
-12557
-12556
-12555
-12554
-12553
-12552
-12551
-12550
-12549
-12548
-12547
-12546
-12545
-12544
-12543
-12542
-12541
-12540
-12539
-12538
-12537
-12536
-12535
-12534
-12533
-12532
-12531
-12530
-12529
-12528
-12527
-12526
-12525
-12524
-12523
-12522
-12521
-12520
-12519
-12518
-12517
-12516
-12515
-12514
-12513
-12512
-12511
-12510
-12509
-12508
-12507
-12506
-12505
-12504
-12503
-12502
-12501
-12500
-12498
-12497
-12496
-12495
-12494
-12493
-12492
-12491
-12490
-12489
-12488
-12486
-12485
-12484
-12483
-12482
-12481
-12480
-12479
-12478
-12477
-12476
-12475
-12474
-12473
-12472
-12471
-12470
-12469
-12468
-12467
-12466
-12465
-12464
-12463
-12462
-12461
-12460
-12459
-12458
-12456
-12455
-12454
-12453
-12452
-12451
-12450
-12449
-12448
-12447
-12446
-12445
-12444
-12443
-12442
-12441
-12440
-12438
-12437
-12436
-12435
-12434
-12433
-12432
-12431
-12430
-12429
-12428
-12427
-12426
-12425
-12424
-12423
-12422
-12421
-12420
-12419
-12417
-12416
-12415
-12414
-12411
-12410
-12409
-12408
-12407
-12406
-12405
-12404
-12403
-12402
-12401
-12400
-12399
-12398
-12397
-12396
-12395
-12393
-12392
-12391
-12390
-12389
-12388
-12387
-12386
-12385
-12384
-12383
-12382
-12381
-12380
-12379
-12378
-12377
-12376
-12375
-12374
-12373
-12372
-12371
-12370
-12369
-12368
-12367
-12366
-12365
-12364
-12363
-12362
-12361
-12360
-12359
-12358
-12357
-12356
-12355
-12354
-12353
-12352
-12351
-12350
-12349
-12348
-12347
-12346
-12345
-12344
-12343
-12342
-12341
-12340
-12339
-12338
-12337
-12336
-12334
-12333
-12332
-12331
-12330
-12329
-12328
-12327
-12326
-12325
-12324
-12323
-12322
-12321
-12320
-12319
-12318
-12317
-12316
-12315
-12314
-12313
-12312
-12311
-12310
-12309
-12308
-12307
-12306
-12305
-12304
-12303
-12302
-12301
-12300
-12299
-12298
-12297
-12296
-12295
-12294
-12293
-12292
-12290
-12289
-12288
-12287
-12286
-12285
-12284
-12283
-12282
-12281
-12280
-12279
-12278
-12277
-12276
-12275
-12274
-12273
-12272
-12271
-12270
-12269
-12268
-12267
-12266
-12265
-12264
-12263
-12262
-12261
-12260
-12259
-12258
-12257
-12256
-12255
-12254
-12253
-12252
-12251
-12250
-12249
-12248
-12247
-12246
-12245
-12244
-12243
-12242
-12241
-12240
-12239
-12238
-12237
-12236
-12235
-12234
-12233
-12232
-12231
-12230
-12229
-12228
-12227
-12226
-12225
-12224
-12223
-12222
-12221
-12220
-12219
-12218
-12217
-12216
-12215
-12214
-12213
-12212
-12211
-12210
-12209
-12208
-12207
-12206
-12205
-12204
-12203
-12202
-12201
-12200
-12199
-12198
-12197
-12196
-12195
-12194
-12193
-12192
-12191
-12190
-12189
-12188
-12187
-12186
-12185
-12184
-12183
-12182
-12181
-12180
-12179
-12178
-12177
-12176
-12175
-12174
-12173
-12172
-12171
-12170
-12169
-12168
-12167
-12166
-12165
-12164
-12163
-12162
-12161
-12160
-12159
-12158
-12157
-12156
-12155
-12154
-12153
-12152
-12151
-12150
-12149
-12148
-12147
-12146
-12145
-12144
-12143
-12142
-12141
-12140
-12139
-12138
-12137
-12136
-12135
-12134
-12133
-12132
-12131
-12130
-12129
-12128
-12127
-12126
-12125
-12124
-12123
-12122
-12121
-12120
-12119
-12118
-12117
-12116
-12115
-12114
-12113
-12112
-12111
-12110
-12109
-12106
-12105
-12104
-12103
-12102
-12101
-12100
-12099
-12098
-12097
-12096
-12095
-12094
-12093
-12092
-12091
-12090
-12089
-12088
-12087
-12086
-12085
-12084
-12083
-12082
-12081
-12080
-12079
-12078
-12077
-12076
-12075
-12074
-12073
-12072
-12071
-12070
-12069
-12068
-12067
-12066
-12065
-12064
-12063
-12062
-12061
-12060
-12059
-12058
-12057
-12056
-12055
-12054
-12053
-12052
-12051
-12050
-12049
-12048
-12047
-12046
-12045
-12044
-12042
-12040
-12038
-12037
-12036
-12035
-12034
-12033
-12032
-12031
-12030
-12029
-12028
-12027
-12026
-12025
-12024
-12023
-12022
-12021
-12020
-12019
-12018
-12017
-12015
-12014
-12013
-12012
-12011
-12010
-12009
-12008
-12007
-12006
-12005
-12004
-12003
-12002
-12001
-12000
-11999
-11998
-11997
-11996
-11995
-11994
-11993
-11991
-11990
-11989
-11988
-11987
-11986
-11985
-11984
-11983
-11982
-11981
-11980
-11979
-11978
-11977
-11976
-11975
-11974
-11973
-11972
-11971
-11970
-11969
-11968
-11967
-11966
-11964
-11963
-11962
-11961
-11960
-11959
-11958
-11957
-11956
-11955
-11954
-11952
-11951
-11950
-11949
-11948
-11947
-11946
-11945
-11944
-11943
-11942
-11939
-11938
-11937
-11936
-11935
-11934
-11933
-11932
-11931
-11930
-11929
-11928
-11927
-11926
-11925
-11924
-11921
-11920
-11917
-11916
-11915
-11914
-11913
-11912
-11911
-11910
-11907
-11906
-11905
-11904
-11903
-11902
-11901
-11900
-11899
-11898
-11897
-11894
-11893
-11892
-11891
-11890
-11889
-11888
-11887
-11886
-11885
-11884
-11882
-11881
-11880
-11879
-11878
-11877
-11876
-11875
-11874
-11873
-11872
-11871
-11870
-11869
-11868
-11867
-11866
-11865
-11864
-11863
-11862
-11861
-11860
-11859
-11858
-11857
-11856
-11855
-11854
-11853
-11852
-11851
-11850
-11849
-11848
-11847
-11846
-11845
-11844
-11843
-11842
-11841
-11840
-11839
-11838
-11837
-11836
-11835
-11834
-11833
-11832
-11831
-11830
-11829
-11828
-11827
-11826
-11825
-11824
-11823
-11822
-11821
-11820
-11819
-11818
-11817
-11816
-11815
-11814
-11813
-11812
-11811
-11810
-11809
-11808
-11807
-11806
-11805
-11804
-11803
-11802
-11801
-11800
-11799
-11798
-11797
-11796
-11795
-11794
-11793
-11792
-11791
-11790
-11789
-11788
-11787
-11786
-11785
-11784
-11783
-11782
-11781
-11780
-11779
-11778
-11777
-11776
-11775
-11774
-11773
-11772
-11771
-11770
-11769
-11768
-11766
-11765
-11764
-11763
-11762
-11761
-11760
-11759
-11758
-11757
-11756
-11755
-11754
-11753
-11752
-11751
-11750
-11749
-11748
-11747
-11746
-11745
-11744
-11743
-11742
-11741
-11740
-11739
-11738
-11737
-11736
-11735
-11734
-11732
-11731
-11730
-11729
-11728
-11727
-11726
-11725
-11724
-11720
-11719
-11718
-11717
-11716
-11715
-11714
-11713
-11712
-11711
-11709
-11707
-11706
-11705
-11704
-11703
-11702
-11701
-11700
-11699
-11698
-11697
-11696
-11695
-11694
-11693
-11692
-11691
-11690
-11689
-11688
-11687
-11686
-11685
-11684
-11683
-11682
-11681
-11680
-11679
-11678
-11677
-11676
-11675
-11674
-11673
-11672
-11671
-11670
-11669
-11668
-11667
-11666
-11665
-11664
-11663
-11662
-11661
-11660
-11659
-11658
-11657
-11656
-11655
-11654
-11653
-11652
-11651
-11650
-11649
-11648
-11647
-11646
-11645
-11644
-11643
-11642
-11641
-11640
-11639
-11638
-11637
-11636
-11635
-11634
-11633
-11632
-11631
-11630
-11629
-11628
-11627
-11626
-11625
-11624
-11623
-11622
-11621
-11620
-11619
-11618
-11617
-11616
-11615
-11614
-11613
-11612
-11611
-11610
-11609
-11608
-11607
-11606
-11605
-11604
-11603
-11602
-11601
-11600
-11599
-11598
-11597
-11596
-11595
-11594
-11593
-11592
-11591
-11590
-11589
-11588
-11587
-11586
-11585
-11584
-11583
-11582
-11581
-11580
-11579
-11578
-11577
-11576
-11575
-11574
-11573
-11572
-11571
-11570
-11569
-11568
-11567
-11565
-11564
-11563
-11562
-11561
-11560
-11559
-11558
-11557
-11556
-11555
-11554
-11553
-11552
-11551
-11550
-11549
-11548
-11547
-11546
-11545
-11544
-11543
-11542
-11541
-11540
-11539
-11538
-11537
-11536
-11535
-11534
-11533
-11532
-11531
-11530
-11529
-11528
-11527
-11526
-11525
-11524
-11523
-11522
-11521
-11520
-11519
-11518
-11517
-11516
-11515
-11514
-11513
-11512
-11511
-11510
-11509
-11508
-11507
-11506
-11505
-11504
-11503
-11502
-11501
-11500
-11499
-11498
-11496
-11495
-11494
-11493
-11492
-11491
-11490
-11489
-11488
-11487
-11486
-11485
-11484
-11483
-11482
-11481
-11480
-11479
-11478
-11477
-11476
-11475
-11474
-11473
-11472
-11471
-11470
-11469
-11468
-11467
-11466
-11465
-11464
-11463
-11462
-11461
-11460
-11459
-11458
-11457
-11456
-11455
-11454
-11453
-11452
-11451
-11450
-11449
-11448
-11447
-11446
-11445
-11444
-11443
-11442
-11441
-11440
-11439
-11438
-11437
-11436
-11435
-11434
-11433
-11432
-11431
-11430
-11429
-11428
-11427
-11426
-11425
-11424
-11423
-11422
-11421
-11420
-11419
-11418
-11417
-11416
-11415
-11414
-11413
-11412
-11411
-11410
-11409
-11408
-11407
-11406
-11405
-11404
-11403
-11402
-11401
-11400
-11399
-11398
-11397
-11396
-11395
-11394
-11393
-11392
-11391
-11390
-11389
-11388
-11387
-11386
-11385
-11384
-11383
-11382
-11381
-11380
-11379
-11378
-11377
-11376
-11375
-11374
-11373
-11372
-11371
-11368
-11367
-11366
-11364
-11363
-11362
-11361
-11360
-11359
-11358
-11357
-11356
-11355
-11354
-11353
-11352
-11351
-11350
-11349
-11348
-11347
-11346
-11345
-11344
-11343
-11342
-11341
-11340
-11339
-11338
-11337
-11336
-11335
-11334
-11333
-11332
-11331
-11330
-11329
-11328
-11327
-11326
-11325
-11324
-11323
-11322
-11321
-11320
-11319
-11318
-11317
-11316
-11315
-11314
-11313
-11312
-11311
-11310
-11309
-11308
-11307
-11306
-11305
-11304
-11303
-11301
-11300
-11299
-11298
-11297
-11296
-11295
-11294
-11293
-11292
-11291
-11290
-11289
-11288
-11287
-11286
-11285
-11284
-11283
-11282
-11281
-11280
-11279
-11278
-11277
-11276
-11275
-11274
-11273
-11272
-11271
-11270
-11269
-11268
-11267
-11266
-11265
-11264
-11263
-11262
-11261
-11260
-11259
-11258
-11257
-11256
-11255
-11254
-11253
-11252
-11251
-11250
-11249
-11248
-11247
-11246
-11245
-11244
-11243
-11242
-11241
-11240
-11239
-11238
-11237
-11236
-11235
-11234
-11233
-11232
-11231
-11230
-11229
-11228
-11227
-11226
-11225
-11224
-11223
-11222
-11221
-11220
-11219
-11218
-11217
-11216
-11215
-11214
-11213
-11212
-11211
-11210
-11209
-11208
-11207
-11206
-11205
-11204
-11203
-11202
-11201
-11200
-11199
-11198
-11197
-11196
-11195
-11194
-11193
-11192
-11191
-11190
-11189
-11188
-11187
-11186
-11185
-11184
-11183
-11182
-11181
-11180
-11179
-11178
-11177
-11176
-11175
-11173
-11172
-11171
-11170
-11169
-11168
-11167
-11166
-11165
-11164
-11163
-11162
-11161
-11160
-11159
-11158
-11157
-11156
-11155
-11154
-11153
-11152
-11151
-11150
-11149
-11148
-11147
-11146
-11145
-11144
-11143
-11142
-11141
-11140
-11139
-11138
-11137
-11136
-11135
-11134
-11133
-11132
-11131
-11130
-11129
-11128
-11127
-11126
-11125
-11124
-11123
-11122
-11121
-11120
-11119
-11118
-11117
-11116
-11115
-11114
-11113
-11112
-11111
-11110
-11109
-11108
-11107
-11106
-11105
-11104
-11103
-11102
-11101
-11100
-11099
-11098
-11097
-11096
-11095
-11094
-11093
-11092
-11091
-11090
-11089
-11088
-11087
-11086
-11085
-11084
-11083
-11082
-11081
-11078
-11077
-11076
-11075
-11074
-11073
-11072
-11071
-11070
-11069
-11068
-11067
-11066
-11065
-11064
-11063
-11062
-11061
-11060
-11059
-11058
-11057
-11056
-11055
-11054
-11053
-11052
-11051
-11050
-11049
-11048
-11047
-11046
-11045
-11044
-11043
-11042
-11041
-11040
-11039
-11038
-11037
-11036
-11035
-11034
-11033
-11032
-11031
-11029
-11028
-11027
-11026
-11025
-11024
-11023
-11022
-11021
-11017
-11016
-11015
-11014
-11013
-11012
-11011
-11010
-11009
-11008
-11007
-11006
-11005
-11004
-11003
-11002
-11001
-11000
-10999
-10998
-10997
-10996
-10995
-10994
-10993
-10992
-10991
-10990
-10989
-10988
-10987
-10986
-10985
-10984
-10983
-10982
-10981
-10980
-10979
-10978
-10977
-10976
-10975
-10974
-10973
-10972
-10971
-10970
-10969
-10968
-10967
-10966
-10965
-10964
-10963
-10962
-10961
-10960
-10959
-10958
-10957
-10956
-10955
-10954
-10953
-10952
-10951
-10950
-10949
-10948
-10947
-10946
-10945
-10944
-10943
-10942
-10941
-10940
-10939
-10938
-10937
-10936
-10935
-10934
-10933
-10932
-10931
-10930
-10929
-10928
-10927
-10926
-10925
-10924
-10923
-10922
-10921
-10920
-10919
-10918
-10917
-10916
-10915
-10914
-10913
-10912
-10911
-10910
-10909
-10908
-10907
-10906
-10905
-10904
-10903
-10902
-10901
-10900
-10899
-10898
-10897
-10896
-10895
-10894
-10893
-10892
-10891
-10890
-10889
-10888
-10887
-10886
-10884
-10883
-10882
-10881
-10880
-10879
-10878
-10877
-10875
-10874
-10873
-10872
-10871
-10870
-10869
-10868
-10867
-10865
-10864
-10863
-10861
-10860
-10859
-10858
-10857
-10856
-10855
-10854
-10853
-10852
-10851
-10850
-10849
-10848
-10847
-10846
-10845
-10844
-10843
-10842
-10841
-10840
-10839
-10838
-10837
-10836
-10835
-10834
-10833
-10832
-10831
-10830
-10829
-10828
-10827
-10826
-10825
-10824
-10823
-10822
-10821
-10820
-10819
-10818
-10817
-10816
-10815
-10814
-10813
-10812
-10811
-10810
-10809
-10808
-10805
-10804
-10803
-10802
-10801
-10800
-10799
-10798
-10797
-10796
-10795
-10794
-10793
-10792
-10791
-10790
-10789
-10788
-10787
-10786
-10785
-10784
-10783
-10782
-10781
-10780
-10779
-10778
-10777
-10776
-10775
-10774
-10773
-10772
-10771
-10770
-10769
-10768
-10767
-10766
-10765
-10764
-10763
-10762
-10761
-10760
-10759
-10758
-10757
-10756
-10755
-10754
-10753
-10752
-10751
-10750
-10749
-10748
-10747
-10746
-10745
-10744
-10743
-10742
-10741
-10740
-10739
-10738
-10737
-10736
-10735
-10734
-10733
-10732
-10731
-10730
-10729
-10728
-10727
-10726
-10725
-10724
-10723
-10722
-10721
-10720
-10719
-10718
-10717
-10716
-10715
-10714
-10713
-10712
-10711
-10710
-10709
-10708
-10707
-10706
-10705
-10704
-10703
-10702
-10701
-10700
-10699
-10698
-10697
-10695
-10694
-10693
-10692
-10691
-10690
-10689
-10688
-10687
-10686
-10685
-10684
-10683
-10682
-10681
-10680
-10679
-10678
-10677
-10676
-10675
-10674
-10673
-10672
-10671
-10670
-10669
-10668
-10667
-10666
-10665
-10664
-10663
-10662
-10661
-10660
-10659
-10658
-10657
-10656
-10655
-10654
-10653
-10652
-10651
-10650
-10649
-10648
-10647
-10646
-10645
-10644
-10643
-10642
-10641
-10640
-10639
-10638
-10637
-10636
-10635
-10634
-10633
-10632
-10631
-10630
-10629
-10628
-10627
-10626
-10625
-10624
-10623
-10622
-10621
-10620
-10619
-10618
-10617
-10616
-10615
-10614
-10613
-10612
-10611
-10610
-10609
-10608
-10607
-10606
-10605
-10604
-10603
-10602
-10601
-10600
-10599
-10598
-10597
-10596
-10595
-10594
-10593
-10592
-10591
-10590
-10589
-10588
-10587
-10586
-10585
-10584
-10583
-10582
-10581
-10580
-10579
-10578
-10577
-10576
-10575
-10574
-10573
-10572
-10571
-10570
-10569
-10568
-10567
-10566
-10565
-10564
-10563
-10562
-10561
-10560
-10559
-10558
-10557
-10556
-10555
-10554
-10553
-10552
-10551
-10550
-10549
-10548
-10547
-10546
-10545
-10544
-10543
-10542
-10541
-10540
-10539
-10538
-10537
-10536
-10535
-10534
-10533
-10532
-10531
-10530
-10529
-10528
-10527
-10526
-10525
-10524
-10523
-10522
-10521
-10520
-10519
-10518
-10517
-10516
-10515
-10514
-10513
-10512
-10511
-10510
-10509
-10508
-10507
-10506
-10505
-10504
-10503
-10502
-10501
-10500
-10499
-10498
-10497
-10496
-10495
-10494
-10493
-10492
-10491
-10490
-10489
-10488
-10487
-10486
-10485
-10484
-10483
-10482
-10481
-10480
-10479
-10478
-10477
-10476
-10475
-10474
-10473
-10472
-10471
-10470
-10469
-10468
-10467
-10466
-10465
-10464
-10463
-10462
-10461
-10460
-10459
-10458
-10457
-10456
-10455
-10454
-10453
-10452
-10451
-10450
-10449
-10448
-10447
-10446
-10445
-10444
-10443
-10442
-10441
-10440
-10439
-10438
-10437
-10436
-10435
-10434
-10433
-10432
-10431
-10430
-10429
-10428
-10427
-10426
-10425
-10424
-10423
-10422
-10421
-10420
-10419
-10418
-10417
-10416
-10415
-10414
-10413
-10412
-10411
-10410
-10409
-10408
-10407
-10406
-10405
-10404
-10403
-10402
-10401
-10400
-10399
-10398
-10397
-10396
-10395
-10394
-10393
-10392
-10391
-10389
-10388
-10387
-10386
-10385
-10384
-10383
-10382
-10381
-10380
-10379
-10378
-10377
-10376
-10375
-10374
-10373
-10372
-10371
-10370
-10369
-10368
-10367
-10366
-10365
-10364
-10363
-10362
-10361
-10360
-10359
-10358
-10357
-10356
-10355
-10354
-10353
-10352
-10351
-10350
-10349
-10348
-10347
-10346
-10345
-10344
-10343
-10342
-10341
-10340
-10339
-10338
-10337
-10336
-10335
-10334
-10333
-10332
-10331
-10330
-10329
-10328
-10327
-10326
-10325
-10324
-10323
-10322
-10321
-10320
-10319
-10318
-10316
-10315
-10314
-10312
-10311
-10310
-10309
-10308
-10307
-10306
-10305
-10304
-10303
-10302
-10301
-10300
-10299
-10298
-10297
-10296
-10295
-10294
-10293
-10292
-10291
-10290
-10289
-10288
-10287
-10286
-10285
-10284
-10283
-10282
-10281
-10280
-10279
-10278
-10276
-10275
-10274
-10273
-10272
-10271
-10270
-10269
-10268
-10267
-10266
-10265
-10264
-10263
-10262
-10261
-10260
-10259
-10258
-10257
-10256
-10255
-10254
-10253
-10252
-10251
-10250
-10249
-10248
-10247
-10246
-10244
-10242
-10241
-10240
-10239
-10238
-10237
-10236
-10235
-10234
-10233
-10232
-10231
-10230
-10229
-10228
-10227
-10226
-10225
-10224
-10223
-10222
-10221
-10220
-10219
-10218
-10217
-10216
-10215
-10214
-10212
-10211
-10210
-10209
-10208
-10207
-10206
-10205
-10204
-10203
-10202
-10201
-10200
-10199
-10198
-10197
-10196
-10195
-10194
-10193
-10192
-10191
-10190
-10189
-10188
-10187
-10186
-10185
-10184
-10180
-10179
-10178
-10177
-10176
-10175
-10174
-10173
-10172
-10171
-10170
-10169
-10168
-10167
-10166
-10165
-10164
-10163
-10162
-10161
-10160
-10159
-10157
-10156
-10155
-10154
-10153
-10152
-10151
-10150
-10149
-10148
-10147
-10146
-10145
-10144
-10143
-10142
-10141
-10140
-10139
-10138
-10137
-10136
-10135
-10134
-10133
-10132
-10131
-10130
-10129
-10128
-10127
-10126
-10125
-10124
-10123
-10122
-10121
-10120
-10119
-10118
-10117
-10116
-10115
-10114
-10113
-10112
-10111
-10110
-10109
-10108
-10107
-10106
-10105
-10104
-10103
-10102
-10101
-10100
-10099
-10098
-10097
-10096
-10095
-10094
-10093
-10092
-10091
-10090
-10089
-10088
-10087
-10086
-10085
-10084
-10083
-10082
-10081
-10080
-10079
-10078
-10077
-10076
-10075
-10074
-10073
-10072
-10071
-10070
-10069
-10068
-10067
-10066
-10065
-10064
-10063
-10062
-10061
-10060
-10059
-10058
-10057
-10056
-10055
-10054
-10053
-10052
-10051
-10050
-10049
-10048
-10047
-10046
-10045
-10044
-10043
-10042
-10041
-10040
-10039
-10038
-10037
-10036
-10035
-10034
-10033
-10032
-10031
-10030
-10029
-10028
-10027
-10026
-10025
-10024
-10023
-10022
-10021
-10020
-10019
-10018
-10017
-10016
-10015
-10014
-10013
-10012
-10011
-10010
-10009
-10008
-10007
-10006
-10005
-10004
-10003
-10002
-10001
-10000
-9999
-9998
-9997
-9996
-9995
-9994
-9993
-9992
-9991
-9990
-9989
-9988
-9987
-9986
-9985
-9984
-9983
-9982
-9981
-9980
-9979
-9977
-9976
-9975
-9974
-9973
-9972
-9971
-9970
-9969
-9968
-9967
-9966
-9965
-9964
-9963
-9962
-9961
-9960
-9959
-9958
-9957
-9956
-9955
-9954
-9953
-9952
-9951
-9950
-9949
-9948
-9947
-9945
-9944
-9943
-9942
-9941
-9940
-9939
-9938
-9937
-9936
-9935
-9934
-9933
-9932
-9928
-9927
-9925
-9923
-9922
-9921
-9920
-9919
-9918
-9917
-9916
-9914
-9913
-9912
-9911
-9910
-9909
-9908
-9907
-9906
-9905
-9904
-9903
-9902
-9901
-9900
-9899
-9898
-9897
-9896
-9895
-9894
-9893
-9892
-9891
-9890
-9889
-9888
-9887
-9886
-9885
-9884
-9883
-9882
-9881
-9880
-9879
-9878
-9877
-9876
-9875
-9874
-9873
-9872
-9871
-9870
-9869
-9868
-9867
-9866
-9865
-9864
-9863
-9862
-9861
-9860
-9859
-9858
-9857
-9856
-9855
-9854
-9853
-9852
-9851
-9850
-9849
-9848
-9847
-9846
-9845
-9844
-9843
-9842
-9841
-9840
-9839
-9838
-9837
-9836
-9835
-9834
-9833
-9832
-9831
-9830
-9829
-9828
-9827
-9826
-9825
-9824
-9823
-9822
-9821
-9820
-9819
-9818
-9817
-9816
-9815
-9814
-9813
-9812
-9811
-9810
-9809
-9808
-9807
-9806
-9805
-9804
-9803
-9802
-9801
-9800
-9799
-9798
-9797
-9796
-9795
-9794
-9793
-9792
-9791
-9790
-9789
-9788
-9787
-9786
-9785
-9784
-9783
-9782
-9781
-9780
-9779
-9778
-9777
-9776
-9775
-9774
-9773
-9770
-9769
-9768
-9767
-9766
-9765
-9764
-9763
-9762
-9761
-9760
-9759
-9758
-9757
-9756
-9755
-9754
-9753
-9752
-9751
-9750
-9749
-9748
-9747
-9746
-9745
-9744
-9743
-9742
-9741
-9740
-9739
-9738
-9737
-9736
-9735
-9734
-9733
-9732
-9731
-9730
-9729
-9728
-9727
-9726
-9725
-9724
-9723
-9722
-9721
-9720
-9719
-9718
-9717
-9716
-9715
-9714
-9713
-9712
-9711
-9710
-9709
-9708
-9707
-9706
-9705
-9704
-9703
-9702
-9701
-9700
-9699
-9698
-9697
-9696
-9695
-9694
-9693
-9692
-9691
-9690
-9689
-9688
-9687
-9686
-9685
-9684
-9683
-9682
-9681
-9680
-9679
-9678
-9677
-9676
-9675
-9674
-9673
-9672
-9671
-9670
-9669
-9668
-9667
-9666
-9665
-9664
-9663
-9662
-9661
-9660
-9659
-9658
-9657
-9656
-9655
-9654
-9653
-9652
-9651
-9650
-9649
-9648
-9647
-9646
-9645
-9644
-9643
-9642
-9641
-9640
-9639
-9638
-9637
-9636
-9635
-9634
-9633
-9632
-9631
-9630
-9629
-9628
-9627
-9626
-9625
-9624
-9623
-9622
-9621
-9620
-9619
-9618
-9617
-9616
-9615
-9614
-9613
-9612
-9611
-9610
-9609
-9608
-9607
-9606
-9605
-9604
-9603
-9602
-9601
-9600
-9599
-9598
-9597
-9596
-9595
-9594
-9593
-9592
-9591
-9590
-9589
-9588
-9587
-9586
-9585
-9584
-9583
-9582
-9581
-9580
-9579
-9578
-9577
-9576
-9575
-9574
-9573
-9572
-9571
-9570
-9569
-9568
-9567
-9566
-9565
-9564
-9563
-9562
-9561
-9560
-9559
-9558
-9557
-9556
-9555
-9554
-9553
-9552
-9551
-9550
-9549
-9548
-9547
-9546
-9545
-9544
-9543
-9541
-9540
-9539
-9538
-9537
-9536
-9535
-9534
-9533
-9532
-9531
-9530
-9528
-9527
-9526
-9525
-9524
-9523
-9522
-9521
-9520
-9519
-9518
-9517
-9516
-9515
-9514
-9513
-9512
-9511
-9510
-9509
-9508
-9507
-9506
-9505
-9504
-9503
-9502
-9501
-9500
-9499
-9498
-9497
-9495
-9494
-9493
-9492
-9491
-9490
-9489
-9488
-9487
-9486
-9485
-9484
-9483
-9482
-9481
-9480
-9479
-9478
-9477
-9476
-9475
-9474
-9473
-9472
-9471
-9470
-9469
-9468
-9467
-9466
-9465
-9464
-9462
-9461
-9460
-9459
-9458
-9457
-9456
-9455
-9454
-9453
-9452
-9451
-9450
-9449
-9448
-9446
-9445
-9444
-9443
-9442
-9441
-9440
-9439
-9438
-9437
-9436
-9435
-9434
-9433
-9432
-9431
-9430
-9429
-9428
-9427
-9426
-9425
-9424
-9423
-9422
-9421
-9420
-9419
-9418
-9417
-9416
-9415
-9414
-9413
-9412
-9411
-9410
-9409
-9408
-9407
-9406
-9405
-9404
-9403
-9402
-9401
-9400
-9399
-9398
-9397
-9396
-9395
-9394
-9393
-9392
-9391
-9390
-9389
-9388
-9387
-9386
-9385
-9384
-9383
-9382
-9381
-9380
-9379
-9378
-9377
-9376
-9375
-9374
-9373
-9372
-9371
-9370
-9369
-9368
-9367
-9366
-9365
-9364
-9363
-9362
-9361
-9360
-9359
-9358
-9357
-9356
-9355
-9354
-9353
-9352
-9351
-9350
-9349
-9348
-9347
-9346
-9345
-9344
-9343
-9342
-9341
-9340
-9339
-9338
-9337
-9336
-9335
-9334
-9333
-9332
-9331
-9330
-9329
-9328
-9327
-9326
-9325
-9324
-9323
-9322
-9321
-9320
-9319
-9318
-9317
-9316
-9315
-9314
-9313
-9312
-9311
-9310
-9309
-9308
-9307
-9306
-9305
-9304
-9303
-9302
-9301
-9300
-9299
-9298
-9297
-9296
-9295
-9294
-9293
-9292
-9291
-9290
-9289
-9288
-9287
-9286
-9285
-9284
-9283
-9282
-9281
-9280
-9279
-9278
-9277
-9276
-9275
-9274
-9273
-9272
-9271
-9270
-9269
-9268
-9267
-9266
-9265
-9264
-9263
-9262
-9261
-9260
-9259
-9258
-9257
-9256
-9255
-9254
-9253
-9252
-9251
-9250
-9249
-9248
-9247
-9246
-9245
-9244
-9243
-9242
-9241
-9240
-9239
-9238
-9237
-9236
-9235
-9234
-9233
-9232
-9231
-9230
-9229
-9228
-9227
-9226
-9225
-9224
-9223
-9222
-9221
-9220
-9219
-9218
-9217
-9216
-9215
-9214
-9213
-9212
-9211
-9210
-9209
-9208
-9207
-9206
-9205
-9204
-9203
-9202
-9201
-9200
-9199
-9198
-9197
-9196
-9195
-9194
-9193
-9192
-9191
-9190
-9189
-9188
-9187
-9186
-9185
-9184
-9183
-9182
-9180
-9179
-9178
-9177
-9176
-9175
-9174
-9173
-9172
-9171
-9170
-9169
-9168
-9167
-9166
-9165
-9164
-9163
-9162
-9161
-9160
-9159
-9158
-9157
-9156
-9155
-9154
-9153
-9152
-9151
-9150
-9149
-9148
-9147
-9146
-9145
-9144
-9143
-9142
-9141
-9140
-9139
-9138
-9137
-9136
-9135
-9134
-9133
-9132
-9131
-9130
-9129
-9128
-9127
-9126
-9125
-9124
-9123
-9122
-9121
-9120
-9119
-9118
-9117
-9116
-9115
-9114
-9113
-9112
-9111
-9110
-9109
-9108
-9107
-9106
-9105
-9104
-9103
-9102
-9101
-9100
-9099
-9098
-9097
-9096
-9095
-9093
-9092
-9091
-9090
-9089
-9088
-9087
-9086
-9085
-9084
-9083
-9082
-9081
-9080
-9079
-9078
-9077
-9076
-9075
-9074
-9073
-9072
-9071
-9070
-9069
-9068
-9067
-9066
-9065
-9064
-9063
-9062
-9061
-9060
-9059
-9058
-9057
-9056
-9055
-9054
-9053
-9052
-9051
-9050
-9049
-9048
-9047
-9046
-9045
-9044
-9043
-9042
-9041
-9040
-9039
-9038
-9037
-9036
-9035
-9034
-9033
-9032
-9031
-9030
-9029
-9028
-9027
-9026
-9025
-9024
-9023
-9022
-9021
-9020
-9019
-9018
-9017
-9016
-9015
-9014
-9013
-9012
-9011
-9010
-9009
-9008
-9007
-9006
-9005
-9004
-9003
-9002
-9001
-9000
-8999
-8998
-8997
-8996
-8995
-8994
-8993
-8992
-8991
-8990
-8989
-8988
-8987
-8986
-8985
-8984
-8983
-8982
-8981
-8980
-8979
-8978
-8977
-8976
-8975
-8974
-8973
-8972
-8971
-8970
-8969
-8968
-8967
-8966
-8965
-8964
-8963
-8962
-8961
-8960
-8959
-8958
-8957
-8956
-8955
-8954
-8953
-8952
-8951
-8950
-8949
-8948
-8947
-8946
-8945
-8944
-8943
-8942
-8941
-8940
-8939
-8938
-8937
-8936
-8935
-8934
-8933
-8932
-8931
-8930
-8929
-8928
-8927
-8926
-8925
-8924
-8923
-8922
-8921
-8920
-8919
-8918
-8917
-8916
-8915
-8914
-8913
-8912
-8911
-8910
-8909
-8908
-8907
-8906
-8905
-8904
-8903
-8902
-8901
-8900
-8899
-8898
-8897
-8896
-8895
-8894
-8893
-8892
-8891
-8890
-8889
-8888
-8887
-8886
-8885
-8884
-8883
-8882
-8881
-8880
-8879
-8878
-8877
-8876
-8875
-8874
-8873
-8871
-8870
-8869
-8868
-8867
-8866
-8865
-8864
-8863
-8862
-8861
-8860
-8856
-8855
-8854
-8853
-8852
-8851
-8850
-8849
-8848
-8847
-8846
-8845
-8844
-8843
-8842
-8841
-8840
-8839
-8838
-8837
-8836
-8835
-8834
-8833
-8832
-8831
-8830
-8829
-8828
-8827
-8826
-8825
-8824
-8823
-8822
-8821
-8820
-8819
-8818
-8817
-8816
-8815
-8814
-8813
-8812
-8811
-8810
-8809
-8808
-8807
-8806
-8805
-8804
-8803
-8802
-8801
-8800
-8799
-8798
-8797
-8796
-8795
-8794
-8793
-8792
-8791
-8790
-8789
-8788
-8786
-8785
-8784
-8783
-8781
-8780
-8779
-8778
-8777
-8776
-8775
-8774
-8773
-8772
-8771
-8770
-8769
-8768
-8767
-8766
-8765
-8764
-8763
-8762
-8761
-8760
-8759
-8758
-8757
-8756
-8755
-8754
-8753
-8752
-8751
-8750
-8749
-8748
-8747
-8746
-8745
-8744
-8743
-8742
-8741
-8740
-8739
-8738
-8737
-8736
-8735
-8734
-8733
-8732
-8731
-8730
-8729
-8728
-8727
-8726
-8725
-8724
-8723
-8722
-8721
-8720
-8719
-8718
-8717
-8716
-8715
-8714
-8713
-8712
-8711
-8710
-8709
-8708
-8707
-8706
-8705
-8704
-8703
-8702
-8701
-8700
-8699
-8698
-8697
-8696
-8695
-8694
-8693
-8692
-8691
-8690
-8689
-8688
-8687
-8686
-8685
-8684
-8683
-8682
-8681
-8680
-8679
-8678
-8677
-8676
-8675
-8674
-8673
-8672
-8671
-8670
-8669
-8668
-8667
-8666
-8665
-8664
-8663
-8662
-8661
-8660
-8659
-8658
-8657
-8656
-8655
-8654
-8653
-8652
-8651
-8650
-8649
-8648
-8647
-8646
-8645
-8644
-8643
-8642
-8641
-8640
-8639
-8638
-8637
-8636
-8635
-8634
-8633
-8632
-8631
-8630
-8629
-8628
-8627
-8626
-8625
-8624
-8623
-8622
-8621
-8620
-8619
-8618
-8617
-8616
-8615
-8614
-8613
-8612
-8611
-8610
-8609
-8608
-8607
-8606
-8605
-8604
-8603
-8602
-8601
-8600
-8599
-8598
-8597
-8596
-8595
-8594
-8593
-8592
-8591
-8590
-8589
-8588
-8587
-8586
-8585
-8584
-8583
-8582
-8581
-8580
-8579
-8578
-8577
-8576
-8575
-8574
-8573
-8572
-8571
-8570
-8569
-8568
-8567
-8566
-8565
-8564
-8563
-8562
-8561
-8560
-8559
-8558
-8557
-8556
-8555
-8554
-8553
-8552
-8551
-8550
-8549
-8548
-8547
-8546
-8545
-8544
-8543
-8542
-8541
-8540
-8539
-8538
-8537
-8536
-8535
-8534
-8533
-8532
-8531
-8530
-8529
-8528
-8527
-8526
-8525
-8524
-8523
-8522
-8521
-8520
-8519
-8518
-8517
-8516
-8515
-8514
-8513
-8512
-8511
-8510
-8509
-8508
-8507
-8506
-8505
-8504
-8503
-8502
-8501
-8500
-8499
-8498
-8497
-8496
-8495
-8494
-8493
-8492
-8491
-8490
-8489
-8488
-8487
-8486
-8485
-8484
-8483
-8482
-8481
-8480
-8479
-8478
-8477
-8476
-8475
-8474
-8473
-8472
-8471
-8470
-8469
-8468
-8467
-8466
-8465
-8464
-8463
-8462
-8461
-8460
-8459
-8458
-8457
-8456
-8455
-8454
-8453
-8452
-8451
-8450
-8449
-8448
-8447
-8446
-8445
-8444
-8443
-8442
-8441
-8440
-8439
-8438
-8437
-8436
-8435
-8434
-8433
-8432
-8431
-8430
-8429
-8428
-8427
-8426
-8425
-8424
-8423
-8422
-8421
-8420
-8419
-8418
-8417
-8416
-8415
-8414
-8413
-8412
-8411
-8410
-8409
-8408
-8407
-8406
-8405
-8404
-8403
-8402
-8401
-8400
-8399
-8398
-8397
-8396
-8395
-8394
-8393
-8392
-8391
-8390
-8389
-8388
-8387
-8386
-8385
-8384
-8383
-8382
-8381
-8380
-8379
-8378
-8377
-8376
-8375
-8374
-8373
-8372
-8371
-8370
-8369
-8368
-8367
-8366
-8365
-8364
-8363
-8362
-8361
-8360
-8359
-8358
-8357
-8356
-8355
-8354
-8353
-8352
-8351
-8350
-8349
-8348
-8347
-8346
-8345
-8344
-8343
-8342
-8341
-8340
-8339
-8338
-8337
-8336
-8335
-8334
-8333
-8332
-8331
-8330
-8329
-8328
-8327
-8326
-8325
-8324
-8323
-8322
-8321
-8320
-8319
-8318
-8317
-8316
-8315
-8314
-8313
-8312
-8311
-8310
-8309
-8308
-8307
-8306
-8305
-8304
-8303
-8302
-8301
-8300
-8298
-8297
-8296
-8295
-8294
-8293
-8292
-8291
-8290
-8289
-8288
-8287
-8286
-8285
-8284
-8283
-8282
-8281
-8280
-8279
-8278
-8277
-8276
-8275
-8274
-8273
-8272
-8271
-8270
-8269
-8268
-8267
-8266
-8265
-8264
-8263
-8262
-8261
-8260
-8259
-8258
-8257
-8256
-8255
-8254
-8253
-8252
-8251
-8250
-8249
-8248
-8247
-8246
-8245
-8244
-8243
-8242
-8241
-8240
-8239
-8238
-8237
-8236
-8235
-8234
-8233
-8232
-8231
-8230
-8229
-8228
-8227
-8226
-8225
-8224
-8223
-8222
-8221
-8220
-8219
-8218
-8217
-8216
-8215
-8214
-8213
-8212
-8211
-8210
-8209
-8208
-8207
-8206
-8205
-8204
-8203
-8202
-8201
-8200
-8199
-8198
-8197
-8196
-8195
-8194
-8193
-8192
-8191
-8190
-8189
-8188
-8187
-8186
-8185
-8184
-8183
-8182
-8181
-8180
-8179
-8178
-8177
-8176
-8175
-8174
-8173
-8172
-8171
-8170
-8169
-8168
-8167
-8166
-8165
-8164
-8163
-8162
-8161
-8160
-8159
-8158
-8157
-8156
-8155
-8154
-8153
-8152
-8151
-8150
-8149
-8148
-8147
-8146
-8145
-8144
-8143
-8142
-8141
-8140
-8139
-8138
-8137
-8136
-8135
-8134
-8133
-8132
-8131
-8130
-8129
-8128
-8127
-8126
-8125
-8124
-8123
-8122
-8121
-8120
-8119
-8118
-8117
-8116
-8115
-8114
-8113
-8112
-8111
-8110
-8109
-8108
-8107
-8106
-8105
-8104
-8103
-8102
-8101
-8100
-8099
-8098
-8097
-8096
-8095
-8094
-8093
-8092
-8091
-8090
-8089
-8088
-8087
-8086
-8085
-8084
-8083
-8082
-8081
-8080
-8079
-8078
-8077
-8076
-8075
-8074
-8073
-8072
-8071
-8070
-8069
-8068
-8067
-8066
-8065
-8064
-8063
-8062
-8061
-8060
-8059
-8058
-8057
-8056
-8055
-8054
-8053
-8052
-8051
-8050
-8049
-8048
-8047
-8046
-8045
-8044
-8043
-8042
-8041
-8040
-8039
-8038
-8037
-8036
-8035
-8034
-8033
-8032
-8031
-8030
-8029
-8028
-8027
-8026
-8025
-8024
-8023
-8022
-8021
-8020
-8019
-8018
-8017
-8016
-8015
-8014
-8013
-8012
-8011
-8010
-8009
-8008
-8007
-8006
-8005
-8004
-8003
-8002
-8001
-8000
-7999
-7998
-7997
-7996
-7995
-7994
-7993
-7992
-7991
-7990
-7989
-7988
-7987
-7986
-7985
-7984
-7983
-7982
-7981
-7980
-7979
-7978
-7977
-7976
-7975
-7974
-7973
-7972
-7971
-7970
-7969
-7968
-7967
-7966
-7965
-7964
-7963
-7962
-7961
-7960
-7959
-7958
-7957
-7956
-7955
-7954
-7953
-7952
-7951
-7950
-7949
-7948
-7947
-7946
-7945
-7944
-7943
-7942
-7941
-7940
-7939
-7938
-7937
-7936
-7935
-7934
-7933
-7932
-7931
-7930
-7929
-7928
-7927
-7926
-7925
-7924
-7923
-7922
-7921
-7920
-7919
-7918
-7917
-7916
-7915
-7914
-7913
-7912
-7911
-7910
-7909
-7908
-7907
-7906
-7905
-7904
-7903
-7902
-7901
-7900
-7899
-7898
-7897
-7896
-7895
-7894
-7893
-7892
-7891
-7890
-7889
-7888
-7887
-7886
-7885
-7884
-7883
-7882
-7881
-7880
-7879
-7878
-7877
-7876
-7875
-7874
-7873
-7872
-7871
-7870
-7869
-7868
-7867
-7866
-7865
-7864
-7863
-7862
-7861
-7860
-7859
-7858
-7857
-7856
-7855
-7854
-7853
-7852
-7851
-7850
-7849
-7848
-7847
-7846
-7845
-7844
-7843
-7842
-7841
-7840
-7839
-7838
-7837
-7836
-7835
-7834
-7833
-7832
-7831
-7830
-7829
-7828
-7827
-7826
-7825
-7824
-7823
-7822
-7821
-7820
-7819
-7818
-7817
-7816
-7815
-7814
-7813
-7812
-7811
-7810
-7809
-7808
-7807
-7806
-7805
-7804
-7803
-7802
-7801
-7800
-7799
-7798
-7797
-7796
-7795
-7794
-7793
-7792
-7791
-7790
-7789
-7788
-7787
-7786
-7785
-7784
-7783
-7782
-7781
-7780
-7779
-7778
-7777
-7776
-7775
-7774
-7773
-7772
-7771
-7770
-7769
-7768
-7767
-7766
-7765
-7764
-7763
-7762
-7761
-7760
-7759
-7758
-7757
-7756
-7755
-7754
-7753
-7752
-7751
-7750
-7749
-7748
-7747
-7746
-7745
-7744
-7743
-7742
-7741
-7740
-7739
-7738
-7737
-7736
-7735
-7734
-7733
-7732
-7731
-7730
-7729
-7728
-7727
-7726
-7725
-7724
-7723
-7722
-7721
-7720
-7719
-7718
-7717
-7716
-7715
-7714
-7713
-7712
-7711
-7710
-7709
-7708
-7707
-7706
-7705
-7704
-7703
-7702
-7701
-7700
-7699
-7698
-7697
-7696
-7695
-7694
-7693
-7692
-7691
-7690
-7689
-7688
-7687
-7686
-7685
-7684
-7683
-7682
-7681
-7680
-7679
-7678
-7677
-7676
-7675
-7674
-7673
-7672
-7671
-7670
-7669
-7668
-7667
-7666
-7665
-7664
-7663
-7662
-7661
-7660
-7659
-7658
-7657
-7656
-7655
-7654
-7653
-7652
-7651
-7650
-7649
-7648
-7647
-7646
-7645
-7644
-7643
-7642
-7641
-7640
-7639
-7638
-7637
-7636
-7635
-7634
-7633
-7632
-7631
-7630
-7629
-7628
-7627
-7626
-7625
-7624
-7623
-7622
-7621
-7620
-7619
-7618
-7617
-7616
-7615
-7614
-7613
-7612
-7611
-7610
-7609
-7608
-7607
-7606
-7605
-7604
-7603
-7602
-7601
-7600
-7599
-7598
-7597
-7596
-7595
-7594
-7593
-7592
-7591
-7590
-7589
-7588
-7587
-7586
-7585
-7584
-7583
-7582
-7581
-7580
-7579
-7578
-7577
-7576
-7575
-7574
-7573
-7572
-7571
-7570
-7569
-7568
-7567
-7566
-7565
-7564
-7563
-7562
-7561
-7560
-7559
-7558
-7557
-7556
-7555
-7554
-7553
-7552
-7551
-7550
-7549
-7548
-7547
-7546
-7545
-7544
-7543
-7542
-7541
-7540
-7539
-7538
-7537
-7536
-7535
-7534
-7533
-7532
-7531
-7530
-7529
-7528
-7527
-7526
-7525
-7524
-7523
-7522
-7521
-7520
-7519
-7518
-7517
-7516
-7515
-7514
-7513
-7512
-7511
-7510
-7509
-7508
-7507
-7506
-7505
-7504
-7503
-7502
-7501
-7500
-7499
-7498
-7497
-7496
-7495
-7494
-7493
-7492
-7491
-7490
-7489
-7488
-7487
-7486
-7485
-7484
-7483
-7482
-7481
-7480
-7479
-7478
-7477
-7476
-7475
-7474
-7473
-7472
-7471
-7470
-7469
-7468
-7467
-7466
-7465
-7464
-7463
-7462
-7461
-7460
-7459
-7458
-7457
-7456
-7455
-7454
-7453
-7452
-7451
-7450
-7449
-7448
-7447
-7446
-7445
-7444
-7443
-7442
-7441
-7440
-7439
-7438
-7437
-7436
-7435
-7434
-7433
-7432
-7431
-7430
-7429
-7428
-7427
-7426
-7425
-7424
-7423
-7422
-7421
-7420
-7419
-7418
-7417
-7416
-7415
-7414
-7413
-7412
-7411
-7410
-7409
-7408
-7407
-7406
-7405
-7404
-7403
-7402
-7401
-7400
-7399
-7398
-7397
-7396
-7395
-7394
-7393
-7392
-7391
-7390
-7389
-7388
-7387
-7386
-7385
-7384
-7383
-7382
-7381
-7380
-7379
-7378
-7377
-7376
-7375
-7374
-7373
-7372
-7371
-7370
-7369
-7368
-7367
-7366
-7365
-7364
-7363
-7362
-7361
-7360
-7359
-7358
-7357
-7356
-7355
-7354
-7353
-7352
-7351
-7350
-7349
-7348
-7347
-7346
-7345
-7344
-7343
-7342
-7341
-7340
-7339
-7338
-7337
-7336
-7335
-7334
-7333
-7332
-7331
-7330
-7329
-7328
-7327
-7326
-7325
-7324
-7323
-7322
-7321
-7320
-7319
-7318
-7317
-7316
-7315
-7314
-7313
-7312
-7311
-7310
-7309
-7308
-7307
-7306
-7305
-7304
-7303
-7302
-7301
-7300
-7299
-7298
-7297
-7296
-7295
-7294
-7293
-7292
-7291
-7290
-7289
-7288
-7287
-7286
-7285
-7284
-7283
-7282
-7281
-7280
-7279
-7278
-7277
-7276
-7275
-7274
-7273
-7272
-7271
-7270
-7269
-7268
-7267
-7266
-7265
-7264
-7263
-7262
-7261
-7260
-7259
-7258
-7257
-7256
-7255
-7254
-7253
-7252
-7251
-7250
-7249
-7248
-7247
-7246
-7245
-7244
-7243
-7242
-7241
-7240
-7239
-7238
-7237
-7236
-7235
-7234
-7233
-7232
-7231
-7230
-7229
-7228
-7227
-7226
-7225
-7224
-7223
-7222
-7221
-7220
-7219
-7218
-7217
-7216
-7215
-7214
-7213
-7212
-7211
-7210
-7209
-7208
-7207
-7206
-7205
-7204
-7203
-7202
-7201
-7200
-7199
-7198
-7197
-7196
-7195
-7194
-7193
-7192
-7191
-7190
-7189
-7188
-7187
-7186
-7185
-7184
-7183
-7182
-7181
-7180
-7179
-7178
-7177
-7176
-7175
-7174
-7173
-7172
-7171
-7170
-7169
-7168
-7167
-7166
-7165
-7164
-7163
-7162
-7161
-7160
-7159
-7158
-7157
-7156
-7155
-7154
-7153
-7152
-7151
-7150
-7149
-7148
-7147
-7146
-7145
-7144
-7143
-7142
-7141
-7140
-7139
-7138
-7137
-7136
-7135
-7134
-7133
-7132
-7131
-7130
-7129
-7128
-7127
-7126
-7125
-7124
-7123
-7122
-7121
-7120
-7119
-7118
-7117
-7116
-7115
-7114
-7113
-7112
-7111
-7110
-7109
-7108
-7107
-7106
-7105
-7104
-7103
-7102
-7101
-7100
-7099
-7098
-7097
-7096
-7095
-7094
-7093
-7092
-7091
-7090
-7089
-7088
-7087
-7086
-7085
-7084
-7083
-7082
-7081
-7080
-7079
-7078
-7077
-7076
-7075
-7074
-7073
-7072
-7071
-7070
-7069
-7068
-7067
-7066
-7065
-7064
-7063
-7062
-7061
-7060
-7059
-7058
-7057
-7056
-7055
-7054
-7053
-7052
-7051
-7050
-7049
-7048
-7047
-7046
-7045
-7044
-7043
-7042
-7041
-7040
-7039
-7038
-7037
-7036
-7035
-7034
-7033
-7032
-7031
-7030
-7029
-7028
-7027
-7026
-7025
-7024
-7023
-7022
-7021
-7020
-7019
-7018
-7017
-7016
-7015
-7014
-7013
-7012
-7011
-7010
-7009
-7008
-7007
-7006
-7005
-7004
-7003
-7002
-7001
-7000
-6999
-6998
-6997
-6996
-6995
-6994
-6993
-6992
-6991
-6990
-6989
-6988
-6987
-6986
-6985
-6984
-6983
-6982
-6981
-6980
-6979
-6978
-6977
-6976
-6975
-6974
-6973
-6972
-6971
-6970
-6969
-6968
-6967
-6966
-6965
-6964
-6963
-6962
-6961
-6960
-6959
-6958
-6957
-6956
-6955
-6954
-6953
-6952
-6951
-6950
-6949
-6948
-6947
-6946
-6945
-6944
-6943
-6942
-6941
-6940
-6939
-6938
-6937
-6936
-6935
-6934
-6933
-6932
-6931
-6930
-6929
-6928
-6927
-6926
-6925
-6924
-6923
-6922
-6921
-6920
-6919
-6918
-6917
-6916
-6915
-6914
-6913
-6912
-6911
-6910
-6909
-6908
-6907
-6906
-6905
-6904
-6903
-6902
-6901
-6900
-6899
-6898
-6897
-6896
-6895
-6894
-6893
-6892
-6891
-6890
-6889
-6888
-6887
-6886
-6885
-6884
-6883
-6882
-6881
-6880
-6879
-6878
-6877
-6876
-6875
-6874
-6873
-6872
-6871
-6870
-6869
-6868
-6867
-6866
-6865
-6864
-6863
-6862
-6861
-6860
-6859
-6858
-6857
-6856
-6855
-6854
-6853
-6852
-6851
-6850
-6849
-6848
-6847
-6846
-6845
-6844
-6843
-6842
-6841
-6840
-6839
-6838
-6837
-6836
-6835
-6834
-6833
-6832
-6831
-6830
-6829
-6828
-6827
-6826
-6825
-6824
-6823
-6822
-6821
-6820
-6819
-6818
-6817
-6816
-6815
-6814
-6813
-6812
-6811
-6810
-6809
-6808
-6807
-6806
-6805
-6804
-6803
-6802
-6801
-6800
-6799
-6798
-6797
-6796
-6795
-6794
-6793
-6792
-6791
-6790
-6789
-6788
-6787
-6786
-6785
-6784
-6783
-6782
-6781
-6780
-6779
-6778
-6777
-6776
-6775
-6774
-6773
-6772
-6771
-6770
-6769
-6768
-6767
-6766
-6765
-6764
-6763
-6762
-6761
-6760
-6759
-6758
-6757
-6756
-6755
-6754
-6753
-6752
-6751
-6750
-6749
-6748
-6747
-6746
-6745
-6744
-6743
-6742
-6741
-6740
-6739
-6738
-6737
-6736
-6735
-6734
-6733
-6732
-6731
-6730
-6729
-6728
-6727
-6726
-6725
-6724
-6723
-6722
-6721
-6720
-6719
-6718
-6717
-6716
-6715
-6714
-6713
-6712
-6711
-6710
-6709
-6708
-6707
-6706
-6705
-6704
-6703
-6702
-6701
-6700
-6699
-6698
-6697
-6696
-6695
-6694
-6693
-6692
-6691
-6690
-6689
-6688
-6687
-6686
-6685
-6684
-6683
-6682
-6681
-6680
-6679
-6678
-6677
-6676
-6675
-6674
-6673
-6672
-6671
-6670
-6669
-6668
-6667
-6666
-6665
-6664
-6663
-6662
-6661
-6660
-6659
-6658
-6657
-6656
-6655
-6654
-6653
-6651
-6650
-6649
-6648
-6647
-6646
-6645
-6644
-6643
-6642
-6641
-6640
-6639
-6638
-6637
-6636
-6635
-6634
-6633
-6632
-6631
-6630
-6629
-6628
-6626
-6625
-6624
-6623
-6622
-6621
-6620
-6619
-6618
-6617
-6616
-6615
-6614
-6613
-6612
-6611
-6610
-6609
-6608
-6607
-6606
-6605
-6604
-6603
-6602
-6601
-6600
-6599
-6598
-6597
-6596
-6595
-6594
-6593
-6592
-6591
-6590
-6589
-6588
-6587
-6586
-6585
-6584
-6583
-6582
-6581
-6580
-6579
-6578
-6577
-6576
-6575
-6574
-6573
-6572
-6571
-6570
-6569
-6568
-6567
-6566
-6565
-6564
-6563
-6562
-6561
-6560
-6559
-6558
-6557
-6556
-6555
-6554
-6553
-6552
-6551
-6550
-6549
-6548
-6547
-6546
-6545
-6544
-6543
-6542
-6541
-6540
-6539
-6538
-6537
-6536
-6535
-6534
-6533
-6532
-6531
-6530
-6529
-6528
-6527
-6526
-6525
-6524
-6523
-6522
-6521
-6520
-6519
-6518
-6517
-6516
-6515
-6514
-6513
-6512
-6511
-6510
-6509
-6508
-6507
-6506
-6505
-6504
-6503
-6502
-6501
-6500
-6499
-6498
-6497
-6496
-6495
-6494
-6493
-6492
-6491
-6490
-6489
-6488
-6487
-6486
-6485
-6484
-6483
-6482
-6481
-6480
-6479
-6478
-6477
-6476
-6475
-6474
-6473
-6472
-6471
-6470
-6469
-6468
-6467
-6466
-6465
-6464
-6463
-6462
-6461
-6460
-6459
-6458
-6457
-6456
-6455
-6454
-6453
-6452
-6451
-6450
-6449
-6448
-6447
-6446
-6445
-6444
-6443
-6442
-6441
-6440
-6439
-6438
-6437
-6436
-6435
-6434
-6433
-6432
-6431
-6430
-6429
-6428
-6427
-6426
-6425
-6424
-6423
-6422
-6421
-6420
-6419
-6418
-6417
-6416
-6415
-6414
-6413
-6412
-6411
-6410
-6409
-6408
-6407
-6406
-6405
-6404
-6403
-6402
-6401
-6400
-6399
-6398
-6397
-6396
-6395
-6394
-6393
-6392
-6391
-6390
-6389
-6388
-6387
-6386
-6385
-6384
-6383
-6382
-6381
-6380
-6379
-6378
-6377
-6376
-6375
-6374
-6373
-6372
-6371
-6370
-6369
-6368
-6367
-6366
-6365
-6364
-6363
-6362
-6361
-6360
-6359
-6358
-6357
-6356
-6355
-6354
-6353
-6352
-6351
-6350
-6349
-6348
-6347
-6346
-6345
-6344
-6343
-6342
-6341
-6340
-6339
-6338
-6337
-6336
-6335
-6334
-6333
-6332
-6331
-6330
-6329
-6328
-6327
-6326
-6325
-6324
-6323
-6322
-6321
-6320
-6319
-6318
-6317
-6316
-6315
-6314
-6313
-6312
-6311
-6310
-6309
-6308
-6307
-6306
-6305
-6304
-6303
-6302
-6301
-6300
-6299
-6298
-6297
-6296
-6295
-6294
-6293
-6292
-6291
-6290
-6289
-6288
-6287
-6286
-6285
-6284
-6282
-6281
-6280
-6279
-6278
-6277
-6276
-6275
-6274
-6273
-6272
-6271
-6270
-6269
-6268
-6267
-6266
-6265
-6264
-6263
-6262
-6261
-6260
-6259
-6258
-6257
-6256
-6255
-6254
-6253
-6252
-6251
-6250
-6249
-6248
-6247
-6246
-6245
-6244
-6243
-6242
-6241
-6240
-6239
-6238
-6237
-6236
-6235
-6234
-6233
-6232
-6231
-6230
-6229
-6228
-6227
-6226
-6225
-6224
-6223
-6222
-6221
-6220
-6219
-6218
-6217
-6216
-6215
-6214
-6213
-6212
-6211
-6210
-6209
-6208
-6207
-6206
-6205
-6204
-6203
-6202
-6201
-6200
-6199
-6198
-6197
-6196
-6195
-6194
-6193
-6192
-6191
-6190
-6189
-6188
-6187
-6186
-6185
-6184
-6183
-6182
-6181
-6180
-6179
-6178
-6177
-6176
-6175
-6174
-6173
-6172
-6171
-6170
-6169
-6168
-6167
-6166
-6165
-6164
-6163
-6162
-6161
-6160
-6159
-6158
-6157
-6156
-6155
-6154
-6153
-6152
-6151
-6150
-6149
-6148
-6147
-6146
-6145
-6144
-6143
-6142
-6141
-6140
-6139
-6138
-6137
-6136
-6135
-6134
-6133
-6132
-6131
-6130
-6129
-6128
-6127
-6126
-6125
-6124
-6123
-6122
-6121
-6120
-6119
-6118
-6117
-6116
-6115
-6114
-6113
-6112
-6111
-6110
-6109
-6108
-6107
-6106
-6105
-6104
-6103
-6102
-6101
-6100
-6099
-6098
-6097
-6096
-6095
-6094
-6093
-6092
-6091
-6090
-6089
-6088
-6087
-6086
-6085
-6084
-6083
-6082
-6081
-6080
-6079
-6078
-6077
-6076
-6075
-6074
-6073
-6072
-6071
-6070
-6069
-6068
-6067
-6066
-6065
-6064
-6063
-6062
-6061
-6060
-6059
-6058
-6057
-6056
-6055
-6054
-6053
-6052
-6051
-6050
-6049
-6048
-6047
-6046
-6045
-6044
-6043
-6042
-6041
-6040
-6039
-6038
-6037
-6036
-6035
-6034
-6033
-6032
-6031
-6030
-6029
-6028
-6027
-6026
-6025
-6024
-6023
-6022
-6021
-6020
-6019
-6018
-6017
-6016
-6015
-6014
-6013
-6012
-6011
-6010
-6009
-6008
-6007
-6006
-6005
-6004
-6003
-6002
-6001
-6000
-5999
-5998
-5997
-5996
-5995
-5994
-5993
-5992
-5991
-5990
-5989
-5988
-5987
-5986
-5985
-5984
-5983
-5982
-5981
-5980
-5979
-5978
-5977
-5976
-5975
-5974
-5973
-5972
-5971
-5970
-5969
-5968
-5967
-5966
-5965
-5964
-5963
-5962
-5961
-5960
-5959
-5958
-5957
-5956
-5955
-5954
-5953
-5952
-5951
-5950
-5949
-5948
-5947
-5946
-5945
-5944
-5943
-5942
-5941
-5940
-5939
-5938
-5937
-5936
-5935
-5934
-5933
-5932
-5931
-5930
-5929
-5928
-5927
-5926
-5925
-5924
-5923
-5922
-5921
-5920
-5919
-5918
-5917
-5916
-5915
-5914
-5913
-5912
-5911
-5910
-5909
-5908
-5907
-5906
-5905
-5904
-5903
-5902
-5901
-5900
-5899
-5898
-5897
-5896
-5895
-5894
-5893
-5892
-5891
-5890
-5889
-5888
-5887
-5886
-5885
-5884
-5883
-5882
-5881
-5880
-5879
-5878
-5877
-5876
-5875
-5874
-5873
-5872
-5871
-5870
-5869
-5868
-5867
-5866
-5865
-5864
-5863
-5862
-5861
-5860
-5859
-5858
-5857
-5856
-5855
-5854
-5853
-5852
-5851
-5850
-5849
-5848
-5847
-5846
-5845
-5844
-5843
-5842
-5841
-5840
-5839
-5838
-5837
-5836
-5835
-5834
-5833
-5832
-5831
-5830
-5829
-5828
-5827
-5826
-5825
-5824
-5823
-5822
-5821
-5820
-5819
-5818
-5817
-5816
-5815
-5814
-5813
-5812
-5811
-5810
-5809
-5808
-5807
-5806
-5805
-5804
-5803
-5802
-5801
-5800
-5799
-5798
-5797
-5796
-5795
-5794
-5793
-5792
-5791
-5790
-5789
-5788
-5787
-5786
-5785
-5784
-5783
-5782
-5781
-5780
-5779
-5778
-5777
-5776
-5775
-5774
-5773
-5772
-5771
-5770
-5769
-5768
-5767
-5766
-5765
-5764
-5763
-5762
-5761
-5760
-5759
-5758
-5757
-5756
-5755
-5754
-5753
-5752
-5751
-5750
-5749
-5748
-5747
-5746
-5745
-5744
-5743
-5742
-5741
-5740
-5739
-5738
-5737
-5736
-5735
-5734
-5733
-5732
-5731
-5730
-5729
-5728
-5727
-5726
-5725
-5724
-5723
-5722
-5721
-5720
-5719
-5718
-5717
-5716
-5715
-5714
-5713
-5712
-5711
-5710
-5709
-5708
-5707
-5706
-5705
-5704
-5703
-5702
-5701
-5700
-5699
-5698
-5697
-5696
-5695
-5694
-5693
-5692
-5691
-5690
-5689
-5688
-5687
-5686
-5685
-5684
-5683
-5682
-5681
-5680
-5679
-5678
-5677
-5676
-5675
-5674
-5673
-5672
-5671
-5670
-5669
-5668
-5667
-5666
-5665
-5664
-5663
-5662
-5661
-5660
-5659
-5658
-5657
-5656
-5655
-5654
-5653
-5652
-5651
-5650
-5649
-5648
-5647
-5646
-5645
-5644
-5643
-5642
-5641
-5640
-5639
-5638
-5637
-5636
-5635
-5634
-5633
-5632
-5631
-5630
-5629
-5628
-5627
-5626
-5625
-5624
-5623
-5622
-5621
-5620
-5619
-5618
-5617
-5616
-5615
-5614
-5613
-5612
-5611
-5610
-5609
-5608
-5607
-5606
-5605
-5604
-5603
-5602
-5601
-5600
-5599
-5598
-5597
-5596
-5595
-5594
-5593
-5592
-5591
-5590
-5589
-5588
-5587
-5586
-5585
-5584
-5583
-5582
-5581
-5580
-5579
-5578
-5577
-5576
-5575
-5574
-5573
-5572
-5571
-5570
-5569
-5568
-5567
-5566
-5565
-5564
-5563
-5562
-5561
-5560
-5559
-5558
-5557
-5556
-5555
-5554
-5553
-5552
-5551
-5550
-5549
-5548
-5547
-5546
-5545
-5544
-5543
-5542
-5541
-5540
-5539
-5538
-5537
-5536
-5535
-5534
-5533
-5532
-5531
-5530
-5529
-5528
-5527
-5526
-5525
-5524
-5523
-5522
-5521
-5520
-5519
-5518
-5517
-5516
-5515
-5514
-5513
-5512
-5511
-5510
-5509
-5508
-5507
-5506
-5505
-5504
-5503
-5502
-5501
-5500
-5499
-5498
-5497
-5496
-5495
-5494
-5493
-5492
-5491
-5490
-5489
-5488
-5487
-5486
-5485
-5484
-5483
-5482
-5481
-5480
-5479
-5478
-5477
-5476
-5475
-5474
-5473
-5472
-5471
-5470
-5469
-5468
-5467
-5466
-5465
-5464
-5463
-5462
-5461
-5460
-5459
-5458
-5457
-5456
-5455
-5454
-5453
-5452
-5451
-5450
-5449
-5448
-5447
-5446
-5445
-5444
-5443
-5442
-5441
-5440
-5439
-5438
-5437
-5436
-5435
-5434
-5433
-5432
-5431
-5430
-5429
-5428
-5427
-5426
-5425
-5424
-5423
-5422
-5421
-5420
-5419
-5418
-5417
-5416
-5415
-5414
-5413
-5412
-5411
-5410
-5409
-5408
-5407
-5406
-5405
-5404
-5403
-5402
-5401
-5400
-5399
-5398
-5397
-5396
-5395
-5394
-5393
-5392
-5391
-5390
-5389
-5388
-5387
-5386
-5385
-5384
-5383
-5382
-5381
-5380
-5379
-5378
-5377
-5376
-5375
-5374
-5373
-5372
-5371
-5370
-5369
-5368
-5367
-5366
-5365
-5364
-5363
-5362
-5361
-5360
-5359
-5358
-5357
-5356
-5355
-5354
-5353
-5352
-5351
-5350
-5349
-5348
-5347
-5346
-5345
-5344
-5343
-5342
-5341
-5340
-5339
-5338
-5337
-5336
-5335
-5334
-5333
-5332
-5331
-5330
-5329
-5328
-5327
-5326
-5325
-5324
-5323
-5322
-5321
-5320
-5319
-5318
-5317
-5316
-5315
-5314
-5313
-5312
-5311
-5310
-5309
-5308
-5307
-5306
-5305
-5304
-5303
-5302
-5301
-5300
-5299
-5298
-5297
-5296
-5295
-5294
-5293
-5292
-5291
-5290
-5289
-5288
-5287
-5286
-5285
-5284
-5283
-5282
-5281
-5280
-5279
-5278
-5277
-5276
-5275
-5274
-5273
-5272
-5271
-5270
-5269
-5268
-5267
-5266
-5265
-5264
-5263
-5262
-5261
-5260
-5259
-5258
-5257
-5256
-5255
-5254
-5253
-5252
-5251
-5250
-5249
-5248
-5247
-5246
-5245
-5244
-5243
-5242
-5241
-5240
-5239
-5238
-5237
-5236
-5235
-5234
-5233
-5232
-5231
-5230
-5229
-5228
-5227
-5226
-5225
-5224
-5223
-5222
-5221
-5220
-5219
-5218
-5217
-5216
-5215
-5214
-5213
-5212
-5211
-5210
-5209
-5208
-5207
-5206
-5205
-5204
-5203
-5202
-5201
-5200
-5199
-5198
-5197
-5196
-5195
-5194
-5193
-5192
-5191
-5190
-5189
-5188
-5187
-5186
-5185
-5184
-5183
-5182
-5181
-5180
-5179
-5178
-5177
-5176
-5175
-5174
-5173
-5172
-5171
-5170
-5169
-5168
-5167
-5166
-5165
-5164
-5163
-5162
-5161
-5160
-5159
-5158
-5157
-5156
-5155
-5154
-5153
-5152
-5151
-5150
-5149
-5148
-5147
-5146
-5145
-5144
-5143
-5142
-5141
-5140
-5139
-5138
-5137
-5136
-5135
-5134
-5133
-5132
-5131
-5130
-5129
-5128
-5127
-5126
-5125
-5124
-5123
-5122
-5121
-5120
-5119
-5118
-5117
-5116
-5115
-5114
-5113
-5112
-5111
-5110
-5109
-5108
-5107
-5106
-5105
-5104
-5103
-5102
-5101
-5100
-5099
-5098
-5097
-5096
-5095
-5094
-5093
-5092
-5091
-5090
-5089
-5088
-5087
-5086
-5085
-5084
-5083
-5082
-5081
-5080
-5079
-5078
-5077
-5076
-5075
-5074
-5073
-5072
-5071
-5070
-5069
-5068
-5067
-5066
-5065
-5064
-5063
-5062
-5061
-5060
-5059
-5058
-5057
-5056
-5055
-5054
-5053
-5052
-5051
-5050
-5049
-5048
-5047
-5046
-5045
-5044
-5043
-5042
-5041
-5040
-5039
-5038
-5037
-5036
-5035
-5034
-5033
-5032
-5031
-5030
-5029
-5028
-5027
-5026
-5025
-5024
-5023
-5022
-5021
-5020
-5019
-5018
-5017
-5016
-5015
-5014
-5013
-5012
-5011
-5010
-5009
-5008
-5007
-5006
-5005
-5004
-5003
-5002
-5001
-5000
-4999
-4998
-4997
-4996
-4995
-4994
-4993
-4992
-4991
-4990
-4989
-4988
-4987
-4986
-4985
-4984
-4983
-4982
-4981
-4980
-4979
-4978
-4977
-4976
-4975
-4974
-4973
-4972
-4971
-4970
-4969
-4968
-4967
-4966
-4965
-4964
-4963
-4962
-4961
-4960
-4959
-4958
-4957
-4956
-4955
-4954
-4953
-4952
-4951
-4950
-4949
-4948
-4947
-4946
-4945
-4944
-4943
-4942
-4941
-4940
-4939
-4938
-4937
-4936
-4935
-4934
-4933
-4932
-4931
-4930
-4929
-4928
-4927
-4926
-4925
-4924
-4923
-4922
-4921
-4920
-4919
-4918
-4917
-4916
-4915
-4914
-4913
-4912
-4911
-4910
-4909
-4908
-4907
-4906
-4905
-4904
-4903
-4902
-4901
-4900
-4899
-4898
-4897
-4896
-4895
-4894
-4893
-4892
-4891
-4890
-4889
-4888
-4887
-4886
-4885
-4884
-4883
-4882
-4881
-4880
-4879
-4878
-4877
-4876
-4875
-4874
-4873
-4872
-4871
-4870
-4869
-4868
-4867
-4866
-4865
-4864
-4863
-4862
-4861
-4860
-4859
-4858
-4857
-4856
-4855
-4854
-4853
-4852
-4851
-4850
-4849
-4848
-4847
-4846
-4845
-4844
-4843
-4842
-4841
-4840
-4839
-4838
-4837
-4836
-4835
-4834
-4833
-4832
-4831
-4830
-4829
-4828
-4827
-4826
-4825
-4824
-4823
-4822
-4821
-4820
-4819
-4818
-4817
-4816
-4815
-4814
-4813
-4812
-4811
-4810
-4809
-4808
-4807
-4806
-4805
-4804
-4803
-4802
-4801
-4800
-4799
-4798
-4797
-4796
-4795
-4794
-4793
-4792
-4791
-4790
-4789
-4788
-4787
-4786
-4785
-4784
-4783
-4782
-4781
-4780
-4779
-4778
-4777
-4776
-4775
-4774
-4773
-4772
-4771
-4770
-4769
-4768
-4767
-4766
-4765
-4764
-4763
-4762
-4761
-4760
-4759
-4758
-4757
-4756
-4755
-4754
-4753
-4752
-4751
-4750
-4749
-4748
-4747
-4746
-4745
-4744
-4743
-4742
-4741
-4740
-4739
-4738
-4737
-4736
-4735
-4734
-4733
-4732
-4731
-4730
-4729
-4728
-4727
-4726
-4725
-4724
-4723
-4722
-4721
-4720
-4719
-4718
-4717
-4716
-4715
-4714
-4713
-4712
-4711
-4710
-4709
-4708
-4707
-4706
-4705
-4704
-4703
-4702
-4701
-4700
-4699
-4698
-4697
-4696
-4695
-4694
-4693
-4692
-4691
-4690
-4689
-4688
-4687
-4686
-4685
-4684
-4683
-4682
-4681
-4680
-4679
-4678
-4677
-4676
-4675
-4674
-4673
-4672
-4671
-4670
-4669
-4668
-4667
-4666
-4665
-4664
-4663
-4662
-4661
-4660
-4659
-4658
-4657
-4656
-4655
-4654
-4653
-4652
-4651
-4650
-4649
-4648
-4647
-4646
-4645
-4644
-4643
-4642
-4641
-4640
-4639
-4638
-4637
-4636
-4635
-4634
-4633
-4632
-4631
-4630
-4629
-4628
-4627
-4626
-4625
-4624
-4623
-4622
-4621
-4620
-4619
-4618
-4617
-4616
-4615
-4614
-4613
-4612
-4611
-4610
-4609
-4608
-4607
-4606
-4605
-4604
-4603
-4602
-4601
-4600
-4599
-4598
-4597
-4596
-4595
-4594
-4593
-4592
-4591
-4590
-4589
-4588
-4587
-4586
-4585
-4584
-4583
-4582
-4581
-4580
-4579
-4578
-4577
-4576
-4575
-4574
-4573
-4572
-4571
-4570
-4569
-4568
-4567
-4566
-4565
-4564
-4563
-4562
-4561
-4560
-4559
-4558
-4557
-4556
-4555
-4554
-4553
-4552
-4551
-4550
-4549
-4548
-4547
-4546
-4545
-4544
-4543
-4542
-4541
-4540
-4539
-4538
-4537
-4536
-4535
-4534
-4533
-4532
-4531
-4530
-4529
-4528
-4527
-4526
-4525
-4524
-4523
-4522
-4521
-4520
-4519
-4518
-4517
-4516
-4515
-4514
-4513
-4512
-4511
-4510
-4509
-4508
-4507
-4506
-4505
-4504
-4503
-4502
-4501
-4500
-4499
-4498
-4497
-4496
-4495
-4494
-4493
-4492
-4491
-4490
-4489
-4488
-4487
-4486
-4485
-4484
-4483
-4482
-4481
-4480
-4479
-4478
-4477
-4476
-4475
-4474
-4473
-4472
-4471
-4470
-4469
-4468
-4467
-4466
-4465
-4464
-4463
-4462
-4461
-4460
-4459
-4458
-4457
-4456
-4455
-4454
-4453
-4452
-4451
-4450
-4449
-4448
-4447
-4446
-4445
-4444
-4443
-4442
-4441
-4440
-4439
-4438
-4437
-4436
-4435
-4434
-4433
-4432
-4431
-4430
-4429
-4428
-4427
-4426
-4425
-4424
-4423
-4422
-4421
-4420
-4419
-4418
-4417
-4416
-4415
-4414
-4413
-4412
-4411
-4410
-4409
-4408
-4407
-4406
-4405
-4404
-4403
-4402
-4401
-4400
-4399
-4398
-4397
-4396
-4395
-4394
-4393
-4392
-4391
-4390
-4389
-4388
-4387
-4386
-4385
-4384
-4383
-4382
-4381
-4380
-4379
-4378
-4377
-4376
-4375
-4374
-4373
-4372
-4371
-4370
-4369
-4368
-4367
-4366
-4365
-4364
-4363
-4362
-4361
-4360
-4359
-4358
-4357
-4356
-4355
-4354
-4353
-4352
-4351
-4350
-4349
-4348
-4347
-4346
-4345
-4344
-4343
-4342
-4341
-4340
-4339
-4338
-4337
-4336
-4335
-4334
-4333
-4332
-4331
-4330
-4329
-4328
-4327
-4326
-4325
-4324
-4323
-4322
-4321
-4320
-4319
-4318
-4317
-4316
-4315
-4314
-4313
-4312
-4311
-4310
-4309
-4308
-4307
-4306
-4305
-4304
-4303
-4302
-4301
-4300
-4299
-4298
-4297
-4296
-4295
-4294
-4293
-4292
-4291
-4290
-4289
-4288
-4287
-4286
-4285
-4284
-4283
-4282
-4281
-4280
-4279
-4278
-4277
-4276
-4275
-4274
-4273
-4272
-4271
-4270
-4269
-4268
-4267
-4266
-4265
-4264
-4263
-4262
-4261
-4260
-4259
-4258
-4257
-4256
-4255
-4254
-4253
-4252
-4251
-4250
-4249
-4248
-4247
-4246
-4245
-4244
-4243
-4242
-4241
-4240
-4239
-4238
-4237
-4236
-4235
-4234
-4233
-4232
-4231
-4230
-4229
-4228
-4227
-4226
-4225
-4224
-4223
-4222
-4221
-4220
-4219
-4218
-4217
-4216
-4215
-4214
-4213
-4212
-4211
-4210
-4209
-4208
-4207
-4206
-4205
-4204
-4203
-4202
-4201
-4200
-4199
-4198
-4197
-4196
-4195
-4194
-4193
-4192
-4191
-4190
-4189
-4188
-4187
-4186
-4185
-4184
-4183
-4182
-4181
-4180
-4179
-4178
-4177
-4176
-4175
-4174
-4173
-4172
-4171
-4170
-4169
-4168
-4167
-4166
-4165
-4164
-4163
-4162
-4161
-4160
-4159
-4158
-4157
-4156
-4155
-4154
-4153
-4152
-4151
-4150
-4149
-4148
-4147
-4146
-4145
-4144
-4143
-4142
-4141
-4140
-4139
-4138
-4137
-4136
-4135
-4134
-4133
-4132
-4131
-4130
-4129
-4128
-4127
-4126
-4125
-4124
-4123
-4122
-4121
-4120
-4119
-4118
-4117
-4116
-4115
-4114
-4113
-4112
-4111
-4110
-4109
-4108
-4107
-4106
-4105
-4104
-4103
-4102
-4101
-4100
-4099
-4098
-4097
-4096
-4095
-4094
-4093
-4092
-4091
-4090
-4089
-4088
-4087
-4086
-4085
-4084
-4083
-4082
-4081
-4080
-4079
-4078
-4077
-4076
-4075
-4074
-4073
-4072
-4071
-4070
-4069
-4068
-4067
-4066
-4065
-4064
-4063
-4062
-4061
-4060
-4059
-4058
-4057
-4056
-4055
-4054
-4053
-4052
-4051
-4050
-4049
-4048
-4047
-4046
-4045
-4044
-4043
-4042
-4041
-4040
-4039
-4038
-4037
-4036
-4035
-4034
-4033
-4032
-4031
-4030
-4029
-4028
-4027
-4026
-4025
-4024
-4023
-4022
-4021
-4020
-4019
-4018
-4017
-4016
-4015
-4014
-4013
-4012
-4011
-4010
-4009
-4008
-4007
-4006
-4005
-4004
-4003
-4002
-4001
-4000
-3999
-3998
-3997
-3996
-3995
-3994
-3993
-3992
-3991
-3990
-3989
-3988
-3987
-3986
-3985
-3984
-3983
-3982
-3981
-3980
-3979
-3978
-3977
-3976
-3975
-3974
-3973
-3972
-3971
-3970
-3969
-3968
-3967
-3966
-3965
-3964
-3963
-3962
-3961
-3960
-3959
-3958
-3957
-3956
-3955
-3954
-3953
-3952
-3951
-3950
-3949
-3948
-3947
-3946
-3945
-3944
-3943
-3942
-3941
-3940
-3939
-3938
-3937
-3936
-3935
-3934
-3933
-3932
-3931
-3930
-3929
-3928
-3927
-3926
-3925
-3924
-3923
-3922
-3921
-3920
-3919
-3918
-3917
-3916
-3915
-3914
-3913
-3912
-3911
-3910
-3909
-3908
-3907
-3906
-3905
-3904
-3903
-3902
-3901
-3900
-3899
-3898
-3897
-3896
-3895
-3894
-3893
-3892
-3891
-3890
-3889
-3888
-3887
-3886
-3885
-3884
-3883
-3882
-3881
-3880
-3879
-3878
-3877
-3876
-3875
-3874
-3873
-3872
-3871
-3870
-3869
-3868
-3867
-3866
-3865
-3864
-3863
-3862
-3861
-3860
-3859
-3858
-3857
-3856
-3855
-3854
-3853
-3852
-3851
-3850
-3849
-3848
-3847
-3846
-3845
-3844
-3843
-3842
-3841
-3840
-3839
-3838
-3837
-3836
-3835
-3834
-3833
-3832
-3831
-3830
-3829
-3828
-3827
-3826
-3825
-3824
-3823
-3822
-3821
-3820
-3819
-3818
-3817
-3816
-3815
-3814
-3813
-3812
-3811
-3810
-3809
-3808
-3807
-3806
-3805
-3804
-3803
-3802
-3801
-3800
-3799
-3798
-3797
-3796
-3795
-3794
-3793
-3792
-3791
-3790
-3789
-3788
-3787
-3786
-3785
-3784
-3783
-3782
-3781
-3780
-3779
-3778
-3777
-3776
-3775
-3774
-3773
-3772
-3771
-3770
-3769
-3768
-3767
-3766
-3765
-3764
-3763
-3762
-3761
-3760
-3759
-3758
-3757
-3756
-3755
-3754
-3753
-3752
-3751
-3750
-3749
-3748
-3747
-3746
-3745
-3744
-3743
-3742
-3741
-3740
-3739
-3738
-3737
-3736
-3735
-3734
-3733
-3732
-3731
-3730
-3729
-3728
-3727
-3726
-3725
-3724
-3723
-3722
-3721
-3720
-3719
-3718
-3717
-3716
-3715
-3714
-3713
-3712
-3711
-3710
-3709
-3708
-3707
-3706
-3705
-3704
-3703
-3702
-3701
-3700
-3699
-3698
-3697
-3696
-3695
-3694
-3693
-3692
-3691
-3690
-3689
-3688
-3687
-3686
-3685
-3684
-3683
-3682
-3681
-3680
-3679
-3678
-3677
-3676
-3675
-3674
-3673
-3672
-3671
-3670
-3669
-3668
-3667
-3666
-3665
-3664
-3663
-3662
-3661
-3660
-3659
-3658
-3657
-3656
-3655
-3654
-3653
-3652
-3651
-3650
-3649
-3648
-3647
-3646
-3645
-3644
-3643
-3642
-3641
-3640
-3639
-3638
-3637
-3636
-3635
-3634
-3633
-3632
-3631
-3630
-3629
-3628
-3627
-3626
-3625
-3624
-3623
-3622
-3621
-3620
-3619
-3618
-3617
-3616
-3615
-3614
-3613
-3612
-3611
-3610
-3609
-3608
-3607
-3606
-3605
-3604
-3603
-3602
-3601
-3600
-3599
-3598
-3597
-3596
-3595
-3594
-3593
-3592
-3591
-3590
-3589
-3588
-3587
-3586
-3585
-3584
-3583
-3582
-3581
-3580
-3579
-3578
-3577
-3576
-3575
-3574
-3573
-3572
-3571
-3570
-3569
-3568
-3567
-3566
-3565
-3564
-3563
-3562
-3561
-3560
-3559
-3558
-3557
-3556
-3555
-3554
-3553
-3552
-3551
-3550
-3549
-3548
-3547
-3546
-3545
-3544
-3543
-3542
-3541
-3540
-3539
-3538
-3537
-3536
-3535
-3534
-3533
-3532
-3531
-3530
-3529
-3528
-3527
-3526
-3525
-3524
-3523
-3522
-3521
-3520
-3519
-3518
-3517
-3516
-3515
-3514
-3513
-3512
-3511
-3510
-3509
-3508
-3507
-3506
-3505
-3504
-3503
-3502
-3501
-3500
-3499
-3498
-3497
-3496
-3495
-3494
-3493
-3492
-3491
-3490
-3489
-3488
-3487
-3486
-3485
-3484
-3483
-3482
-3481
-3480
-3479
-3478
-3477
-3476
-3475
-3474
-3473
-3472
-3471
-3470
-3469
-3468
-3467
-3466
-3465
-3464
-3463
-3462
-3461
-3460
-3459
-3458
-3457
-3456
-3455
-3454
-3453
-3452
-3451
-3450
-3449
-3448
-3447
-3446
-3445
-3444
-3443
-3442
-3441
-3440
-3439
-3438
-3437
-3436
-3435
-3434
-3433
-3432
-3431
-3430
-3429
-3428
-3427
-3426
-3425
-3424
-3423
-3422
-3421
-3420
-3419
-3418
-3417
-3416
-3415
-3414
-3413
-3412
-3411
-3410
-3409
-3408
-3407
-3406
-3405
-3404
-3403
-3402
-3401
-3400
-3399
-3398
-3397
-3396
-3395
-3394
-3393
-3392
-3391
-3390
-3389
-3388
-3387
-3386
-3385
-3384
-3383
-3382
-3381
-3380
-3379
-3378
-3377
-3376
-3375
-3374
-3373
-3372
-3371
-3370
-3369
-3368
-3367
-3366
-3365
-3364
-3363
-3362
-3361
-3360
-3359
-3358
-3357
-3356
-3355
-3354
-3353
-3352
-3351
-3350
-3349
-3348
-3347
-3346
-3345
-3344
-3343
-3342
-3341
-3340
-3339
-3338
-3337
-3336
-3335
-3334
-3333
-3332
-3331
-3330
-3329
-3328
-3327
-3326
-3325
-3324
-3323
-3322
-3321
-3320
-3319
-3318
-3317
-3316
-3315
-3314
-3313
-3312
-3311
-3310
-3309
-3308
-3307
-3306
-3305
-3304
-3303
-3302
-3301
-3300
-3299
-3298
-3297
-3296
-3295
-3294
-3293
-3292
-3291
-3290
-3289
-3288
-3287
-3286
-3285
-3284
-3283
-3282
-3281
-3280
-3279
-3278
-3277
-3276
-3275
-3274
-3273
-3272
-3271
-3270
-3269
-3268
-3267
-3266
-3265
-3264
-3263
-3262
-3261
-3260
-3259
-3258
-3257
-3256
-3255
-3254
-3253
-3252
-3251
-3250
-3249
-3248
-3247
-3246
-3245
-3244
-3243
-3242
-3241
-3240
-3239
-3238
-3237
-3236
-3235
-3234
-3233
-3232
-3231
-3230
-3229
-3228
-3227
-3226
-3225
-3224
-3223
-3222
-3221
-3220
-3219
-3218
-3217
-3216
-3215
-3214
-3213
-3212
-3211
-3210
-3209
-3208
-3207
-3206
-3205
-3204
-3203
-3202
-3201
-3200
-3199
-3198
-3197
-3196
-3195
-3194
-3193
-3192
-3191
-3190
-3189
-3188
-3187
-3186
-3185
-3184
-3183
-3182
-3181
-3180
-3179
-3178
-3177
-3176
-3175
-3174
-3173
-3172
-3171
-3170
-3169
-3168
-3167
-3166
-3165
-3164
-3163
-3162
-3161
-3160
-3159
-3158
-3157
-3156
-3155
-3154
-3153
-3152
-3151
-3150
-3149
-3148
-3147
-3146
-3145
-3144
-3143
-3142
-3141
-3140
-3139
-3138
-3137
-3136
-3135
-3134
-3133
-3132
-3131
-3130
-3129
-3128
-3127
-3126
-3125
-3124
-3123
-3122
-3121
-3120
-3119
-3118
-3117
-3116
-3115
-3114
-3113
-3112
-3111
-3110
-3109
-3108
-3107
-3106
-3105
-3104
-3103
-3102
-3101
-3100
-3099
-3098
-3097
-3096
-3095
-3094
-3093
-3092
-3091
-3090
-3089
-3088
-3087
-3086
-3085
-3084
-3083
-3082
-3081
-3080
-3079
-3078
-3077
-3076
-3075
-3074
-3073
-3072
-3071
-3070
-3069
-3068
-3067
-3066
-3065
-3064
-3063
-3062
-3061
-3060
-3059
-3058
-3057
-3056
-3055
-3054
-3053
-3052
-3051
-3050
-3049
-3048
-3047
-3046
-3045
-3044
-3043
-3042
-3041
-3040
-3039
-3038
-3037
-3036
-3035
-3034
-3033
-3032
-3031
-3030
-3029
-3028
-3027
-3026
-3025
-3024
-3023
-3022
-3021
-3020
-3019
-3018
-3017
-3016
-3015
-3014
-3013
-3012
-3011
-3010
-3009
-3008
-3007
-3006
-3005
-3004
-3003
-3002
-3001
-3000
-2999
-2998
-2997
-2996
-2995
-2994
-2993
-2992
-2991
-2990
-2989
-2988
-2987
-2986
-2985
-2984
-2983
-2982
-2981
-2980
-2979
-2978
-2977
-2976
-2975
-2974
-2973
-2972
-2971
-2970
-2969
-2968
-2967
-2966
-2965
-2964
-2963
-2962
-2961
-2960
-2959
-2958
-2957
-2956
-2955
-2954
-2953
-2952
-2951
-2950
-2949
-2948
-2947
-2946
-2945
-2944
-2943
-2942
-2941
-2940
-2939
-2938
-2937
-2936
-2935
-2934
-2933
-2932
-2931
-2930
-2929
-2928
-2927
-2926
-2925
-2924
-2923
-2922
-2921
-2920
-2919
-2918
-2917
-2916
-2915
-2914
-2913
-2912
-2911
-2910
-2909
-2908
-2907
-2906
-2905
-2904
-2903
-2902
-2901
-2900
-2899
-2898
-2897
-2896
-2895
-2894
-2893
-2892
-2891
-2890
-2889
-2888
-2887
-2886
-2885
-2884
-2883
-2882
-2881
-2880
-2879
-2878
-2877
-2876
-2875
-2874
-2873
-2872
-2871
-2870
-2869
-2868
-2867
-2866
-2865
-2864
-2863
-2862
-2861
-2860
-2859
-2858
-2857
-2856
-2855
-2854
-2853
-2852
-2851
-2850
-2849
-2848
-2847
-2846
-2845
-2844
-2843
-2842
-2841
-2840
-2839
-2838
-2837
-2836
-2835
-2834
-2833
-2832
-2831
-2830
-2829
-2828
-2827
-2826
-2825
-2824
-2823
-2822
-2821
-2820
-2819
-2818
-2817
-2816
-2815
-2814
-2813
-2812
-2811
-2810
-2809
-2808
-2807
-2806
-2805
-2804
-2803
-2802
-2801
-2800
-2799
-2798
-2797
-2796
-2795
-2794
-2793
-2792
-2791
-2790
-2789
-2788
-2787
-2786
-2785
-2784
-2783
-2782
-2781
-2780
-2779
-2778
-2777
-2776
-2775
-2774
-2773
-2772
-2771
-2770
-2769
-2768
-2767
-2766
-2765
-2764
-2763
-2762
-2761
-2760
-2759
-2758
-2757
-2756
-2755
-2754
-2753
-2752
-2751
-2750
-2749
-2748
-2747
-2746
-2745
-2744
-2743
-2742
-2741
-2740
-2739
-2738
-2737
-2736
-2735
-2734
-2733
-2732
-2731
-2730
-2729
-2728
-2727
-2726
-2725
-2724
-2723
-2722
-2721
-2720
-2719
-2718
-2717
-2716
-2715
-2714
-2713
-2712
-2711
-2710
-2709
-2708
-2707
-2706
-2705
-2704
-2703
-2702
-2701
-2700
-2699
-2698
-2697
-2696
-2695
-2694
-2693
-2692
-2691
-2690
-2689
-2688
-2687
-2686
-2685
-2684
-2683
-2682
-2681
-2680
-2679
-2678
-2677
-2676
-2675
-2674
-2673
-2672
-2671
-2670
-2669
-2668
-2667
-2666
-2665
-2664
-2663
-2662
-2661
-2660
-2659
-2658
-2657
-2656
-2655
-2654
-2653
-2652
-2651
-2650
-2649
-2648
-2647
-2646
-2645
-2644
-2643
-2642
-2641
-2640
-2639
-2638
-2637
-2636
-2635
-2634
-2633
-2632
-2631
-2630
-2629
-2628
-2627
-2626
-2625
-2624
-2623
-2622
-2621
-2620
-2619
-2618
-2617
-2616
-2615
-2614
-2613
-2612
-2611
-2610
-2609
-2608
-2607
-2606
-2605
-2604
-2603
-2602
-2601
-2600
-2599
-2598
-2597
-2596
-2595
-2594
-2593
-2592
-2591
-2590
-2589
-2588
-2587
-2586
-2585
-2584
-2583
-2582
-2581
-2580
-2579
-2578
-2577
-2576
-2575
-2574
-2573
-2572
-2571
-2570
-2569
-2568
-2567
-2566
-2565
-2564
-2563
-2562
-2561
-2560
-2559
-2558
-2557
-2556
-2555
-2554
-2553
-2552
-2551
-2550
-2549
-2548
-2547
-2546
-2545
-2544
-2543
-2542
-2541
-2540
-2539
-2538
-2537
-2536
-2535
-2534
-2533
-2532
-2531
-2530
-2529
-2528
-2527
-2526
-2525
-2524
-2523
-2522
-2521
-2520
-2519
-2518
-2517
-2516
-2515
-2514
-2513
-2512
-2511
-2510
-2509
-2508
-2507
-2506
-2505
-2504
-2503
-2502
-2501
-2500
-2499
-2498
-2497
-2496
-2495
-2494
-2493
-2492
-2491
-2490
-2489
-2488
-2487
-2486
-2485
-2484
-2483
-2482
-2481
-2480
-2479
-2478
-2477
-2476
-2475
-2474
-2473
-2472
-2471
-2470
-2469
-2468
-2467
-2466
-2465
-2464
-2463
-2462
-2461
-2460
-2459
-2458
-2457
-2456
-2455
-2454
-2453
-2452
-2451
-2450
-2449
-2448
-2447
-2446
-2445
-2444
-2443
-2442
-2441
-2440
-2439
-2438
-2437
-2436
-2435
-2434
-2433
-2432
-2431
-2430
-2429
-2428
-2427
-2426
-2425
-2424
-2423
-2422
-2421
-2420
-2419
-2418
-2417
-2416
-2415
-2414
-2413
-2412
-2411
-2410
-2409
-2408
-2407
-2406
-2405
-2404
-2403
-2402
-2401
-2400
-2399
-2398
-2397
-2396
-2395
-2394
-2393
-2392
-2391
-2390
-2389
-2388
-2387
-2386
-2385
-2384
-2383
-2382
-2381
-2380
-2379
-2378
-2377
-2376
-2375
-2374
-2373
-2372
-2371
-2370
-2369
-2368
-2367
-2366
-2365
-2364
-2363
-2362
-2361
-2360
-2359
-2358
-2357
-2356
-2355
-2354
-2353
-2352
-2351
-2350
-2349
-2348
-2347
-2346
-2345
-2344
-2343
-2342
-2341
-2340
-2339
-2338
-2337
-2336
-2335
-2334
-2333
-2332
-2331
-2330
-2329
-2328
-2327
-2326
-2325
-2324
-2323
-2322
-2321
-2320
-2319
-2318
-2317
-2316
-2315
-2314
-2313
-2312
-2311
-2310
-2309
-2308
-2307
-2306
-2305
-2304
-2303
-2302
-2301
-2300
-2299
-2298
-2297
-2296
-2295
-2294
-2293
-2292
-2291
-2290
-2289
-2288
-2287
-2286
-2285
-2284
-2283
-2282
-2281
-2280
-2279
-2278
-2277
-2276
-2275
-2274
-2273
-2272
-2271
-2270
-2269
-2268
-2267
-2266
-2265
-2264
-2263
-2262
-2261
-2260
-2259
-2258
-2257
-2256
-2255
-2254
-2253
-2252
-2251
-2250
-2249
-2248
-2247
-2246
-2245
-2244
-2243
-2242
-2241
-2240
-2239
-2238
-2237
-2236
-2235
-2234
-2233
-2232
-2231
-2230
-2229
-2228
-2227
-2226
-2225
-2224
-2223
-2222
-2221
-2220
-2219
-2218
-2217
-2216
-2215
-2214
-2213
-2212
-2211
-2210
-2209
-2208
-2207
-2206
-2205
-2204
-2203
-2202
-2201
-2200
-2199
-2198
-2197
-2196
-2195
-2194
-2193
-2192
-2191
-2190
-2189
-2188
-2187
-2186
-2185
-2184
-2183
-2182
-2181
-2180
-2179
-2178
-2177
-2176
-2175
-2174
-2173
-2172
-2171
-2170
-2169
-2168
-2167
-2166
-2165
-2164
-2163
-2162
-2161
-2160
-2159
-2158
-2157
-2156
-2155
-2154
-2153
-2152
-2151
-2150
-2149
-2148
-2147
-2146
-2145
-2144
-2143
-2142
-2141
-2140
-2139
-2138
-2137
-2136
-2135
-2134
-2133
-2132
-2131
-2130
-2129
-2128
-2127
-2126
-2125
-2124
-2123
-2122
-2121
-2120
-2119
-2118
-2117
-2116
-2115
-2114
-2113
-2112
-2111
-2110
-2109
-2108
-2107
-2106
-2105
-2104
-2103
-2102
-2101
-2100
-2099
-2098
-2097
-2096
-2095
-2094
-2093
-2092
-2091
-2090
-2089
-2088
-2087
-2086
-2085
-2084
-2083
-2082
-2081
-2080
-2079
-2078
-2077
-2076
-2075
-2074
-2073
-2072
-2071
-2070
-2069
-2068
-2067
-2066
-2065
-2064
-2063
-2062
-2061
-2060
-2059
-2058
-2057
-2056
-2055
-2054
-2053
-2052
-2051
-2050
-2049
-2048
-2047
-2046
-2045
-2044
-2043
-2042
-2041
-2040
-2039
-2038
-2037
-2036
-2035
-2034
-2033
-2032
-2031
-2030
-2029
-2028
-2027
-2026
-2025
-2024
-2023
-2022
-2021
-2020
-2019
-2018
-2017
-2016
-2015
-2014
-2013
-2012
-2011
-2010
-2009
-2008
-2007
-2006
-2005
-2004
-2003
-2002
-2001
-2000
-1999
-1998
-1997
-1996
-1995
-1994
-1993
-1992
-1991
-1990
-1989
-1988
-1987
-1986
-1985
-1984
-1983
-1982
-1981
-1980
-1979
-1978
-1977
-1976
-1975
-1974
-1973
-1972
-1971
-1970
-1969
-1968
-1967
-1966
-1965
-1964
-1963
-1962
-1961
-1960
-1959
-1958
-1957
-1956
-1955
-1954
-1953
-1952
-1951
-1950
-1949
-1948
-1947
-1946
-1945
-1944
-1943
-1942
-1941
-1940
-1939
-1938
-1937
-1936
-1935
-1934
-1933
-1932
-1931
-1930
-1929
-1928
-1927
-1926
-1925
-1924
-1923
-1922
-1921
-1920
-1919
-1918
-1917
-1916
-1915
-1914
-1913
-1912
-1911
-1910
-1909
-1908
-1907
-1906
-1905
-1904
-1903
-1902
-1901
-1900
-1899
-1898
-1897
-1896
-1895
-1894
-1893
-1892
-1891
-1890
-1889
-1888
-1887
-1886
-1885
-1884
-1883
-1882
-1881
-1880
-1879
-1878
-1877
-1876
-1875
-1874
-1873
-1872
-1871
-1870
-1869
-1868
-1867
-1866
-1865
-1864
-1863
-1862
-1861
-1860
-1859
-1858
-1857
-1856
-1855
-1854
-1853
-1852
-1851
-1850
-1849
-1848
-1847
-1846
-1845
-1844
-1843
-1842
-1841
-1840
-1839
-1838
-1837
-1836
-1835
-1834
-1833
-1832
-1831
-1830
-1829
-1828
-1827
-1826
-1825
-1824
-1823
-1822
-1821
-1820
-1819
-1818
-1817
-1816
-1815
-1814
-1813
-1812
-1811
-1810
-1809
-1808
-1807
-1806
-1805
-1804
-1803
-1802
-1801
-1800
-1799
-1798
-1797
-1796
-1795
-1794
-1793
-1792
-1791
-1790
-1789
-1788
-1787
-1786
-1785
-1784
-1783
-1782
-1781
-1780
-1779
-1778
-1777
-1776
-1775
-1774
-1773
-1772
-1771
-1770
-1769
-1768
-1767
-1766
-1765
-1764
-1763
-1762
-1761
-1760
-1759
-1758
-1757
-1756
-1755
-1754
-1753
-1752
-1751
-1750
-1749
-1748
-1747
-1746
-1745
-1744
-1743
-1742
-1741
-1740
-1739
-1738
-1737
-1736
-1735
-1734
-1733
-1732
-1731
-1730
-1729
-1728
-1727
-1726
-1725
-1724
-1723
-1722
-1721
-1720
-1719
-1718
-1717
-1716
-1715
-1714
-1713
-1712
-1711
-1710
-1709
-1708
-1707
-1706
-1705
-1704
-1703
-1702
-1701
-1700
-1699
-1698
-1697
-1696
-1695
-1694
-1693
-1692
-1691
-1690
-1689
-1688
-1687
-1686
-1685
-1684
-1683
-1682
-1681
-1680
-1679
-1678
-1677
-1676
-1675
-1674
-1673
-1672
-1671
-1670
-1669
-1668
-1667
-1666
-1665
-1664
-1663
-1662
-1661
-1660
-1659
-1658
-1657
-1656
-1655
-1654
-1653
-1652
-1651
-1650
-1649
-1648
-1647
-1646
-1645
-1644
-1643
-1642
-1641
-1640
-1639
-1638
-1637
-1636
-1635
-1634
-1633
-1632
-1631
-1630
-1629
-1628
-1627
-1626
-1625
-1624
-1623
-1622
-1621
-1620
-1619
-1618
-1617
-1616
-1615
-1614
-1613
-1612
-1611
-1610
-1609
-1608
-1607
-1606
-1605
-1604
-1603
-1602
-1601
-1600
-1599
-1598
-1597
-1596
-1595
-1594
-1593
-1592
-1591
-1590
-1589
-1588
-1587
-1586
-1585
-1584
-1583
-1582
-1581
-1580
-1579
-1578
-1577
-1576
-1575
-1574
-1573
-1572
-1571
-1570
-1569
-1568
-1567
-1566
-1565
-1564
-1563
-1562
-1561
-1560
-1559
-1558
-1557
-1556
-1555
-1554
-1553
-1552
-1551
-1550
-1549
-1548
-1547
-1546
-1545
-1544
-1543
-1542
-1541
-1540
-1539
-1538
-1537
-1536
-1535
-1534
-1533
-1532
-1531
-1530
-1529
-1528
-1527
-1526
-1525
-1524
-1523
-1522
-1521
-1520
-1519
-1518
-1517
-1516
-1515
-1514
-1513
-1512
-1511
-1510
-1509
-1508
-1507
-1506
-1505
-1504
-1503
-1502
-1501
-1500
-1499
-1498
-1497
-1496
-1495
-1494
-1493
-1492
-1491
-1490
-1489
-1488
-1487
-1486
-1485
-1484
-1483
-1482
-1481
-1480
-1479
-1478
-1477
-1476
-1475
-1474
-1473
-1472
-1471
-1470
-1469
-1468
-1467
-1466
-1465
-1464
-1463
-1462
-1461
-1460
-1459
-1458
-1457
-1456
-1455
-1454
-1453
-1452
-1451
-1450
-1449
-1448
-1447
-1446
-1445
-1444
-1443
-1442
-1441
-1440
-1439
-1438
-1437
-1436
-1435
-1434
-1433
-1432
-1431
-1430
-1429
-1428
-1427
-1426
-1425
-1424
-1423
-1422
-1421
-1420
-1419
-1418
-1417
-1416
-1415
-1414
-1413
-1412
-1411
-1410
-1409
-1408
-1407
-1406
-1405
-1404
-1403
-1402
-1401
-1400
-1399
-1398
-1397
-1396
-1395
-1394
-1393
-1392
-1391
-1390
-1389
-1388
-1387
-1386
-1385
-1384
-1383
-1382
-1381
-1380
-1379
-1378
-1377
-1376
-1375
-1374
-1373
-1372
-1371
-1370
-1369
-1368
-1367
-1366
-1365
-1364
-1363
-1362
-1361
-1360
-1359
-1358
-1357
-1356
-1355
-1354
-1353
-1352
-1351
-1350
-1349
-1348
-1347
-1346
-1345
-1344
-1343
-1342
-1341
-1340
-1339
-1338
-1337
-1336
-1335
-1334
-1333
-1332
-1331
-1330
-1329
-1328
-1327
-1326
-1325
-1324
-1323
-1322
-1321
-1320
-1319
-1318
-1317
-1316
-1315
-1314
-1313
-1312
-1311
-1310
-1309
-1308
-1307
-1306
-1305
-1304
-1303
-1302
-1301
-1300
-1299
-1298
-1297
-1296
-1295
-1294
-1293
-1292
-1291
-1290
-1289
-1288
-1287
-1286
-1285
-1284
-1283
-1282
-1281
-1280
-1279
-1278
-1277
-1276
-1275
-1274
-1273
-1272
-1271
-1270
-1269
-1268
-1267
-1266
-1265
-1264
-1263
-1262
-1261
-1260
-1259
-1258
-1257
-1256
-1255
-1254
-1253
-1252
-1251
-1250
-1249
-1248
-1247
-1246
-1245
-1244
-1243
-1242
-1241
-1240
-1239
-1238
-1237
-1236
-1235
-1234
-1233
-1232
-1231
-1230
-1229
-1228
-1227
-1226
-1225
-1224
-1223
-1222
-1221
-1220
-1219
-1218
-1217
-1216
-1215
-1214
-1213
-1212
-1211
-1210
-1209
-1208
-1207
-1206
-1205
-1204
-1203
-1202
-1201
-1200
-1199
-1198
-1197
-1196
-1195
-1194
-1193
-1192
-1191
-1190
-1189
-1188
-1187
-1186
-1185
-1184
-1183
-1182
-1181
-1180
-1179
-1178
-1177
-1176
-1175
-1174
-1173
-1172
-1171
-1170
-1169
-1168
-1167
-1166
-1165
-1164
-1163
-1162
-1161
-1160
-1159
-1158
-1157
-1156
-1155
-1154
-1153
-1152
-1151
-1150
-1149
-1148
-1147
-1146
-1145
-1144
-1143
-1142
-1141
-1140
-1139
-1138
-1137
-1136
-1135
-1134
-1133
-1132
-1131
-1130
-1129
-1128
-1127
-1126
-1125
-1124
-1123
-1122
-1121
-1120
-1119
-1118
-1117
-1116
-1115
-1114
-1113
-1112
-1111
-1110
-1109
-1108
-1107
-1106
-1105
-1104
-1103
-1102
-1101
-1100
-1099
-1098
-1097
-1096
-1095
-1094
-1093
-1092
-1091
-1090
-1089
-1088
-1087
-1086
-1085
-1084
-1083
-1082
-1081
-1080
-1079
-1078
-1077
-1076
-1075
-1074
-1073
-1072
-1071
-1070
-1069
-1068
-1067
-1066
-1065
-1064
-1063
-1062
-1061
-1060
-1059
-1058
-1057
-1056
-1055
-1054
-1053
-1052
-1051
-1050
-1049
-1048
-1047
-1046
-1045
-1044
-1043
-1042
-1041
-1040
-1039
-1038
-1037
-1036
-1035
-1034
-1033
-1032
-1031
-1030
-1029
-1028
-1027
-1026
-1025
-1024
-1023
-1022
-1021
-1020
-1019
-1018
-1017
-1016
-1015
-1014
-1013
-1012
-1011
-1010
-1009
-1008
-1007
-1006
-1005
-1004
-1003
-1002
-1001
-1000
-999
-998
-997
-996
-995
-994
-993
-992
-991
-990
-989
-988
-987
-986
-985
-984
-983
-982
-981
-980
-979
-978
-977
-976
-975
-974
-973
-972
-971
-970
-969
-968
-967
-966
-965
-964
-963
-962
-961
-960
-959
-958
-957
-956
-955
-954
-953
-952
-951
-950
-949
-948
-947
-946
-945
-944
-943
-942
-941
-940
-939
-938
-937
-936
-935
-934
-933
-932
-931
-930
-929
-928
-927
-926
-925
-924
-923
-922
-921
-920
-919
-918
-917
-916
-915
-914
-913
-912
-911
-910
-909
-908
-907
-906
-905
-904
-903
-902
-901
-900
-899
-898
-897
-896
-895
-894
-893
-892
-891
-890
-889
-888
-887
-886
-885
-884
-883
-882
-881
-880
-879
-878
-877
-876
-875
-874
-873
-872
-871
-870
-869
-868
-867
-866
-865
-864
-863
-862
-861
-860
-859
-858
-857
-856
-855
-854
-853
-852
-851
-850
-849
-848
-847
-846
-845
-844
-843
-842
-841
-840
-839
-838
-837
-836
-835
-834
-833
-832
-831
-830
-829
-828
-827
-826
-825
-824
-823
-822
-821
-820
-819
-818
-817
-816
-815
-814
-813
-812
-811
-810
-809
-808
-807
-806
-805
-804
-803
-802
-801
-800
-799
-798
-797
-796
-795
-794
-793
-792
-791
-790
-789
-788
-787
-786
-785
-784
-783
-782
-781
-780
-779
-778
-777
-776
-775
-774
-773
-772
-771
-770
-769
-768
-767
-766
-765
-764
-763
-762
-761
-760
-759
-758
-757
-756
-755
-754
-753
-752
-751
-750
-749
-748
-747
-746
-745
-744
-743
-742
-741
-740
-739
-738
-737
-736
-735
-734
-733
-732
-731
-730
-729
-728
-727
-726
-725
-724
-723
-722
-721
-720
-719
-718
-717
-716
-715
-714
-713
-712
-711
-710
-709
-708
-707
-706
-705
-704
-703
-702
-701
-700
-699
-698
-697
-696
-695
-694
-693
-692
-691
-690
-689
-688
-687
-686
-685
-684
-683
-682
-681
-680
-679
-678
-677
-676
-675
-674
-673
-672
-671
-670
-669
-668
-667
-666
-665
-664
-663
-662
-661
-660
-659
-658
-657
-656
-655
-654
-653
-652
-651
-650
-649
-648
-647
-646
-645
-644
-643
-642
-641
-640
-639
-638
-637
-636
-635
-634
-633
-632
-631
-630
-629
-628
-627
-626
-625
-624
-623
-622
-621
-620
-619
-618
-617
-616
-615
-614
-613
-612
-611
-610
-609
-608
-607
-606
-605
-604
-603
-602
-601
-600
-599
-598
-597
-596
-595
-594
-593
-592
-591
-590
-589
-588
-587
-586
-585
-584
-583
-582
-581
-580
-579
-578
-577
-576
-575
-574
-573
-572
-571
-570
-569
-568
-567
-566
-565
-564
-563
-562
-561
-560
-559
-558
-557
-556
-555
-554
-553
-552
-551
-550
-549
-548
-547
-546
-545
-544
-543
-542
-541
-540
-539
-538
-537
-536
-535
-534
-533
-532
-531
-530
-529
-528
-527
-526
-525
-524
-523
-522
-521
-520
-519
-518
-517
-516
-515
-514
-513
-512
-511
-510
-509
-508
-507
-506
-505
-504
-503
-502
-501
-500
-499
-498
-497
-496
-495
-494
-493
-492
-491
-490
-489
-488
-487
-486
-485
-484
-483
-482
-481
-480
-479
-478
-477
-476
-475
-474
-473
-472
-471
-470
-469
-468
-467
-466
-465
-464
-463
-462
-461
-460
-459
-458
-457
-456
-455
-454
-453
-452
-451
-450
-449
-448
-447
-446
-445
-444
-443
-442
-441
-440
-439
-438
-437
-436
-435
-434
-433
-432
-431
-430
-429
-428
-427
-426
-425
-424
-423
-422
-421
-420
-419
-418
-417
-416
-415
-414
-413
-412
-411
-410
-409
-408
-407
-406
-405
-404
-403
-402
-401
-400
-399
-398
-397
-396
-395
-394
-393
-392
-391
-390
-389
-388
-387
-386
-385
-384
-383
-382
-381
-380
-379
-378
-377
-376
-375
-374
-373
-372
-371
-370
-369
-368
-367
-366
-365
-364
-363
-362
-361
-360
-359
-358
-357
-356
-355
-354
-353
-352
-351
-350
-349
-348
-347
-346
-345
-344
-343
-342
-341
-340
-339
-338
-337
-336
-335
-334
-333
-332
-331
-330
-329
-328
-327
-326
-325
-324
-323
-322
-321
-320
-319
-318
-317
-316
-315
-314
-313
-312
-311
-310
-309
-308
-307
-306
-305
-304
-303
-302
-301
-300
-299
-298
-297
-296
-295
-294
-293
-292
-291
-290
-289
-288
-287
-286
-285
-284
-283
-282
-281
-280
-279
-278
-277
-276
-275
-274
-273
-272
-271
-270
-269
-268
-267
-266
-265
-264
-263
-262
-261
-260
-259
-258
-257
-256
-255
-254
-253
-252
-251
-250
-249
-248
-247
-246
-245
-244
-243
-242
-241
-240
-239
-238
-237
-236
-235
-234
-233
-232
-231
-230
-229
-228
-227
-226
-225
-224
-223
-222
-221
-220
-219
-218
-217
-216
-215
-214
-213
-212
-211
-210
-209
-208
-207
-206
-205
-204
-203
-202
-201
-200
-199
-198
-197
-196
-195
-194
-193
-192
-191
-190
-189
-188
-187
-186
-185
-184
-183
-182
-181
-180
-179
-178
-177
-176
-175
-174
-173
-172
-171
-170
-169
-168
-167
-166
-165
-164
-163
-162
-161
-160
-159
-158
-157
-156
-155
-154
-153
-152
-151
-150
-149
-148
-147
-146
-145
-144
-143
-142
-141
-140
-139
-138
-137
-136
-135
-134
-133
-132
-131
-130
-129
-128
-127
-126
-125
-124
-123
-122
-121
-120
-119
-118
-117
-116
-115
-114
-113
-112
-111
-110
-109
-108
-107
-106
-105
-104
-103
-102
-101
-100
-99
-98
-97
-96
-95
-94
-93
-92
-91
-90
-89
-88
-87
-86
-85
-84
-83
-82
-81
-80
-79
-78
-77
-76
-75
-74
-73
-72
-71
-70
-69
-68
-67
-66
-65
-64
-63
-62
-61
-60
-59
-58
-57
-56
-55
-54
-53
-52
-51
-50
-49
-48
-47
-46
-45
-44
-43
-42
-41
-40
-39
-38
-37
-36
-35
-34
-33
-32
-31
-30
-29
-28
-27
-26
-25
-24
-23
-22
-21
-20
-19
-18
-17
-16
-15
-14
-13
-12
-11
-10
-9
-8
-7
-6
-5
-4
-3
-2
-1
0
