1
2
3
4
5
6
7
8
9
10
11
12
13
14
15
16
17
18
19
20
21
22
23
24
25
26
27
28
29
30
31
32
33
34
35
36
37
38
39
40
41
42
43
44
45
46
47
48
49
50
51
52
53
54
55
56
57
58
59
60
61
62
63
64
65
66
67
68
69
70
71
72
73
74
75
76
77
78
79
80
81
82
83
84
85
86
87
88
89
90
91
92
93
94
95
96
97
98
99
100
101
102
103
104
105
106
107
108
109
110
111
112
113
114
115
116
117
118
119
120
121
122
123
124
125
126
127
128
129
130
131
132
133
134
135
136
137
138
139
140
141
142
143
144
145
146
147
148
149
150
151
152
153
154
155
156
157
158
159
160
161
162
163
164
165
166
167
168
169
170
171
172
173
174
175
176
177
178
179
180
181
182
183
184
185
186
187
188
189
190
191
192
193
194
195
196
197
198
199
200
201
202
203
204
205
206
207
208
209
210
211
212
213
214
215
216
217
218
219
220
221
222
223
224
225
226
227
228
229
230
231
232
233
234
235
236
237
238
239
240
241
242
243
244
245
246
247
248
249
250
251
252
253
254
255
256
257
258
259
260
261
262
263
264
265
266
267
268
269
270
271
272
273
274
275
276
277
278
279
280
281
282
283
284
285
286
287
288
289
290
291
292
293
294
295
296
297
298
299
300
301
302
303
304
305
306
307
308
309
310
311
312
313
314
315
316
317
318
319
320
321
322
323
324
325
326
327
328
329
330
331
332
333
334
335
336
337
338
339
340
341
342
343
344
345
346
347
348
349
350
351
352
353
354
355
356
357
358
359
360
361
362
363
364
365
366
367
368
369
370
371
372
373
374
375
376
377
378
379
380
381
382
383
384
385
386
387
388
389
390
391
392
393
394
395
396
397
398
399
400
401
402
403
404
405
406
407
408
409
410
411
412
413
414
415
416
417
418
419
420
421
422
423
424
425
426
427
428
429
430
431
432
433
434
435
436
437
438
439
440
441
442
443
444
445
446
447
448
449
450
451
452
453
454
455
456
457
458
459
460
461
462
463
464
465
466
467
468
469
470
471
472
473
474
475
476
477
478
479
480
481
482
483
484
485
486
487
488
489
490
491
492
493
494
495
496
497
498
499
500
501
502
503
504
505
506
507
508
509
510
511
512
513
514
515
516
517
518
519
520
521
522
523
524
525
526
527
528
529
530
531
532
533
534
535
536
537
538
539
540
541
542
543
544
545
546
547
548
549
550
551
552
553
554
555
556
557
558
559
560
561
562
563
564
565
566
567
568
569
570
571
572
573
574
575
576
577
578
579
580
581
582
583
584
585
586
587
588
589
590
591
592
593
594
595
596
597
598
599
600
601
602
603
604
605
606
607
608
609
610
611
612
613
614
615
616
617
618
619
620
621
622
623
624
625
626
627
628
629
630
631
632
633
634
635
636
637
638
639
640
641
642
643
644
645
646
647
648
649
650
651
652
653
654
655
656
657
658
659
660
661
662
663
664
665
666
667
668
669
670
671
672
673
674
675
676
677
678
679
680
681
682
683
684
685
686
687
688
689
690
691
692
693
694
695
696
697
698
699
700
701
702
703
704
705
706
707
708
709
710
711
712
713
714
715
716
717
718
719
720
721
722
723
724
725
726
727
728
729
730
731
732
733
734
735
736
737
738
739
740
741
742
743
744
745
746
747
748
749
750
751
752
753
754
755
756
757
758
759
760
761
762
763
764
765
766
767
768
769
770
771
772
773
774
775
776
777
778
779
780
781
782
783
784
785
786
787
788
789
790
791
792
793
794
795
796
797
798
799
800
801
802
803
804
805
806
807
808
809
810
811
812
813
814
815
816
817
818
819
820
821
822
823
824
825
826
827
828
829
830
831
832
833
834
835
836
837
838
839
840
841
842
843
844
845
846
847
848
849
850
851
852
853
854
855
856
857
858
859
860
861
862
863
864
865
866
867
868
869
870
871
872
873
874
875
876
877
878
879
880
881
882
883
884
885
886
887
888
889
890
891
892
893
894
895
896
897
898
899
900
901
902
903
904
905
906
907
908
909
910
911
912
913
914
915
916
917
918
919
920
921
922
923
924
925
926
927
928
929
930
931
932
933
934
935
936
937
938
939
940
941
942
943
944
945
946
947
948
949
950
951
952
953
954
955
956
957
958
959
960
961
962
963
964
965
966
967
968
969
970
971
972
973
974
975
976
977
978
979
980
981
982
983
984
985
986
987
988
989
990
991
992
993
994
995
996
997
998
999
1000
1001
1002
1003
1004
1005
1006
1007
1008
1009
1010
1011
1012
1013
1014
1015
1016
1017
1018
1019
1020
1021
1022
1023
1024
1025
1026
1027
1028
1029
1030
1031
1032
1033
1034
1035
1036
1037
1038
1039
1040
1041
1042
1043
1044
1045
1046
1047
1048
1049
1050
1051
1052
1053
1054
1055
1056
1057
1058
1059
1060
1061
1062
1063
1064
1065
1066
1067
1068
1069
1070
1071
1072
1073
1074
1075
1076
1077
1078
1079
1080
1081
1082
1083
1084
1085
1086
1087
1088
1089
1090
1091
1092
1093
1094
1095
1096
1097
1098
1099
1100
1101
1102
1103
1104
1105
1106
1107
1108
1109
1110
1111
1112
1113
1114
1115
1116
1117
1118
1119
1120
1121
1122
1123
1124
1125
1126
1127
1128
1129
1130
1131
1132
1133
1134
1135
1136
1137
1138
1139
1140
1141
1142
1143
1144
1145
1146
1147
1148
1149
1150
1151
1152
1153
1154
1155
1156
1157
1158
1159
1160
1161
1162
1163
1164
1165
1166
1167
1168
1169
1170
1171
1172
1173
1174
1175
1176
1177
1178
1179
1180
1181
1182
1183
1184
1185
1186
1187
1188
1189
1190
1191
1192
1193
1194
1195
1196
1197
1198
1199
1200
1201
1202
1203
1204
1205
1206
1207
1208
1209
1210
1211
1212
1213
1214
1215
1216
1217
1218
1219
1220
1221
1222
1223
1224
1225
1226
1227
1228
1229
1230
1231
1232
1233
1234
1235
1236
1237
1238
1239
1240
1241
1242
1243
1244
1245
1246
1247
1248
1249
1250
1251
1252
1253
1254
1255
1256
1257
1258
1259
1260
1261
1262
1263
1264
1265
1266
1267
1268
1269
1270
1271
1272
1273
1274
1275
1276
1277
1278
1279
1280
1281
1282
1283
1284
1285
1286
1287
1288
1289
1290
1291
1292
1293
1294
1295
1296
1297
1298
1299
1300
1301
1302
1303
1304
1305
1306
1307
1308
1309
1310
1311
1312
1313
1314
1315
1316
1317
1318
1319
1320
1321
1322
1323
1324
1325
1326
1327
1328
1329
1330
1331
1332
1333
1334
1335
1336
1337
1338
1339
1340
1341
1342
1343
1344
1345
1346
1347
1348
1349
1350
1351
1352
1353
1354
1355
1356
1357
1358
1359
1360
1361
1362
1363
1364
1365
1366
1367
1368
1369
1370
1371
1372
1373
1374
1375
1376
1377
1378
1379
1380
1381
1382
1383
1384
1385
1386
1387
1388
1389
1390
1391
1392
1393
1394
1395
1396
1397
1398
1399
1400
1401
1402
1403
1404
1405
1406
1407
1408
1409
1410
1411
1412
1413
1414
1415
1416
1417
1418
1419
1420
1421
1422
1423
1424
1425
1426
1427
1428
1429
1430
1431
1432
1433
1434
1435
1436
1437
1438
1439
1440
1441
1442
1443
1444
1445
1446
1447
1448
1449
1450
1451
1452
1453
1454
1455
1456
1457
1458
1459
1460
1461
1462
1463
1464
1465
1466
1467
1468
1469
1470
1471
1472
1473
1474
1475
1476
1477
1478
1479
1480
1481
1482
1483
1484
1485
1486
1487
1488
1489
1490
1491
1492
1493
1494
1495
1496
1497
1498
1499
1500
1501
1502
1503
1504
1505
1506
1507
1508
1509
1510
1511
1512
1513
1514
1515
1516
1517
1518
1519
1520
1521
1522
1523
1524
1525
1526
1527
1528
1529
1530
1531
1532
1533
1534
1535
1536
1537
1538
1539
1540
1541
1542
1543
1544
1545
1546
1547
1548
1549
1550
1551
1552
1553
1554
1555
1556
1557
1558
1559
1560
1561
1562
1563
1564
1565
1566
1567
1568
1569
1570
1571
1572
1573
1574
1575
1576
1577
1578
1579
1580
1581
1582
1583
1584
1585
1586
1587
1588
1589
1590
1591
1592
1593
1594
1595
1596
1597
1598
1599
1600
1601
1602
1603
1604
1605
1606
1607
1608
1609
1610
1611
1612
1613
1614
1615
1616
1617
1618
1619
1620
1621
1622
1623
1624
1625
1626
1627
1628
1629
1630
1631
1632
1633
1634
1635
1636
1637
1638
1639
1640
1641
1642
1643
1644
1645
1646
1647
1648
1649
1650
1651
1652
1653
1654
1655
1656
1657
1658
1659
1660
1661
1662
1663
1664
1665
1666
1667
1668
1669
1670
1671
1672
1673
1674
1675
1676
1677
1678
1679
1680
1681
1682
1683
1684
1685
1686
1687
1688
1689
1690
1691
1692
1693
1694
1695
1696
1697
1698
1699
1700
1701
1702
1703
1704
1705
1706
1707
1708
1709
1710
1711
1712
1713
1714
1715
1716
1717
1718
1719
1720
1721
1722
1723
1724
1725
1726
1727
1728
1729
1730
1731
1732
1733
1734
1735
1736
1737
1738
1739
1740
1741
1742
1743
1744
1745
1746
1747
1748
1749
1750
1751
1752
1753
1754
1755
1756
1757
1758
1759
1760
1761
1762
1763
1764
1765
1766
1767
1768
1769
1770
1771
1772
1773
1774
1775
1776
1777
1778
1779
1780
1781
1782
1783
1784
1785
1786
1787
1788
1789
1790
1791
1792
1793
1794
1795
1796
1797
1798
1799
1800
1801
1802
1803
1804
1805
1806
1807
1808
1809
1810
1811
1812
1813
1814
1815
1816
1817
1818
1819
1820
1821
1822
1823
1824
1825
1826
1827
1828
1829
1830
1831
1832
1833
1834
1835
1836
1837
1838
1839
1840
1841
1842
1843
1844
1845
1846
1847
1848
1849
1850
1851
1852
1853
1854
1855
1856
1857
1858
1859
1860
1861
1862
1863
1864
1865
1866
1867
1868
1869
1870
1871
1872
1873
1874
1875
1876
1877
1878
1879
1880
1881
1882
1883
1884
1885
1886
1887
1888
1889
1890
1891
1892
1893
1894
1895
1896
1897
1898
1899
1900
1901
1902
1903
1904
1905
1906
1907
1908
1909
1910
1911
1912
1913
1914
1915
1916
1917
1918
1919
1920
1921
1922
1923
1924
1925
1926
1927
1928
1929
1930
1931
1932
1933
1934
1935
1936
1937
1938
1939
1940
1941
1942
1943
1944
1945
1946
1947
1948
1949
1950
1951
1952
1953
1954
1955
1956
1957
1958
1959
1960
1961
1962
1963
1964
1965
1966
1967
1968
1969
1970
1971
1972
1973
1974
1975
1976
1977
1978
1979
1980
1981
1982
1983
1984
1985
1986
1987
1988
1989
1990
1991
1992
1993
1994
1995
1996
1997
1998
1999
2000
2001
2002
2003
2004
2005
2006
2007
2008
2009
2010
2011
2012
2013
2014
2015
2016
2017
2018
2019
2020
2021
2022
2023
2024
2025
2026
2027
2028
2029
2030
2031
2032
2033
2034
2035
2036
2037
2038
2039
2040
2041
2042
2043
2044
2045
2046
2047
2048
2049
2050
2051
2052
2053
2054
2055
2056
2057
2058
2059
2060
2061
2062
2063
2064
2065
2066
2067
2068
2069
2070
2071
2072
2073
2074
2075
2076
2077
2078
2079
2080
2081
2082
2083
2084
2085
2086
2087
2088
2089
2090
2091
2092
2093
2094
2095
2096
2097
2098
2099
2100
2101
2102
2103
2104
2105
2106
2107
2108
2109
2110
2111
2112
2113
2114
2115
2116
2117
2118
2119
2120
2121
2122
2123
2124
2125
2126
2127
2128
2129
2130
2131
2132
2133
2134
2135
2136
2137
2138
2139
2140
2141
2142
2143
2144
2145
2146
2147
2148
2149
2150
2151
2152
2153
2154
2155
2156
2157
2158
2159
2160
2161
2162
2163
2164
2165
2166
2167
2168
2169
2170
2171
2172
2173
2174
2175
2176
2177
2178
2179
2180
2181
2182
2183
2184
2185
2186
2187
2188
2189
2190
2191
2192
2193
2194
2195
2196
2197
2198
2199
2200
2201
2202
2203
2204
2205
2206
2207
2208
2209
2210
2211
2212
2213
2214
2215
2216
2217
2218
2219
2220
2221
2222
2223
2224
2225
2226
2227
2228
2229
2230
2231
2232
2233
2234
2235
2236
2237
2238
2239
2240
2241
2242
2243
2244
2245
2246
2247
2248
2249
2250
2251
2252
2253
2254
2255
2256
2257
2258
2259
2260
2261
2262
2263
2264
2265
2266
2267
2268
2269
2270
2271
2272
2273
2274
2275
2276
2277
2278
2279
2280
2281
2282
2283
2284
2285
2286
2287
2288
2289
2290
2291
2292
2293
2294
2295
2296
2297
2298
2299
2300
2301
2302
2303
2304
2305
2306
2307
2308
2309
2310
2311
2312
2313
2314
2315
2316
2317
2318
2319
2320
2321
2322
2323
2324
2325
2326
2327
2328
2329
2330
2331
2332
2333
2334
2335
2336
2337
2338
2339
2340
2341
2342
2343
2344
2345
2346
2347
2348
2349
2350
2351
2352
2353
2354
2355
2356
2357
2358
2359
2360
2361
2362
2363
2364
2365
2366
2367
2368
2369
2370
2371
2372
2373
2374
2375
2376
2377
2378
2379
2380
2381
2382
2383
2384
2385
2386
2387
2388
2389
2390
2391
2392
2393
2394
2395
2396
2397
2398
2399
2400
2401
2402
2403
2404
2405
2406
2407
2408
2409
2410
2411
2412
2413
2414
2415
2416
2417
2418
2419
2420
2421
2422
2423
2424
2425
2426
2427
2428
2429
2430
2431
2432
2433
2434
2435
2436
2437
2438
2439
2440
2441
2442
2443
2444
2445
2446
2447
2448
2449
2450
2451
2452
2453
2454
2455
2456
2457
2458
2459
2460
2461
2462
2463
2464
2465
2466
2467
2468
2469
2470
2471
2472
2473
2474
2475
2476
2477
2478
2479
2480
2481
2482
2483
2484
2485
2486
2487
2488
2489
2490
2491
2492
2493
2494
2495
2496
2497
2498
2499
2500
2501
2502
2503
2504
2505
2506
2507
2508
2509
2510
2511
2512
2513
2514
2515
2516
2517
2518
2519
2520
2521
2522
2523
2524
2525
2526
2527
2528
2529
2530
2531
2532
2533
2534
2535
2536
2537
2538
2539
2540
2541
2542
2543
2544
2545
2546
2547
2548
2549
2550
2551
2552
2553
2554
2555
2556
2557
2558
2559
2560
2561
2562
2563
2564
2565
2566
2567
2568
2569
2570
2571
2572
2573
2574
2575
2576
2577
2578
2579
2580
2581
2582
2583
2584
2585
2586
2587
2588
2589
2590
2591
2592
2593
2594
2595
2596
2597
2598
2599
2600
2601
2602
2603
2604
2605
2606
2607
2608
2609
2610
2611
2612
2613
2614
2615
2616
2617
2618
2619
2620
2621
2622
2623
2624
2625
2626
2627
2628
2629
2630
2631
2632
2633
2634
2635
2636
2637
2638
2639
2640
2641
2642
2643
2644
2645
2646
2647
2648
2649
2650
2651
2652
2653
2654
2655
2656
2657
2658
2659
2660
2661
2662
2663
2664
2665
2666
2667
2668
2669
2670
2671
2672
2673
2674
2675
2676
2677
2678
2679
2680
2681
2682
2683
2684
2685
2686
2687
2688
2689
2690
2691
2692
2693
2694
2695
2696
2697
2698
2699
2700
2701
2702
2703
2704
2705
2706
2707
2708
2709
2710
2711
2712
2713
2714
2715
2716
2717
2718
2719
2720
2721
2722
2723
2724
2725
2726
2727
2728
2729
2730
2731
2732
2733
2734
2735
2736
2737
2738
2739
2740
2741
2742
2743
2744
2745
2746
2747
2748
2749
2750
2751
2752
2753
2754
2755
2756
2757
2758
2759
2760
2761
2762
2763
2764
2765
2766
2767
2768
2769
2770
2771
2772
2773
2774
2775
2776
2777
2778
2779
2780
2781
2782
2783
2784
2785
2786
2787
2788
2789
2790
2791
2792
2793
2794
2795
2796
2797
2798
2799
2800
2801
2802
2803
2804
2805
2806
2807
2808
2809
2810
2811
2812
2813
2814
2815
2816
2817
2818
2819
2820
2821
2822
2823
2824
2825
2826
2827
2828
2829
2830
2831
2832
2833
2834
2835
2836
2837
2838
2839
2840
2841
2842
2843
2844
2845
2846
2847
2848
2849
2850
2851
2852
2853
2854
2855
2856
2857
2858
2859
2860
2861
2862
2863
2864
2865
2866
2867
2868
2869
2870
2871
2872
2873
2874
2875
2876
2877
2878
2879
2880
2881
2882
2883
2884
2885
2886
2887
2888
2889
2890
2891
2892
2893
2894
2895
2896
2897
2898
2899
2900
2901
2902
2903
2904
2905
2906
2907
2908
2909
2910
2911
2912
2913
2914
2915
2916
2917
2918
2919
2920
2921
2922
2923
2924
2925
2926
2927
2928
2929
2930
2931
2932
2933
2934
2935
2936
2937
2938
2939
2940
2941
2942
2943
2944
2945
2946
2947
2948
2949
2950
2951
2952
2953
2954
2955
2956
2957
2958
2959
2960
2961
2962
2963
2964
2965
2966
2967
2968
2969
2970
2971
2972
2973
2974
2975
2976
2977
2978
2979
2980
2981
2982
2983
2984
2985
2986
2987
2988
2989
2990
2991
2992
2993
2994
2995
2996
2997
2998
2999
3000
3001
3002
3003
3004
3005
3006
3007
3008
3009
3010
3011
3012
3013
3014
3015
3016
3017
3018
3019
3020
3021
3022
3023
3024
3025
3026
3027
3028
3029
3030
3031
3032
3033
3034
3035
3036
3037
3038
3039
3040
3041
3042
3043
3044
3045
3046
3047
3048
3049
3050
3051
3052
3053
3054
3055
3056
3057
3058
3059
3060
3061
3062
3063
3064
3065
3066
3067
3068
3069
3070
3071
3072
3073
3074
3075
3076
3077
3078
3079
3080
3081
3082
3083
3084
3085
3086
3087
3088
3089
3090
3091
3092
3093
3094
3095
3096
3097
3098
3099
3100
3101
3102
3103
3104
3105
3106
3107
3108
3109
3110
3111
3112
3113
3114
3115
3116
3117
3118
3119
3120
3121
3122
3123
3124
3125
3126
3127
3128
3129
3130
3131
3132
3133
3134
3135
3136
3137
3138
3139
3140
3141
3142
3143
3144
3145
3146
3147
3148
3149
3150
3151
3152
3153
3154
3155
3156
3157
3158
3159
3160
3161
3162
3163
3164
3165
3166
3167
3168
3169
3170
3171
3172
3173
3174
3175
3176
3177
3178
3179
3180
3181
3182
3183
3184
3185
3186
3187
3188
3189
3190
3191
3192
3193
3194
3195
3196
3197
3198
3199
3200
3201
3202
3203
3204
3205
3206
3207
3208
3209
3210
3211
3212
3213
3214
3215
3216
3217
3218
3219
3220
3221
3222
3223
3224
3225
3226
3227
3228
3229
3230
3231
3232
3233
3234
3235
3236
3237
3238
3239
3240
3241
3242
3243
3244
3245
3246
3247
3248
3249
3250
3251
3252
3253
3254
3255
3256
3257
3258
3259
3260
3261
3262
3263
3264
3265
3266
3267
3268
3269
3270
3271
3272
3273
3274
3275
3276
3277
3278
3279
3280
3281
3282
3283
3284
3285
3286
3287
3288
3289
3290
3291
3292
3293
3294
3295
3296
3297
3298
3299
3300
3301
3302
3303
3304
3305
3306
3307
3308
3309
3310
3311
3312
3313
3314
3315
3316
3317
3318
3319
3320
3321
3322
3323
3324
3325
3326
3327
3328
3329
3330
3331
3332
3333
3334
3335
3336
3337
3338
3339
3340
3341
3342
3343
3344
3345
3346
3347
3348
3349
3350
3351
3352
3353
3354
3355
3356
3357
3358
3359
3360
3361
3362
3363
3364
3365
3366
3367
3368
3369
3370
3371
3372
3373
3374
3375
3376
3377
3378
3379
3380
3381
3382
3383
3384
3385
3386
3387
3388
3389
3390
3391
3392
3393
3394
3395
3396
3397
3398
3399
3400
3401
3402
3403
3404
3405
3406
3407
3408
3409
3410
3411
3412
3413
3414
3415
3416
3417
3418
3419
3420
3421
3422
3423
3424
3425
3426
3427
3428
3429
3430
3431
3432
3433
3434
3435
3436
3437
3438
3439
3440
3441
3442
3443
3444
3445
3446
3447
3448
3449
3450
3451
3452
3453
3454
3455
3456
3457
3458
3459
3460
3461
3462
3463
3464
3465
3466
3467
3468
3469
3470
3471
3472
3473
3474
3475
3476
3477
3478
3479
3480
3481
3482
3483
3484
3485
3486
3487
3488
3489
3490
3491
3492
3493
3494
3495
3496
3497
3498
3499
3500
3501
3502
3503
3504
3505
3506
3507
3508
3509
3510
3511
3512
3513
3514
3515
3516
3517
3518
3519
3520
3521
3522
3523
3524
3525
3526
3527
3528
3529
3530
3531
3532
3533
3534
3535
3536
3537
3538
3539
3540
3541
3542
3543
3544
3545
3546
3547
3548
3549
3550
3551
3552
3553
3554
3555
3556
3557
3558
3559
3560
3561
3562
3563
3564
3565
3566
3567
3568
3569
3570
3571
3572
3573
3574
3575
3576
3577
3578
3579
3580
3581
3582
3583
3584
3585
3586
3587
3588
3589
3590
3591
3592
3593
3594
3595
3596
3597
3598
3599
3600
3601
3602
3603
3604
3605
3606
3607
3608
3609
3610
3611
3612
3613
3614
3615
3616
3617
3618
3619
3620
3621
3622
3623
3624
3625
3626
3627
3628
3629
3630
3631
3632
3633
3634
3635
3636
3637
3638
3639
3640
3641
3642
3643
3644
3645
3646
3647
3648
3649
3650
3651
3652
3653
3654
3655
3656
3657
3658
3659
3660
3661
3662
3663
3664
3665
3666
3667
3668
3669
3670
3671
3672
3673
3674
3675
3676
3677
3678
3679
3680
3681
3682
3683
3684
3685
3686
3687
3688
3689
3690
3691
3692
3693
3694
3695
3696
3697
3698
3699
3700
3701
3702
3703
3704
3705
3706
3707
3708
3709
3710
3711
3712
3713
3714
3715
3716
3717
3718
3719
3720
3721
3722
3723
3724
3725
3726
3727
3728
3729
3730
3731
3732
3733
3734
3735
3736
3737
3738
3739
3740
3741
3742
3743
3744
3745
3746
3747
3748
3749
3750
3751
3752
3753
3754
3755
3756
3757
3758
3759
3760
3761
3762
3763
3764
3765
3766
3767
3768
3769
3770
3771
3772
3773
3774
3775
3776
3777
3778
3779
3780
3781
3782
3783
3784
3785
3786
3787
3788
3789
3790
3791
3792
3793
3794
3795
3796
3797
3798
3799
3800
3801
3802
3803
3804
3805
3806
3807
3808
3809
3810
3811
3812
3813
3814
3815
3816
3817
3818
3819
3820
3821
3822
3823
3824
3825
3826
3827
3828
3829
3830
3831
3832
3833
3834
3835
3836
3837
3838
3839
3840
3841
3842
3843
3844
3845
3846
3847
3848
3849
3850
3851
3852
3853
3854
3855
3856
3857
3858
3859
3860
3861
3862
3863
3864
3865
3866
3867
3868
3869
3870
3871
3872
3873
3874
3875
3876
3877
3878
3879
3880
3881
3882
3883
3884
3885
3886
3887
3888
3889
3890
3891
3892
3893
3894
3895
3896
3897
3898
3899
3900
3901
3902
3903
3904
3905
3906
3907
3908
3909
3910
3911
3912
3913
3914
3915
3916
3917
3918
3919
3920
3921
3922
3923
3924
3925
3926
3927
3928
3929
3930
3931
3932
3933
3934
3935
3936
3937
3938
3939
3940
3941
3942
3943
3944
3945
3946
3947
3948
3949
3950
3951
3952
3953
3954
3955
3956
3957
3958
3959
3960
3961
3962
3963
3964
3965
3966
3967
3968
3969
3970
3971
3972
3973
3974
3975
3976
3977
3978
3979
3980
3981
3982
3983
3984
3985
3986
3987
3988
3989
3990
3991
3992
3993
3994
3995
3996
3997
3998
3999
4000
4001
4002
4003
4004
4005
4006
4007
4008
4009
4010
4011
4012
4013
4014
4015
4016
4017
4018
4019
4020
4021
4022
4023
4024
4025
4026
4027
4028
4029
4030
4031
4032
4033
4034
4035
4036
4037
4038
4039
4040
4041
4042
4043
4044
4045
4046
4047
4048
4049
4050
4051
4052
4053
4054
4055
4056
4057
4058
4059
4060
4061
4062
4063
4064
4065
4066
4067
4068
4069
4070
4071
4072
4073
4074
4075
4076
4077
4078
4079
4080
4081
4082
4083
4084
4085
4086
4087
4088
4089
4090
4091
4092
4093
4094
4095
4096
4097
4098
4099
4100
4101
4102
4103
4104
4105
4106
4107
4108
4109
4110
4111
4112
4113
4114
4115
4116
4117
4118
4119
4120
4121
4122
4123
4124
4125
4126
4127
4128
4129
4130
4131
4132
4133
4134
4135
4136
4137
4138
4139
4140
4141
4142
4143
4144
4145
4146
4147
4148
4149
4150
4151
4152
4153
4154
4155
4156
4157
4158
4159
4160
4161
4162
4163
4164
4165
4166
4167
4168
4169
4170
4171
4172
4173
4174
4175
4176
4177
4178
4179
4180
4181
4182
4183
4184
4185
4186
4187
4188
4189
4190
4191
4192
4193
4194
4195
4196
4197
4198
4199
4200
4201
4202
4203
4204
4205
4206
4207
4208
4209
4210
4211
4212
4213
4214
4215
4216
4217
4218
4219
4220
4221
4222
4223
4224
4225
4226
4227
4228
4229
4230
4231
4232
4233
4234
4235
4236
4237
4238
4239
4240
4241
4242
4243
4244
4245
4246
4247
4248
4249
4250
4251
4252
4253
4254
4255
4256
4257
4258
4259
4260
4261
4262
4263
4264
4265
4266
4267
4268
4269
4270
4271
4272
4273
4274
4275
4276
4277
4278
4279
4280
4281
4282
4283
4284
4285
4286
4287
4288
4289
4290
4291
4292
4293
4294
4295
4296
4297
4298
4299
4300
4301
4302
4303
4304
4305
4306
4307
4308
4309
4310
4311
4312
4313
4314
4315
4316
4317
4318
4319
4320
4321
4322
4323
4324
4325
4326
4327
4328
4329
4330
4331
4332
4333
4334
4335
4336
4337
4338
4339
4340
4341
4342
4343
4344
4345
4346
4347
4348
4349
4350
4351
4352
4353
4354
4355
4356
4357
4358
4359
4360
4361
4362
4363
4364
4365
4366
4367
4368
4369
4370
4371
4372
4373
4374
4375
4376
4377
4378
4379
4380
4381
4382
4383
4384
4385
4386
4387
4388
4389
4390
4391
4392
4393
4394
4395
4396
4397
4398
4399
4400
4401
4402
4403
4404
4405
4406
4407
4408
4409
4410
4411
4412
4413
4414
4415
4416
4417
4418
4419
4420
4421
4422
4423
4424
4425
4426
4427
4428
4429
4430
4431
4432
4433
4434
4435
4436
4437
4438
4439
4440
4441
4442
4443
4444
4445
4446
4447
4448
4449
4450
4451
4452
4453
4454
4455
4456
4457
4458
4459
4460
4461
4462
4463
4464
4465
4466
4467
4468
4469
4470
4471
4472
4473
4474
4475
4476
4477
4478
4479
4480
4481
4482
4483
4484
4485
4486
4487
4488
4489
4490
4491
4492
4493
4494
4495
4496
4497
4498
4499
4500
4501
4502
4503
4504
4505
4506
4507
4508
4509
4510
4511
4512
4513
4514
4515
4516
4517
4518
4519
4520
4521
4522
4523
4524
4525
4526
4527
4528
4529
4530
4531
4532
4533
4534
4535
4536
4537
4538
4539
4540
4541
4542
4543
4544
4545
4546
4547
4548
4549
4550
4551
4552
4553
4554
4555
4556
4557
4558
4559
4560
4561
4562
4563
4564
4565
4566
4567
4568
4569
4570
4571
4572
4573
4574
4575
4576
4577
4578
4579
4580
4581
4582
4583
4584
4585
4586
4587
4588
4589
4590
4591
4592
4593
4594
4595
4596
4597
4598
4599
4600
4601
4602
4603
4604
4605
4606
4607
4608
4609
4610
4611
4612
4613
4614
4615
4616
4617
4618
4619
4620
4621
4622
4623
4624
4625
4626
4627
4628
4629
4630
4631
4632
4633
4634
4635
4636
4637
4638
4639
4640
4641
4642
4643
4644
4645
4646
4647
4648
4649
4650
4651
4652
4653
4654
4655
4656
4657
4658
4659
4660
4661
4662
4663
4664
4665
4666
4667
4668
4669
4670
4671
4672
4673
4674
4675
4676
4677
4678
4679
4680
4681
4682
4683
4684
4685
4686
4687
4688
4689
4690
4691
4692
4693
4694
4695
4696
4697
4698
4699
4700
4701
4702
4703
4704
4705
4706
4707
4708
4709
4710
4711
4712
4713
4714
4715
4716
4717
4718
4719
4720
4721
4722
4723
4724
4725
4726
4727
4728
4729
4730
4731
4732
4733
4734
4735
4736
4737
4738
4739
4740
4741
4742
4743
4744
4745
4746
4747
4748
4749
4750
4751
4752
4753
4754
4755
4756
4757
4758
4759
4760
4761
4762
4763
4764
4765
4766
4767
4768
4769
4770
4771
4772
4773
4774
4775
4776
4777
4778
4779
4780
4781
4782
4783
4784
4785
4786
4787
4788
4789
4790
4791
4792
4793
4794
4795
4796
4797
4798
4799
4800
4801
4802
4803
4804
4805
4806
4807
4808
4809
4810
4811
4812
4813
4814
4815
4816
4817
4818
4819
4820
4821
4822
4823
4824
4825
4826
4827
4828
4829
4830
4831
4832
4833
4834
4835
4836
4837
4838
4839
4840
4841
4842
4843
4844
4845
4846
4847
4848
4849
4850
4851
4852
4853
4854
4855
4856
4857
4858
4859
4860
4861
4862
4863
4864
4865
4866
4867
4868
4869
4870
4871
4872
4873
4874
4875
4876
4877
4878
4879
4880
4881
4882
4883
4884
4885
4886
4887
4888
4889
4890
4891
4892
4893
4894
4895
4896
4897
4898
4899
4900
4901
4902
4903
4904
4905
4906
4907
4908
4909
4910
4911
4912
4913
4914
4915
4916
4917
4918
4919
4920
4921
4922
4923
4924
4925
4926
4927
4928
4929
4930
4931
4932
4933
4934
4935
4936
4937
4938
4939
4940
4941
4942
4943
4944
4945
4946
4947
4948
4949
4950
4951
4952
4953
4954
4955
4956
4957
4958
4959
4960
4961
4962
4963
4964
4965
4966
4967
4968
4969
4970
4971
4972
4973
4974
4975
4976
4977
4978
4979
4980
4981
4982
4983
4984
4985
4986
4987
4988
4989
4990
4991
4992
4993
4994
4995
4996
4997
4998
4999
5000
5001
5002
5003
5004
5005
5006
5007
5008
5009
5010
5011
5012
5013
5014
5015
5016
5017
5018
5019
5020
5021
5022
5023
5024
5025
5026
5027
5028
5029
5030
5031
5032
5033
5034
5035
5036
5037
5038
5039
5040
5041
5042
5043
5044
5045
5046
5047
5048
5049
5050
5051
5052
5053
5054
5055
5056
5057
5058
5059
5060
5061
5062
5063
5064
5065
5066
5067
5068
5069
5070
5071
5072
5073
5074
5075
5076
5077
5078
5079
5080
5081
5082
5083
5084
5085
5086
5087
5088
5089
5090
5091
5092
5093
5094
5095
5096
5097
5098
5099
5100
5101
5102
5103
5104
5105
5106
5107
5108
5109
5110
5111
5112
5113
5114
5115
5116
5117
5118
5119
5120
5121
5122
5123
5124
5125
5126
5127
5128
5129
5130
5131
5132
5133
5134
5135
5136
5137
5138
5139
5140
5141
5142
5143
5144
5145
5146
5147
5148
5149
5150
5151
5152
5153
5154
5155
5156
5157
5158
5159
5160
5161
5162
5163
5164
5165
5166
5167
5168
5169
5170
5171
5172
5173
5174
5175
5176
5177
5178
5179
5180
5181
5182
5183
5184
5185
5186
5187
5188
5189
5190
5191
5192
5193
5194
5195
5196
5197
5198
5199
5200
5201
5202
5203
5204
5205
5206
5207
5208
5209
5210
5211
5212
5213
5214
5215
5216
5217
5218
5219
5220
5221
5222
5223
5224
5225
5226
5227
5228
5229
5230
5231
5232
5233
5234
5235
5236
5237
5238
5239
5240
5241
5242
5243
5244
5245
5246
5247
5248
5249
5250
5251
5252
5253
5254
5255
5256
5257
5258
5259
5260
5261
5262
5263
5264
5265
5266
5267
5268
5269
5270
5271
5272
5273
5274
5275
5276
5277
5278
5279
5280
5281
5282
5283
5284
5285
5286
5287
5288
5289
5290
5291
5292
5293
5294
5295
5296
5297
5298
5299
5300
5301
5302
5303
5304
5305
5306
5307
5308
5309
5310
5311
5312
5313
5314
5315
5316
5317
5318
5319
5320
5321
5322
5323
5324
5325
5326
5327
5328
5329
5330
5331
5332
5333
5334
5335
5336
5337
5338
5339
5340
5341
5342
5343
5344
5345
5346
5347
5348
5349
5350
5351
5352
5353
5354
5355
5356
5357
5358
5359
5360
5361
5362
5363
5364
5365
5366
5367
5368
5369
5370
5371
5372
5373
5374
5375
5376
5377
5378
5379
5380
5381
5382
5383
5384
5385
5386
5387
5388
5389
5390
5391
5392
5393
5394
5395
5396
5397
5398
5399
5400
5401
5402
5403
5404
5405
5406
5407
5408
5409
5410
5411
5412
5413
5414
5415
5416
5417
5418
5419
5420
5421
5422
5423
5424
5425
5426
5427
5428
5429
5430
5431
5432
5433
5434
5435
5436
5437
5438
5439
5440
5441
5442
5443
5444
5445
5446
5447
5448
5449
5450
5451
5452
5453
5454
5455
5456
5457
5458
5459
5460
5461
5462
5463
5464
5465
5466
5467
5468
5469
5470
5471
5472
5473
5474
5475
5476
5477
5478
5479
5480
5481
5482
5483
5484
5485
5486
5487
5488
5489
5490
5491
5492
5493
5494
5495
5496
5497
5498
5499
5500
5501
5502
5503
5504
5505
5506
5507
5508
5509
5510
5511
5512
5513
5514
5515
5516
5517
5518
5519
5520
5521
5522
5523
5524
5525
5526
5527
5528
5529
5530
5531
5532
5533
5534
5535
5536
5537
5538
5539
5540
5541
5542
5543
5544
5545
5546
5547
5548
5549
5550
5551
5552
5553
5554
5555
5556
5557
5558
5559
5560
5561
5562
5563
5564
5565
5566
5567
5568
5569
5570
5571
5572
5573
5574
5575
5576
5577
5578
5579
5580
5581
5582
5583
5584
5585
5586
5587
5588
5589
5590
5591
5592
5593
5594
5595
5596
5597
5598
5599
5600
5601
5602
5603
5604
5605
5606
5607
5608
5609
5610
5611
5612
5613
5614
5615
5616
5617
5618
5619
5620
5621
5622
5623
5624
5625
5626
5627
5628
5629
5630
5631
5632
5633
5634
5635
5636
5637
5638
5639
5640
5641
5642
5643
5644
5645
5646
5647
5648
5649
5650
5651
5652
5653
5654
5655
5656
5657
5658
5659
5660
5661
5662
5663
5664
5665
5666
5667
5668
5669
5670
5671
5672
5673
5674
5675
5676
5677
5678
5679
5680
5681
5682
5683
5684
5685
5686
5687
5688
5689
5690
5691
5692
5693
5694
5695
5696
5697
5698
5699
5700
5701
5702
5703
5704
5705
5706
5707
5708
5709
5710
5711
5712
5713
5714
5715
5716
5717
5718
5719
5720
5721
5722
5723
5724
5725
5726
5727
5728
5729
5730
5731
5732
5733
5734
5735
5736
5737
5738
5739
5740
5741
5742
5743
5744
5745
5746
5747
5748
5749
5750
5751
5752
5753
5754
5755
5756
5757
5758
5759
5760
5761
5762
5763
5764
5765
5766
5767
5768
5769
5770
5771
5772
5773
5774
5775
5776
5777
5778
5779
5780
5781
5782
5783
5784
5785
5786
5787
5788
5789
5790
5791
5792
5793
5794
5795
5796
5797
5798
5799
5800
5801
5802
5803
5804
5805
5806
5807
5808
5809
5810
5811
5812
5813
5814
5815
5816
5817
5818
5819
5820
5821
5822
5823
5824
5825
5826
5827
5828
5829
5830
5831
5832
5833
5834
5835
5836
5837
5838
5839
5840
5841
5842
5843
5844
5845
5846
5847
5848
5849
5850
5851
5852
5853
5854
5855
5856
5857
5858
5859
5860
5861
5862
5863
5864
5865
5866
5867
5868
5869
5870
5871
5872
5873
5874
5875
5876
5877
5878
5879
5880
5881
5882
5883
5884
5885
5886
5887
5888
5889
5890
5891
5892
5893
5894
5895
5896
5897
5898
5899
5900
5901
5902
5903
5904
5905
5906
5907
5908
5909
5910
5911
5912
5913
5914
5915
5916
5917
5918
5919
5920
5921
5922
5923
5924
5925
5926
5927
5928
5929
5930
5931
5932
5933
5934
5935
5936
5937
5938
5939
5940
5941
5942
5943
5944
5945
5946
5947
5948
5949
5950
5951
5952
5953
5954
5955
5956
5957
5958
5959
5960
5961
5962
5963
5964
5965
5966
5967
5968
5969
5970
5971
5972
5973
5974
5975
5976
5977
5978
5979
5980
5981
5982
5983
5984
5985
5986
5987
5988
5989
5990
5991
5992
5993
5994
5995
5996
5997
5998
5999
6000
6001
6002
6003
6004
6005
6006
6007
6008
6009
6010
6011
6012
6013
6014
6015
6016
6017
6018
6019
6020
6021
6022
6023
6024
6025
6026
6027
6028
6029
6030
6031
6032
6033
6034
6035
6036
6037
6038
6039
6040
6041
6042
6043
6044
6045
6046
6047
6048
6049
6050
6051
6052
6053
6054
6055
6056
6057
6058
6059
6060
6061
6062
6063
6064
6065
6066
6067
6068
6069
6070
6071
6072
6073
6074
6075
6076
6077
6078
6079
6080
6081
6082
6083
6084
6085
6086
6087
6088
6089
6090
6091
6092
6093
6094
6095
6096
6097
6098
6099
6100
6101
6102
6103
6104
6105
6106
6107
6108
6109
6110
6111
6112
6113
6114
6115
6116
6117
6118
6119
6120
6121
6122
6123
6124
6125
6126
6127
6128
6129
6130
6131
6132
6133
6134
6135
6136
6137
6138
6139
6140
6141
6142
6143
6144
6145
6146
6147
6148
6149
6150
6151
6152
6153
6154
6155
6156
6157
6158
6159
6160
6161
6162
6163
6164
6165
6166
6167
6168
6169
6170
6171
6172
6173
6174
6175
6176
6177
6178
6179
6180
6181
6182
6183
6184
6185
6186
6187
6188
6189
6190
6191
6192
6193
6194
6195
6196
6197
6198
6199
6200
6201
6202
6203
6204
6205
6206
6207
6208
6209
6210
6211
6212
6213
6214
6215
6216
6217
6218
6219
6220
6221
6222
6223
6224
6225
6226
6227
6228
6229
6230
6231
6232
6233
6234
6235
6236
6237
6238
6239
6240
6241
6242
6243
6244
6245
6246
6247
6248
6249
6250
6251
6252
6253
6254
6255
6256
6257
6258
6259
6260
6261
6262
6263
6264
6265
6266
6267
6268
6269
6270
6271
6272
6273
6274
6275
6276
6277
6278
6279
6280
6281
6282
6283
6284
6285
6286
6287
6288
6289
6290
6291
6292
6293
6294
6295
6296
6297
6298
6299
6300
6301
6302
6303
6304
6305
6306
6307
6308
6309
6310
6311
6312
6313
6314
6315
6316
6317
6318
6319
6320
6321
6322
6323
6324
6325
6326
6327
6328
6329
6330
6331
6332
6333
6334
6335
6336
6337
6338
6339
6340
6341
6342
6343
6344
6345
6346
6347
6348
6349
6350
6351
6352
6353
6354
6355
6356
6357
6358
6359
6360
6361
6362
6363
6364
6365
6366
6367
6368
6369
6370
6371
6372
6373
6374
6375
6376
6377
6378
6379
6380
6381
6382
6383
6384
6385
6386
6387
6388
6389
6390
6391
6392
6393
6394
6395
6396
6397
6398
6399
6400
6401
6402
6403
6404
6405
6406
6407
6408
6409
6410
6411
6412
6413
6414
6415
6416
6417
6418
6419
6420
6421
6422
6423
6424
6425
6426
6427
6428
6429
6430
6431
6432
6433
6434
6435
6436
6437
6438
6439
6440
6441
6442
6443
6444
6445
6446
6447
6448
6449
6450
6451
6452
6453
6454
6455
6456
6457
6458
6459
6460
6461
6462
6463
6464
6465
6466
6467
6468
6469
6470
6471
6472
6473
6474
6475
6476
6477
6478
6479
6480
6481
6482
6483
6484
6485
6486
6487
6488
6489
6490
6491
6492
6493
6494
6495
6496
6497
6498
6499
6500
6501
6502
6503
6504
6505
6506
6507
6508
6509
6510
6511
6512
6513
6514
6515
6516
6517
6518
6519
6520
6521
6522
6523
6524
6525
6526
6527
6528
6529
6530
6531
6532
6533
6534
6535
6536
6537
6538
6539
6540
6541
6542
6543
6544
6545
6546
6547
6548
6549
6550
6551
6552
6553
6554
6555
6556
6557
6558
6559
6560
6561
6562
6563
6564
6565
6566
6567
6568
6569
6570
6571
6572
6573
6574
6575
6576
6577
6578
6579
6580
6581
6582
6583
6584
6585
6586
6587
6588
6589
6590
6591
6592
6593
6594
6595
6596
6597
6598
6599
6600
6601
6602
6603
6604
6605
6606
6607
6608
6609
6610
6611
6612
6613
6614
6615
6616
6617
6618
6619
6620
6621
6622
6623
6624
6625
6626
6627
6628
6629
6630
6631
6632
6633
6634
6635
6636
6637
6638
6639
6640
6641
6642
6643
6644
6645
6646
6647
6648
6649
6650
6651
6652
6653
6654
6655
6656
6657
6658
6659
6660
6661
6662
6663
6664
6665
6666
6667
6668
6669
6670
6671
6672
6673
6674
6675
6676
6677
6678
6679
6680
6681
6682
6683
6684
6685
6686
6687
6688
6689
6690
6691
6692
6693
6694
6695
6696
6697
6698
6699
6700
6701
6702
6703
6704
6705
6706
6707
6708
6709
6710
6711
6712
6713
6714
6715
6716
6717
6718
6719
6720
6721
6722
6723
6724
6725
6726
6727
6728
6729
6730
6731
6732
6733
6734
6735
6736
6737
6738
6739
6740
6741
6742
6743
6744
6745
6746
6747
6748
6749
6750
6751
6752
6753
6754
6755
6756
6757
6758
6759
6760
6761
6762
6763
6764
6765
6766
6767
6768
6769
6770
6771
6772
6773
6774
6775
6776
6777
6778
6779
6780
6781
6782
6783
6784
6785
6786
6787
6788
6789
6790
6791
6792
6793
6794
6795
6796
6797
6798
6799
6800
6801
6802
6803
6804
6805
6806
6807
6808
6809
6810
6811
6812
6813
6814
6815
6816
6817
6818
6819
6820
6821
6822
6823
6824
6825
6826
6827
6828
6829
6830
6831
6832
6833
6834
6835
6836
6837
6838
6839
6840
6841
6842
6843
6844
6845
6846
6847
6848
6849
6850
6851
6852
6853
6854
6855
6856
6857
6858
6859
6860
6861
6862
6863
6864
6865
6866
6867
6868
6869
6870
6871
6872
6873
6874
6875
6876
6877
6878
6879
6880
6881
6882
6883
6884
6885
6886
6887
6888
6889
6890
6891
6892
6893
6894
6895
6896
6897
6898
6899
6900
6901
6902
6903
6904
6905
6906
6907
6908
6909
6910
6911
6912
6913
6914
6915
6916
6917
6918
6919
6920
6921
6922
6923
6924
6925
6926
6927
6928
6929
6930
6931
6932
6933
6934
6935
6936
6937
6938
6939
6940
6941
6942
6943
6944
6945
6946
6947
6948
6949
6950
6951
6952
6953
6954
6955
6956
6957
6958
6959
6960
6961
6962
6963
6964
6965
6966
6967
6968
6969
6970
6971
6972
6973
6974
6975
6976
6977
6978
6979
6980
6981
6982
6983
6984
6985
6986
6987
6988
6989
6990
6991
6992
6993
6994
6995
6996
6997
6998
6999
7000
7001
7002
7003
7004
7005
7006
7007
7008
7009
7010
7011
7012
7013
7014
7015
7016
7017
7018
7019
7020
7021
7022
7023
7024
7025
7026
7027
7028
7029
7030
7031
7032
7033
7034
7035
7036
7037
7038
7039
7040
7041
7042
7043
7044
7045
7046
7047
7048
7049
7050
7051
7052
7053
7054
7055
7056
7057
7058
7059
7060
7061
7062
7063
7064
7065
7066
7067
7068
7069
7070
7071
7072
7073
7074
7075
7076
7077
7078
7079
7080
7081
7082
7083
7084
7085
7086
7087
7088
7089
7090
7091
7092
7093
7094
7095
7096
7097
7098
7099
7100
7101
7102
7103
7104
7105
7106
7107
7108
7109
7110
7111
7112
7113
7114
7115
7116
7117
7118
7119
7120
7121
7122
7123
7124
7125
7126
7127
7128
7129
7130
7131
7132
7133
7134
7135
7136
7137
7138
7139
7140
7141
7142
7143
7144
7145
7146
7147
7148
7149
7150
7151
7152
7153
7154
7155
7156
7157
7158
7159
7160
7161
7162
7163
7164
7165
7166
7167
7168
7169
7170
7171
7172
7173
7174
7175
7176
7177
7178
7179
7180
7181
7182
7183
7184
7185
7186
7187
7188
7189
7190
7191
7192
7193
7194
7195
7196
7197
7198
7199
7200
7201
7202
7203
7204
7205
7206
7207
7208
7209
7210
7211
7212
7213
7214
7215
7216
7217
7218
7219
7220
7221
7222
7223
7224
7225
7226
7227
7228
7229
7230
7231
7232
7233
7234
7235
7236
7237
7238
7239
7240
7241
7242
7243
7244
7245
7246
7247
7248
7249
7250
7251
7252
7253
7254
7255
7256
7257
7258
7259
7260
7261
7262
7263
7264
7265
7266
7267
7268
7269
7270
7271
7272
7273
7274
7275
7276
7277
7278
7279
7280
7281
7282
7283
7284
7285
7286
7287
7288
7289
7290
7291
7292
7293
7294
7295
7296
7297
7298
7299
7300
7301
7302
7303
7304
7305
7306
7307
7308
7309
7310
7311
7312
7313
7314
7315
7316
7317
7318
7319
7320
7321
7322
7323
7324
7325
7326
7327
7328
7329
7330
7331
7332
7333
7334
7335
7336
7337
7338
7339
7340
7341
7342
7343
7344
7345
7346
7347
7348
7349
7350
7351
7352
7353
7354
7355
7356
7357
7358
7359
7360
7361
7362
7363
7364
7365
7366
7367
7368
7369
7370
7371
7372
7373
7374
7375
7376
7377
7378
7379
7380
7381
7382
7383
7384
7385
7386
7387
7388
7389
7390
7391
7392
7393
7394
7395
7396
7397
7398
7399
7400
7401
7402
7403
7404
7405
7406
7407
7408
7409
7410
7411
7412
7413
7414
7415
7416
7417
7418
7419
7420
7421
7422
7423
7424
7425
7426
7427
7428
7429
7430
7431
7432
7433
7434
7435
7436
7437
7438
7439
7440
7441
7442
7443
7444
7445
7446
7447
7448
7449
7450
7451
7452
7453
7454
7455
7456
7457
7458
7459
7460
7461
7462
7463
7464
7465
7466
7467
7468
7469
7470
7471
7472
7473
7474
7475
7476
7477
7478
7479
7480
7481
7482
7483
7484
7485
7486
7487
7488
7489
7490
7491
7492
7493
7494
7495
7496
7497
7498
7499
7500
7501
7502
7503
7504
7505
7506
7507
7508
7509
7510
7511
7512
7513
7514
7515
7516
7517
7518
7519
7520
7521
7522
7523
7524
7525
7526
7527
7528
7529
7530
7531
7532
7533
7534
7535
7536
7537
7538
7539
7540
7541
7542
7543
7544
7545
7546
7547
7548
7549
7550
7551
7552
7553
7554
7555
7556
7557
7558
7559
7560
7561
7562
7563
7564
7565
7566
7567
7568
7569
7570
7571
7572
7573
7574
7575
7576
7577
7578
7579
7580
7581
7582
7583
7584
7585
7586
7587
7588
7589
7590
7591
7592
7593
7594
7595
7596
7597
7598
7599
7600
7601
7602
7603
7604
7605
7606
7607
7608
7609
7610
7611
7612
7613
7614
7615
7616
7617
7618
7619
7620
7621
7622
7623
7624
7625
7626
7627
7628
7629
7630
7631
7632
7633
7634
7635
7636
7637
7638
7639
7640
7641
7642
7643
7644
7645
7646
7647
7648
7649
7650
7651
7652
7653
7654
7655
7656
7657
7658
7659
7660
7661
7662
7663
7664
7665
7666
7667
7668
7669
7670
7671
7672
7673
7674
7675
7676
7677
7678
7679
7680
7681
7682
7683
7684
7685
7686
7687
7688
7689
7690
7691
7692
7693
7694
7695
7696
7697
7698
7699
7700
7701
7702
7703
7704
7705
7706
7707
7708
7709
7710
7711
7712
7713
7714
7715
7716
7717
7718
7719
7720
7721
7722
7723
7724
7725
7726
7727
7728
7729
7730
7731
7732
7733
7734
7735
7736
7737
7738
7739
7740
7741
7742
7743
7744
7745
7746
7747
7748
7749
7750
7751
7752
7753
7754
7755
7756
7757
7758
7759
7760
7761
7762
7763
7764
7765
7766
7767
7768
7769
7770
7771
7772
7773
7774
7775
7776
7777
7778
7779
7780
7781
7782
7783
7784
7785
7786
7787
7788
7789
7790
7791
7792
7793
7794
7795
7796
7797
7798
7799
7800
7801
7802
7803
7804
7805
7806
7807
7808
7809
7810
7811
7812
7813
7814
7815
7816
7817
7818
7819
7820
7821
7822
7823
7824
7825
7826
7827
7828
7829
7830
7831
7832
7833
7834
7835
7836
7837
7838
7839
7840
7841
7842
7843
7844
7845
7846
7847
7848
7849
7850
7851
7852
7853
7854
7855
7856
7857
7858
7859
7860
7861
7862
7863
7864
7865
7866
7867
7868
7869
7870
7871
7872
7873
7874
7875
7876
7877
7878
7879
7880
7881
7882
7883
7884
7885
7886
7887
7888
7889
7890
7891
7892
7893
7894
7895
7896
7897
7898
7899
7900
7901
7902
7903
7904
7905
7906
7907
7908
7909
7910
7911
7912
7913
7914
7915
7916
7917
7918
7919
7920
7921
7922
7923
7924
7925
7926
7927
7928
7929
7930
7931
7932
7933
7934
7935
7936
7937
7938
7939
7940
7941
7942
7943
7944
7945
7946
7947
7948
7949
7950
7951
7952
7953
7954
7955
7956
7957
7958
7959
7960
7961
7962
7963
7964
7965
7966
7967
7968
7969
7970
7971
7972
7974
7975
7976
7977
7978
7979
7980
7981
7982
7983
7984
7985
7986
7987
7988
7989
7990
7991
7992
7993
7994
7995
7996
7997
7998
7999
8000
8001
8002
8003
8004
8005
8006
8007
8008
8009
8010
8011
8012
8013
8014
8015
8016
8017
8018
8019
8020
8021
8022
8023
8024
8025
8026
8027
8028
8029
8030
8031
8032
8033
8034
8035
8036
8037
8038
8039
8040
8041
8042
8043
8044
8045
8046
8047
8048
8049
8050
8051
8052
8053
8054
8055
8056
8057
8058
8059
8060
8061
8062
8063
8064
8065
8066
8067
8068
8069
8070
8071
8072
8073
8074
8075
8076
8077
8078
8079
8080
8081
8082
8083
8084
8085
8086
8087
8088
8089
8090
8091
8092
8093
8094
8095
8096
8097
8098
8099
8100
8101
8102
8103
8104
8105
8106
8107
8108
8109
8110
8111
8112
8113
8114
8115
8116
8117
8118
8119
8120
8121
8122
8123
8124
8125
8126
8127
8128
8129
8130
8131
8132
8133
8134
8135
8136
8137
8138
8139
8140
8141
8142
8143
8144
8145
8146
8147
8148
8149
8150
8151
8152
8153
8154
8155
8156
8157
8158
8159
8160
8161
8162
8163
8164
8165
8166
8167
8168
8169
8170
8171
8172
8173
8174
8175
8176
8177
8178
8179
8180
8181
8182
8183
8184
8185
8186
8187
8188
8189
8190
8191
8192
8193
8194
8195
8196
8197
8198
8199
8200
8201
8202
8203
8204
8205
8206
8207
8208
8209
8210
8211
8212
8213
8214
8215
8216
8217
8218
8219
8220
8221
8222
8223
8224
8225
8226
8227
8228
8229
8230
8231
8232
8233
8234
8235
8236
8237
8238
8239
8240
8241
8242
8243
8244
8245
8246
8247
8248
8249
8250
8251
8252
8253
8254
8255
8256
8257
8258
8259
8260
8261
8262
8263
8264
8265
8266
8267
8268
8269
8270
8271
8272
8273
8274
8275
8276
8277
8278
8279
8280
8281
8282
8283
8284
8285
8286
8287
8288
8289
8290
8291
8292
8293
8294
8295
8296
8297
8298
8299
8300
8301
8302
8303
8304
8305
8306
8307
8308
8309
8310
8311
8312
8313
8314
8315
8316
8317
8318
8319
8320
8321
8322
8323
8324
8325
8326
8327
8328
8329
8330
8331
8332
8333
8334
8335
8336
8337
8338
8339
8340
8341
8342
8343
8344
8345
8346
8347
8348
8349
8350
8351
8352
8353
8354
8355
8356
8357
8358
8359
8360
8361
8362
8363
8364
8365
8366
8367
8368
8369
8370
8371
8372
8373
8374
8375
8376
8377
8378
8379
8380
8381
8382
8383
8384
8385
8386
8387
8388
8389
8390
8391
8392
8393
8394
8395
8396
8397
8398
8399
8400
8401
8402
8403
8404
8405
8406
8407
8408
8409
8410
8411
8412
8413
8414
8415
8416
8417
8418
8419
8420
8421
8422
8423
8424
8425
8426
8427
8428
8429
8430
8431
8432
8433
8434
8435
8436
8437
8438
8439
8440
8441
8442
8443
8444
8445
8446
8447
8448
8449
8450
8451
8452
8453
8454
8455
8456
8457
8458
8459
8460
8461
8462
8463
8464
8465
8466
8467
8468
8469
8470
8471
8472
8473
8474
8475
8476
8477
8478
8479
8480
8481
8482
8483
8484
8485
8486
8487
8488
8489
8490
8491
8492
8493
8494
8495
8496
8497
8498
8499
8500
8501
8502
8503
8504
8505
8506
8507
8508
8509
8510
8511
8512
8513
8514
8515
8516
8517
8518
8519
8520
8521
8522
8523
8524
8525
8526
8527
8528
8529
8530
8531
8532
8533
8534
8535
8536
8537
8538
8539
8540
8541
8542
8543
8544
8545
8546
8547
8548
8549
8550
8551
8552
8553
8554
8555
8556
8557
8558
8559
8560
8561
8562
8563
8564
8565
8566
8567
8568
8569
8570
8571
8572
8573
8574
8575
8576
8577
8578
8579
8580
8581
8582
8583
8584
8585
8586
8587
8588
8589
8590
8591
8592
8593
8594
8595
8596
8597
8598
8599
8600
8601
8602
8603
8604
8605
8606
8607
8608
8609
8610
8611
8612
8613
8614
8615
8616
8617
8618
8619
8620
8621
8622
8623
8624
8625
8626
8627
8628
8629
8630
8631
8632
8633
8634
8635
8636
8637
8638
8639
8640
8641
8642
8643
8644
8645
8646
8647
8648
8649
8650
8651
8652
8653
8654
8655
8656
8657
8658
8659
8660
8661
8662
8663
8664
8665
8666
8667
8668
8669
8670
8671
8672
8673
8674
8675
8676
8677
8678
8679
8680
8681
8682
8683
8684
8685
8686
8687
8688
8689
8690
8691
8692
8693
8694
8695
8696
8697
8698
8699
8700
8701
8702
8703
8704
8705
8706
8707
8708
8709
8710
8711
8712
8713
8714
8715
8716
8717
8718
8719
8720
8721
8722
8723
8724
8725
8726
8727
8728
8729
8730
8731
8732
8733
8734
8735
8736
8737
8738
8739
8740
8741
8742
8743
8744
8745
8746
8747
8748
8749
8750
8751
8752
8753
8754
8755
8756
8757
8758
8759
8760
8761
8762
8763
8764
8765
8766
8767
8768
8769
8770
8771
8772
8773
8774
8775
8776
8777
8778
8779
8780
8781
8782
8783
8784
8785
8786
8787
8788
8789
8790
8791
8792
8793
8794
8795
8796
8797
8798
8799
8800
8801
8802
8803
8804
8805
8806
8807
8808
8809
8810
8811
8812
8813
8814
8815
8816
8817
8818
8819
8820
8821
8822
8823
8824
8825
8826
8827
8828
8829
8830
8831
8832
8833
8834
8835
8836
8837
8838
8839
8840
8841
8842
8843
8844
8845
8846
8847
8848
8849
8850
8851
8852
8853
8854
8855
8856
8857
8858
8859
8860
8861
8862
8863
8864
8865
8866
8867
8868
8869
8870
8871
8872
8873
8874
8875
8876
8877
8878
8879
8880
8881
8882
8883
8884
8885
8886
8887
8888
8889
8890
8891
8892
8893
8894
8895
8896
8897
8898
8899
8900
8901
8902
8903
8904
8905
8906
8907
8908
8909
8910
8911
8912
8913
8914
8915
8916
8917
8918
8919
8920
8921
8922
8923
8924
8925
8926
8927
8928
8929
8930
8931
8932
8933
8934
8935
8936
8937
8938
8939
8940
8941
8942
8943
8944
8945
8946
8947
8948
8949
8950
8951
8952
8953
8954
8955
8956
8957
8958
8959
8960
8961
8962
8963
8964
8965
8966
8967
8968
8969
8970
8971
8972
8973
8974
8975
8976
8977
8978
8979
8980
8981
8982
8983
8984
8985
8986
8987
8988
8989
8990
8991
8992
8993
8994
8995
8996
8997
8998
8999
9000
9001
9002
9003
9004
9005
9006
9007
9008
9009
9010
9011
9012
9013
9014
9015
9016
9017
9018
9019
9020
9021
9022
9023
9024
9025
9026
9027
9028
9029
9030
9031
9032
9033
9034
9035
9036
9037
9038
9039
9040
9041
9042
9043
9044
9045
9046
9047
9048
9049
9050
9051
9052
9053
9054
9055
9056
9057
9058
9059
9060
9061
9062
9063
9064
9065
9066
9067
9068
9069
9070
9071
9072
9073
9074
9075
9076
9077
9078
9079
9080
9081
9082
9083
9084
9085
9086
9087
9088
9089
9090
9093
9094
9095
9096
9097
9098
9099
9100
9101
9102
9103
9104
9105
9106
9107
9108
9109
9110
9111
9112
9113
9114
9115
9116
9117
9118
9119
9120
9121
9122
9123
9124
9125
9126
9127
9128
9129
9130
9131
9132
9133
9134
9135
9136
9137
9138
9139
9140
9141
9142
9143
9144
9145
9146
9147
9149
9150
9151
9152
9153
9154
9155
9156
9157
9158
9159
9160
9162
9163
9164
9165
9166
9167
9168
9169
9170
9171
9172
9173
9174
9175
9176
9177
9178
9179
9180
9181
9182
9183
9184
9185
9186
9187
9188
9189
9190
9191
9192
9193
9194
9195
9196
9197
9198
9199
9200
9201
9202
9203
9204
9205
9206
9207
9208
9209
9210
9211
9212
9213
9214
9215
9216
9217
9218
9219
9220
9221
9222
9223
9224
9225
9226
9227
9228
9229
9230
9231
9232
9233
9234
9235
9236
9237
9238
9239
9240
9241
9242
9243
9244
9245
9246
9247
9248
9249
9250
9251
9252
9253
9254
9255
9256
9257
9258
9259
9260
9261
9262
9263
9264
9265
9266
9267
9268
9269
9270
9271
9272
9273
9274
9275
9276
9277
9278
9279
9280
9281
9282
9283
9284
9285
9286
9287
9288
9289
9290
9291
9292
9293
9294
9295
9296
9297
9298
9299
9300
9301
9302
9303
9304
9305
9306
9307
9308
9309
9310
9311
9312
9313
9314
9315
9316
9317
9318
9319
9320
9321
9322
9323
9324
9325
9326
9327
9328
9329
9330
9331
9332
9333
9334
9335
9336
9337
9338
9339
9340
9341
9342
9343
9344
9345
9346
9347
9348
9349
9350
9351
9352
9353
9354
9355
9356
9357
9358
9359
9360
9361
9362
9363
9364
9365
9366
9367
9368
9369
9370
9371
9372
9373
9374
9375
9376
9377
9378
9379
9380
9381
9382
9383
9384
9385
9386
9387
9388
9389
9390
9391
9392
9393
9394
9395
9396
9397
9398
9399
9400
9401
9402
9403
9404
9405
9406
9407
9408
9409
9410
9411
9412
9413
9414
9415
9416
9417
9418
9419
9420
9421
9422
9423
9424
9425
9426
9427
9428
9429
9430
9431
9432
9433
9434
9435
9436
9437
9438
9439
9440
9441
9442
9443
9444
9445
9446
9447
9448
9449
9450
9451
9452
9453
9454
9455
9456
9457
9458
9459
9460
9461
9462
9463
9464
9465
9466
9467
9468
9469
9470
9471
9472
9473
9474
9475
9476
9477
9478
9479
9480
9481
9482
9483
9484
9485
9486
9487
9488
9489
9491
9492
9493
9494
9495
9496
9497
9498
9499
9500
9501
9502
9503
9504
9505
9506
9507
9508
9509
9510
9511
9512
9513
9514
9515
9516
9517
9518
9519
9520
9521
9522
9523
9524
9525
9526
9527
9528
9529
9530
9531
9532
9533
9534
9535
9536
9537
9538
9539
9540
9541
9542
9543
9544
9545
9546
9547
9548
9549
9550
9551
9552
9553
9554
9555
9556
9557
9558
9559
9560
9561
9562
9563
9564
9565
9566
9567
9568
9569
9570
9571
9572
9573
9574
9575
9576
9577
9578
9579
9580
9581
9582
9583
9584
9585
9586
9587
9588
9589
9590
9591
9592
9593
9594
9595
9596
9597
9598
9599
9600
9601
9602
9603
9604
9605
9606
9607
9608
9609
9610
9611
9612
9613
9614
9615
9616
9617
9618
9619
9620
9621
9622
9623
9624
9625
9626
9627
9628
9629
9630
9631
9632
9633
9634
9635
9636
9637
9638
9639
9640
9641
9642
9643
9644
9645
9646
9647
9648
9649
9650
9651
9652
9653
9654
9655
9656
9657
9658
9659
9660
9661
9662
9663
9664
9665
9666
9667
9668
9669
9670
9671
9672
9673
9674
9675
9676
9677
9678
9679
9680
9681
9682
9683
9684
9685
9686
9687
9688
9689
9690
9691
9692
9693
9694
9695
9696
9697
9698
9699
9700
9701
9702
9703
9704
9705
9706
9707
9708
9709
9710
9711
9712
9713
9714
9715
9716
9717
9718
9719
9720
9721
9722
9723
9724
9725
9726
9727
9728
9729
9730
9731
9732
9733
9734
9735
9736
9737
9738
9739
9740
9741
9742
9743
9744
9745
9746
9747
9748
9749
9750
9751
9752
9753
9754
9755
9756
9757
9758
9759
9760
9761
9762
9763
9764
9765
9766
9767
9768
9769
9770
9771
9772
9773
9774
9775
9776
9777
9778
9779
9780
9781
9782
9783
9784
9785
9786
9787
9788
9789
9790
9791
9792
9793
9794
9795
9796
9797
9798
9799
9800
9801
9802
9803
9804
9805
9806
9807
9808
9809
9810
9811
9812
9813
9814
9815
9816
9817
9818
9819
9820
9821
9822
9823
9824
9825
9826
9827
9828
9829
9830
9831
9832
9833
9834
9835
9836
9837
9838
9839
9840
9841
9842
9843
9844
9845
9846
9847
9848
9849
9850
9851
9852
9853
9854
9855
9856
9857
9858
9859
9860
9861
9862
9863
9864
9865
9866
9867
9868
9869
9870
9871
9872
9873
9874
9875
9876
9877
9878
9879
9880
9881
9882
9883
9884
9885
9886
9887
9888
9889
9890
9891
9892
9893
9894
9895
9896
9897
9898
9899
9900
9901
9902
9903
9904
9905
9906
9907
9908
9909
9910
9911
9912
9913
9914
9915
9916
9917
9918
9919
9920
9921
9922
9923
9924
9925
9926
9927
9928
9929
9930
9931
9932
9933
9934
9935
9936
9937
9938
9939
9940
9941
9942
9943
9944
9945
9946
9947
9948
9949
9950
9951
9952
9953
9954
9955
9956
9957
9958
9959
9960
9961
9962
9963
9964
9965
9966
9967
9968
9969
9970
9971
9972
9973
9974
9975
9976
9977
9978
9979
9980
9981
9982
9983
9984
9985
9986
9987
9988
9989
9990
9991
9992
9993
9994
9995
9996
9997
9998
9999
10000
10001
10002
10003
10004
10005
10006
10007
10008
10009
10010
10011
10012
10013
10014
10015
10016
10017
10018
10019
10020
10021
10022
10023
10024
10025
10026
10027
10028
10029
10030
10031
10032
10033
10034
10035
10036
10037
10038
10039
10040
10041
10042
10043
10044
10045
10046
10047
10048
10049
10050
10051
10052
10053
10054
10055
10056
10057
10058
10059
10060
10061
10062
10063
10064
10065
10066
10067
10068
10069
10070
10071
10072
10073
10074
10075
10076
10077
10078
10079
10080
10081
10082
10083
10084
10085
10086
10087
10088
10089
10090
10091
10092
10093
10094
10095
10096
10097
10098
10099
10100
10101
10102
10103
10104
10105
10106
10107
10108
10109
10110
10111
10112
10113
10114
10115
10116
10117
10118
10119
10120
10121
10122
10123
10124
10125
10126
10127
10128
10129
10130
10131
10132
10133
10134
10135
10136
10137
10138
10139
10140
10141
10142
10143
10144
10145
10146
10147
10148
10149
10150
10151
10152
10153
10154
10155
10156
10157
10158
10159
10160
10161
10162
10163
10164
10165
10166
10167
10168
10169
10170
10171
10172
10173
10174
10175
10176
10177
10178
10179
10180
10181
10182
10183
10184
10185
10186
10187
10188
10189
10190
10191
10192
10193
10194
10195
10196
10197
10198
10199
10200
10201
10202
10203
10204
10205
10206
10207
10208
10209
10210
10211
10212
10213
10214
10215
10216
10217
10218
10219
10220
10221
10222
10223
10224
10225
10226
10227
10228
10229
10230
10231
10232
10233
10234
10235
10236
10237
10238
10239
10240
10241
10242
10243
10244
10245
10246
10247
10248
10249
10250
10251
10252
10253
10254
10255
10256
10257
10258
10259
10260
10261
10262
10263
10264
10265
10266
10267
10268
10269
10270
10271
10272
10273
10274
10275
10276
10277
10278
10279
10280
10281
10282
10283
10284
10285
10286
10287
10288
10289
10290
10291
10292
10293
10294
10295
10296
10297
10298
10299
10300
10301
10302
10303
10304
10305
10306
10307
10308
10309
10310
10311
10312
10313
10314
10315
10316
10317
10318
10319
10320
10321
10322
10323
10324
10325
10326
10327
10328
10329
10330
10331
10332
10333
10334
10335
10336
10337
10338
10339
10340
10341
10342
10343
10344
10345
10346
10347
10348
10349
10350
10351
10352
10353
10354
10355
10356
10357
10358
10359
10360
10361
10362
10363
10364
10365
10366
10367
10368
10369
10370
10371
10372
10373
10374
10375
10376
10377
10378
10379
10380
10381
10382
10383
10384
10385
10386
10387
10388
10389
10390
10391
10392
10393
10394
10395
10396
10397
10398
10399
10400
10401
10402
10403
10404
10405
10406
10407
10408
10409
10410
10411
10412
10413
10414
10415
10416
10417
10418
10419
10420
10421
10422
10423
10424
10425
10426
10427
10428
10429
10430
10431
10432
10433
10434
10435
10436
10437
10438
10439
10440
10441
10442
10443
10444
10445
10446
10447
10448
10449
10450
10451
10452
10453
10454
10455
10456
10457
10458
10459
10460
10461
10462
10463
10464
10465
10466
10467
10468
10469
10470
10471
10472
10473
10474
10475
10476
10477
10478
10479
10480
10481
10482
10483
10484
10485
10486
10487
10488
10489
10490
10491
10492
10493
10494
10495
10496
10497
10498
10499
10500
10501
10502
10503
10504
10505
10506
10507
10508
10509
10510
10511
10512
10513
10514
10515
10516
10517
10518
10519
10520
10521
10522
10523
10524
10525
10526
10527
10528
10529
10530
10531
10532
10533
10534
10535
10536
10537
10538
10539
10540
10541
10542
10543
10544
10545
10546
10547
10548
10549
10550
10551
10552
10553
10554
10555
10556
10557
10558
10559
10560
10561
10562
10563
10564
10565
10566
10567
10568
10569
10570
10571
10572
10573
10574
10575
10576
10577
10578
10579
10580
10581
10582
10583
10584
10585
10586
10587
10588
10589
10590
10591
10592
10593
10594
10595
10596
10597
10598
10599
10600
10601
10602
10603
10604
10605
10606
10607
10608
10609
10610
10611
10612
10613
10614
10615
10616
10617
10618
10619
10620
10621
10622
10623
10624
10625
10626
10627
10628
10629
10630
10631
10632
10633
10634
10635
10636
10637
10638
10639
10640
10641
10642
10643
10644
10645
10646
10647
10648
10649
10650
10651
10652
10653
10654
10655
10656
10657
10658
10659
10660
10661
10662
10663
10664
10665
10666
10667
10668
10669
10670
10671
10672
10673
10674
10675
10676
10677
10678
10679
10680
10681
10682
10683
10684
10685
10686
10687
10688
10689
10690
10691
10692
10693
10694
10695
10696
10697
10698
10699
10700
10701
10702
10703
10704
10705
10706
10707
10708
10709
10710
10711
10712
10713
10714
10715
10716
10717
10718
10719
10720
10721
10722
10723
10724
10725
10726
10727
10728
10729
10730
10731
10732
10733
10734
10735
10736
10737
10738
10739
10740
10741
10742
10743
10744
10745
10746
10747
10748
10749
10750
10751
10752
10753
10754
10755
10756
10757
10758
10759
10760
10761
10762
10763
10764
10765
10766
10767
10768
10769
10770
10771
10772
10773
10774
10775
10776
10777
10778
10779
10780
10781
10782
10783
10784
10785
10786
10787
10788
10789
10790
10791
10792
10793
10794
10795
10796
10797
10798
10799
10800
10801
10802
10803
10804
10805
10806
10807
10808
10809
10810
10811
10812
10813
10814
10815
10816
10817
10818
10819
10820
10821
10822
10823
10824
10825
10826
10827
10828
10829
10830
10831
10832
10833
10834
10835
10836
10837
10838
10839
10840
10841
10842
10843
10844
10845
10846
10847
10848
10849
10850
10851
10852
10853
10854
10855
10856
10857
10858
10859
10860
10861
10863
10864
10865
10866
10867
10868
10869
10870
10871
10872
10873
10874
10875
10876
10877
10878
10879
10880
10881
10882
10883
10884
10885
10887
10888
10889
10890
10891
10892
10893
10894
10895
10896
10897
10898
10899
10900
10901
10902
10903
10904
10905
10906
10907
10908
10909
10910
10911
10912
10913
10914
10915
10916
10917
10918
10919
10920
10921
10922
10923
10924
10925
10926
10927
10928
10929
10930
10931
10932
10933
10934
10935
10936
10937
10938
10939
10940
10941
10942
10943
10944
10945
10946
10947
10948
10949
10950
10951
10952
10953
10954
10955
10956
10957
10958
10959
10960
10961
10962
10963
10964
10965
10966
10967
10968
10969
10970
10971
10972
10973
10974
10975
10976
10977
10978
10979
10980
10981
10982
10983
10984
10985
10986
10987
10988
10989
10990
10991
10992
10993
10994
10995
10996
10997
10998
10999
11000
11001
11002
11003
11004
11005
11006
11007
11008
11009
11010
11011
11012
11013
11014
11015
11016
11017
11018
11019
11020
11021
11022
11023
11024
11025
11026
11027
11028
11029
11030
11031
11032
11033
11034
11035
11036
11037
11038
11039
11040
11041
11042
11043
11044
11045
11046
11047
11048
11049
11050
11051
11052
11053
11054
11055
11056
11057
11058
11059
11060
11061
11062
11063
11064
11065
11066
11067
11068
11069
11070
11071
11072
11073
11074
11075
11076
11077
11078
11079
11080
11081
11082
11083
11084
11085
11086
11087
11088
11089
11090
11091
11092
11093
11094
11095
11096
11097
11098
11099
11100
11101
11102
11103
11104
11105
11106
11107
11108
11109
11110
11111
11112
11113
11114
11115
11116
11117
11118
11119
11120
11121
11122
11123
11124
11125
11126
11127
11128
11129
11130
11131
11132
11133
11134
11135
11136
11137
11138
11139
11140
11141
11142
11143
11144
11145
11146
11147
11148
11149
11150
11151
11152
11153
11154
11155
11156
11157
11158
11159
11160
11161
11162
11163
11164
11165
11166
11167
11168
11169
11170
11171
11172
11173
11174
11175
11176
11177
11178
11179
11180
11181
11182
11183
11184
11185
11186
11187
11188
11189
11190
11191
11192
11193
11194
11195
11196
11197
11198
11199
11200
11201
11202
11203
11204
11205
11206
11207
11208
11209
11210
11211
11212
11213
11214
11215
11216
11217
11218
11219
11220
11221
11222
11223
11224
11225
11226
11227
11228
11229
11230
11231
11232
11233
11234
11235
11236
11237
11238
11239
11240
11241
11242
11243
11244
11245
11246
11247
11248
11249
11250
11251
11252
11253
11254
11255
11256
11257
11258
11259
11260
11261
11262
11263
11264
11265
11266
11267
11268
11269
11270
11271
11272
11273
11274
11275
11276
11277
11278
11279
11280
11281
11282
11283
11284
11285
11286
11287
11288
11289
11290
11291
11292
11293
11294
11295
11296
11297
11298
11299
11300
11301
11302
11303
11304
11305
11306
11307
11308
11309
11310
11311
11312
11313
11314
11315
11316
11317
11318
11319
11320
11321
11322
11323
11324
11325
11326
11327
11328
11329
11330
11331
11332
11333
11334
11335
11336
11337
11338
11339
11340
11341
11342
11343
11344
11345
11346
11347
11348
11349
11350
11351
11352
11353
11354
11355
11356
11357
11358
11359
11360
11361
11362
11363
11364
11365
11366
11367
11368
11369
11370
11371
11372
11373
11374
11375
11376
11377
11378
11379
11380
11381
11382
11383
11384
11385
11386
11387
11388
11389
11390
11391
11392
11393
11394
11395
11396
11397
11398
11399
11400
11401
11402
11403
11404
11405
11406
11407
11408
11409
11410
11411
11412
11413
11414
11415
11416
11417
11418
11419
11420
11421
11422
11423
11424
11425
11426
11427
11428
11429
11430
11431
11432
11433
11434
11435
11436
11437
11438
11439
11440
11441
11442
11443
11444
11445
11446
11447
11448
11449
11450
11451
11452
11453
11454
11455
11456
11457
11458
11459
11460
11461
11462
11463
11464
11465
11466
11467
11468
11469
11470
11471
11472
11473
11474
11475
11476
11477
11478
11479
11480
11481
11482
11483
11484
11485
11486
11487
11488
11489
11490
11491
11492
11493
11494
11495
11496
11497
11498
11499
11500
11501
11502
11503
11504
11505
11506
11507
11508
11509
11510
11511
11512
11513
11514
11515
11516
11517
11518
11519
11520
11521
11522
11523
11524
11525
11526
11527
11528
11529
11530
11531
11532
11533
11534
11535
11536
11537
11538
11539
11540
11541
11542
11543
11544
11545
11546
11547
11548
11549
11550
11551
11552
11553
11554
11555
11556
11557
11558
11559
11560
11561
11562
11563
11564
11565
11566
11567
11568
11569
11570
11571
11572
11573
11574
11575
11576
11577
11578
11579
11580
11581
11582
11583
11584
11585
11586
11588
11589
11590
11591
11592
11593
11594
11595
11596
11597
11598
11599
11600
11601
11602
11603
11604
11605
11606
11607
11608
11609
11610
11611
11612
11613
11614
11615
11616
11617
11618
11619
11620
11621
11622
11623
11624
11625
11626
11627
11628
11629
11630
11631
11632
11633
11634
11635
11636
11637
11638
11639
11640
11641
11642
11643
11644
11645
11646
11647
11648
11649
11650
11651
11652
11653
11654
11655
11656
11657
11658
11659
11660
11661
11662
11663
11664
11665
11666
11667
11668
11669
11670
11671
11672
11673
11674
11675
11676
11677
11678
11679
11680
11681
11682
11683
11684
11685
11686
11687
11688
11689
11690
11691
11692
11693
11694
11695
11696
11697
11698
11699
11700
11701
11702
11703
11704
11705
11706
11707
11708
11709
11711
11712
11713
11714
11715
11716
11717
11718
11719
11720
11721
11722
11724
11725
11726
11727
11728
11729
11730
11731
11732
11733
11734
11735
11736
11737
11738
11739
11740
11741
11742
11743
11744
11745
11746
11747
11748
11749
11750
11751
11752
11753
11754
11755
11756
11757
11758
11759
11760
11761
11762
11763
11764
11765
11766
11767
11768
11769
11770
11771
11772
11773
11774
11775
11776
11777
11778
11779
11780
11781
11782
11783
11784
11785
11786
11787
11788
11789
11790
11791
11792
11793
11794
11795
11796
11797
11798
11799
11800
11801
11802
11803
11804
11805
11806
11807
11808
11809
11810
11811
11812
11813
11814
11815
11816
11817
11818
11819
11822
11823
11824
11825
11826
11827
11828
11829
11830
11831
11832
11833
11834
11835
11836
11837
11838
11839
11840
11841
11842
11843
11844
11845
11846
11847
11848
11849
11850
11851
11852
11853
11854
11855
11856
11857
11858
11859
11860
11862
11863
11864
11865
11866
11867
11868
11869
11870
11871
11872
11873
11874
11875
11876
11877
11878
11879
11880
11881
11882
11883
11884
11885
11886
11887
11888
11889
11890
11891
11892
11893
11894
11895
11896
11897
11898
11899
11900
11901
11902
11903
11904
11905
11906
11907
11908
11909
11910
11911
11912
11913
11914
11915
11916
11917
11918
11919
11921
11922
11923
11924
11925
11926
11927
11928
11929
11930
11931
11932
11933
11934
11935
11936
11937
11938
11939
11940
11941
11943
11945
11946
11947
11948
11949
11950
11951
11952
11953
11955
11956
11957
11958
11959
11960
11961
11962
11963
11964
11965
11966
11967
11968
11969
11970
11971
11972
11973
11974
11975
11976
11977
11978
11979
11980
11981
11982
11983
11984
11985
11986
11987
11988
11989
11990
11991
11992
11993
11994
11995
11996
11997
11998
11999
12000
12001
12002
12003
12004
12005
12006
12007
12008
12009
12010
12011
12012
12013
12014
12015
12016
12017
12018
12019
12020
12021
12022
12023
12024
12025
12026
12027
12028
12029
12030
12031
12032
12033
12034
12035
12036
12037
12038
12039
12040
12041
12042
12043
12044
12045
12046
12047
12048
12049
12050
12051
12052
12053
12054
12055
12056
12057
12059
12060
12061
12062
12063
12064
12065
12066
12067
12068
12069
12070
12071
12072
12073
12074
12075
12076
12077
12078
12079
12080
12081
12082
12083
12084
12085
12086
12087
12088
12089
12090
12091
12092
12093
12094
12095
12096
12097
12098
12099
12100
12101
12102
12103
12104
12105
12106
12107
12108
12110
12111
12112
12114
12115
12116
12117
12118
12119
12120
12121
12122
12123
12124
12125
12126
12127
12128
12129
12130
12131
12132
12133
12134
12135
12136
12137
12138
12139
12140
12141
12142
12143
12144
12145
12146
12147
12148
12149
12150
12151
12152
12153
12154
12155
12156
12157
12158
12159
12160
12161
12162
12163
12164
12165
12166
12167
12168
12169
12170
12171
12172
12173
12174
12175
12176
12177
12178
12179
12180
12181
12182
12183
12184
12185
12186
12187
12188
12189
12190
12191
12192
12193
12194
12195
12196
12197
12198
12199
12200
12201
12202
12203
12204
12205
12206
12207
12208
12209
12210
12211
12212
12213
12214
12215
12216
12217
12218
12219
12220
12221
12222
12223
12224
12225
12226
12227
12228
12229
12230
12231
12232
12233
12234
12235
12236
12237
12238
12239
12240
12241
12242
12243
12244
12245
12246
12247
12248
12249
12250
12251
12252
12253
12254
12255
12256
12257
12258
12259
12260
12261
12262
12263
12264
12265
12266
12267
12268
12269
12270
12271
12272
12273
12274
12275
12276
12277
12278
12279
12280
12281
12282
12283
12284
12285
12286
12287
12288
12289
12290
12291
12292
12293
12294
12295
12296
12297
12298
12299
12300
12301
12302
12303
12304
12305
12306
12307
12308
12309
12310
12311
12312
12313
12314
12315
12316
12317
12318
12319
12320
12321
12322
12323
12324
12325
12326
12327
12328
12329
12330
12331
12332
12333
12334
12335
12336
12337
12338
12339
12340
12341
12342
12343
12344
12345
12346
12347
12348
12349
12350
12351
12352
12353
12354
12355
12356
12357
12358
12359
12360
12361
12362
12363
12364
12365
12366
12367
12368
12369
12370
12371
12372
12373
12374
12375
12376
12377
12378
12379
12380
12381
12382
12383
12384
12385
12386
12387
12388
12389
12390
12391
12392
12393
12394
12395
12396
12397
12398
12399
12400
12401
12402
12403
12404
12405
12406
12407
12408
12409
12410
12411
12412
12413
12414
12415
12416
12417
12418
12419
12420
12421
12422
12423
12424
12425
12426
12427
12428
12429
12430
12431
12432
12433
12434
12435
12436
12438
12439
12440
12441
12442
12443
12444
12445
12446
12447
12448
12449
12451
12452
12453
12454
12455
12456
12457
12458
12459
12460
12461
12462
12463
12464
12465
12466
12467
12468
12469
12470
12471
12472
12474
12475
12476
12477
12478
12479
12480
12481
12482
12483
12484
12485
12486
12488
12489
12490
12491
12492
12493
12494
12495
12496
12497
12498
12499
12501
12502
12503
12504
12505
12506
12507
12508
12509
12510
12511
12512
12513
12514
12515
12516
12517
12518
12519
12520
12521
12522
12523
12524
12525
12526
12527
12528
12529
12530
12531
12532
12533
12534
12535
12536
12537
12538
12539
12540
12541
12542
12543
12544
12545
12546
12547
12548
12549
12550
12551
12552
12553
12554
12555
12556
12557
12558
12559
12560
12561
12562
12563
12564
12565
12566
12567
12568
12569
12570
12571
12572
12573
12574
12575
12576
12577
12578
12579
12580
12581
12582
12583
12584
12585
12586
12587
12588
12589
12591
12592
12594
12595
12596
12597
12598
12599
12600
12601
12602
12603
12604
12605
12606
12607
12608
12609
12610
12611
12612
12613
12614
12615
12616
12617
12618
12619
12621
12622
12623
12624
12625
12626
12627
12628
12629
12630
12631
12632
12634
12635
12636
12637
12638
12639
12640
12641
12642
12643
12644
12645
12646
12647
12648
12649
12650
12651
12652
12653
12654
12655
12656
12657
12658
12659
12660
12661
12662
12663
12664
12665
12668
12669
12670
12671
12672
12673
12674
12675
12676
12677
12678
12679
12680
12681
12682
12683
12684
12685
12686
12687
12688
12689
12690
12691
12692
12693
12694
12695
12696
12697
12698
12699
12700
12701
12702
12703
12704
12705
12706
12707
12708
12709
12710
12711
12712
12713
12714
12715
12716
12717
12718
12719
12720
12721
12722
12723
12725
12726
12727
12728
12730
12731
12732
12733
12734
12735
12736
12737
12738
12739
12740
12741
12742
12743
12744
12745
12746
12747
12748
12749
12750
12751
12752
12753
12754
12755
12756
12757
12758
12759
12760
12761
12762
12763
12764
12765
12766
12767
12768
12769
12770
12771
12772
12773
12774
12775
12776
12777
12778
12779
12780
12781
12782
12783
12784
12785
12786
12787
12788
12789
12790
12791
12792
12793
12794
12795
12796
12797
12798
12799
12800
12801
12802
12803
12804
12805
12806
12807
12808
12809
12810
12811
12812
12813
12814
12815
12816
12817
12818
12819
12820
12821
12822
12823
12824
12825
12826
12827
12828
12829
12830
12831
12832
12833
12834
12835
12836
12837
12838
12839
12840
12841
12842
12843
12844
12845
12846
12847
12848
12849
12850
12851
12852
12853
12854
12855
12856
12857
12858
12859
12860
12861
12862
12863
12864
12865
12866
12867
12868
12869
12870
12871
12872
12873
12874
12875
12876
12877
12878
12879
12880
12881
12882
12883
12884
12885
12886
12887
12888
12889
12890
12891
12892
12893
12894
12895
12896
12897
12898
12899
12900
12901
12902
12903
12904
12905
12906
12907
12908
12909
12910
12911
12912
12913
12914
12915
12916
12917
12918
12919
12920
12921
12922
12923
12924
12925
12926
12927
12928
12929
12930
12931
12932
12933
12934
12935
12936
12937
12938
12939
12940
12941
12942
12943
12944
12945
12946
12947
12948
12949
12950
12951
12952
12953
12954
12955
12956
12957
12958
12959
12960
12961
12962
12963
12964
12965
12966
12967
12968
12969
12970
12971
12972
12973
12974
12975
12976
12977
12978
12979
12980
12981
12982
12983
12984
12985
12986
12987
12988
12989
12990
12991
12992
12993
12994
12995
12996
12997
12998
12999
13000
13001
13002
13003
13004
13005
13006
13007
13008
13009
13010
13011
13012
13013
13014
13015
13016
13017
13018
13019
13020
13021
13022
13023
13024
13025
13026
13027
13028
13029
13030
13031
13032
13033
13034
13035
13036
13037
13038
13039
13040
13041
13042
13043
13044
13045
13046
13047
13048
13049
13050
13051
13052
13053
13054
13055
13056
13057
13058
13059
13060
13061
13062
13063
13064
13065
13066
13067
13068
13069
13070
13071
13072
13073
13074
13075
13076
13077
13078
13079
13080
13081
13082
13083
13084
13085
13086
13087
13088
13089
13090
13091
13092
13093
13094
13095
13096
13097
13098
13099
13100
13101
13102
13103
13104
13105
13106
13107
13108
13109
13110
13111
13112
13113
13114
13115
13116
13117
13118
13119
13120
13121
13122
13123
13124
13125
13126
13127
13128
13129
13130
13131
13132
13133
13134
13135
13136
13137
13138
13139
13140
13141
13142
13143
13144
13145
13146
13147
13148
13149
13150
13151
13152
13153
13154
13155
13156
13157
13158
13159
13160
13161
13162
13163
13164
13165
13166
13167
13168
13169
13170
13171
13172
13173
13174
13175
13176
13177
13178
13179
13180
13181
13182
13183
13184
13185
13186
13187
13188
13189
13190
13191
13192
13193
13194
13195
13196
13197
13198
13199
13200
13201
13202
13203
13204
13205
13206
13207
13208
13209
13210
13211
13212
13213
13214
13215
13216
13217
13218
13219
13220
13221
13222
13223
13224
13225
13226
13227
13228
13229
13230
13231
13232
13233
13234
13235
13236
13237
13238
13239
13240
13241
13243
13244
13245
13246
13247
13248
13249
13250
13251
13252
13254
13255
13256
13257
13258
13259
13260
13261
13262
13263
13264
13265
13266
13267
13268
13269
13270
13271
13272
13273
13274
13275
13276
13277
13278
13279
13280
13281
13282
13283
13284
13285
13286
13287
13288
13289
13290
13291
13292
13293
13294
13295
13296
13297
13298
13299
13300
13301
13302
13303
13304
13305
13306
13307
13308
13309
13310
13311
13312
13313
13314
13315
13316
13317
13318
13319
13320
13321
13322
13323
13324
13325
13326
13327
13328
13329
13330
13331
13332
13333
13334
13335
13336
13337
13338
13339
13340
13341
13342
13343
13344
13345
13346
13347
13348
13349
13350
13351
13352
13353
13354
13355
13356
13357
13358
13359
13360
13361
13362
13363
13364
13365
13366
13367
13368
13369
13370
13371
13372
13373
13374
13375
13376
13377
13378
13379
13380
13381
13382
13383
13384
13385
13386
13387
13388
13389
13390
13391
13392
13393
13394
13395
13396
13397
13398
13399
13400
13401
13402
13403
13404
13405
13406
13407
13408
13409
13410
13411
13412
13413
13414
13415
13416
13417
13418
13419
13420
13421
13422
13423
13424
13425
13426
13427
13428
13429
13430
13431
13432
13433
13434
13435
13436
13437
13438
13439
13440
13441
13442
13443
13444
13445
13446
13447
13448
13449
13450
13451
13452
13453
13454
13455
13456
13457
13458
13459
13461
13462
13463
13464
13465
13466
13467
13468
13469
13470
13471
13472
13473
13474
13475
13476
13477
13478
13479
13480
13481
13482
13483
13484
13485
13486
13487
13488
13489
13490
13491
13492
13493
13494
13495
13496
13497
13498
13499
13500
13501
13502
13503
13504
13505
13507
13508
13509
13511
13512
13513
13514
13515
13516
13517
13518
13519
13520
13521
13523
13524
13525
13526
13527
13528
13529
13530
13531
13532
13533
13534
13535
13536
13537
13538
13539
13540
13541
13542
13543
13544
13545
13546
13547
13548
13549
13550
13551
13552
13553
13554
13555
13556
13557
13558
13559
13560
13561
13562
13563
13564
13565
13566
13567
13568
13569
13570
13571
13572
13573
13574
13575
13576
13577
13578
13579
13580
13581
13582
13583
13584
13585
13586
13587
13588
13589
13590
13591
13593
13594
13595
13596
13597
13598
13599
13600
13601
13602
13603
13604
13605
13606
13607
13608
13609
13610
13611
13612
13613
13614
13615
13616
13617
13618
13619
13620
13621
13623
13624
13625
13626
13627
13628
13629
13630
13631
13632
13633
13634
13635
13636
13637
13638
13639
13640
13641
13642
13643
13644
13645
13646
13647
13649
13650
13651
13652
13653
13654
13655
13656
13657
13658
13659
13660
13661
13662
13663
13664
13665
13666
13667
13668
13669
13670
13671
13672
13673
13674
13675
13677
13678
13679
13680
13681
13682
13683
13684
13685
13686
13687
13689
13690
13691
13692
13693
13694
13695
13696
13697
13698
13699
13700
13701
13702
13703
13704
13705
13706
13707
13708
13713
13714
13715
13716
13717
13718
13719
13720
13721
13722
13724
13725
13726
13727
13728
13729
13730
13731
13732
13733
13734
13735
13736
13737
13738
13739
13740
13741
13742
13743
13744
13745
13746
13747
13748
13749
13750
13751
13752
13753
13755
13756
13757
13758
13759
13760
13761
13762
13763
13764
13765
13766
13767
13768
13769
13770
13771
13772
13773
13774
13775
13776
13777
13778
13779
13780
13781
13782
13783
13784
13785
13786
13787
13788
13789
13790
13791
13792
13793
13794
13795
13796
13797
13798
13799
13800
13801
13802
13803
13804
13805
13806
13807
13808
13809
13810
13811
13812
13813
13814
13815
13816
13817
13818
13819
13820
13821
13822
13823
13824
13825
13826
13827
13828
13829
13830
13831
13832
13833
13834
13835
13836
13837
13838
13839
13840
13842
13843
13844
13845
13846
13847
13848
13849
13850
13851
13852
13853
13854
13855
13856
13857
13858
13859
13860
13861
13862
13863
13865
13866
13867
13868
13869
13870
13871
13872
13873
13874
13875
13876
13878
13879
13880
13881
13882
13883
13884
13885
13886
13887
13888
13889
13890
13891
13892
13893
13894
13895
13896
13897
13898
13899
13900
13901
13902
13903
13904
13905
13906
13907
13908
13909
13910
13911
13912
13913
13914
13915
13916
13917
13918
13919
13920
13921
13922
13923
13924
13925
13926
13927
13928
13929
13930
13931
13932
13933
13934
13935
13936
13937
13938
13939
13940
13941
13942
13943
13944
13945
13946
13947
13948
13949
13950
13951
13952
13953
13954
13955
13956
13957
13958
13959
13960
13961
13962
13963
13964
13965
13966
13967
13968
13969
13970
13971
13972
13973
13974
13975
13976
13977
13978
13979
13980
13981
13982
13983
13984
13985
13986
13987
13988
13989
13990
13991
13992
13993
13994
13995
13996
13998
13999
14000
14001
14002
14003
14004
14005
14007
14008
14009
14010
14011
14012
14013
14014
14015
14016
14017
14018
14019
14020
14021
14022
14023
14024
14025
14026
14027
14028
14029
14030
14031
14035
14036
14037
14038
14039
14040
14041
14042
14043
14044
14046
14047
14048
14049
14050
14051
14052
14053
14054
14057
14058
14059
14060
14061
14062
14063
14064
14065
14066
14067
14068
14069
14070
14071
14072
14073
14074
14075
14076
14077
14078
14079
14080
14081
14082
14083
14084
14085
14086
14087
14088
14089
14090
14091
14092
14093
14094
14095
14096
14097
14098
14099
14100
14101
14102
14103
14104
14105
14106
14107
14109
14110
14111
14112
14113
14114
14115
14116
14117
14118
14119
14120
14121
14122
14123
14124
14125
14126
14127
14128
14129
14130
14131
14133
14134
14135
14136
14137
14138
14139
14140
14141
14142
14143
14144
14145
14146
14147
14148
14149
14150
14151
14152
14153
14154
14155
14156
14157
14158
14159
14160
14161
14162
14163
14164
14165
14166
14167
14168
14169
14170
14171
14172
14173
14174
14175
14176
14177
14178
14179
14180
14181
14182
14183
14184
14185
14186
14187
14188
14189
14190
14191
14192
14193
14194
14195
14196
14197
14198
14199
14200
14201
14202
14204
14207
14208
14209
14210
14211
14212
14213
14214
14215
14217
14218
14219
14220
14221
14222
14223
14224
14225
14226
14228
14229
14231
14232
14233
14234
14235
14236
14237
14238
14239
14240
14241
14242
14243
14244
14245
14246
14247
14248
14249
14250
14251
14252
14253
14254
14255
14256
14257
14258
14259
14260
14261
14262
14263
14264
14265
14266
14267
14268
14269
14270
14271
14272
14273
14274
14275
14276
14277
14278
14279
14280
14281
14282
14283
14284
14285
14286
14287
14288
14289
14290
14291
14292
14293
14294
14295
14296
14297
14298
14299
14300
14301
14302
14303
14304
14305
14306
14307
14308
14309
14310
14311
14312
14313
14314
14315
14316
14317
14318
14319
14320
14321
14322
14323
14324
14325
14326
14327
14328
14329
14330
14331
14332
14333
14334
14335
14336
14337
14338
14339
14340
14341
14342
14343
14344
14345
14346
14347
14348
14349
14350
14351
14352
14353
14354
14355
14356
14357
14358
14359
14360
14361
14362
14363
14364
14365
14366
14367
14368
14369
14370
14371
14372
14373
14374
14375
14376
14377
14378
14379
14380
14381
14382
14383
14384
14385
14386
14387
14388
14389
14390
14391
14392
14393
14394
14395
14396
14397
14398
14399
14400
14401
14402
14403
14406
14407
14408
14409
14410
14411
14412
14413
14414
14415
14416
14417
14418
14419
14420
14421
14422
14423
14424
14425
14426
14427
14428
14429
14430
14431
14432
14433
14434
14436
14437
14439
14440
14441
14442
14443
14444
14445
14446
14447
14448
14449
14450
14451
14452
14453
14454
14455
14456
14457
14458
14459
14460
14461
14462
14463
14464
14465
14466
14467
14468
14469
14470
14471
14472
14473
14474
14475
14476
14477
14478
14479
14480
14481
14482
14483
14484
14485
14486
14487
14488
14490
14491
14492
14493
14494
14495
14496
14497
14498
14499
14500
14501
14503
14504
14505
14506
14507
14508
14509
14510
14511
14512
14513
14514
14515
14516
14517
14518
14519
14520
14521
14522
14523
14524
14525
14526
14527
14528
14529
14530
14531
14532
14533
14534
14535
14536
14537
14538
14539
14540
14541
14542
14543
14544
14545
14546
14547
14548
14549
14550
14551
14552
14553
14554
14555
14556
14557
14558
14559
14560
14561
14562
14563
14564
14565
14566
14567
14568
14569
14570
14571
14572
14573
14574
14575
14576
14577
14578
14579
14580
14581
14582
14583
14584
14585
14586
14587
14588
14589
14590
14591
14592
14593
14594
14595
14596
14597
14598
14599
14600
14601
14602
14603
14604
14605
14606
14607
14608
14609
14610
14611
14612
14613
14614
14615
14616
14617
14618
14619
14620
14621
14622
14623
14624
14625
14626
14627
14628
14629
14630
14631
14632
14633
14634
14635
14636
14637
14638
14639
14640
14641
14642
14643
14644
14645
14646
14647
14648
14649
14650
14651
14652
14653
14654
14655
14656
14657
14658
14659
14660
14661
14662
14663
14664
14665
14666
14667
14668
14669
14670
14671
14672
14673
14674
14675
14676
14677
14678
14679
14680
14681
14682
14683
14684
14685
14686
14687
14688
14689
14690
14691
14692
14693
14694
14695
14696
14697
14698
14699
14700
14701
14702
14703
14704
14705
14706
14707
14708
14709
14710
14711
14712
14713
14714
14715
14716
14717
14718
14719
14720
14721
14722
14723
14724
14725
14726
14727
14728
14729
14730
14731
14732
14733
14734
14735
14736
14737
14738
14739
14740
14741
14742
14743
14744
14745
14746
14747
14748
14749
14750
14751
14752
14753
14754
14755
14756
14757
14758
14759
14760
14761
14762
14763
14764
14765
14766
14767
14768
14769
14770
14771
14772
14773
14774
14775
14777
14778
14779
14780
14781
14782
14783
14784
14785
14786
14787
14788
14789
14790
14791
14793
14794
14795
14796
14797
14798
14799
14800
14801
14802
14803
14804
14805
14806
14807
14808
14809
14811
14812
14813
14814
14815
14816
14817
14818
14819
14820
14821
14822
14823
14824
14825
14826
14827
14828
14829
14830
14831
14832
14833
14834
14835
14836
14837
14838
14839
14840
14841
14842
14843
14844
14845
14846
14847
14848
14849
14850
14851
14852
14853
14856
14857
14858
14859
14860
14861
14862
14864
14868
14869
14870
14871
14872
14873
14874
14875
14876
14877
14878
14879
14880
14881
14882
14883
14884
14885
14886
14889
14890
14891
14892
14893
14894
14895
14896
14897
14898
14899
14901
14902
14903
14904
14905
14909
14910
14911
14912
14913
14914
14915
14916
14917
14918
14919
14920
14921
14922
14923
14924
14925
14926
14927
14928
14929
14930
14931
14932
14933
14934
14936
14937
14938
14939
14940
14941
14942
14943
14944
14945
14946
14947
14948
14949
14950
14951
14952
14953
14954
14956
14957
14958
14959
14960
14961
14962
14963
14964
14965
14966
14967
14968
14971
14972
14973
14974
14975
14976
14977
14978
14979
14980
14981
14982
14983
14984
14985
14986
14987
14988
14989
14990
14991
14992
14993
14994
14995
14996
14997
14998
14999
15000
15001
15003
15004
15005
15006
15007
15008
15009
15010
15011
15012
15013
15014
15015
15016
15017
15018
15019
15021
15022
15023
15024
15025
15026
15027
15028
15029
15030
15032
15033
15034
15035
15036
15037
15038
15039
15040
15041
15042
15043
15044
15045
15046
15047
15048
15049
15050
15051
15052
15054
15055
15056
15057
15058
15059
15060
15061
15062
15063
15065
15066
15067
15068
15069
15070
15071
15072
15073
15075
15077
15078
15079
15080
15081
15082
15084
15085
15087
15088
15089
15090
15091
15092
15093
15094
15095
15096
15097
15098
15099
15100
15101
15102
15103
15104
15105
15106
15107
15108
15109
15110
15111
15112
15113
15114
15115
15116
15117
15118
15119
15120
15121
15122
15123
15124
15125
15126
15127
15128
15129
15130
15131
15132
15133
15134
15135
15136
15137
15138
15139
15140
15141
15142
15143
15144
15145
15146
15147
15148
15149
15150
15151
15152
15153
15154
15156
15157
15158
15159
15160
15162
15163
15164
15165
15166
15167
15168
15169
15170
15171
15173
15174
15175
15176
15177
15178
15179
15180
15181
15182
15183
15184
15185
15189
15190
15191
15192
15193
15194
15196
15197
15198
15200
15201
15202
15203
15204
15205
15206
15207
15208
15209
15210
15211
15212
15213
15214
15215
15216
15217
15221
15222
15223
15224
15225
15226
15228
15229
15230
15231
15232
15233
15234
15235
15236
15237
15239
15240
15241
15242
15243
15244
15245
15246
15247
15248
15249
15250
15251
15252
15253
15254
15255
15256
15257
15260
15261
15262
15263
15264
15265
15266
15267
15268
15269
15273
15275
15276
15277
15278
15279
15280
15281
15282
15283
15285
15286
15287
15288
15289
15290
15291
15292
15293
15294
15295
15296
15297
15298
15299
15300
15301
15302
15303
15304
15305
15306
15307
15308
15309
15310
15311
15312
15313
15314
15315
15316
15317
15318
15319
15320
15321
15322
15323
15324
15325
15326
15327
15328
15329
15330
15331
15332
15333
15334
15335
15336
15337
15340
15341
15342
15343
15344
15345
15346
15348
15349
15350
15351
15352
15353
15354
15355
15356
15357
15358
15359
15360
15361
15362
15363
15364
15366
15367
15368
15369
15371
15372
15373
15374
15375
15376
15377
15378
15379
15380
15382
15383
15384
15385
15388
15389
15390
15391
15392
15393
15394
15395
15396
15397
15398
15399
15400
15401
15402
15404
15405
15406
15407
15408
15409
15410
15411
15412
15414
15415
15416
15417
15419
15420
15421
15422
15423
15424
15425
15426
15427
15428
15429
15430
15431
15432
15433
15434
15435
15436
15437
15438
15439
15440
15441
15442
15443
15444
15445
15446
15447
15448
15449
15450
15451
15453
15454
15455
15456
15457
15458
15459
15460
15461
15462
15463
15464
15465
15466
15467
15468
15469
15470
15471
15472
15474
15476
15477
15478
15479
15480
15481
15482
15483
15484
15485
15486
15487
15488
15489
15490
15492
15493
15494
15497
15498
15499
15500
15501
15502
15503
15504
15505
15506
15507
15508
15509
15510
15511
15512
15513
15514
15515
15516
15517
15518
15519
15520
15521
15522
15523
15524
15525
15526
15527
15528
15529
15530
15531
15532
15533
15534
15535
15537
15538
15539
15540
15541
15542
15543
15544
15545
15546
15547
15548
15549
15550
15551
15552
15553
15554
15555
15556
15557
15558
15559
15560
15561
15562
15563
15564
15565
15566
15567
15568
15569
15570
15571
15572
15573
15574
15575
15576
15577
15578
15579
15580
15581
15582
15583
15584
15585
15586
15587
15588
15589
15590
15591
15592
15593
15594
15595
15597
15598
15599
15600
15601
15602
15603
15604
15605
15606
15607
15608
15609
15610
15611
15612
15613
15614
15615
15616
15617
15618
15619
15620
15621
15622
15623
15624
15625
15626
15627
15628
15630
15631
15632
15633
15634
15635
15636
15637
15639
15640
15641
15642
15643
15644
15645
15646
15647
15648
15649
15650
15651
15652
15653
15654
15655
15656
15657
15658
15659
15660
15661
15662
15663
15664
15665
15666
15667
15668
15669
15670
15671
15672
15673
15674
15675
15676
15677
15678
15679
15680
15681
15682
15683
15684
15685
15686
15687
15688
15689
15690
15691
15692
15693
15694
15695
15696
15697
15698
15699
15700
15701
15702
15703
15704
15705
15706
15707
15708
15709
15710
15711
15712
15713
15714
15715
15716
15717
15718
15719
15720
15721
15722
15723
15724
15725
15726
15727
15728
15729
15730
15731
15732
15733
15734
15735
15736
15737
15738
15740
15741
15742
15743
15744
15745
15746
15747
15748
15749
15750
15751
15752
15753
15754
15755
15756
15757
15758
15759
15760
15761
15762
15763
15764
15765
15766
15767
15768
15769
15770
15771
15772
15773
15774
15775
15776
15777
15778
15779
15780
15781
15782
15783
15784
15785
15786
15787
15788
15789
15790
15791
15792
15793
15794
15795
15796
15797
15798
15799
15800
15801
15802
15803
15804
15805
15806
15807
15808
15809
15810
15811
15812
15813
15814
15815
15816
15817
15818
15819
15820
15821
15822
15823
15824
15825
15826
15827
15828
15829
15830
15831
15832
15833
15834
15835
15836
15837
15838
15839
15840
15841
15842
15843
15844
15845
15846
15847
15848
15849
15850
15851
15852
15853
15854
15855
15856
15857
15858
15859
15860
15861
15862
15863
15864
15865
15866
15867
15868
15869
15870
15871
15872
15873
15874
15875
15876
15877
15878
15880
15881
15882
15883
15884
15885
15886
15887
15888
15889
15890
15891
15893
15894
15895
15896
15897
15898
15899
15900
15901
15903
15904
15905
15906
15907
15909
15910
15911
15912
15913
15914
15915
15916
15917
15918
15919
15920
15921
15922
15924
15925
15926
15927
15928
15929
15930
15931
15933
15934
15935
15936
15937
15938
15939
15940
15941
15943
15944
15945
15946
15947
15948
15949
15950
15951
15952
15953
15954
15955
15956
15957
15958
15959
15960
15961
15962
15963
15964
15965
15966
15967
15969
15970
15971
15972
15973
15974
15975
15976
15977
15978
15979
15980
15981
15982
15983
15984
15985
15986
15987
15989
15990
15991
15992
15993
15994
15995
15996
15997
15998
15999
16000
16001
16002
16003
16004
16005
16006
16007
16008
16009
16010
16011
16012
16013
16014
16015
16016
16017
16018
16019
16020
16021
16022
16023
16024
16026
16027
16028
16029
16030
16031
16032
16033
16034
16035
16036
16037
16038
16039
16040
16041
16042
16043
16044
16045
16046
16047
16048
16049
16050
16051
16052
16054
16055
16056
16057
16058
16059
16060
16061
16062
16063
16064
16065
16066
16067
16068
16069
16070
16071
16072
16073
16074
16075
16077
16078
16079
16080
16081
16082
16083
16086
16087
16088
16089
16090
16092
16093
16094
16095
16096
16099
16100
16101
16102
16103
16104
16105
16106
16107
16108
16109
16110
16111
16112
16113
16114
16115
16116
16117
16118
16119
16120
16121
16122
16123
16124
16125
16126
16127
16128
16129
16130
16131
16132
16133
16134
16135
16137
16138
16139
16140
16141
16146
16147
16148
16149
16150
16151
16152
16154
16155
16156
16157
16158
16159
16160
16161
16162
16163
16164
16165
16167
16168
16169
16170
16171
16172
16173
16174
16175
16176
16177
16179
16180
16181
16182
16183
16184
16185
16186
16188
16191
16192
16193
16194
16195
16196
16197
16198
16199
16200
16201
16203
16204
16205
16206
16207
16208
16209
16210
16211
16212
16213
16214
16215
16216
16217
16218
16219
16220
16221
16222
16223
16224
16225
16226
16227
16228
16230
16231
16232
16233
16234
16235
16236
16237
16238
16239
16240
16241
16242
16243
16244
16245
16246
16247
16248
16249
16250
16251
16252
16253
16254
16255
16256
16257
16258
16259
16260
16261
16262
16263
16264
16265
16266
16267
16268
16269
16270
16271
16272
16273
16274
16275
16276
16277
16278
16279
16280
16281
16282
16283
16284
16285
16286
16287
16288
16289
16290
16291
16292
16293
16294
16295
16296
16297
16298
16299
16300
16301
16302
16303
16304
16305
16306
16307
16308
16309
16310
16311
16312
16313
16314
16315
16316
16317
16318
16319
16320
16321
16322
16323
16324
16325
16326
16327
16328
16329
16330
16331
16332
16333
16334
16335
16336
16337
16338
16339
16340
16341
16342
16343
16344
16345
16346
16347
16348
16349
16350
16351
16352
16353
16354
16355
16356
16357
16358
16359
16360
16361
16362
16363
16365
16366
16367
16368
16369
16370
16371
16372
16373
16374
16375
16376
16377
16378
16379
16380
16381
16382
16383
16384
16385
16386
16387
16388
16389
16390
16391
16392
16393
16397
16398
16399
16400
16401
16402
16403
16404
16405
16406
16407
16408
16411
16412
16413
16414
16415
16416
16417
16418
16419
16420
16421
16422
16423
16424
16425
16426
16428
16429
16430
16431
16433
16434
16435
16439
16440
16441
16442
16443
16444
16445
16446
16447
16448
16449
16450
16451
16452
16453
16454
16455
16456
16457
16458
16459
16461
16462
16463
16464
16465
16467
16468
16469
16470
16471
16472
16473
16478
16479
16480
16481
16482
16483
16485
16486
16487
16488
16489
16490
16491
16492
16493
16494
16495
16496
16497
16499
16500
16501
16502
16505
16506
16507
16508
16509
16510
16511
16512
16513
16514
16515
16516
16517
16518
16519
16520
16521
16522
16523
16524
16525
16526
16527
16528
16529
16530
16531
16533
16534
16535
16536
16537
16539
16541
16542
16543
16544
16545
16546
16547
16548
16549
16550
16551
16552
16553
16554
16555
16556
16558
16559
16560
16561
16562
16564
16565
16566
16567
16568
16569
16570
16571
16574
16575
16576
16577
16578
16579
16580
16581
16582
16583
16584
16585
16586
16587
16588
16589
16590
16591
16592
16593
16596
16597
16598
16599
16600
16601
16602
16603
16604
16605
16606
16607
16608
16609
16610
16611
16612
16613
16614
16615
16616
16617
16620
16621
16622
16623
16624
16625
16626
16627
16629
16630
16631
16632
16633
16634
16635
16637
16638
16639
16640
16641
16642
16643
16644
16646
16647
16649
16650
16651
16652
16653
16654
16655
16656
16657
16659
16660
16661
16662
16663
16665
16666
16668
16669
16671
16672
16673
16674
16675
16676
16677
16678
16679
16680
16681
16685
16686
16687
16688
16689
16692
16693
16694
16695
16696
16697
16698
16699
16700
16701
16702
16703
16704
16705
16706
16707
16708
16709
16710
16711
16712
16713
16714
16716
16717
16718
16719
16720
16721
16722
16723
16725
16726
16727
16728
16729
16730
16731
16732
16733
16734
16735
16736
16737
16738
16739
16740
16741
16742
16743
16744
16745
16746
16747
16748
16749
16752
16753
16755
16756
16757
16758
16759
16760
16761
16762
16763
16764
16765
16766
16767
16768
16769
16770
16771
16772
16773
16776
16777
16779
16780
16782
16783
16785
16786
16788
16789
16790
16791
16794
16795
16796
16797
16798
16799
16800
16801
16802
16803
16804
16805
16806
16807
16808
16809
16810
16811
16812
16813
16815
16816
16817
16818
16819
16820
16821
16822
16823
16824
16825
16826
16827
16830
16831
16832
16833
16834
16835
16836
16837
16838
16839
16840
16841
16842
16843
16844
16845
16846
16847
16848
16849
16850
16851
16852
16853
16854
16855
16857
16858
16859
16860
16861
16862
16863
16864
16865
16866
16867
16868
16869
16870
16871
16872
16873
16874
16875
16876
16878
16879
16880
16881
16882
16883
16884
16885
16887
16889
16890
16891
16892
16893
16894
16895
16896
16897
16898
16899
16900
16901
16902
16903
16904
16905
16906
16907
16908
16909
16911
16912
16913
16914
16915
16916
16917
16918
16919
16920
16921
16922
16923
16924
16925
16926
16927
16928
16929
16930
16931
16932
16933
16935
16937
16938
16939
16940
16941
16942
16943
16944
16945
16946
16947
16948
16949
16950
16951
16952
16953
16954
16956
16957
16958
16959
16960
16961
16962
16963
16964
16965
16966
16967
16968
16969
16970
16971
16972
16973
16974
16975
16976
16977
16978
16979
16980
16983
16984
16985
16986
16987
16988
16989
16990
16991
16992
16993
16994
16995
16996
16997
16998
16999
17000
17001
17002
17003
17004
17005
17006
17007
17008
17009
17010
17011
17012
17013
17014
17015
17016
17017
17018
17019
17020
17021
17022
17023
17024
17025
17026
17027
17028
17029
17030
17031
17032
17033
17034
17035
17036
17037
17038
17039
17040
17041
17042
17043
17044
17045
17046
17047
17048
17049
17050
17051
17052
17053
17054
17055
17056
17057
17058
17059
17060
17061
17062
17063
17064
17065
17066
17067
17068
17069
17070
17071
17072
17073
17074
17075
17076
17077
17078
17079
17080
17081
17082
17083
17084
17085
17086
17087
17088
17089
17090
17091
17092
17093
17094
17095
17096
17097
17098
17099
17100
17101
17102
17103
17104
17105
17106
17107
17108
17109
17110
17111
17112
17113
17114
17115
17116
17117
17118
17119
17120
17121
17122
17123
17124
17125
17127
17128
17129
17130
17131
17132
17133
17134
17135
17136
17137
17138
17139
17140
17141
17142
17143
17144
17145
17146
17147
17148
17149
17150
17151
17152
17153
17154
17155
17156
17157
17158
17159
17160
17161
17162
17163
17164
17165
17166
17167
17168
17169
17170
17171
17172
17173
17174
17175
17176
17177
17178
17179
17180
17181
17182
17183
17184
17185
17186
17187
17188
17189
17190
17191
17192
17193
17194
17195
17196
17197
17198
17199
17200
17201
17202
17203
17204
17205
17206
17207
17208
17209
17210
17212
17213
17214
17215
17216
17217
17218
17219
17220
17221
17222
17223
17224
17225
17226
17227
17228
17229
17230
17231
17232
17233
17234
17235
17236
17237
17238
17239
17240
17241
17242
17243
17244
17245
17246
17247
17248
17249
17250
17251
17252
17253
17254
17255
17256
17257
17258
17259
17260
17261
17262
17263
17264
17265
17266
17268
17270
17271
17272
17273
17274
17275
17276
17277
17278
17279
17280
17281
17282
17283
17284
17285
17286
17287
17288
17289
17290
17291
17292
17293
17294
17295
17296
17297
17298
17299
17300
17301
17302
17303
17304
17305
17306
17307
17308
17309
17310
17311
17314
17315
17316
17317
17318
17319
17320
17321
17322
17323
17324
17325
17326
17327
17328
17329
17330
17331
17332
17333
17334
17335
17336
17337
17338
17339
17340
17341
17342
17343
17344
17345
17346
17347
17348
17349
17350
17351
17352
17353
17354
17355
17356
17357
17358
17359
17360
17361
17362
17363
17364
17365
17366
17367
17368
17369
17370
17371
17372
17373
17374
17375
17376
17377
17378
17379
17380
17381
17382
17385
17386
17387
17388
17389
17390
17391
17392
17393
17394
17395
17396
17397
17398
17399
17400
17401
17402
17403
17404
17406
17407
17408
17409
17410
17411
17412
17413
17414
17415
17416
17417
17418
17419
17420
17421
17422
17423
17424
17425
17426
17427
17428
17429
17430
17431
17432
17433
17434
17435
17436
17437
17438
17439
17440
17441
17442
17443
17444
17445
17446
17447
17448
17449
17450
17451
17452
17453
17454
17455
17456
17457
17458
17459
17460
17461
17462
17463
17464
17465
17466
17467
17468
17469
17470
17471
17472
17473
17474
17475
17476
17477
17478
17479
17480
17481
17482
17483
17484
17485
17486
17487
17488
17489
17490
17491
17493
17494
17495
17496
17497
17498
17499
17500
17501
17502
17503
17504
17505
17506
17507
17508
17509
17510
17511
17512
17513
17514
17515
17516
17517
17518
17519
17520
17521
17522
17523
17524
17525
17526
17528
17530
17532
17533
17534
17535
17536
17537
17538
17541
17542
17543
17544
17545
17546
17547
17548
17549
17550
17551
17552
17553
17554
17555
17556
17557
17558
17559
17560
17562
17563
17566
17567
17568
17569
17572
17574
17575
17576
17577
17578
17579
17580
17581
17583
17584
17585
17586
17587
17588
17589
17590
17591
17592
17593
17595
17596
17598
17599
17600
17601
17602
17603
17604
17607
17608
17609
17610
17611
17612
17613
17614
17616
17617
17618
17619
17620
17621
17622
17623
17624
17625
17626
17627
17628
17629
17630
17631
17632
17633
17634
17635
17636
17637
17638
17639
17640
17641
17642
17643
17644
17645
17646
17647
17648
17649
17650
17651
17652
17653
17654
17655
17656
17657
17658
17659
17661
17662
17663
17664
17665
17666
17667
17668
17670
17671
17672
17673
17675
17676
17677
17678
17679
17680
17681
17682
17683
17684
17685
17686
17687
17688
17689
17690
17691
17692
17693
17694
17695
17696
17697
17698
17699
17700
17701
17702
17703
17704
17705
17706
17707
17708
17709
17710
17711
17712
17713
17714
17715
17716
17717
17719
17720
17721
17722
17723
17724
17725
17727
17728
17729
17731
17732
17733
17734
17739
17742
17743
17744
17745
17746
17747
17748
17749
17752
17753
17754
17755
17756
17757
17758
17760
17763
17764
17765
17766
17767
17768
17770
17773
17774
17775
17776
17777
17778
17779
17780
17781
17782
17783
17784
17785
17786
17787
17788
17792
17793
17794
17795
17796
17797
17798
17799
17800
17802
17803
17804
17805
17806
17807
17808
17809
17810
17811
17812
17813
17814
17815
17816
17817
17818
17819
17820
17821
17822
17823
17824
17825
17826
17827
17828
17829
17830
17831
17832
17833
17834
17835
17836
17837
17839
17840
17841
17842
17843
17844
17845
17846
17847
17848
17849
17850
17851
17852
17853
17854
17855
17856
17857
17858
17859
17860
17861
17862
17863
17864
17865
17866
17867
17868
17869
17870
17871
17872
17873
17874
17875
17876
17877
17878
17879
17880
17881
17882
17883
17884
17885
17886
17887
17888
17889
17890
17891
17892
17893
17894
17895
17896
17897
17898
17899
17900
17901
17902
17903
17904
17905
17906
17907
17908
17909
17910
17911
17912
17913
17914
17915
17916
17917
17918
17919
17920
17921
17922
17923
17924
17925
17926
17927
17928
17929
17930
17931
17932
17933
17934
17935
17936
17937
17938
17939
17940
17941
17942
17943
17944
17945
17946
17947
17948
17949
17950
17951
17952
17953
17954
17955
17956
17957
17958
17959
17960
17961
17962
17963
17964
17965
17966
17967
17968
17969
17970
17971
17973
17974
17975
17976
17977
17978
17979
17980
17981
17982
17983
17984
17985
17986
17987
17988
17989
17990
17991
17992
17993
17994
17995
17996
17997
17998
17999
18000
18001
18003
18004
18005
18006
18007
18008
18009
18010
18011
18012
18013
18014
18015
18016
18017
18018
18019
18020
18021
18022
18023
18024
18025
18026
18027
18028
18029
18030
18031
18032
18033
18034
18035
18036
18037
18038
18039
18040
18041
18042
18043
18044
18045
18046
18047
18048
18049
18050
18051
18052
18053
18054
18055
18056
18057
18059
18060
18061
18062
18063
18064
18065
18066
18067
18068
18071
18072
18073
18074
18075
18076
18077
18078
18079
18080
18081
18082
18083
18084
18085
18086
18088
18089
18090
18091
18092
18093
18094
18095
18096
18097
18098
18099
18100
18101
18102
18103
18104
18105
18106
18107
18108
18109
18110
18111
18112
18113
18114
18116
18117
18118
18119
18120
18121
18122
18123
18125
18126
18127
18128
18129
18130
18131
18132
18133
18134
18135
18136
18137
18138
18139
18140
18141
18142
18143
18144
18145
18146
18147
18148
18149
18150
18151
18152
18153
18156
18157
18158
18160
18161
18162
18165
18166
18167
18168
18169
18170
18171
18172
18173
18174
18175
18176
18177
18178
18179
18180
18181
18183
18184
18186
18187
18189
18190
18191
18193
18194
18195
18196
18197
18198
18199
18200
18201
18202
18203
18204
18205
18206
18207
18208
18209
18210
18211
18212
18213
18214
18215
18216
18217
18218
18219
18221
18222
18223
18224
18225
18226
18227
18228
18229
18230
18231
18232
18234
18235
18236
18237
18238
18239
18240
18241
18242
18243
18246
18247
18248
18249
18250
18251
18252
18253
18254
18255
18256
18257
18258
18259
18260
18261
18262
18264
18265
18266
18270
18271
18272
18273
18274
18275
18276
18277
18278
18279
18281
18282
18283
18285
18286
18288
18289
18290
18291
18292
18293
18294
18295
18296
18297
18298
18299
18300
18301
18302
18303
18304
18305
18306
18307
18308
18309
18310
18311
18312
18313
18314
18315
18316
18317
18318
18320
18321
18322
18324
18325
18326
18327
18328
18329
18330
18331
18332
18333
18334
18335
18336
18337
18338
18339
18340
18341
18342
18343
18344
18347
18348
18349
18350
18351
18352
18353
18354
18355
18356
18359
18360
18361
18362
18363
18365
18367
18368
18369
18370
18371
18372
18373
18374
18375
18376
18377
18379
18381
18382
18383
18387
18388
18389
18390
18391
18392
18393
18394
18396
18397
18398
18399
18400
18401
18402
18403
18404
18405
18406
18407
18408
18409
18410
18411
18412
18413
18414
18415
18416
18417
18418
18419
18420
18421
18422
18423
18424
18425
18426
18429
18430
18431
18432
18433
18434
18435
18436
18437
18438
18439
18441
18442
18443
18444
18445
18446
18447
18448
18449
18450
18451
18452
18453
18456
18457
18458
18459
18460
18461
18462
18463
18464
18465
18466
18467
18468
18469
18470
18471
18473
18474
18475
18476
18477
18478
18479
18480
18481
18482
18483
18484
18485
18486
18487
18488
18489
18490
18491
18492
18493
18494
18495
18496
18497
18498
18499
18500
18501
18502
18503
18504
18505
18506
18507
18508
18509
18510
18511
18512
18513
18514
18515
18516
18517
18518
18519
18522
18523
18524
18525
18526
18527
18528
18529
18530
18531
18532
18534
18535
18536
18537
18538
18539
18540
18541
18543
18544
18545
18546
18547
18548
18549
18550
18551
18552
18554
18555
18556
18557
18558
18559
18560
18561
18562
18563
18564
18565
18566
18567
18568
18569
18570
18571
18572
18573
18574
18575
18576
18577
18578
18579
18580
18581
18582
18583
18584
18585
18586
18587
18588
18589
18590
18591
18592
18593
18594
18595
18596
18597
18598
18599
18600
18601
18602
18603
18604
18605
18606
18607
18608
18609
18610
18611
18612
18613
18614
18615
18616
18617
18618
18619
18620
18621
18622
18623
18624
18625
18626
18627
18628
18629
18630
18631
18632
18633
18634
18635
18636
18637
18638
18639
18640
18641
18642
18643
18644
18645
18646
18647
18648
18649
18650
18652
18653
18654
18655
18656
18657
18658
18659
18660
18661
18662
18663
18664
18665
18666
18667
18668
18669
18670
18671
18672
18673
18674
18675
18676
18677
18678
18679
18680
18681
18682
18683
18684
18685
18686
18687
18688
18689
18690
18691
18692
18693
18694
18695
18696
18697
18698
18699
18700
18701
18702
18703
18704
18705
18706
18707
18708
18709
18710
18711
18712
18713
18714
18715
18716
18717
18718
18719
18720
18721
18722
18723
18724
18725
18726
18727
18729
18730
18731
18732
18733
18734
18735
18736
18738
18741
18742
18743
18744
18745
18746
18747
18748
18749
18751
18752
18753
18754
18755
18756
18757
18758
18759
18760
18762
18763
18764
18765
18766
18767
18768
18769
18770
18771
18772
18773
18774
18775
18776
18777
18778
18779
18780
18781
18783
18784
18785
18786
18787
18788
18789
18790
18791
18792
18793
18794
18795
18796
18797
18798
18799
18800
18801
18802
18803
18804
18805
18806
18807
18808
18809
18810
18811
18812
18813
18814
18815
18816
18817
18818
18819
18820
18821
18822
18823
18824
18825
18826
18827
18828
18829
18830
18831
18832
18833
18835
18836
18837
18838
18839
18840
18841
18842
18843
18844
18845
18846
18847
18848
18849
18850
18851
18852
18853
18854
18855
18856
18857
18858
18859
18860
18861
18862
18863
18864
18865
18866
18867
18868
18869
18870
18871
18872
18873
18874
18875
18876
18877
18878
18879
18880
18881
18882
18883
18884
18885
18886
18887
18888
18889
18890
18891
18892
18894
18895
18896
18898
18899
18900
18901
18902
18903
18904
18905
18906
18907
18908
18909
18910
18911
18912
18913
18915
18916
18917
18918
18920
18921
18922
18923
18924
18925
18927
18928
18929
18930
18931
18932
18933
18934
18935
18936
18937
18938
18939
18940
18941
18942
18943
18944
18945
18946
18947
18948
18949
18950
18951
18952
18953
18954
18955
18956
18957
18958
18959
18960
18961
18962
18963
18964
18965
18966
18967
18968
18969
18970
18971
18972
18973
18974
18975
18976
18977
18978
18979
18981
18983
18984
18985
18986
18987
18988
18989
18990
18991
18992
18993
18994
18995
18996
18997
18998
18999
19000
19001
19002
19003
19004
19005
19006
19007
19008
19009
19010
19011
19012
19013
19014
19015
19017
19018
19019
19020
19021
19022
19023
19026
19027
19028
19029
19030
19031
19032
19033
19034
19035
19036
19037
19038
19039
19040
19041
19042
19043
19044
19045
19046
19047
19048
19049
19050
19051
19052
19053
19054
19055
19056
19057
19058
19059
19060
19061
19062
19063
19064
19065
19066
19067
19068
19069
19070
19071
19072
19073
19074
19075
19076
19077
19078
19079
19080
19081
19082
19083
19084
19085
19086
19087
19088
19089
19090
19091
19092
19093
19094
19095
19096
19097
19098
19099
19100
19103
19104
19105
19107
19108
19109
19110
19111
19112
19113
19114
19115
19116
19117
19118
19119
19120
19121
19122
19123
19124
19125
19126
19127
19128
19129
19130
19131
19132
19133
19134
19135
19136
19137
19138
19139
19140
19141
19142
19143
19144
19145
19146
19147
19148
19149
19150
19151
19152
19153
19154
19155
19156
19157
19158
19159
19160
19161
19162
19163
19164
19165
19166
19167
19168
19169
19170
19171
19172
19173
19174
19175
19176
19177
19178
19179
19180
19181
19182
19183
19184
19185
19186
19187
19188
19189
19190
19191
19192
19193
19194
19195
19196
19197
19198
19199
19200
19201
19202
19203
19204
19205
19206
19207
19208
19209
19210
19211
19212
19213
19215
19216
19217
19218
19219
19220
19221
19224
19225
19226
19227
19228
19229
19230
19231
19232
19233
19234
19236
19237
19238
19239
19240
19241
19242
19243
19244
19247
19249
19250
19251
19252
19257
19258
19259
19260
19261
19262
19263
19264
19265
19266
19267
19268
19269
19270
19271
19272
19273
19274
19275
19276
19277
19278
19279
19280
19281
19282
19283
19284
19285
19286
19287
19288
19289
19290
19291
19292
19293
19294
19295
19296
19297
19298
19299
19300
19302
19304
19305
19306
19307
19308
19309
19311
19312
19313
19314
19315
19316
19317
19318
19319
19320
19321
19322
19323
19324
19325
19326
19327
19328
19329
19330
19331
19332
19333
19334
19335
19336
19337
19338
19339
19340
19341
19342
19343
19344
19345
19346
19347
19348
19349
19350
19351
19352
19353
19354
19355
19356
19357
19358
19359
19360
19361
19362
19363
19364
19365
19366
19367
19368
19369
19370
19371
19372
19373
19374
19375
19376
19377
19378
19379
19380
19381
19382
19383
19384
19385
19386
19387
19388
19390
19391
19392
19393
19394
19395
19396
19398
19400
19401
19402
19403
19404
19405
19406
19407
19408
19409
19410
19411
19412
19413
19414
19415
19416
19417
19418
19419
19420
19422
19423
19424
19425
19426
19427
19428
19429
19430
19431
19432
19433
19434
19435
19436
19437
19438
19439
19440
19441
19442
19443
19445
19446
19447
19448
19449
19450
19451
19452
19453
19454
19455
19456
19457
19458
19459
19460
19461
19462
19463
19464
19465
19466
19467
19468
19469
19470
19471
19472
19473
19474
19475
19476
19477
19478
19479
19480
19481
19482
19483
19484
19485
19486
19487
19488
19489
19490
19491
19492
19493
19494
19495
19496
19497
19498
19499
19500
19501
19502
19503
19504
19505
19506
19507
19508
19509
19510
19511
19512
19513
19514
19515
19516
19517
19518
19519
19520
19521
19522
19523
19524
19525
19527
19529
19530
19531
19532
19533
19534
19535
19536
19537
19538
19539
19541
19542
19543
19546
19547
19548
19549
19550
19551
19552
19553
19554
19555
19556
19557
19558
19559
19560
19561
19562
19563
19564
19565
19566
19567
19568
19569
19570
19571
19572
19573
19574
19575
19576
19578
19579
19580
19581
19582
19583
19584
19585
19586
19587
19588
19589
19590
19591
19592
19593
19594
19595
19596
19597
19598
19599
19600
19601
19602
19603
19604
19605
19606
19607
19608
19609
19610
19611
19612
19613
19614
19615
19616
19617
19618
19619
19620
19621
19624
19625
19628
19629
19630
19631
19632
19633
19634
19635
19636
19638
19639
19640
19641
19642
19643
19644
19645
19646
19647
19648
19649
19650
19651
19652
19653
19654
19655
19656
19657
19658
19659
19660
19662
19663
19664
19665
19666
19667
19668
19669
19670
19671
19672
19673
19674
19675
19676
19677
19678
19679
19680
19681
19682
19683
19684
19685
19686
19687
19688
19689
19690
19691
19692
19693
19694
19695
19696
19697
19698
19699
19701
19702
19703
19704
19705
19706
19707
19708
19709
19710
19711
19712
19713
19714
19715
19716
19717
19719
19720
19721
19722
19723
19725
19726
19727
19728
19729
19730
19732
19733
19734
19735
19736
19737
19738
19739
19740
19741
19742
19743
19744
19745
19746
19747
19748
19749
19750
19751
19752
19753
19754
19755
19756
19757
19758
19759
19760
19761
19762
19763
19764
19765
19766
19767
19768
19769
19770
19771
19772
19773
19774
19775
19776
19777
19778
19779
19780
19781
19782
19783
19784
19785
19786
19787
19788
19789
19791
19792
19793
19794
19795
19796
19799
19800
19801
19802
19803
19804
19805
19806
19807
19808
19809
19810
19811
19812
19813
19814
19815
19816
19817
19818
19819
19820
19821
19822
19823
19824
19825
19826
19827
19828
19829
19830
19831
19832
19833
19834
19835
19836
19837
19838
19839
19840
19841
19842
19843
19844
19845
19846
19847
19848
19849
19851
19852
19853
19854
19855
19856
19857
19858
19859
19860
19861
19863
19866
19867
19868
19870
19871
19872
19873
19874
19875
19876
19877
19884
19885
19886
19887
19888
19889
19890
19891
19893
19894
19895
19896
19897
19898
19899
19900
19901
19902
19903
19904
19905
19906
19907
19908
19909
19910
19911
19912
19913
19914
19915
19917
19919
19920
19921
19922
19923
19924
19925
19926
19927
19928
19929
19930
19931
19932
19933
19934
19935
19936
19937
19938
19939
19941
19942
19943
19944
19945
19947
19948
19950
19951
19952
19953
19954
19955
19956
19957
19958
19959
19963
19964
19965
19966
19967
19968
19969
19970
19971
19972
19973
19975
19976
19977
19980
19981
19982
19984
19986
19987
19988
19989
19991
19992
19993
19994
19995
19996
19997
19998
19999
20000
20001
20004
20005
20006
20007
20008
20009
20010
20011
20012
20013
20014
20015
20016
20017
20019
20020
20021
20022
20024
20025
20026
20027
20028
20030
20031
20032
20033
20034
20035
20037
20039
20040
20041
20042
20043
20044
20045
20046
20047
20048
20049
20050
20051
20052
20053
20054
20055
20056
20057
20058
20060
20061
20062
20063
20064
20065
20066
20069
20070
20075
20076
20077
20079
20081
20082
20083
20084
20085
20086
20087
20088
20089
20090
20091
20092
20093
20094
20095
20096
20097
20098
20099
20100
20101
20102
20103
20104
20106
20108
20110
20111
20112
20117
20118
20119
20120
20121
20122
20123
20124
20125
20126
20127
20128
20129
20130
20131
20136
20137
20139
20140
20141
20142
20145
20148
20149
20150
20151
20152
20153
20154
20155
20156
20157
20158
20159
20160
20161
20162
20163
20164
20165
20166
20167
20168
20169
20170
20171
20172
20173
20174
20175
20176
20177
20178
20179
20181
20182
20184
20185
20189
20191
20192
20193
20194
20195
20196
20197
20200
20201
20202
20203
20204
20205
20206
20207
20208
20209
20210
20211
20212
20213
20214
20215
20216
20217
20218
20220
20221
20222
20223
20224
20225
20226
20227
20228
20229
20230
20231
20232
20233
20234
20235
20236
20237
20238
20239
20240
20241
20242
20243
20244
20245
20246
20247
20248
20249
20250
20251
20252
20253
20254
20255
20256
20257
20258
20259
20260
20261
20262
20265
20266
20267
20268
20269
20270
20271
20272
20273
20274
20275
20276
20277
20278
20279
20280
20281
20282
20283
20284
20285
20286
20287
20288
20289
20290
20291
20293
20294
20295
20296
20297
20298
20299
20300
20301
20302
20303
20304
20305
20306
20307
20308
20309
20310
20311
20312
20313
20314
20315
20316
20317
20318
20319
20320
20321
20322
20323
20324
20325
20326
20327
20328
20329
20330
20331
20332
20333
20334
20335
20336
20337
20338
20339
20340
20341
20342
20343
20345
20346
20347
20348
20349
20350
20351
20352
20353
20354
20355
20356
20357
20358
20359
20360
20361
20362
20364
20365
20366
20367
20368
20370
20371
20372
20374
20375
20376
20377
20378
20379
20380
20381
20382
20383
20384
20385
20386
20387
20391
20392
20393
20394
20395
20397
20398
20399
20400
20401
20402
20403
20404
20405
20406
20407
20409
20410
20411
20412
20413
20414
20415
20416
20417
20418
20419
20420
20421
20422
20423
20424
20425
20427
20428
20429
20430
20431
20432
20433
20434
20436
20439
20440
20441
20444
20445
20446
20447
20448
20449
20450
20451
20452
20453
20454
20455
20456
20457
20459
20460
20461
20462
20464
20468
20469
20470
20471
20472
20473
20474
20475
20476
20478
20479
20480
20481
20482
20483
20484
20485
20486
20487
20488
20489
20490
20491
20492
20493
20494
20495
20496
20497
20498
20499
20500
20501
20502
20504
20505
20508
20511
20512
20513
20514
20515
20516
20517
20519
20520
20521
20522
20525
20526
20527
20531
20532
20533
20534
20535
20536
20537
20538
20539
20540
20541
20542
20543
20544
20545
20546
20547
20548
20549
20552
20553
20555
20556
20557
20558
20559
20560
20561
20562
20566
20567
20568
20569
20570
20571
20574
20577
20579
20580
20581
20582
20583
20584
20585
20586
20587
20588
20589
20590
20591
20592
20593
20594
20595
20596
20597
20601
20602
20603
20604
20605
20606
20607
20608
20609
20610
20611
20612
20613
20614
20615
20616
20617
20618
20619
20620
20621
20622
20624
20625
20626
20627
20628
20629
20630
20631
20633
20634
20635
20636
20637
20638
20639
20640
20641
20642
20643
20644
20645
20646
20647
20648
20649
20650
20651
20652
20653
20654
20655
20656
20657
20658
20659
20660
20661
20662
20663
20664
20665
20666
20667
20668
20669
20670
20671
20672
20673
20674
20675
20676
20677
20678
20679
20680
20681
20682
20683
20684
20685
20686
20687
20688
20689
20690
20691
20692
20693
20694
20695
20696
20697
20698
20699
20700
20701
20702
20703
20704
20705
20706
20707
20708
20709
20710
20711
20712
20713
20714
20715
20716
20717
20718
20719
20720
20721
20722
20723
20724
20725
20726
20727
20728
20729
20730
20731
20732
20733
20734
20735
20736
20737
20738
20739
20740
20741
20742
20743
20744
20745
20746
20747
20748
20749
20750
20751
20752
20753
20754
20756
20757
20758
20759
20760
20763
20764
20766
20767
20768
20769
20770
20771
20772
20773
20775
20776
20777
20778
20779
20780
20781
20783
20784
20785
20786
20787
20788
20789
20790
20791
20792
20793
20794
20796
20797
20798
20799
20800
20801
20802
20803
20805
20806
20807
20808
20809
20810
20811
20812
20813
20814
20815
20817
20818
20819
20820
20821
20822
20823
20824
20825
20826
20827
20829
20830
20831
20832
20833
20834
20835
20840
20841
20842
20843
20844
20845
20846
20847
20848
20849
20850
20851
20852
20853
20854
20855
20856
20857
20858
20859
20860
20861
20863
20864
20865
20866
20867
20868
20869
20874
20875
20876
20877
20878
20879
20880
20881
20882
20883
20884
20885
20886
20887
20888
20889
20890
20891
20892
20893
20894
20895
20896
20897
20898
20899
20900
20901
20902
20903
20904
20905
20906
20907
20908
20909
20910
20911
20912
20913
20914
20915
20916
20917
20918
20919
20920
20921
20922
20923
20924
20925
20926
20927
20928
20929
20930
20931
20932
20933
20934
20935
20936
20937
20938
20939
20940
20941
20942
20943
20944
20945
20946
20947
20948
20949
20950
20951
20952
20953
20954
20955
20956
20957
20958
20959
20960
20961
20962
20964
20965
20966
20967
20972
20973
20974
20975
20976
20977
20978
20979
20980
20981
20982
20983
20986
20987
20988
20989
20990
20991
20992
20993
20995
20996
20997
20998
20999
21000
21001
21002
21003
21004
21005
21006
21007
21008
21009
21010
21012
21013
21015
21016
21018
21019
21020
21021
21022
21023
21024
21025
21026
21027
21028
21029
21030
21031
21032
21033
21034
21035
21036
21037
21038
21039
21040
21042
21043
21044
21045
21046
21047
21048
21049
21050
21051
21054
21055
21056
21057
21059
21060
21061
21063
21065
21066
21067
21068
21069
21070
21073
21075
21076
21077
21079
21080
21081
21084
21085
21086
21087
21088
21089
21090
21091
21093
21095
21096
21097
21098
21099
21100
21101
21104
21105
21106
21107
21108
21109
21110
21111
21112
21113
21114
21116
21117
21118
21119
21120
21121
21122
21124
21125
21126
21127
21128
21130
21131
21132
21133
21134
21135
21136
21137
21138
21139
21140
21141
21142
21143
21144
21145
21146
21147
21148
21149
21150
21151
21152
21153
21154
21155
21156
21157
21158
21159
21160
21161
21162
21163
21164
21165
21166
21167
21168
21169
21170
21171
21172
21173
21175
21176
21177
21182
21183
21184
21185
21186
21187
21188
21189
21190
21191
21192
21193
21195
21196
21197
21198
21199
21200
21201
21202
21203
21204
21205
21206
21207
21208
21209
21210
21211
21213
21214
21215
21216
21217
21219
21220
21222
21223
21224
21225
21226
21228
21229
21230
21231
21232
21233
21234
21235
21237
21238
21240
21241
21242
21243
21246
21248
21249
21250
21251
21252
21253
21254
21255
21256
21261
21263
21264
21265
21266
21268
21273
21274
21275
21276
21277
21278
21279
21280
21281
21284
21285
21286
21288
21289
21292
21294
21295
21296
21297
21298
21299
21300
21301
21302
21303
21305
21306
21307
21308
21310
21311
21312
21313
21314
21315
21316
21318
21319
21320
21321
21322
21323
21327
21328
21329
21330
21332
21333
21334
21335
21336
21337
21338
21339
21340
21341
21342
21343
21344
21345
21346
21347
21348
21349
21351
21352
21353
21354
21355
21356
21357
21358
21359
21360
21361
21362
21363
21364
21365
21366
21372
21373
21375
21376
21377
21378
21379
21381
21382
21383
21384
21385
21386
21387
21388
21389
21390
21391
21392
21393
21394
21395
21396
21397
21398
21399
21400
21401
21402
21403
21404
21405
21406
21407
21408
21409
21410
21411
21412
21413
21414
21415
21416
21417
21418
21419
21420
21421
21422
21423
21424
21425
21426
21427
21428
21429
21431
21432
21433
21434
21437
21439
21440
21441
21442
21444
21445
21446
21447
21448
21449
21450
21451
21452
21453
21455
21456
21459
21460
21461
21462
21463
21464
21465
21466
21467
21468
21469
21470
21471
21472
21473
21474
21475
21476
21477
21478
21479
21480
21481
21482
21483
21484
21485
21486
21487
21488
21489
21490
21491
21492
21493
21494
21495
21496
21497
21498
21499
21500
21501
21502
21503
21504
21505
21506
21507
21508
21509
21510
21511
21512
21513
21514
21515
21516
21517
21518
21519
21520
21521
21522
21524
21525
21526
21527
21528
21529
21530
21531
21532
21533
21534
21535
21536
21537
21539
21540
21541
21542
21543
21544
21545
21546
21547
21548
21549
21550
21552
21553
21555
21557
21558
21559
21560
21561
21563
21564
21565
21567
21568
21570
21571
21572
21573
21574
21575
21576
21577
21578
21579
21580
21581
21582
21583
21584
21585
21586
21587
21588
21589
21592
21593
21594
21597
21598
21599
21600
21601
21602
21604
21605
21606
21607
21608
21609
21610
21611
21612
21613
21614
21615
21616
21617
21618
21619
21620
21621
21622
21624
21625
21626
21629
21630
21631
21632
21633
21636
21637
21638
21639
21645
21647
21648
21649
21650
21651
21652
21654
21655
21658
21659
21665
21666
21667
21669
21670
21671
21672
21673
21674
21675
21676
21679
21680
21681
21682
21683
21684
21685
21689
21690
21691
21692
21693
21694
21695
21696
21699
21700
21701
21702
21703
21704
21707
21708
21709
21710
21711
21712
21713
21714
21715
21716
21717
21718
21719
21720
21721
21722
21723
21724
21725
21726
21727
21728
21729
21731
21733
21734
21735
21736
21737
21738
21739
21740
21743
21746
21747
21748
21749
21750
21751
21752
21753
21754
21755
21756
21757
21758
21759
21760
21761
21762
21763
21764
21765
21767
21768
21769
21770
21771
21772
21773
21774
21775
21776
21777
21778
21780
21781
21782
21783
21784
21788
21789
21790
21791
21792
21793
21794
21795
21796
21798
21799
21800
21801
21802
21803
21804
21805
21806
21807
21809
21812
21813
21814
21815
21816
21817
21818
21819
21820
21821
21823
21824
21825
21826
21827
21828
21829
21830
21831
21833
21834
21835
21836
21837
21838
21839
21840
21841
21842
21843
21844
21845
21846
21847
21848
21849
21850
21851
21852
21853
21854
21855
21856
21857
21859
21861
21862
21863
21864
21865
21866
21867
21868
21869
21870
21871
21872
21873
21874
21875
21876
21877
21879
21880
21881
21882
21883
21884
21886
21887
21888
21889
21890
21892
21893
21894
21895
21896
21897
21898
21899
21900
21901
21903
21904
21905
21906
21907
21908
21909
21910
21911
21912
21913
21914
21915
21916
21917
21918
21919
21920
21921
21922
21923
21924
21925
21926
21927
21928
21930
21931
21933
21934
21935
21936
21937
21939
21941
21942
21943
21944
21945
21946
21947
21948
21949
21950
21951
21952
21953
21954
21955
21956
21957
21961
21963
21964
21965
21966
21967
21968
21969
21970
21972
21973
21977
21978
21979
21980
21981
21982
21983
21984
21985
21987
21988
21989
21991
21996
21997
21998
21999
22000
22001
22004
22005
22006
22007
22008
22009
22010
22011
22012
22014
22015
22016
22017
22018
22019
22022
22023
22024
22025
22029
22030
22031
22032
22033
22034
22035
22036
22041
22043
22044
22045
22047
22048
22049
22050
22051
22052
22054
22055
22056
22057
22058
22059
22061
22063
22064
22065
22066
22067
22068
22069
22070
22071
22072
22073
22074
22077
22078
22079
22080
22081
22082
22083
22084
22085
22086
22087
22088
22089
22090
22091
22092
22093
22095
22097
22099
22103
22104
22105
22106
22107
22108
22109
22110
22111
22112
22113
22114
22115
22121
22124
22128
22129
22131
22132
22133
22134
22135
22136
22138
22139
22140
22141
22142
22143
22144
22145
22146
22148
22149
22150
22151
22152
22153
22154
22155
22156
22157
22158
22159
22160
22163
22164
22165
22166
22167
22173
22175
22176
22177
22178
22185
22187
22188
22189
22191
22192
22193
22194
22195
22196
22197
22198
22199
22200
22201
22202
22205
22206
22207
22208
22209
22210
22211
22212
22213
22218
22219
22220
22221
22223
22224
22225
22226
22227
22228
22229
22230
22231
22232
22233
22235
22236
22237
22238
22239
22240
22241
22242
22243
22244
22245
22248
22249
22251
22253
22254
22255
22256
22257
22258
22259
22260
22261
22262
22263
22264
22265
22266
22268
22269
22270
22271
22272
22273
22274
22275
22276
22277
22278
22279
22280
22281
22282
22283
22284
22285
22286
22287
22288
22289
22290
22293
22294
22295
22296
22297
22299
22301
22302
22303
22304
22305
22306
22307
22308
22309
22310
22311
22313
22314
22315
22319
22320
22321
22322
22323
22324
22329
22330
22331
22332
22333
22334
22335
22336
22337
22338
22340
22341
22342
22344
22345
22346
22347
22348
22351
22352
22355
22356
22357
22359
22360
22361
22363
22365
22366
22367
22368
22373
22374
22375
22376
22382
22383
22385
22386
22387
22393
22396
22398
22399
22400
22401
22402
22404
22405
22406
22407
22408
22412
22415
22416
22417
22418
22419
22421
22422
22423
22424
22425
22426
22427
22428
22429
22430
22431
22432
22433
22437
22438
22439
22440
22441
22442
22443
22444
22445
22446
22447
22448
22449
22450
22451
22452
22453
22454
22455
22456
22457
22458
22459
22460
22461
22462
22463
22464
22465
22466
22467
22468
22469
22470
22471
22472
22473
22474
22475
22476
22477
22478
22479
22480
22481
22482
22483
22484
22485
22486
22487
22488
22489
22490
22491
22492
22493
22494
22495
22496
22497
22500
22501
22502
22503
22504
22505
22506
22507
22509
22510
22511
22512
22513
22514
22515
22516
22517
22518
22519
22520
22521
22523
22524
22525
22527
22528
22529
22530
22532
22533
22534
22535
22536
22537
22538
22539
22540
22541
22542
22543
22544
22545
22546
22547
22548
22549
22550
22551
22552
22553
22554
22555
22556
22557
22558
22559
22560
22561
22562
22563
22564
22565
22566
22567
22568
22569
22570
22571
22572
22573
22574
22575
22576
22577
22580
22581
22582
22583
22584
22585
22586
22587
22588
22593
22594
22595
22596
22597
22598
22599
22600
22602
22603
22604
22605
22606
22607
22608
22609
22610
22615
22616
22617
22618
22619
22620
22621
22622
22623
22624
22625
22626
22627
22628
22629
22630
22632
22633
22634
22635
22636
22637
22638
22639
22641
22643
22644
22645
22646
22647
22649
22650
22652
22653
22654
22655
22656
22657
22658
22659
22660
22661
22662
22663
22664
22665
22666
22667
22668
22669
22670
22671
22672
22673
22674
22675
22677
22678
22679
22680
22681
22682
22683
22684
22685
22686
22687
22688
22689
22690
22691
22692
22693
22694
22695
22696
22697
22698
22699
22700
22701
22702
22703
22704
22705
22706
22707
22708
22709
22710
22711
22714
22715
22716
22718
22719
22720
22721
22722
22723
22724
22725
22726
22728
22729
22733
22734
22735
22736
22737
22738
22743
22744
22745
22747
22748
22749
22750
22751
22752
22753
22754
22755
22756
22759
22761
22762
22763
22764
22765
22766
22767
22768
22769
22770
22771
22772
22773
22774
22775
22776
22777
22778
22779
22781
22783
22784
22785
22786
22787
22789
22791
22792
22793
22794
22795
22796
22797
22798
22799
22800
22801
22802
22803
22804
22806
22807
22814
22815
22816
22817
22818
22819
22820
22821
22822
22823
22824
22825
22827
22828
22830
22831
22832
22835
22836
22837
22838
22841
22842
22843
22844
22845
22846
22847
22848
22849
22850
22851
22852
22853
22854
22855
22857
22858
22859
22860
22861
22862
22867
22868
22869
22870
22872
22876
22877
22878
22879
22880
22881
22882
22883
22885
22887
22889
22890
22891
22892
22893
22894
22895
22896
22901
22902
22903
22905
22906
22907
22909
22910
22911
22912
22913
22914
22915
22916
22917
22918
22921
22922
22923
22924
22925
22926
22931
22932
22933
22934
22935
22941
22943
22944
22945
22946
22947
22950
22951
22953
22954
22955
22956
22957
22958
22959
22960
22961
22962
22963
22964
22965
22966
22967
22968
22969
22970
22971
22972
22973
22974
22975
22976
22977
22978
22979
22980
22981
22982
22983
22984
22985
22986
22987
22988
22989
22990
22991
22992
22993
22994
22995
22996
22999
23000
23001
23002
23003
23004
23005
23006
23007
23008
23009
23010
23011
23012
23013
23016
23017
23018
23022
23023
23024
23025
23026
23028
23029
23030
23031
23032
23033
23034
23035
23036
23037
23038
23039
23040
23041
23042
23045
23046
23047
23048
23049
23050
23051
23052
23053
23055
23056
23057
23058
23062
23064
23065
23066
23067
23068
23071
23072
23073
23074
23075
23076
23077
23078
23079
23080
23081
23082
23083
23084
23085
23086
23087
23088
23089
23094
23095
23097
23098
23099
23100
23101
23102
23103
23104
23105
23106
23108
23110
23111
23112
23113
23114
23115
23116
23120
23121
23122
23123
23124
23125
23127
23130
23131
23133
23134
23135
23136
23137
23138
23140
23141
23142
23143
23144
23145
23146
23148
23149
23151
23152
23154
23155
23157
23158
23162
23163
23164
23165
23166
23167
23168
23169
23170
23175
23177
23180
23183
23184
23185
23186
23187
23188
23189
23192
23193
23195
23198
23199
23200
23201
23202
23204
23205
23206
23208
23209
23210
23211
23216
23217
23218
23220
23221
23222
23223
23224
23225
23226
23229
23230
23231
23232
23233
23234
23235
23236
23238
23239
23240
23241
23242
23243
23244
23245
23246
23247
23248
23249
23250
23251
23252
23253
23254
23255
23256
23257
23258
23259
23260
23261
23262
23263
23264
23265
23266
23267
23268
23269
23270
23271
23272
23273
23274
23275
23276
23277
23278
23280
23281
23283
23284
23285
23286
23287
23288
23289
23292
23293
23294
23295
23296
23297
23298
23299
23300
23301
23303
23304
23305
23306
23307
23308
23309
23310
23311
23313
23314
23316
23317
23318
23319
23320
23321
23322
23325
23326
23327
23328
23329
23330
23331
23332
23333
23334
23335
23336
23337
23338
23339
23340
23341
23342
23343
23344
23345
23346
23347
23348
23349
23350
23351
23352
23353
23354
23355
23359
23360
23361
23363
23364
23365
23366
23368
23369
23370
23371
23372
23373
23374
23375
23376
23377
23378
23380
23382
23383
23386
23387
23388
23391
23392
23393
23394
23397
23399
23400
23401
23403
23407
23408
23409
23410
23412
23413
23414
23415
23416
23419
23422
23423
23424
23425
23426
23427
23430
23431
23432
23433
23434
23435
23436
23437
23439
23442
23443
23444
23445
23446
23448
23449
23454
23455
23456
23457
23458
23459
23460
23461
23462
23463
23464
23465
23466
23467
23469
23471
23472
23473
23474
23475
23476
23477
23478
23479
23480
23481
23482
23483
23484
23485
23487
23488
23489
23490
23491
23493
23494
23495
23496
23497
23499
23500
23501
23503
23504
23505
23506
23507
23508
23509
23513
23514
23515
23516
23517
23518
23519
23520
23521
23522
23523
23524
23525
23526
23527
23528
23529
23530
23531
23532
23533
23534
23539
23540
23541
23542
23545
23548
23549
23550
23551
23552
23553
23556
23557
23558
23559
23560
23561
23562
23563
23564
23565
23566
23567
23568
23569
23570
23571
23572
23573
23574
23575
23576
23577
23578
23579
23580
23581
23582
23583
23584
23585
23586
23587
23588
23589
23590
23591
23592
23593
23594
23595
23596
23597
23598
23599
23600
23601
23604
23605
23606
23607
23609
23610
23611
23612
23613
23614
23615
23616
23617
23618
23619
23622
23623
23624
23625
23626
23627
23628
23629
23630
23631
23632
23633
23634
23635
23636
23637
23638
23639
23640
23641
23642
23643
23644
23645
23646
23647
23649
23650
23651
23652
23653
23655
23658
23659
23660
23661
23662
23663
23664
23665
23667
23668
23670
23671
23672
23673
23674
23676
23679
23680
23681
23682
23683
23684
23685
23686
23687
23688
23689
23690
23691
23692
23693
23694
23695
23696
23697
23698
23699
23700
23701
23703
23705
23709
23710
23711
23712
23713
23714
23715
23716
23717
23727
23728
23730
23731
23734
23735
23736
23737
23738
23739
23742
23743
23744
23745
23746
23748
23749
23750
23751
23752
23753
23754
23755
23756
23758
23759
23760
23761
23762
23763
23764
23765
23766
23767
23769
23771
23772
23773
23776
23777
23778
23779
23780
23782
23784
23787
23789
23790
23793
23796
23797
23799
23800
23801
23805
23806
23807
23808
23809
23810
23814
23815
23816
23819
23820
23821
23823
23825
23826
23827
23828
23829
23830
23832
23834
23835
23836
23837
23839
23840
23841
23842
23850
23853
23854
23855
23856
23857
23858
23859
23862
23863
23868
23869
23870
23871
23874
23877
23878
23881
23883
23885
23891
23892
23893
23894
23895
23896
23897
23898
23899
23901
23902
23903
23904
23905
23906
23907
23908
23913
23914
23915
23916
23917
23918
23919
23920
23921
23922
23923
23924
23925
23926
23928
23930
23931
23932
23933
23935
23936
23937
23939
23940
23941
23942
23943
23944
23945
23946
23947
23948
23949
23951
23954
23957
23958
23959
23961
23962
23966
23967
23968
23969
23970
23971
23972
23973
23974
23976
23977
23980
23981
23982
23984
23985
23986
23987
23989
23990
23991
23992
23994
23995
23996
23997
23999
24000
24001
24002
24003
24004
24005
24006
24007
24010
24011
24012
24013
24014
24021
24022
24023
24024
24025
24026
24027
24030
24031
24032
24034
24035
24036
24037
24039
24041
24045
24046
24047
24048
24049
24051
24055
24056
24057
24058
24059
24060
24061
24063
24064
24065
24066
24067
24068
24069
24071
24072
24073
24074
24075
24076
24077
24079
24080
24081
24084
24085
24086
24087
24088
24089
24090
24095
24096
24097
24102
24103
24104
24105
24108
24109
24112
24115
24118
24120
24121
24122
24123
24124
24125
24126
24127
24128
24129
24130
24131
24133
24134
24144
24145
24149
24150
24151
24152
24153
24154
24155
24156
24157
24158
24159
24160
24161
24166
24167
24168
24169
24171
24172
24173
24174
24175
24176
24178
24179
24180
24181
24183
24184
24185
24186
24187
24188
24189
24190
24191
24192
24193
24194
24195
24196
24197
24198
24199
24200
24201
24204
24205
24206
24207
24211
24213
24214
24215
24216
24219
24220
24221
24222
24223
24224
24225
24226
24228
24230
24231
24232
24234
24235
24240
24241
24242
24243
24244
24245
24250
24253
24255
24256
24263
24264
24265
24266
24268
24270
24271
24272
24273
24274
24275
24276
24277
24278
24281
24282
24283
24284
24286
24287
24288
24289
24290
24291
24292
24293
24295
24296
24297
24298
24299
24300
24301
24302
24304
24308
24309
24310
24311
24312
24315
24316
24317
24318
24319
24320
24321
24322
24324
24325
24326
24328
24329
24330
24331
24332
24333
24334
24335
24336
24337
24338
24339
24340
24341
24342
24343
24344
24345
24346
24347
24348
24349
24350
24351
24352
24353
24354
24355
24356
24357
24358
24359
24360
24361
24362
24363
24364
24366
24367
24368
24369
24370
24371
24372
24373
24374
24375
24376
24377
24378
24379
24380
24381
24382
24383
24384
24385
24386
24387
24388
24389
24390
24391
24392
24393
24394
24395
24396
24397
24398
24399
24400
24401
24402
24403
24404
24405
24406
24407
24408
24409
24410
24411
24412
24413
24414
24415
24416
24417
24418
24419
24420
24421
24422
24423
24424
24425
24426
24427
24428
24429
24430
24431
24432
24433
24434
24435
24436
24437
24438
24439
24440
24441
24442
24443
24444
24445
24446
24448
24449
24450
24451
24452
24453
24454
24455
24456
24457
24458
24459
24460
24461
24462
24463
24464
24465
24466
24467
24468
24469
24472
24473
24474
24475
24476
24477
24478
24479
24480
24481
24482
24484
24485
24486
24487
24490
24491
24492
24493
24494
24495
24496
24497
24498
24499
24500
24501
24502
24503
24504
24505
24507
24508
24511
24516
24517
24518
24519
24520
24522
24523
24524
24525
24526
24527
24528
24529
24530
24531
24533
24534
24535
24536
24538
24539
24540
24541
24542
24543
24544
24545
24546
24547
24548
24549
24550
24551
24552
24553
24554
24555
24556
24557
24558
24559
24560
24561
24562
24564
24565
24566
24567
24568
24569
24570
24571
24572
24573
24574
24575
24576
24577
24578
24579
24580
24581
24582
24583
24584
24585
24586
24587
24588
24589
24591
24592
24593
24594
24595
24596
24597
24598
24599
24600
24601
24602
24604
24605
24606
24607
24608
24609
24610
24611
24612
24613
24614
24615
24617
24618
24619
24623
24624
24625
24626
24627
24628
24629
24633
24634
24635
24636
24637
24638
24639
24640
24641
24642
24643
24644
24645
24646
24647
24648
24649
24650
24651
24654
24655
24656
24658
24661
24662
24663
24665
24669
24671
24672
24673
24675
24676
24677
24679
24682
24683
24684
24685
24686
24689
24690
24691
24692
24693
24695
24696
24697
24699
24700
24701
24702
24703
24704
24705
24706
24707
24708
24709
24710
24711
24712
24713
24714
24715
24716
24717
24718
24719
24720
24721
24722
24723
24724
24725
24726
24727
24728
24732
24733
24735
24738
24739
24741
24742
24743
24744
24745
24749
24750
24751
24752
24753
24759
24760
24761
24765
24766
24767
24768
24769
24770
24771
24772
24777
24778
24780
24781
24783
24785
24786
24787
24788
24789
24792
24794
24795
24796
24797
24799
24800
24801
24804
24805
24806
24814
24815
24816
24817
24818
24822
24823
24824
24825
24826
24827
24831
24832
24833
24837
24838
24839
24840
24841
24842
24843
24844
24846
24847
24849
24851
24852
24863
24864
24865
24866
24867
24868
24869
24871
24875
24881
24882
24883
24885
24886
24888
24889
24890
24892
24893
24894
24895
24896
24897
24901
24902
24903
24904
24905
24906
24907
24908
24909
24910
24911
24912
24913
24914
24915
24916
24917
24918
24920
24921
24922
24924
24925
24926
24927
24928
24929
24930
24934
24935
24936
24937
24938
24939
24941
24942
24943
24944
24945
24946
24947
24948
24949
24950
24951
24952
24953
24954
24955
24956
24957
24958
24959
24960
24961
24962
24963
24964
24966
24969
24970
24971
24972
24973
24975
24976
24977
24978
24979
24980
24981
24982
24983
24984
24985
24986
24987
24990
24991
24992
24993
24999
25000
25001
25002
25003
25004
25005
25010
25011
25012
25013
25014
25015
25016
25017
25018
25020
25021
25022
25024
25025
25031
25032
25033
25034
25036
25038
25039
25040
25042
25043
25044
25045
25046
25047
25048
25049
25050
25051
25053
25054
25055
25056
25057
25058
25059
25060
25061
25063
25064
25065
25066
25067
25068
25069
25070
25071
25074
25075
25076
25077
25079
25080
25081
25082
25083
25084
25087
25088
25089
25091
25092
25093
25095
25096
25099
25100
25101
25102
25104
25105
25106
25108
25110
25111
25112
25113
25115
25116
25117
25118
25119
25120
25121
25122
25123
25124
25127
25128
25130
25135
25137
25138
25139
25140
25141
25142
25143
25145
25146
25147
25148
25151
25152
25153
25155
25156
25157
25158
25159
25160
25164
25165
25166
25167
25168
25169
25170
25171
25172
25173
25174
25175
25179
25180
25182
25183
25185
25186
25188
25189
25190
25191
25194
25199
25200
25201
25202
25203
25204
25205
25206
25207
25208
25209
25211
25212
25213
25214
25215
25216
25217
25218
25219
25220
25221
25222
25223
25224
25225
25226
25227
25228
25233
25234
25235
25236
25237
25242
25245
25246
25247
25248
25249
25251
25252
25253
25254
25255
25256
25257
25259
25263
25264
25265
25266
25267
25269
25270
25271
25272
25273
25274
25275
25278
25280
25281
25283
25284
25285
25286
25287
25288
25289
25290
25291
25292
25293
25295
25296
25297
25298
25299
25300
25301
25302
25303
25304
25305
25306
25307
25308
25309
25311
25312
25313
25315
25318
25319
25320
25321
25322
25324
25325
25326
25327
25328
25329
25330
25332
25333
25335
25336
25338
25339
25340
25341
25342
25343
25344
25345
25346
25347
25348
25350
25353
25355
25356
25357
25358
25359
25360
25361
25362
25363
25365
25366
25367
25368
25369
25370
25371
25372
25375
25376
25377
25378
25379
25380
25381
25382
25384
25387
25389
25390
25391
25393
25397
25399
25400
25407
25408
25409
25410
25411
25412
25415
25416
25417
25419
25420
25421
25422
25423
25424
25431
25432
25433
25434
25435
25438
25439
25440
25441
25443
25450
25451
25452
25453
25454
25455
25456
25460
25461
25462
25463
25464
25465
25466
25467
25469
25470
25471
25473
25474
25475
25476
25477
25479
25480
25481
25482
25483
25484
25485
25486
25487
25488
25489
25490
25491
25492
25493
25494
25495
25496
25497
25498
25499
25500
25501
25503
25504
25505
25506
25507
25508
25509
25510
25511
25512
25513
25514
25515
25516
25517
25518
25519
25520
25521
25522
25523
25524
25525
25526
25527
25528
25530
25531
25532
25533
25534
25535
25536
25537
25538
25539
25540
25541
25542
25543
25544
25545
25546
25547
25548
25549
25551
25552
25553
25554
25555
25557
25558
25559
25560
25561
25563
25564
25565
25566
25567
25568
25569
25570
25571
25572
25573
25574
25575
25576
25577
25578
25579
25580
25581
25582
25583
25584
25585
25586
25587
25589
25590
25591
25594
25595
25596
25597
25598
25599
25600
25601
25602
25605
25606
25607
25608
25609
25610
25611
25612
25615
25616
25617
25618
25619
25620
25621
25622
25623
25624
25625
25626
25627
25628
25629
25630
25631
25632
25633
25634
25635
25636
25637
25638
25639
25641
25642
25643
25645
25646
25647
25648
25649
25650
25651
25652
25653
25656
25657
25662
25663
25664
25665
25669
25670
25673
25674
25675
25676
25677
25678
25680
25681
25682
25683
25684
25685
25686
25687
25688
25689
25690
25691
25692
25693
25695
25696
25697
25698
25699
25701
25702
25703
25704
25705
25706
25707
25708
25709
25710
25711
25713
25714
25715
25716
25717
25718
25719
25722
25723
25724
25725
25726
25727
25728
25729
25730
25731
25732
25733
25734
25737
25738
25739
25740
25741
25742
25743
25746
25747
25748
25749
25751
25752
25753
25754
25755
25756
25757
25758
25759
25760
25761
25762
25763
25764
25765
25766
25767
25768
25769
25770
25771
25772
25773
25774
25775
25776
25777
25778
25779
25781
25782
25783
25784
25785
25787
25788
25789
25790
25791
25792
25793
25794
25795
25796
25797
25798
25800
25801
25802
25803
25804
25805
25806
25807
25809
25810
25812
25813
25815
25816
25817
25818
25819
25820
25821
25822
25823
25824
25825
25826
25827
25828
25829
25830
25831
25832
25833
25835
25836
25837
25839
25840
25841
25847
25848
25849
25850
25851
25852
25853
25854
25855
25856
25857
25858
25859
25860
25861
25862
25863
25864
25868
25869
25870
25871
25872
25873
25874
25875
25876
25877
25882
25883
25884
25886
25887
25888
25889
25890
25891
25892
25893
25894
25895
25896
25897
25898
25899
25900
25901
25902
25903
25904
25905
25906
25907
25908
25909
25910
25911
25912
25913
25914
25915
25916
25917
25918
25919
25920
25921
25922
25923
25924
25925
25926
25927
25928
25929
25930
25931
25932
25933
25934
25935
25936
25937
25938
25939
25940
25941
25942
25943
25944
25945
25946
25947
25948
25949
25950
25951
25952
25953
25954
25955
25956
25957
25958
25959
25960
25961
25962
25963
25964
25965
25966
25967
25968
25969
25970
25971
25972
25973
25974
25975
25976
25977
25978
25979
25980
25981
25982
25983
25984
25985
25986
25987
25988
25989
25990
25991
25992
25993
25994
25995
25996
25997
25998
25999
26000
26001
26002
26003
26004
26005
26006
26007
26008
26009
26010
26011
26012
26013
26014
26015
26016
26017
26018
26019
26020
26021
26022
26023
26024
26025
26026
26027
26028
26029
26030
26031
26032
26033
26034
26035
26036
26037
26038
26039
26040
26041
26042
26043
26044
26045
26046
26047
26048
26049
26051
26052
26057
26058
26059
26060
26061
26062
26064
26065
26068
26069
26070
26071
26072
26073
26075
26076
26077
26078
26079
26080
26081
26082
26083
26084
26085
26086
26091
26092
26093
26095
26096
26097
26098
26100
26101
26102
26103
26104
26105
26106
26107
26110
26111
26112
26113
26114
26115
26116
26117
26118
26119
26120
26121
26122
26123
26124
26125
26126
26127
26128
26129
26130
26131
26133
26134
26135
26136
26137
26138
26139
26141
26142
26143
26144
26145
26146
26147
26148
26149
26150
26151
26153
26154
26155
26156
26157
26158
26159
26160
26161
26163
26164
26165
26166
26167
26168
26169
26170
26171
26172
26173
26174
26175
26176
26177
26178
26179
26180
26181
26182
26184
26185
26186
26187
26188
26190
26191
26192
26195
26196
26197
26198
26199
26200
26201
26202
26203
26207
26208
26209
26210
26211
26212
26213
26214
26215
26219
26220
26221
26222
26223
26224
26225
26226
26227
26229
26230
26231
26233
26235
26236
26237
26238
26239
26240
26241
26242
26244
26245
26246
26247
26248
26249
26250
26253
26255
26257
26258
26259
26260
26261
26263
26268
26269
26270
26271
26272
26273
26276
26278
26279
26280
26281
26283
26287
26288
26289
26290
26291
26292
26299
26300
26301
26302
26303
26304
26305
26306
26307
26309
26311
26312
26313
26314
26315
26316
26317
26318
26319
26320
26321
26322
26323
26324
26325
26327
26328
26329
26330
26331
26332
26333
26334
26335
26336
26339
26341
26342
26345
26348
26350
26351
26352
26355
26356
26363
26364
26365
26367
26368
26369
26370
26375
26376
26377
26378
26379
26381
26384
26386
26388
26389
26395
26396
26397
26398
26399
26400
26401
26402
26403
26404
26405
26406
26407
26408
26409
26410
26411
26412
26413
26415
26416
26417
26418
26419
26420
26421
26422
26424
26425
26426
26427
26429
26431
26432
26433
26434
26436
26439
26440
26441
26442
26443
26444
26445
26446
26448
26449
26450
26451
26452
26455
26456
26457
26458
26459
26460
26461
26462
26463
26464
26465
26466
26467
26468
26469
26470
26471
26472
26473
26474
26477
26478
26479
26480
26481
26482
26486
26487
26488
26489
26490
26494
26495
26496
26497
26498
26499
26500
26502
26503
26504
26505
26506
26507
26509
26510
26511
26512
26513
26519
26520
26521
26523
26524
26525
26526
26529
26530
26531
26532
26533
26534
26535
26536
26537
26541
26542
26543
26544
26545
26546
26547
26550
26551
26553
26554
26555
26556
26557
26558
26560
26561
26562
26563
26564
26565
26566
26567
26568
26569
26572
26574
26575
26576
26577
26580
26581
26582
26583
26584
26585
26586
26587
26588
26589
26590
26591
26592
26593
26594
26595
26596
26597
26598
26599
26600
26601
26602
26607
26608
26609
26610
26611
26612
26613
26616
26617
26619
26620
26621
26622
26623
26624
26625
26626
26627
26628
26629
26630
26631
26632
26634
26637
26638
26640
26641
26642
26643
26644
26645
26646
26647
26649
26650
26651
26652
26653
26655
26656
26657
26659
26660
26661
26662
26663
26664
26665
26666
26667
26668
26669
26670
26674
26675
26676
26677
26678
26679
26680
26681
26682
26683
26684
26685
26686
26687
26688
26689
26690
26691
26692
26693
26694
26695
26696
26697
26698
26699
26700
26701
26702
26703
26704
26705
26706
26707
26708
26709
26710
26711
26712
26713
26714
26715
26716
26717
26718
26719
26720
26721
26722
26723
26724
26725
26726
26727
26728
26729
26730
26731
26732
26733
26734
26735
26736
26737
26738
26739
26740
26741
26742
26743
26744
26747
26748
26750
26751
26752
26753
26754
26755
26757
26758
26759
26760
26761
26762
26763
26764
26765
26766
26767
26768
26769
26770
26771
26772
26773
26774
26775
26776
26778
26779
26780
26781
26782
26783
26784
26785
26786
26787
26788
26789
26790
26791
26792
26793
26794
26795
26796
26797
26798
26799
26801
26802
26803
26804
26805
26806
26807
26808
26809
26810
26811
26812
26813
26814
26815
26816
26817
26818
26819
26820
26822
26823
26826
26827
26828
26829
26830
26831
26832
26833
26834
26835
26836
26837
26838
26839
26840
26841
26842
26843
26844
26847
26848
26849
26850
26851
26852
26853
26854
26855
26856
26857
26858
26859
26860
26861
26862
26863
26864
26865
26866
26867
26868
26869
26870
26871
26872
26873
26874
26875
26876
26877
26878
26879
26880
26881
26882
26883
26884
26885
26886
26887
26888
26889
26892
26893
26894
26895
26896
26897
26898
26901
26902
26904
26905
26906
26907
26908
26909
26910
26911
26912
26913
26914
26916
26917
26919
26921
26922
26923
26925
26926
26927
26928
26929
26930
26931
26932
26937
26938
26939
26940
26941
26943
26944
26945
26946
26947
26949
26950
26951
26952
26953
26954
26955
26956
26957
26958
26959
26961
26962
26964
26965
26966
26967
26968
26970
26971
26972
26973
26974
26975
26976
26977
26978
26979
26980
26982
26983
26984
26985
26986
26989
26990
26991
26992
26993
26994
26995
26999
27000
27001
27002
27003
27004
27005
27006
27007
27008
27009
27011
27013
27014
27015
27016
27017
27018
27019
27024
27025
27027
27028
27029
27030
27031
27032
27033
27034
27035
27036
27037
27038
27039
27040
27041
27047
27048
27049
27050
27051
27053
27054
27059
27060
27061
27063
27066
27067
27068
27069
27070
27071
27072
27073
27074
27075
27076
27077
27078
27081
27082
27083
27084
27085
27089
27090
27091
27092
27093
27094
27096
27097
27098
27099
27101
27102
27103
27104
27105
27106
27107
27108
27109
27110
27111
27112
27115
27117
27119
27120
27121
27122
27123
27124
27125
27126
27127
27129
27132
27133
27135
27136
27137
27140
27141
27142
27143
27144
27145
27146
27147
27148
27153
27154
27155
27156
27157
27158
27159
27160
27164
27165
27166
27167
27168
27169
27170
27171
27172
27173
27174
27175
27178
27180
27181
27183
27184
27187
27191
27192
27193
27194
27195
27196
27200
27201
27204
27205
27207
27208
27214
27215
27216
27217
27218
27225
27228
27229
27231
27232
27233
27235
27236
27237
27240
27242
27247
27248
27249
27250
27251
27252
27253
27255
27257
27258
27259
27261
27264
27265
27266
27269
27270
27272
27279
27280
27281
27282
27285
27286
27287
27288
27290
27291
27296
27299
27300
27301
27302
27303
27306
27307
27311
27312
27313
27315
27321
27322
27323
27324
27325
27326
27327
27328
27329
27330
27331
27332
27333
27335
27336
27337
27339
27341
27342
27343
27344
27345
27346
27347
27348
27349
27352
27353
27357
27359
27360
27361
27362
27363
27364
27365
27368
27370
27371
27375
27376
27377
27378
27379
27383
27384
27385
27389
27390
27391
27392
27393
27394
27396
27397
27398
27401
27404
27405
27406
27407
27408
27409
27412
27414
27416
27422
27423
27424
27425
27426
27430
27431
27432
27433
27434
27435
27436
27437
27438
27439
27440
27441
27442
27443
27444
27445
27446
27447
27448
27449
27450
27455
27456
27457
27458
27462
27463
27464
27466
27467
27468
27469
27470
27471
27472
27473
27474
27475
27476
27478
27479
27482
27483
27484
27485
27487
27488
27489
27490
27495
27496
27497
27500
27503
27504
27505
27510
27511
27512
27518
27519
27520
27521
27522
27523
27524
27528
27529
27530
27531
27533
27534
27535
27540
27541
27544
27545
27546
27547
27550
27551
27552
27553
27554
27555
27556
27557
27558
27559
27560
27566
27570
27571
27572
27573
27574
27575
27576
27577
27578
27579
27580
27583
27584
27585
27587
27588
27589
27590
27591
27592
27593
27594
27595
27596
27597
27598
27599
27600
27601
27602
27603
27604
27605
27606
27607
27608
27609
27610
27611
27612
27613
27614
27615
27616
27617
27618
27619
27620
27621
27622
27623
27624
27625
27626
27627
27628
27629
27630
27631
27632
27633
27636
27637
27638
27639
27640
27641
27642
27643
27644
27645
27646
27647
27648
27649
27650
27652
27653
27654
27657
27659
27660
27661
27663
27664
27665
27669
27670
27671
27672
27674
27675
27676
27677
27678
27679
27680
27681
27682
27683
27684
27686
27687
27688
27689
27690
27691
27692
27693
27694
27696
27697
27698
27699
27700
27701
27702
27703
27704
27705
27706
27707
27708
27709
27710
27711
27712
27713
27714
27715
27716
27717
27718
27719
27720
27721
27722
27723
27724
27725
27726
27727
27728
27729
27730
27731
27732
27733
27736
27738
27739
27740
27741
27742
27743
27744
27745
27746
27747
27748
27749
27750
27752
27753
27754
27755
27759
27761
27762
27763
27764
27765
27768
27769
27771
27773
27774
27775
27776
27777
27778
27779
27783
27784
27786
27787
27791
27792
27795
27797
27798
27799
27800
27801
27802
27803
27804
27805
27806
27807
27808
27809
27810
27811
27812
27813
27814
27815
27816
27817
27818
27819
27820
27823
27824
27825
27826
27829
27830
27831
27832
27833
27837
27838
27839
27840
27841
27842
27845
27846
27847
27848
27851
27852
27853
27855
27856
27857
27859
27861
27863
27864
27865
27867
27868
27869
27871
27872
27873
27874
27875
27876
27877
27878
27879
27880
27881
27882
27883
27884
27885
27886
27887
27888
27889
27890
27891
27893
27894
27895
27896
27897
27898
27899
27900
27901
27902
27903
27904
27905
27907
27909
27910
27911
27912
27914
27917
27918
27919
27920
27921
27922
27923
27924
27925
27926
27927
27928
27929
27930
27931
27932
27933
27934
27935
27936
27937
27938
27939
27940
27941
27942
27943
27944
27945
27946
27947
27948
27949
27950
27951
27952
27953
27954
27955
27956
27957
27958
27959
27960
27961
27962
27963
27964
27965
27966
27967
27968
27969
27970
27971
27972
27973
27974
27975
27976
27977
27978
27979
27980
27981
27983
27984
27985
27987
27989
27990
27991
27992
27993
27994
27995
27999
28000
28001
28002
28003
28006
28007
28008
28009
28011
28013
28014
28015
28016
28017
28021
28023
28024
28025
28026
28028
28029
28030
28031
28032
28033
28034
28035
28036
28038
28039
28040
28041
28042
28043
28044
28045
28046
28047
28048
28049
28050
28051
28053
28054
28055
28056
28057
28058
28059
28060
28061
28062
28063
28064
28065
28066
28067
28068
28069
28071
28072
28073
28074
28075
28076
28077
28078
28079
28080
28081
28082
28083
28084
28085
28088
28089
28090
28091
28092
28093
28094
28095
28096
28098
28099
28100
28101
28105
28107
28109
28110
28111
28112
28113
28114
28115
28116
28117
28119
28120
28121
28122
28123
28124
28125
28126
28127
28128
28129
28130
28131
28133
28135
28137
28138
28139
28140
28141
28142
28143
28144
28148
28149
28150
28151
28152
28153
28154
28155
28156
28157
28158
28159
28160
28161
28162
28163
28166
28167
28168
28169
28170
28171
28174
28175
28176
28177
28178
28179
28180
28182
28183
28185
28186
28187
28188
28189
28190
28191
28192
28193
28194
28196
28197
28198
28199
28200
28201
28202
28203
28204
28209
28210
28211
28212
28214
28215
28216
28217
28222
28223
28224
28225
28226
28227
28228
28229
28230
28231
28235
28236
28237
28240
28241
28242
28244
28245
28246
28247
28248
28249
28250
28252
28259
28260
28261
28266
28267
28270
28271
28272
28273
28274
28277
28278
28279
28280
28281
28282
28283
28284
28285
28286
28287
28288
28289
28290
28291
28292
28294
28295
28296
28297
28298
28299
28300
28301
28302
28303
28304
28305
28306
28307
28308
28309
28310
28311
28313
28314
28315
28319
28320
28321
28322
28325
28329
28333
28334
28335
28336
28337
28338
28339
28340
28341
28344
28345
28346
28347
28348
28349
28350
28351
28352
28353
28354
28355
28356
28357
28358
28359
28360
28361
28362
28363
28364
28365
28366
28368
28369
28370
28371
28372
28373
28374
28375
28378
28379
28380
28381
28382
28383
28384
28385
28386
28387
28388
28389
28390
28391
28392
28393
28394
28395
28396
28397
28398
28399
28400
28402
28403
28404
28405
28406
28407
28408
28409
28410
28412
28413
28414
28415
28416
28417
28418
28419
28420
28421
28422
28423
28424
28425
28426
28427
28428
28429
28430
28431
28432
28433
28434
28435
28436
28437
28438
28439
28440
28441
28442
28443
28444
28445
28446
28447
28448
28449
28450
28451
28452
28453
28454
28455
28456
28457
28458
28459
28460
28461
28462
28463
28464
28465
28466
28467
28468
28469
28470
28471
28474
28475
28476
28477
28478
28479
28480
28481
28482
28485
28486
28488
28489
28490
28491
28492
28493
28494
28496
28497
28498
28499
28500
28501
28502
28503
28505
28506
28507
28508
28511
28512
28513
28514
28515
28516
28517
28518
28519
28520
28521
28522
28523
28524
28525
28526
28527
28528
28529
28530
28531
28532
28533
28534
28535
28536
28537
28538
28539
28540
28541
28542
28543
28544
28545
28546
28547
28548
28549
28551
28552
28553
28554
28555
28556
28557
28558
28559
28560
28561
28562
28563
28564
28565
28566
28567
28568
28569
28570
28571
28572
28573
28575
28576
28577
28578
28579
28580
28581
28582
28583
28586
28587
28588
28589
28590
28591
28594
28597
28598
28599
28600
28601
28602
28603
28608
28611
28613
28620
28621
28622
28623
28624
28625
28626
28628
28632
28633
28634
28635
28636
28637
28638
28641
28642
28643
28644
28645
28646
28647
28648
28649
28650
28651
28652
28653
28654
28655
28656
28657
28658
28659
28660
28661
28662
28664
28665
28666
28668
28669
28670
28671
28672
28673
28674
28675
28676
28677
28678
28679
28680
28681
28682
28683
28684
28685
28686
28687
28688
28689
28692
28693
28695
28696
28698
28699
28700
28701
28703
28704
28705
28706
28707
28708
28709
28710
28711
28712
28714
28715
28716
28719
28721
28725
28726
28727
28728
28729
28730
28731
28732
28733
28735
28736
28737
28738
28739
28742
28743
28744
28746
28747
28749
28750
28751
28754
28755
28756
28757
28759
28760
28761
28764
28765
28766
28767
28768
28769
28770
28771
28772
28775
28776
28777
28781
28782
28783
28784
28785
28786
28787
28788
28789
28791
28792
28793
28796
28797
28798
28799
28800
28801
28809
28812
28819
28820
28821
28823
28826
28827
28830
28831
28832
28833
28834
28835
28836
28837
28841
28842
28843
28847
28848
28849
28853
28854
28855
28856
28859
28860
28861
28863
28864
28865
28866
28872
28873
28875
28876
28878
28884
28885
28886
28887
28888
28889
28890
28891
28892
28893
28894
28895
28896
28897
28898
28899
28900
28901
28902
28903
28905
28906
28907
28908
28909
28910
28911
28912
28914
28915
28916
28917
28918
28919
28920
28921
28922
28925
28926
28927
28928
28929
28930
28931
28932
28933
28936
28938
28939
28940
28941
28943
28944
28945
28946
28947
28949
28950
28951
28952
28954
28956
28957
28959
28960
28961
28962
28968
28971
28974
28978
28980
28981
28982
28983
28984
28985
28986
28989
28991
28992
28996
28997
28998
28999
29001
29002
29005
29007
29008
29009
29013
29015
29016
29017
29018
29019
29022
29025
29028
29029
29030
29032
29033
29034
29035
29036
29037
29038
29039
29040
29041
29042
29043
29044
29045
29046
29047
29048
29049
29050
29051
29052
29053
29054
29055
29056
29057
29058
29060
29061
29062
29063
29064
29065
29066
29067
29068
29069
29070
29071
29072
29073
29074
29075
29076
29077
29078
29079
29080
29081
29082
29084
29085
29086
29087
29088
29089
29090
29091
29092
29094
29095
29096
29097
29100
29101
29103
29105
29106
29107
29110
29111
29112
29113
29114
29116
29117
29118
29119
29120
29121
29122
29123
29124
29125
29126
29127
29128
29129
29133
29136
29137
29139
29140
29141
29142
29143
29147
29148
29149
29150
29151
29152
29153
29154
29155
29156
29157
29158
29159
29160
29161
29162
29163
29164
29165
29166
29167
29168
29169
29170
29171
29172
29173
29175
29177
29179
29181
29182
29183
29184
29185
29186
29188
29189
29190
29191
29192
29193
29194
29195
29196
29197
29198
29199
29200
29201
29202
29203
29204
29205
29206
29207
29208
29209
29210
29211
29212
29213
29214
29215
29216
29217
29218
29219
29220
29221
29222
29223
29224
29225
29226
29227
29229
29230
29231
29232
29233
29234
29235
29236
29237
29238
29239
29241
29243
29244
29245
29246
29247
29248
29249
29250
29251
29252
29253
29254
29256
29257
29259
29260
29261
29262
29263
29264
29265
29266
29267
29268
29269
29270
29271
29272
29273
29274
29275
29276
29277
29278
29279
29280
29281
29282
29283
29286
29287
29288
29289
29290
29291
29293
29295
29296
29297
29298
29299
29302
29303
29304
29305
29306
29310
29313
29315
29316
29317
29319
29320
29321
29322
29323
29325
29326
29327
29328
29329
29331
29332
29333
29336
29337
29338
29339
29340
29341
29342
29343
29344
29345
29346
29347
29348
29349
29350
29351
29352
29353
29354
29355
29356
29357
29358
29359
29363
29364
29365
29367
29370
29371
29373
29374
29375
29376
29377
29378
29379
29380
29381
29382
29383
29385
29386
29388
29389
29391
29392
29393
29394
29397
29398
29399
29400
29401
29402
29403
29404
29405
29406
29407
29408
29409
29410
29411
29412
29413
29414
29415
29417
29418
29419
29420
29421
29422
29423
29424
29425
29426
29427
29428
29429
29430
29431
29432
29433
29435
29436
29437
29438
29439
29440
29441
29442
29443
29445
29446
29447
29448
29449
29450
29451
29452
29455
29456
29457
29458
29459
29460
29461
29463
29464
29465
29466
29469
29470
29471
29472
29473
29474
29475
29476
29478
29480
29481
29482
29483
29484
29485
29486
29489
29495
29496
29497
29500
29501
29502
29503
29504
29505
29506
29508
29509
29511
29512
29513
29514
29515
29516
29517
29519
29520
29521
29522
29523
29524
29525
29526
29527
29528
29529
29531
29532
29533
29534
29535
29536
29537
29539
29540
29541
29542
29543
29546
29547
29548
29551
29555
29556
29557
29559
29561
29562
29563
29566
29567
29568
29569
29570
29571
29573
29574
29575
29578
29579
29580
29581
29585
29589
29590
29592
29593
29596
29597
29598
29599
29600
29601
29602
29603
29604
29606
29607
29610
29611
29612
29614
29615
29616
29617
29619
29620
29621
29622
29623
29624
29625
29628
29629
29630
29631
29632
29633
29634
29635
29636
29637
29638
29639
29640
29641
29642
29643
29644
29645
29646
29647
29648
29649
29650
29652
29653
29655
29656
29658
29659
29660
29661
29662
29663
29664
29665
29666
29667
29668
29669
29670
29671
29672
29673
29674
29676
29678
29679
29680
29681
29682
29685
29688
29689
29691
29694
29695
29696
29697
29698
29699
29700
29701
29702
29703
29707
29711
29712
29713
29715
29718
29725
29727
29728
29729
29730
29733
29735
29736
29737
29738
29739
29744
29747
29748
29749
29753
29754
29755
29757
29758
29759
29760
29761
29762
29765
29766
29767
29768
29776
29777
29778
29784
29785
29786
29787
29788
29789
29790
29791
29792
29793
29794
29796
29797
29799
29800
29803
29808
29809
29810
29811
29812
29813
29820
29821
29822
29823
29824
29825
29830
29831
29832
29833
29834
29835
29841
29843
29845
29847
29848
29849
29850
29853
29854
29855
29856
29857
29859
29860
29861
29862
29865
29868
29869
29880
29881
29883
29884
29889
29890
29891
29892
29895
29896
29898
29899
29900
29901
29902
29903
29904
29905
29906
29907
29909
29913
29915
29919
29920
29921
29925
29926
29928
29929
29931
29939
29943
29945
29946
29947
29948
29951
29952
29953
29954
29955
29957
29963
29964
29965
29966
29967
29968
29969
29970
29971
29972
29974
29975
29976
29977
29981
29982
29983
29984
29985
29986
29988
29989
29990
29991
29992
29995
29999
30000
30006
30007
30008
30009
30010
30012
30013
30014
30015
30016
30017
30018
30019
30024
30025
30029
30030
30031
30032
30034
30037
30039
30041
30044
30045
30046
30049
30050
30051
30052
30053
30054
30055
30056
30058
30059
30060
30061
30062
30063
30064
30065
30066
30069
30070
30071
30072
30073
30074
30075
30076
30078
30079
30080
30081
30082
30083
30084
30085
30086
30089
30090
30091
30092
30093
30094
30095
30096
30097
30098
30100
30102
30103
30104
30105
30106
30107
30108
30109
30112
30113
30114
30115
30116
30118
30119
30120
30124
30125
30126
30127
30128
30129
30130
30132
30133
30134
30135
30136
30137
30140
30141
30142
30144
30145
30146
30150
30151
30153
30154
30155
30156
30157
30158
30162
30163
30164
30165
30166
30167
30168
30169
30173
30174
30175
30176
30177
30178
30179
30183
30184
30185
30186
30187
30188
30189
30191
30192
30193
30194
30195
30196
30198
30199
30200
30201
30202
30203
30204
30205
30206
30207
30208
30209
30210
30211
30213
30217
30219
30220
30224
30225
30227
30228
30229
30231
30232
30233
30234
30235
30237
30238
30239
30240
30241
30242
30243
30244
30245
30246
30247
30249
30250
30251
30252
30253
30256
30257
30258
30259
30260
30261
30262
30263
30264
30265
30266
30267
30268
30269
30271
30272
30273
30276
30277
30282
30283
30287
30288
30289
30294
30295
30299
30300
30301
30303
30304
30305
30306
30312
30313
30314
30315
30316
30318
30319
30320
30321
30322
30323
30324
30325
30326
30327
30328
30329
30330
30335
30336
30337
30338
30339
30340
30341
30342
30345
30346
30348
30349
30350
30351
30352
30353
30354
30355
30356
30357
30358
30359
30360
30361
30362
30363
30364
30365
30366
30367
30368
30369
30370
30371
30372
30373
30374
30375
30376
30377
30378
30379
30380
30381
30382
30383
30384
30385
30386
30387
30390
30391
30392
30393
30394
30395
30396
30397
30399
30400
30402
30404
30405
30407
30408
30409
30411
30414
30415
30416
30419
30420
30421
30422
30424
30425
30426
30427
30429
30430
30431
30432
30433
30435
30437
30447
30450
30451
30452
30453
30454
30455
30456
30457
30458
30459
30463
30464
30465
30470
30471
30475
30476
30477
30480
30483
30484
30486
30492
30493
30495
30496
30497
30500
30501
30502
30503
30504
30505
30506
30507
30508
30509
30513
30514
30519
30520
30521
30523
30524
30525
30526
30527
30528
30529
30531
30534
30535
30536
30541
30550
30552
30553
30555
30556
30557
30558
30566
30568
30569
30575
30576
30577
30583
30588
30589
30590
30591
30592
30595
30596
30597
30598
30599
30600
30601
30602
30603
30606
30607
30608
30609
30612
30613
30614
30615
30616
30617
30618
30619
30620
30621
30622
30623
30624
30625
30626
30627
30628
30629
30630
30632
30633
30634
30635
30636
30637
30638
30639
30640
30641
30642
30643
30644
30645
30646
30647
30648
30649
30650
30651
30652
30653
30654
30655
30656
30657
30658
30659
30660
30661
30662
30663
30664
30665
30666
30667
30668
30669
30670
30671
30672
30673
30675
30676
30677
30678
30679
30680
30681
30682
30683
30684
30685
30686
30687
30688
30689
30690
30691
30692
30693
30696
30697
30700
30701
30702
30703
30704
30705
30706
30707
30712
30719
30720
30721
30722
30723
30724
30731
30733
30734
30736
30740
30741
30744
30745
30746
30749
30750
30751
30752
30753
30754
30755
30756
30757
30765
30771
30773
30776
30778
30779
30780
30781
30783
30784
30785
30786
30789
30792
30793
30794
30795
30796
30797
30798
30799
30800
30801
30804
30805
30806
30807
30808
30811
30814
30815
30816
30817
30818
30819
30820
30821
30822
30823
30825
30827
30828
30829
30833
30838
30840
30841
30844
30847
30848
30849
30850
30851
30852
30854
30855
30856
30857
30858
30859
30860
30861
30862
30863
30864
30865
30866
30867
30868
30869
30870
30871
30872
30873
30874
30875
30876
30877
30881
30882
30886
30887
30888
30889
30891
30892
30893
30894
30895
30896
30897
30898
30899
30900
30901
30907
30909
30910
30911
30912
30913
30914
30915
30916
30921
30924
30925
30926
30927
30928
30931
30932
30933
30934
30935
30936
30937
30943
30944
30945
30954
30956
30959
30960
30961
30965
30969
30970
30971
30972
30975
30976
30977
30978
30984
30987
30988
30989
30990
30991
30996
30997
30998
30999
31000
31001
31003
31005
31007
31008
31009
31010
31017
31018
31019
31020
31021
31022
31023
31024
31025
31026
31027
31031
31032
31033
31034
31035
31038
31039
31040
31041
31042
31043
31044
31045
31049
31050
31051
31053
31056
31059
31060
31064
31065
31066
31068
31069
31074
31075
31076
31079
31080
31081
31082
31083
31084
31085
31086
31087
31088
31089
31090
31092
31093
31095
31096
31097
31098
31100
31101
31102
31103
31104
31105
31106
31107
31108
31109
31110
31113
31114
31115
31116
31117
31118
31119
31120
31121
31122
31123
31124
31125
31126
31128
31129
31130
31133
31134
31135
31136
31137
31138
31139
31140
31141
31142
31143
31144
31148
31151
31152
31153
31154
31157
31158
31159
31160
31162
31163
31164
31165
31166
31168
31171
31172
31173
31174
31175
31176
31177
31178
31183
31184
31185
31186
31188
31189
31191
31194
31195
31196
31197
31198
31199
31200
31201
31202
31203
31204
31205
31206
31207
31208
31209
31210
31211
31212
31213
31214
31215
31216
31217
31218
31219
31220
31221
31224
31225
31227
31228
31229
31230
31231
31232
31233
31234
31235
31236
31237
31238
31239
31240
31241
31242
31243
31244
31245
31246
31247
31248
31249
31250
31251
31252
31253
31254
31255
31257
31259
31261
31262
31263
31264
31265
31266
31269
31270
31271
31272
31273
31274
31276
31279
31280
31281
31282
31283
31284
31285
31286
31290
31291
31295
31296
31297
31298
31302
31303
31304
31305
31306
31308
31309
31310
31311
31312
31314
31315
31317
31318
31319
31320
31321
31322
31326
31327
31328
31329
31330
31332
31333
31334
31335
31336
31337
31338
31339
31340
31341
31342
31343
31344
31345
31346
31347
31348
31349
31350
31351
31352
31353
31354
31355
31356
31357
31358
31359
31360
31361
31362
31363
31364
31365
31366
31367
31368
31369
31370
31371
31372
31373
31374
31375
31376
31377
31378
31379
31380
31381
31383
31384
31385
31386
31387
31388
31390
31391
31392
31393
31394
31395
31396
31399
31400
31401
31402
31405
31407
31409
31410
31411
31412
31415
31416
31417
31419
31421
31422
31423
31424
31425
31427
31428
31429
31437
31438
31439
31440
31441
31442
31443
31444
31445
31446
31447
31448
31449
31450
31451
31454
31458
31459
31460
31461
31463
31464
31465
31466
31467
31468
31469
31470
31471
31472
31473
31474
31475
31476
31477
31478
31479
31481
31482
31483
31486
31487
31488
31489
31490
31491
31492
31493
31495
31496
31497
31499
31500
31501
31502
31503
31504
31505
31506
31507
31508
31509
31511
31512
31513
31515
31518
31519
31520
31521
31522
31523
31524
31525
31526
31527
31528
31535
31536
31537
31542
31543
31544
31545
31546
31547
31548
31549
31550
31551
31552
31553
31556
31558
31559
31560
31561
31563
31564
31569
31570
31571
31572
31574
31575
31576
31581
31582
31583
31584
31585
31586
31587
31590
31591
31592
31593
31595
31596
31597
31598
31599
31600
31602
31603
31604
31605
31606
31608
31609
31610
31611
31612
31614
31615
31616
31617
31620
31623
31624
31625
31626
31628
31629
31630
31632
31633
31634
31636
31642
31647
31648
31650
31651
31652
31654
31655
31656
31657
31659
31660
31661
31662
31663
31664
31666
31667
31668
31669
31673
31674
31675
31676
31678
31679
31680
31681
31682
31683
31684
31685
31686
31687
31688
31689
31690
31691
31692
31693
31694
31695
31696
31697
31698
31699
31701
31702
31703
31704
31705
31706
31707
31708
31709
31710
31711
31712
31713
31714
31715
31716
31717
31718
31719
31720
31721
31722
31723
31724
31725
31726
31728
31729
31731
31732
31733
31734
31735
31736
31737
31738
31739
31740
31741
31743
31744
31745
31746
31747
31748
31749
31750
31752
31753
31754
31755
31756
31757
31758
31763
31767
31768
31769
31773
31774
31775
31776
31777
31779
31780
31781
31784
31785
31786
31787
31788
31789
31790
31791
31792
31793
31794
31795
31796
31798
31800
31801
31805
31806
31807
31808
31809
31810
31811
31812
31813
31814
31815
31816
31823
31824
31825
31828
31829
31831
31833
31834
31835
31836
31837
31844
31845
31848
31850
31855
31856
31857
31858
31859
31861
31863
31868
31872
31873
31874
31875
31876
31877
31878
31881
31885
31887
31888
31889
31890
31892
31896
31897
31899
31900
31901
31902
31903
31904
31905
31908
31909
31911
31913
31915
31919
31920
31921
31922
31923
31924
31925
31926
31927
31928
31929
31930
31931
31932
31933
31936
31937
31938
31940
31941
31942
31943
31944
31945
31946
31948
31949
31950
31951
31952
31953
31954
31955
31956
31957
31958
31959
31960
31961
31962
31964
31965
31966
31967
31968
31969
31970
31971
31973
31975
31977
31978
31979
31980
31981
31982
31983
31985
31986
31987
31988
31989
31990
31991
31992
31993
31994
31995
31996
31997
31999
32000
32001
32003
32004
32009
32010
32011
32013
32016
32017
32018
32019
32020
32021
32022
32023
32025
32027
32028
32029
32030
32031
32032
32033
32034
32035
32040
32041
32042
32043
32046
32051
32052
32053
32054
32055
32064
32065
32067
32069
32070
32071
32072
32075
32076
32077
32078
32079
32081
32082
32083
32084
32085
32086
32087
32088
32095
32096
32097
32098
32099
32100
32101
32102
32103
32104
32105
32109
32110
32111
32112
32113
32116
32117
32118
32119
32120
32121
32122
32123
32124
32125
32129
32130
32131
32135
32136
32137
32139
32141
32142
32143
32144
32145
32147
32148
32151
32153
32154
32155
32156
32160
32162
32164
32166
32167
32172
32173
32174
32175
32176
32181
32183
32184
32185
32186
32187
32189
32190
32191
32193
32194
32196
32197
32198
32199
32200
32201
32202
32203
32204
32205
32206
32207
32208
32209
32210
32211
32212
32213
32214
32215
32216
32217
32218
32219
32220
32221
32222
32223
32224
32225
32226
32227
32228
32229
32230
32231
32232
32233
32234
32235
32236
32237
32238
32239
32240
32241
32242
32244
32245
32246
32247
32248
32249
32250
32251
32252
32253
32254
32255
32256
32257
32258
32259
32260
32261
32262
32263
32264
32265
32266
32268
32273
32274
32275
32276
32277
32279
32280
32282
32283
32284
32285
32286
32287
32288
32289
32292
32293
32295
32296
32302
32304
32305
32306
32307
32308
32310
32315
32316
32317
32318
32319
32320
32321
32326
32329
32330
32337
32338
32339
32340
32341
32343
32344
32345
32346
32350
32351
32352
32357
32359
32360
32361
32362
32363
32364
32365
32368
32373
32382
32383
32384
32385
32391
32395
32399
32400
32401
32403
32405
32406
32407
32416
32417
32421
32422
32423
32424
32426
32427
32428
32430
32432
32438
32439
32440
32441
32445
32446
32448
32450
32452
32453
32457
32458
32459
32460
32461
32462
32463
32464
32466
32470
32471
32472
32473
32474
32479
32480
32481
32482
32483
32484
32487
32488
32489
32494
32496
32497
32499
32500
32501
32503
32504
32505
32507
32508
32509
32510
32511
32512
32513
32516
32517
32518
32519
32520
32521
32522
32523
32524
32525
32526
32527
32528
32529
32530
32531
32532
32533
32534
32535
32536
32537
32538
32539
32540
32541
32542
32543
32544
32545
32546
32547
32548
32549
32550
32552
32553
32555
32556
32558
32559
32560
32561
32562
32564
32565
32566
32567
32568
32569
32570
32571
32572
32574
32577
32578
32579
32584
32585
32586
32587
32588
32589
32590
32591
32592
32593
32595
32596
32597
32599
32600
32601
32603
32604
32605
32608
32613
32614
32615
32616
32617
32619
32623
32626
32634
32636
32637
32638
32639
32640
32641
32643
32644
32645
32646
32647
32648
32649
32654
32656
32659
32660
32664
32665
32666
32667
32668
32669
32670
32671
32672
32674
32675
32676
32677
32678
32680
32681
32682
32683
32686
32687
32688
32692
32697
32698
32703
32704
32705
32706
32711
32712
32713
32714
32718
32719
32720
32721
32724
32725
32729
32733
32735
32736
32737
32738
32739
32740
32741
32742
32743
32747
32748
32749
32750
32751
32752
32757
32758
32759
32760
32761
32762
32763
32764
32767
32768
32769
32770
32772
32773
32774
32775
32776
32777
32778
32779
32781
32782
32783
32784
32785
32786
32787
32788
32795
32796
32797
32799
32800
32801
32802
32803
32804
32805
32806
32807
32808
32813
32814
32815
32816
32817
32818
32819
32822
32823
32824
32825
32826
32827
32831
32832
32833
32834
32835
32836
32837
32838
32839
32840
32841
32842
32844
32845
32846
32850
32851
32856
32858
32859
32860
32863
32864
32865
32866
32867
32868
32869
32872
32875
32877
32879
32881
32886
32887
32889
32890
32891
32895
32896
32897
32899
32900
32901
32902
32903
32904
32907
32910
32911
32912
32913
32918
32922
32923
32927
32928
32929
32931
32932
32933
32934
32935
32936
32937
32940
32943
32945
32946
32947
32949
32950
32953
32955
32956
32957
32958
32960
32961
32962
32963
32964
32965
32966
32967
32968
32969
32970
32971
32972
32973
32974
32975
32976
32977
32978
32979
32984
32985
32988
32989
32990
32991
32992
32993
32994
32995
32997
32998
32999
33000
33001
33002
33003
33005
33006
33007
33010
33011
33012
33013
33014
33015
33016
33019
33020
33021
33022
33023
33024
33025
33026
33027
33028
33030
33032
33033
33034
33036
33039
33040
33041
33042
33044
33046
33048
33049
33050
33054
33055
33056
33057
33059
33060
33061
33062
33063
33064
33065
33066
33072
33073
33074
33075
33076
33077
33078
33079
33080
33084
33086
33087
33088
33089
33090
33096
33097
33098
33099
33102
33108
33109
33110
33114
33115
33116
33117
33118
33119
33120
33121
33122
33123
33125
33126
33129
33130
33131
33132
33133
33135
33136
33137
33138
33139
33143
33144
33145
33146
33151
33152
33153
33154
33155
33156
33158
33159
33165
33166
33167
33174
33176
33177
33178
33179
33180
33181
33183
33184
33185
33199
33201
33202
33203
33204
33205
33209
33210
33211
33212
33213
33215
33216
33217
33219
33220
33221
33222
33225
33226
33227
33231
33232
33235
33236
33237
33241
33242
33243
33246
33250
33251
33252
33253
33254
33259
33262
33263
33264
33265
33274
33275
33276
33277
33280
33281
33282
33285
33286
33288
33291
33292
33293
33294
33295
33296
33297
33298
33306
33307
33308
33309
33310
33312
33313
33317
33318
33319
33320
33324
33325
33326
33327
33328
33330
33331
33332
33333
33334
33335
33336
33337
33339
33342
33343
33344
33345
33346
33347
33348
33349
33350
33351
33352
33354
33355
33356
33357
33358
33360
33361
33363
33366
33367
33369
33370
33371
33372
33373
33374
33375
33376
33377
33381
33383
33384
33385
33386
33387
33388
33389
33390
33391
33393
33395
33396
33399
33400
33401
33407
33408
33409
33410
33411
33414
33415
33416
33417
33418
33419
33420
33421
33424
33428
33429
33430
33431
33432
33433
33435
33439
33440
33441
33449
33453
33454
33456
33457
33459
33460
33461
33462
33463
33464
33465
33466
33467
33471
33472
33473
33474
33475
33479
33480
33481
33483
33485
33486
33487
33488
33489
33490
33491
33495
33496
33498
33499
33500
33501
33502
33503
33504
33505
33506
33509
33511
33516
33517
33518
33520
33522
33524
33525
33527
33528
33529
33534
33535
33536
33537
33538
33539
33540
33541
33542
33550
33552
33558
33559
33561
33562
33570
33573
33579
33580
33581
33586
33588
33589
33590
33592
33594
33599
33600
33601
33602
33604
33605
33606
33609
33610
33611
33612
33613
33616
33618
33621
33622
33624
33625
33631
33633
33635
33636
33637
33638
33641
33642
33643
33647
33648
33649
33650
33651
33655
33657
33659
33660
33661
33663
33664
33665
33666
33667
33669
33670
33671
33672
33675
33676
33677
33678
33679
33680
33681
33682
33683
33684
33685
33686
33687
33688
33689
33690
33691
33692
33693
33694
33695
33696
33697
33698
33699
33700
33702
33703
33704
33705
33706
33707
33708
33709
33710
33711
33712
33713
33714
33715
33716
33717
33718
33719
33720
33721
33723
33724
33725
33726
33727
33728
33729
33730
33731
33732
33733
33734
33735
33736
33737
33738
33739
33740
33741
33742
33743
33744
33745
33747
33750
33753
33759
33760
33761
33762
33763
33764
33768
33769
33770
33775
33777
33780
33781
33782
33786
33787
33788
33789
33790
33791
33792
33793
33794
33796
33799
33800
33801
33803
33804
33805
33810
33811
33812
33813
33814
33815
33816
33817
33821
33822
33823
33824
33825
33826
33831
33832
33833
33839
33840
33841
33842
33849
33851
33852
33853
33858
33859
33860
33866
33867
33869
33873
33877
33878
33880
33890
33891
33892
33894
33895
33901
33902
33903
33904
33912
33913
33915
33917
33920
33921
33923
33924
33925
33926
33927
33929
33930
33931
33932
33933
33934
33935
33936
33937
33939
33941
33942
33943
33944
33945
33946
33947
33948
33949
33950
33951
33952
33953
33954
33957
33958
33959
33960
33961
33962
33963
33964
33966
33967
33969
33972
33973
33978
33981
33982
33983
33984
33985
33986
33987
33988
33989
33990
33996
33997
33999
34000
34001
34002
34003
34005
34006
34007
34008
34009
34010
34011
34012
34013
34014
34015
34016
34017
34018
34019
34020
34021
34022
34023
34024
34025
34026
34027
34028
34029
34030
34031
34032
34033
34034
34035
34036
34037
34038
34039
34040
34041
34042
34043
34044
34045
34046
34047
34048
34049
34051
34052
34053
34054
34055
34056
34057
34058
34059
34060
34061
34062
34063
34064
34066
34067
34068
34069
34070
34071
34072
34073
34074
34076
34077
34078
34079
34080
34081
34082
34083
34084
34085
34086
34087
34089
34090
34091
34092
34093
34094
34095
34096
34097
34098
34099
34100
34101
34102
34103
34104
34105
34106
34107
34108
34110
34111
34112
34113
34115
34116
34117
34118
34119
34120
34121
34122
34123
34124
34125
34126
34127
34128
34129
34130
34131
34132
34133
34134
34135
34136
34137
34138
34139
34141
34142
34143
34144
34145
34146
34147
34148
34149
34150
34151
34152
34153
34154
34155
34156
34157
34158
34159
34160
34161
34162
34163
34164
34165
34166
34167
34168
34170
34173
34175
34176
34177
34178
34180
34181
34182
34185
34186
34187
34188
34189
34190
34191
34193
34194
34195
34196
34199
34200
34202
34206
34207
34208
34209
34210
34211
34216
34217
34218
34220
34221
34224
34225
34226
34227
34229
34230
34231
34232
34234
34236
34237
34240
34241
34242
34249
34251
34252
34254
34258
34263
34264
34265
34266
34269
34270
34271
34272
34273
34274
34275
34276
34277
34279
34281
34282
34284
34286
34287
34293
34294
34295
34296
34297
34298
34299
34300
34301
34302
34303
34304
34305
34308
34309
34314
34315
34317
34318
34319
34320
34321
34322
34323
34331
34335
34336
34337
34338
34340
34341
34342
34343
34344
34346
34347
34348
34349
34350
34351
34352
34353
34354
34356
34357
34358
34359
34360
34361
34362
34363
34364
34365
34366
34367
34368
34369
34370
34371
34372
34373
34375
34376
34377
34379
34380
34381
34384
34386
34391
34392
34393
34398
34399
34400
34401
34402
34403
34404
34405
34406
34408
34410
34416
34417
34419
34421
34422
34423
34424
34425
34426
34427
34428
34429
34430
34431
34432
34433
34434
34435
34436
34439
34440
34441
34442
34443
34445
34446
34447
34448
34451
34452
34453
34454
34455
34456
34461
34462
34463
34464
34465
34466
34467
34468
34470
34472
34474
34475
34479
34482
34483
34484
34485
34486
34489
34493
34495
34496
34497
34503
34504
34505
34506
34507
34508
34509
34510
34511
34512
34513
34518
34521
34522
34523
34524
34525
34526
34527
34528
34529
34533
34536
34537
34540
34541
34544
34545
34546
34551
34553
34554
34555
34559
34560
34561
34562
34563
34564
34566
34567
34569
34573
34577
34578
34579
34580
34581
34584
34585
34586
34587
34588
34590
34591
34592
34593
34594
34595
34596
34606
34607
34608
34609
34610
34616
34619
34623
34624
34625
34628
34629
34630
34632
34637
34638
34639
34642
34644
34645
34648
34649
34650
34651
34655
34656
34657
34658
34659
34660
34661
34662
34663
34668
34669
34670
34671
34672
34675
34678
34679
34680
34681
34682
34683
34684
34685
34686
34687
34688
34689
34690
34692
34693
34694
34695
34696
34697
34704
34705
34706
34707
34708
34709
34710
34711
34712
34713
34714
34715
34716
34717
34718
34719
34720
34721
34722
34723
34724
34726
34727
34728
34730
34731
34734
34735
34736
34737
34738
34746
34747
34748
34749
34750
34751
34752
34753
34754
34755
34756
34760
34763
34764
34765
34768
34770
34771
34772
34774
34775
34776
34777
34778
34780
34781
34782
34783
34787
34793
34797
34798
34800
34801
34803
34804
34805
34809
34810
34811
34812
34813
34814
34815
34816
34817
34818
34822
34824
34825
34826
34831
34832
34833
34836
34837
34838
34839
34840
34844
34846
34847
34848
34849
34850
34851
34853
34854
34855
34856
34857
34858
34859
34860
34861
34862
34863
34864
34865
34866
34867
34868
34869
34870
34871
34872
34873
34874
34875
34876
34877
34878
34879
34880
34881
34882
34883
34884
34885
34886
34887
34888
34889
34890
34891
34892
34893
34894
34895
34896
34897
34898
34899
34900
34901
34902
34903
34904
34905
34906
34907
34908
34909
34910
34914
34920
34921
34922
34923
34924
34929
34931
34932
34933
34937
34941
34942
34943
34944
34945
34946
34947
34948
34955
34958
34959
34960
34965
34966
34968
34969
34970
34971
34974
34977
34979
34980
34981
34982
34983
34986
34987
34989
34990
34991
34992
34993
34994
35000
35001
35002
35003
35004
35005
35006
35007
35008
35013
35015
35016
35017
35024
35028
35029
35034
35035
35036
35039
35040
35041
35042
35044
35045
35046
35047
35049
35050
35052
35053
35054
35055
35056
35057
35059
35060
35061
35064
35068
35070
35079
35084
35085
35086
35087
35088
35089
35090
35091
35092
35098
35099
35101
35102
35103
35109
35111
35112
35113
35114
35118
35123
35125
35134
35136
35144
35145
35146
35154
35155
35156
35158
35165
35167
35168
35169
35175
35176
35177
35178
35179
35185
35189
35190
35196
35197
35199
35200
35201
35202
35204
35208
35211
35216
35217
35218
35219
35222
35228
35231
35232
35233
35238
35239
35243
35244
35245
35246
35247
35248
35249
35250
35251
35252
35255
35256
35257
35258
35259
35260
35261
35262
35263
35264
35265
35268
35269
35270
35271
35273
35274
35275
35276
35277
35278
35279
35280
35281
35282
35283
35284
35285
35286
35287
35289
35291
35292
35293
35295
35296
35297
35298
35299
35301
35302
35303
35304
35305
35306
35308
35310
35311
35312
35313
35314
35316
35317
35321
35322
35323
35326
35329
35332
35339
35340
35341
35343
35344
35345
35352
35354
35355
35356
35357
35359
35360
35361
35362
35363
35364
35365
35366
35367
35369
35370
35371
35372
35373
35376
35377
35378
35379
35380
35381
35382
35384
35385
35386
35387
35391
35392
35393
35394
35397
35398
35399
35400
35401
35406
35407
35408
35409
35410
35415
35417
35420
35421
35422
35423
35424
35425
35426
35427
35428
35431
35433
35439
35440
35441
35442
35443
35444
35445
35446
35448
35451
35452
35453
35461
35462
35463
35464
35465
35466
35467
35469
35470
35474
35475
35476
35477
35479
35482
35485
35486
35487
35488
35489
35490
35491
35492
35493
35496
35497
35502
35503
35504
35505
35507
35508
35509
35511
35515
35516
35517
35519
35520
35521
35529
35530
35531
35532
35533
35534
35535
35536
35541
35542
35544
35547
35548
35551
35552
35553
35554
35555
35563
35568
35569
35571
35574
35575
35586
35587
35588
35594
35595
35596
35601
35604
35605
35606
35607
35613
35614
35615
35616
35617
35618
35619
35620
35623
35624
35627
35629
35631
35632
35633
35637
35638
35639
35640
35641
35642
35643
35644
35645
35649
35650
35651
35656
35658
35659
35661
35662
35663
35664
35665
35666
35667
35668
35669
35670
35671
35672
35673
35674
35675
35676
35677
35679
35680
35681
35682
35683
35684
35685
35687
35689
35694
35695
35700
35701
35702
35706
35708
35710
35711
35712
35713
35714
35716
35717
35718
35719
35720
35721
35722
35723
35724
35727
35728
35729
35730
35731
35738
35739
35740
35742
35743
35749
35750
35751
35755
35756
35757
35758
35761
35763
35769
35770
35771
35772
35773
35774
35775
35776
35777
35778
35779
35780
35781
35783
35784
35785
35790
35791
35792
35793
35794
35795
35796
35797
35799
35800
35801
35802
35803
35804
35805
35806
35807
35808
35809
35810
35811
35812
35813
35814
35815
35816
35817
35818
35819
35820
35821
35822
35823
35824
35825
35826
35827
35828
35829
35830
35831
35832
35833
35834
35835
35836
35837
35838
35839
35840
35841
35842
35843
35844
35845
35846
35847
35848
35849
35851
35853
35856
35859
35860
35861
35862
35864
35865
35866
35867
35868
35870
35871
35872
35873
35875
35878
35879
35880
35881
35882
35883
35884
35886
35889
35890
35891
35898
35902
35903
35904
35905
35906
35910
35913
35915
35916
35917
35919
35920
35922
35923
35924
35925
35926
35927
35928
35929
35933
35934
35935
35936
35937
35938
35939
35945
35946
35947
35948
35949
35951
35952
35953
35954
35955
35956
35957
35958
35959
35960
35961
35962
35963
35964
35965
35966
35967
35968
35969
35970
35971
35972
35973
35975
35980
35991
35992
35993
35994
35995
35996
35997
35999
36000
36001
36003
36006
36009
36014
36015
36016
36017
36018
36019
36020
36022
36023
36024
36025
36027
36028
36029
36030
36031
36032
36033
36034
36035
36036
36037
36038
36039
36040
36041
36045
36046
36047
36053
36057
36058
36059
36063
36064
36065
36068
36069
36072
36073
36074
36075
36078
36079
36080
36081
36084
36091
36092
36093
36094
36095
36096
36097
36098
36099
36100
36101
36102
36103
36108
36109
36110
36111
36112
36113
36117
36119
36120
36121
36122
36123
36124
36125
36131
36132
36133
36135
36141
36142
36144
36145
36146
36147
36156
36157
36160
36161
36162
36163
36168
36169
36175
36176
36177
36178
36179
36180
36183
36184
36185
36189
36190
36191
36192
36193
36194
36195
36196
36197
36200
36201
36204
36205
36206
36207
36208
36209
36210
36212
36216
36217
36218
36219
36223
36225
36226
36227
36231
36232
36233
36234
36235
36236
36239
36240
36245
36246
36247
36249
36250
36252
36255
36256
36257
36267
36268
36270
36271
36273
36274
36275
36284
36285
36286
36287
36288
36289
36290
36291
36297
36299
36300
36301
36302
36303
36309
36310
36311
36315
36319
36320
36321
36330
36331
36332
36333
36346
36347
36351
36352
36353
36361
36363
36365
36366
36367
36372
36373
36374
36375
36376
36378
36383
36384
36385
36386
36387
36388
36393
36394
36396
36397
36399
36400
36401
36403
36406
36408
36409
36410
36412
36413
36414
36415
36416
36417
36418
36419
36420
36421
36423
36424
36425
36426
36427
36429
36431
36432
36433
36434
36435
36436
36438
36439
36440
36443
36444
36445
36449
36450
36451
36452
36453
36454
36455
36456
36457
36458
36461
36465
36466
36467
36469
36477
36478
36479
36480
36481
36482
36486
36487
36488
36492
36493
36494
36495
36496
36497
36498
36499
36500
36504
36505
36506
36507
36509
36511
36512
36513
36515
36516
36517
36518
36519
36520
36521
36522
36523
36525
36526
36528
36529
36531
36532
36534
36538
36539
36540
36541
36542
36543
36544
36549
36550
36551
36552
36553
36558
36559
36561
36562
36563
36564
36565
36566
36567
36568
36569
36570
36571
36574
36575
36576
36577
36578
36579
36580
36581
36582
36583
36584
36585
36586
36587
36588
36589
36590
36591
36592
36593
36594
36595
36596
36597
36598
36599
36600
36601
36602
36603
36604
36605
36606
36607
36608
36609
36610
36611
36612
36613
36614
36615
36618
36619
36620
36621
36622
36623
36624
36625
36626
36627
36628
36629
36630
36631
36633
36635
36637
36639
36640
36642
36645
36646
36647
36648
36649
36651
36652
36654
36655
36656
36657
36658
36659
36660
36661
36662
36663
36664
36665
36666
36667
36668
36669
36670
36671
36672
36673
36674
36675
36676
36677
36678
36679
36680
36681
36682
36683
36684
36685
36686
36687
36688
36689
36692
36693
36695
36696
36697
36698
36699
36701
36702
36703
36704
36706
36707
36708
36709
36710
36711
36712
36718
36719
36720
36721
36726
36727
36729
36730
36731
36733
36735
36736
36737
36738
36739
36740
36747
36750
36751
36752
36754
36761
36762
36764
36765
36766
36771
36772
36773
36774
36775
36776
36777
36778
36780
36781
36782
36784
36785
36786
36789
36790
36791
36792
36793
36794
36795
36796
36799
36800
36801
36802
36803
36804
36805
36806
36810
36811
36812
36813
36814
36815
36816
36817
36818
36819
36820
36822
36823
36824
36827
36828
36829
36830
36831
36834
36835
36836
36837
36839
36841
36842
36843
36845
36846
36847
36848
36849
36850
36851
36852
36853
36854
36855
36856
36857
36858
36859
36860
36861
36862
36863
36864
36865
36866
36867
36868
36869
36873
36876
36877
36879
36881
36883
36886
36887
36888
36890
36891
36892
36893
36894
36895
36896
36897
36898
36904
36905
36906
36907
36914
36915
36916
36917
36918
36919
36920
36921
36923
36924
36925
36926
36927
36928
36929
36930
36932
36933
36934
36935
36936
36937
36938
36939
36940
36942
36943
36944
36946
36947
36948
36949
36950
36951
36953
36954
36955
36956
36957
36958
36959
36960
36961
36962
36963
36964
36965
36966
36967
36968
36969
36970
36971
36972
36973
36974
36975
36976
36981
36982
36983
36984
36985
36986
36988
36989
36990
36991
36992
36993
36994
36995
36996
36997
36998
36999
37000
37001
37002
37003
37004
37005
37007
37008
37011
37012
37015
37017
37023
37024
37025
37026
37027
37030
37031
37035
37036
37037
37038
37044
37045
37047
37048
37049
37050
37051
37052
37053
37054
37055
37056
37057
37058
37059
37060
37062
37063
37065
37066
37068
37069
37070
37071
37072
37073
37074
37075
37076
37077
37078
37079
37080
37081
37082
37083
37084
37086
37087
37088
37089
37091
37092
37093
37094
37095
37096
37097
37098
37099
37100
37101
37103
37107
37108
37113
37114
37115
37116
37118
37119
37120
37121
37122
37125
37126
37127
37128
37129
37130
37132
37134
37137
37138
37139
37145
37146
37147
37149
37150
37151
37152
37153
37156
37157
37158
37159
37166
37167
37168
37169
37170
37171
37172
37173
37176
37177
37178
37179
37180
37181
37182
37183
37184
37185
37186
37187
37188
37189
37190
37191
37192
37193
37194
37195
37196
37197
37198
37199
37200
37201
37202
37203
37204
37209
37212
37213
37214
37215
37216
37217
37219
37223
37224
37225
37226
37227
37228
37229
37230
37231
37232
37233
37234
37235
37236
37237
37238
37239
37240
37241
37242
37243
37244
37245
37246
37247
37248
37249
37250
37252
37253
37254
37255
37257
37258
37260
37261
37262
37264
37265
37266
37267
37268
37270
37271
37272
37273
37274
37275
37277
37278
37279
37281
37282
37283
37284
37285
37286
37289
37290
37291
37293
37294
37295
37296
37297
37301
37304
37305
37306
37307
37308
37309
37310
37311
37312
37313
37317
37323
37324
37334
37343
37344
37345
37346
37347
37348
37350
37352
37353
37355
37356
37357
37358
37359
37360
37362
37364
37366
37368
37369
37373
37374
37375
37376
37377
37378
37379
37380
37381
37382
37385
37386
37387
37388
37389
37392
37393
37395
37396
37397
37398
37399
37400
37401
37402
37403
37404
37405
37407
37408
37409
37410
37416
37417
37419
37421
37422
37423
37428
37429
37439
37440
37441
37442
37443
37444
37448
37452
37453
37454
37455
37456
37464
37465
37466
37467
37468
37469
37476
37477
37479
37485
37487
37488
37489
37490
37491
37492
37496
37499
37501
37502
37503
37504
37505
37506
37507
37508
37509
37510
37511
37512
37513
37514
37515
37516
37517
37520
37521
37523
37524
37525
37530
37531
37532
37534
37535
37536
37537
37538
37546
37547
37548
37549
37555
37556
37557
37558
37559
37560
37561
37566
37567
37568
37569
37570
37572
37573
37576
37579
37582
37584
37585
37586
37588
37590
37591
37597
37598
37599
37600
37601
37602
37603
37604
37605
37606
37607
37608
37611
37614
37616
37620
37621
37622
37623
37624
37625
37626
37627
37628
37629
37630
37631
37632
37633
37634
37635
37638
37639
37640
37641
37642
37643
37647
37648
37649
37650
37651
37652
37653
37654
37657
37661
37662
37663
37664
37665
37666
37667
37668
37669
37670
37674
37675
37677
37678
37681
37686
37687
37695
37696
37697
37698
37699
37700
37701
37708
37713
37716
37718
37719
37720
37721
37722
37725
37726
37727
37728
37729
37730
37731
37734
37737
37738
37739
37740
37741
37744
37745
37746
37749
37751
37752
37753
37754
37757
37758
37759
37760
37761
37762
37763
37765
37766
37771
37772
37775
37777
37779
37782
37789
37790
37791
37792
37793
37796
37799
37800
37801
37803
37804
37805
37807
37809
37817
37818
37819
37821
37823
37824
37825
37829
37835
37836
37837
37838
37840
37842
37846
37849
37851
37856
37859
37860
37863
37864
37872
37873
37874
37876
37878
37879
37880
37883
37884
37885
37886
37887
37888
37889
37890
37895
37902
37903
37904
37905
37908
37909
37910
37914
37915
37916
37917
37924
37925
37926
37927
37928
37931
37932
37933
37935
37937
37938
37939
37944
37945
37947
37949
37950
37951
37952
37959
37960
37961
37968
37972
37973
37975
37980
37981
37983
37989
37990
37991
37992
37993
37994
37995
37996
37997
37998
38001
38004
38005
38006
38007
38008
38010
38011
38012
38013
38014
38015
38016
38017
38018
38022
38025
38027
38032
38034
38037
38038
38039
38040
38041
38043
38046
38048
38049
38052
38053
38054
38055
38056
38057
38058
38059
38060
38061
38062
38063
38064
38065
38066
38067
38068
38069
38070
38071
38072
38073
38074
38075
38076
38077
38078
38079
38080
38081
38082
38083
38084
38085
38086
38087
38088
38089
38092
38093
38094
38097
38098
38099
38101
38102
38103
38104
38105
38106
38114
38115
38116
38117
38118
38119
38121
38122
38125
38126
38127
38130
38132
38133
38134
38135
38136
38137
38145
38146
38147
38148
38149
38150
38151
38152
38157
38158
38159
38160
38161
38164
38165
38168
38169
38170
38171
38178
38179
38181
38182
38183
38184
38185
38188
38190
38191
38192
38193
38194
38195
38196
38197
38198
38199
38200
38201
38202
38203
38207
38208
38209
38210
38211
38212
38213
38214
38215
38217
38218
38219
38220
38221
38222
38223
38225
38226
38227
38228
38229
38232
38233
38234
38235
38236
38237
38238
38239
38240
38241
38242
38245
38246
38247
38250
38252
38253
38254
38257
38258
38259
38262
38269
38272
38275
38276
38277
38278
38279
38280
38281
38282
38283
38284
38285
38286
38287
38290
38291
38292
38295
38296
38297
38298
38299
38301
38302
38303
38304
38305
38306
38307
38309
38310
38311
38312
38313
38314
38315
38316
38318
38319
38320
38322
38323
38324
38325
38326
38328
38334
38335
38336
38337
38338
38339
38340
38341
38342
38343
38344
38345
38346
38347
38348
38349
38350
38351
38352
38353
38354
38355
38356
38357
38358
38363
38364
38367
38368
38369
38370
38375
38376
38377
38378
38379
38380
38381
38382
38383
38384
38385
38387
38388
38389
38390
38391
38392
38394
38395
38396
38397
38398
38399
38400
38401
38402
38403
38404
38409
38410
38411
38412
38413
38414
38415
38416
38417
38422
38423
38424
38433
38434
38435
38437
38438
38440
38443
38445
38446
38454
38455
38456
38457
38464
38467
38472
38474
38475
38476
38477
38478
38479
38480
38481
38484
38485
38489
38493
38494
38496
38497
38498
38499
38500
38501
38502
38503
38509
38511
38512
38514
38517
38518
38519
38520
38521
38522
38523
38524
38525
38527
38528
38529
38530
38531
38532
38533
38534
38535
38538
38539
38540
38541
38542
38543
38544
38545
38546
38547
38548
38553
38555
38556
38557
38559
38564
38565
38566
38567
38570
38571
38572
38577
38578
38581
38585
38586
38587
38588
38589
38590
38592
38593
38594
38595
38596
38598
38599
38600
38610
38619
38620
38622
38623
38624
38625
38627
38629
38632
38637
38638
38639
38640
38641
38642
38643
38644
38646
38649
38650
38651
38652
38653
38654
38655
38656
38657
38658
38661
38662
38664
38665
38667
38673
38674
38675
38676
38677
38682
38683
38686
38687
38688
38689
38695
38697
38698
38699
38703
38704
38705
38709
38712
38715
38716
38720
38721
38724
38731
38732
38738
38741
38742
38743
38745
38746
38747
38748
38751
38752
38753
38754
38755
38757
38758
38759
38761
38764
38766
38772
38773
38774
38775
38776
38777
38778
38781
38784
38785
38786
38787
38791
38800
38804
38805
38806
38807
38808
38809
38812
38815
38816
38817
38818
38819
38821
38822
38823
38826
38827
38828
38830
38836
38837
38839
38840
38841
38842
38843
38844
38845
38847
38848
38849
38850
38851
38852
38853
38854
38857
38863
38864
38865
38866
38867
38868
38869
38870
38871
38872
38873
38874
38875
38876
38877
38878
38879
38880
38881
38882
38883
38884
38885
38886
38887
38888
38889
38890
38891
38892
38893
38894
38895
38896
38897
38898
38899
38901
38902
38903
38904
38905
38906
38907
38908
38911
38912
38913
38914
38917
38918
38919
38927
38928
38929
38934
38936
38940
38941
38942
38943
38944
38945
38946
38947
38949
38950
38951
38953
38954
38955
38956
38957
38960
38961
38962
38963
38967
38968
38969
38970
38971
38972
38973
38974
38975
38976
38977
38978
38979
38980
38981
38982
38983
38984
38985
38989
38991
38992
38993
38994
38995
38997
38998
39000
39001
39002
39003
39006
39007
39008
39009
39010
39013
39015
39018
39021
39022
39023
39024
39025
39026
39027
39028
39030
39032
39035
39036
39037
39038
39039
39040
39041
39042
39044
39045
39046
39048
39049
39050
39051
39057
39060
39061
39062
39071
39072
39073
39074
39075
39079
39081
39082
39083
39084
39087
39088
39089
39091
39092
39094
39096
39104
39105
39109
39110
39111
39114
39115
39117
39119
39120
39121
39124
39129
39130
39131
39138
39143
39144
39145
39146
39149
39150
39151
39162
39163
39164
39165
39166
39167
39168
39169
39170
39171
39172
39173
39179
39180
39186
39187
39188
39193
39194
39195
39197
39198
39199
39200
39201
39202
39203
39204
39205
39206
39207
39208
39209
39215
39216
39218
39220
39221
39225
39226
39227
39228
39229
39231
39232
39233
39234
39236
39237
39238
39240
39241
39242
39245
39246
39247
39248
39249
39250
39256
39257
39258
39259
39263
39264
39265
39266
39267
39269
39270
39271
39272
39273
39274
39277
39280
39281
39284
39285
39286
39287
39288
39289
39291
39292
39293
39294
39295
39296
39297
39298
39299
39300
39301
39302
39303
39304
39305
39306
39307
39308
39309
39310
39311
39312
39313
39314
39315
39321
39323
39324
39325
39326
39327
39328
39329
39330
39331
39333
39334
39335
39336
39337
39338
39340
39346
39347
39348
39349
39350
39352
39354
39355
39357
39358
39359
39360
39361
39362
39363
39365
39366
39367
39368
39369
39370
39371
39374
39375
39376
39377
39378
39379
39380
39381
39382
39383
39384
39385
39386
39389
39390
39391
39392
39394
39395
39396
39397
39398
39401
39402
39403
39404
39406
39407
39408
39409
39410
39411
39412
39413
39414
39415
39416
39417
39418
39419
39420
39422
39423
39424
39425
39428
39431
39432
39433
39434
39435
39436
39437
39438
39439
39440
39443
39444
39445
39446
39447
39448
39449
39455
39456
39457
39458
39459
39460
39463
39467
39468
39469
39470
39471
39472
39474
39475
39476
39477
39478
39479
39480
39481
39482
39483
39484
39485
39486
39487
39488
39489
39490
39491
39492
39493
39494
39495
39496
39499
39500
39501
39502
39503
39504
39505
39508
39512
39513
39514
39515
39516
39517
39518
39519
39520
39521
39522
39523
39524
39525
39526
39527
39528
39531
39533
39534
39535
39536
39537
39541
39542
39543
39544
39545
39547
39548
39549
39550
39551
39552
39553
39554
39555
39556
39557
39558
39560
39562
39564
39565
39566
39567
39572
39573
39575
39578
39579
39583
39584
39585
39586
39587
39588
39589
39595
39598
39599
39600
39601
39602
39606
39607
39608
39611
39617
39618
39621
39622
39623
39624
39626
39627
39628
39630
39631
39633
39634
39635
39641
39642
39643
39644
39645
39646
39647
39648
39649
39650
39651
39653
39654
39655
39663
39666
39669
39670
39672
39673
39677
39678
39679
39680
39681
39684
39688
39690
39691
39692
39694
39697
39698
39700
39701
39704
39711
39712
39713
39715
39716
39717
39718
39719
39720
39721
39726
39730
39731
39732
39733
39734
39739
39743
39744
39745
39746
39751
39753
39754
39755
39757
39758
39759
39760
39761
39762
39763
39764
39765
39766
39767
39768
39769
39774
39775
39776
39777
39778
39780
39781
39786
39787
39788
39795
39796
39798
39799
39804
39805
39806
39807
39808
39809
39810
39815
39816
39817
39820
39823
39824
39825
39831
39837
39839
39840
39841
39845
39846
39847
39851
39852
39853
39857
39858
39859
39863
39864
39865
39869
39870
39871
39872
39873
39874
39875
39878
39879
39880
39881
39882
39883
39884
39885
39886
39887
39888
39893
39894
39897
39899
39900
39901
39905
39915
39919
39921
39922
39923
39928
39929
39930
39935
39936
39937
39939
39942
39949
39950
39951
39952
39953
39955
39960
39961
39963
39964
39965
39966
39973
39974
39975
39976
39977
39978
39979
39980
39981
39982
39983
39984
39985
39986
39987
39988
39989
39990
39991
39993
39996
39997
40000
40002
40005
40008
40012
40013
40014
40015
40016
40017
40018
40019
40020
40021
40022
40025
40026
40027
40029
40030
40031
40032
40033
40034
40039
40040
40041
40042
40043
40044
40045
40046
40047
40050
40051
40052
40053
40054
40055
40057
40059
40060
40061
40062
40063
40064
40065
40066
40067
40068
40069
40070
40071
40072
40073
40074
40077
40078
40079
40080
40081
40082
40083
40084
40085
40086
40087
40088
40089
40090
40091
40092
40093
40094
40095
40096
40097
40098
40099
40100
40101
40102
40103
40104
40105
40106
40107
40108
40109
40110
40111
40112
40113
40114
40115
40116
40117
40118
40119
40120
40121
40122
40123
40124
40125
40126
40127
40128
40129
40130
40131
40134
40135
40136
40137
40138
40139
40140
40141
40143
40145
40146
40147
40150
40151
40152
40154
40158
40159
40160
40161
40162
40163
40164
40166
40167
40169
40170
40171
40172
40175
40176
40177
40178
40180
40181
40182
40183
40184
40187
40190
40191
40192
40193
40194
40195
40199
40201
40202
40203
40204
40205
40206
40207
40208
40209
40210
40211
40212
40213
40214
40215
40216
40217
40221
40222
40223
40224
40225
40226
40227
40228
40229
40232
40237
40238
40239
40240
40241
40247
40248
40249
40250
40255
40256
40257
40258
40259
40260
40261
40264
40269
40271
40278
40281
40282
40284
40285
40293
40294
40296
40297
40298
40299
40300
40302
40303
40304
40305
40307
40308
40309
40311
40314
40315
40316
40317
40318
40319
40320
40321
40322
40323
40324
40325
40326
40327
40328
40329
40330
40332
40333
40337
40338
40341
40344
40347
40348
40349
40351
40352
40353
40356
40357
40359
40362
40363
40365
40369
40370
40376
40382
40383
40392
40393
40404
40407
40411
40414
40416
40417
40418
40419
40420
40421
40422
40425
40426
40427
40428
40429
40430
40431
40432
40433
40434
40435
40436
40437
40440
40446
40447
40448
40449
40450
40453
40457
40458
40459
40460
40467
40468
40469
40473
40476
40477
40478
40479
40480
40481
40482
40483
40484
40488
40490
40491
40492
40493
40495
40500
40501
40502
40503
40506
40512
40513
40517
40521
40523
40524
40525
40529
40533
40536
40537
40538
40539
40540
40541
40542
40543
40544
40545
40546
40547
40548
40549
40550
40551
40552
40557
40559
40560
40561
40565
40572
40573
40574
40579
40583
40590
40593
40595
40596
40599
40600
40601
40608
40610
40611
40612
40614
40620
40622
40624
40625
40626
40627
40628
40629
40630
40631
40632
40633
40634
40635
40636
40637
40638
40639
40640
40641
40642
40643
40644
40645
40646
40647
40648
40649
40650
40651
40652
40653
40654
40655
40656
40657
40658
40659
40660
40661
40662
40663
40664
40665
40666
40667
40668
40669
40670
40671
40672
40673
40674
40675
40676
40677
40678
40679
40680
40681
40682
40683
40684
40685
40686
40687
40688
40689
40690
40691
40692
40693
40694
40695
40696
40697
40698
40699
40700
40701
40702
40703
40704
40705
40706
40707
40709
40710
40711
40712
40713
40714
40715
40716
40717
40719
40720
40721
40722
40725
40726
40727
40731
40732
40733
40734
40735
40736
40737
40740
40741
40743
40744
40748
40749
40750
40751
40752
40755
40756
40758
40760
40761
40762
40764
40766
40767
40768
40769
40770
40774
40775
40776
40777
40778
40779
40780
40782
40783
40784
40785
40788
40789
40793
40796
40797
40799
40800
40801
40802
40803
40804
40806
40807
40810
40811
40813
40821
40822
40823
40824
40825
40826
40827
40828
40831
40832
40833
40834
40835
40836
40837
40838
40839
40843
40845
40846
40853
40854
40855
40858
40860
40863
40864
40865
40866
40867
40868
40872
40873
40874
40875
40876
40877
40879
40880
40881
40887
40888
40889
40890
40891
40892
40894
40895
40896
40897
40898
40899
40900
40901
40908
40909
40912
40913
40914
40918
40919
40920
40921
40925
40929
40930
40931
40936
40940
40941
40942
40943
40950
40951
40952
40953
40959
40960
40961
40962
40964
40969
40970
40971
40972
40975
40982
40984
40985
40986
40987
40991
40992
40993
40995
40996
40997
40998
40999
41000
41001
41003
41004
41012
41013
41014
41018
41019
41020
41021
41028
41034
41040
41044
41051
41052
41053
41055
41063
41067
41070
41073
41074
41075
41076
41077
41082
41083
41085
41088
41089
41090
41092
41097
41099
41103
41104
41105
41106
41107
41118
41119
41125
41137
41139
41140
41145
41148
41160
41161
41168
41173
41181
41183
41184
41185
41186
41195
41199
41200
41202
41205
41206
41207
41208
41209
41216
41217
41218
41220
41223
41225
41227
41230
41232
41239
41241
41242
41243
41244
41250
41255
41261
41265
41266
41271
41272
41273
41276
41279
41280
41281
41282
41283
41286
41289
41291
41292
41293
41294
41295
41296
41301
41305
41307
41308
41309
41310
41311
41312
41313
41315
41316
41317
41319
41322
41323
41324
41325
41326
41327
41328
41329
41330
41331
41332
41333
41334
41335
41337
41338
41340
41342
41343
41344
41345
41349
41351
41352
41353
41354
41355
41356
41357
41358
41359
41360
41361
41362
41363
41364
41365
41366
41367
41368
41369
41370
41371
41375
41376
41377
41378
41379
41380
41382
41383
41385
41386
41387
41388
41389
41391
41392
41393
41395
41396
41400
41403
41404
41405
41409
41410
41411
41412
41415
41416
41417
41418
41419
41420
41421
41425
41426
41427
41437
41439
41440
41441
41442
41447
41448
41449
41451
41452
41454
41455
41456
41457
41458
41459
41460
41461
41462
41463
41464
41465
41466
41467
41468
41469
41470
41471
41472
41473
41474
41475
41476
41477
41478
41480
41481
41482
41483
41484
41485
41486
41488
41489
41490
41491
41492
41493
41496
41497
41499
41503
41504
41505
41506
41513
41514
41515
41517
41518
41525
41529
41530
41531
41535
41536
41537
41538
41539
41540
41545
41547
41548
41549
41550
41551
41552
41553
41554
41555
41558
41559
41564
41565
41566
41567
41568
41569
41571
41572
41573
41574
41575
41576
41577
41579
41580
41581
41591
41598
41599
41600
41601
41602
41603
41604
41605
41612
41613
41615
41616
41617
41618
41619
41621
41622
41623
41624
41625
41628
41629
41630
41633
41635
41640
41643
41644
41645
41646
41647
41649
41650
41651
41652
41653
41656
41657
41663
41664
41665
41679
41684
41685
41691
41695
41697
41698
41700
41701
41706
41711
41712
41713
41718
41719
41726
41727
41730
41731
41732
41734
41741
41745
41747
41748
41749
41752
41759
41760
41761
41762
41763
41769
41772
41773
41775
41776
41777
41778
41782
41783
41784
41785
41786
41788
41789
41790
41791
41795
41796
41797
41798
41800
41801
41802
41803
41808
41809
41811
41812
41814
41820
41821
41823
41824
41825
41826
41827
41828
41829
41830
41831
41832
41833
41834
41835
41836
41837
41838
41839
41840
41841
41842
41844
41845
41853
41854
41855
41856
41857
41859
41860
41865
41867
41868
41869
41870
41877
41879
41880
41881
41882
41883
41884
41885
41886
41887
41888
41889
41891
41892
41893
41895
41899
41903
41904
41905
41906
41907
41909
41910
41911
41912
41913
41916
41917
41920
41921
41922
41925
41928
41929
41930
41931
41937
41940
41943
41944
41951
41952
41953
41954
41955
41956
41958
41962
41963
41964
41965
41974
41975
41976
41977
41983
41984
41985
41986
41987
41989
41990
41991
41992
41997
41998
41999
42000
42001
42003
42008
42009
42010
42012
42013
42015
42016
42017
42023
42024
42025
42028
42036
42037
42042
42047
42048
42049
42050
42051
42052
42053
42054
42055
42060
42061
42063
42065
42066
42067
42068
42069
42071
42072
42073
42075
42076
42078
42084
42085
42086
42087
42090
42097
42098
42099
42107
42108
42109
42110
42111
42112
42113
42114
42119
42120
42121
42123
42129
42130
42131
42133
42140
42141
42142
42143
42144
42145
42152
42160
42163
42173
42174
42175
42182
42183
42185
42189
42190
42191
42196
42200
42210
42211
42212
42216
42217
42218
42221
42224
42228
42229
42231
42232
42237
42239
42240
42241
42246
42248
42250
42251
42252
42253
42261
42262
42263
42264
42272
42273
42274
42275
42276
42277
42278
42279
42280
42282
42283
42284
42291
42292
42293
42295
42296
42300
42302
42303
42304
42305
42306
42307
42312
42313
42315
42316
42317
42325
42326
42327
42328
42329
42330
42331
42332
42335
42336
42337
42339
42349
42350
42351
42354
42357
42360
42361
42368
42372
42373
42374
42376
42380
42383
42390
42394
42398
42399
42401
42405
42407
42408
42409
42412
42415
42416
42417
42420
42421
42426
42427
42428
42431
42432
42433
42435
42437
42438
42439
42441
42442
42444
42445
42446
42448
42453
42455
42456
42457
42462
42463
42464
42465
42466
42473
42481
42483
42484
42489
42493
42503
42504
42505
42507
42508
42509
42510
42511
42512
42513
42521
42522
42523
42524
42525
42526
42527
42528
42529
42530
42531
42532
42534
42537
42546
42550
42553
42559
42560
42568
42570
42571
42575
42576
42577
42581
42587
42588
42589
42590
42591
42592
42593
42599
42600
42601
42603
42609
42610
42612
42613
42614
42615
42619
42624
42625
42626
42630
42631
42635
42636
42637
42651
42652
42653
42655
42656
42657
42658
42659
42665
42666
42667
42668
42669
42671
42672
42673
42674
42675
42676
42677
42681
42682
42684
42685
42687
42688
42689
42690
42691
42693
42694
42695
42698
42699
42700
42702
42704
42711
42712
42713
42718
42719
42720
42721
42722
42723
42724
42725
42727
42728
42729
42730
42731
42732
42734
42735
42736
42738
42745
42746
42747
42749
42751
42752
42753
42754
42755
42756
42757
42758
42759
42760
42765
42766
42767
42768
42769
42770
42771
42772
42773
42777
42778
42779
42780
42781
42783
42784
42785
42788
42789
42790
42791
42797
42798
42799
42800
42801
42802
42803
42804
42805
42806
42807
42809
42810
42811
42812
42813
42815
42816
42817
42819
42820
42823
42824
42826
42828
42829
42834
42835
42837
42839
42840
42841
42842
42845
42848
42851
42852
42853
42861
42862
42864
42865
42867
42872
42875
42878
42879
42880
42882
42888
42889
42894
42895
42896
42897
42899
42900
42901
42902
42903
42909
42910
42911
42912
42913
42914
42915
42916
42922
42924
42925
42927
42928
42929
42930
42931
42933
42934
42935
42936
42937
42938
42939
42940
42941
42942
42943
42944
42945
42948
42949
42951
42954
42955
42957
42958
42959
42960
42961
42962
42963
42964
42965
42966
42967
42968
42969
42970
42971
42972
42973
42974
42975
42976
42977
42978
42979
42980
42981
42982
42983
42984
42985
42986
42987
42988
42989
42990
42991
42993
42994
42995
42996
42997
42998
42999
43000
43001
43002
43003
43004
43005
43006
43007
43008
43009
43010
43011
43012
43013
43014
43015
43020
43021
43028
43029
43030
43031
43032
43033
43034
43035
43036
43037
43038
43039
43040
43041
43043
43044
43045
43046
43050
43051
43055
43056
43057
43071
43072
43073
43080
43081
43086
43092
43093
43098
43099
43109
43113
43117
43118
43119
43120
43121
43122
43123
43124
43125
43126
43127
43128
43129
43131
43141
43142
43143
43145
43146
43147
43148
43151
43152
43153
43154
43155
43156
43157
43158
43159
43164
43170
43173
43174
43175
43176
43177
43179
43182
43183
43184
43186
43188
43189
43194
43197
43200
43201
43207
43208
43209
43214
43215
43216
43217
43218
43219
43224
43225
43226
43227
43229
43230
43231
43232
43240
43241
43242
43251
43252
43253
43254
43255
43256
43259
43260
43261
43262
43263
43264
43265
43266
43272
43274
43276
43281
43282
43284
43285
43286
43290
43293
43294
43295
43296
43297
43298
43302
43307
43317
43318
43319
43324
43327
43328
43329
43330
43331
43333
43334
43335
43336
43337
43338
43339
43340
43341
43343
43344
43345
43346
43347
43348
43350
43351
43353
43355
43356
43357
43358
43362
43363
43365
43368
43369
43379
43380
43381
43382
43385
43386
43392
43393
43394
43399
43400
43401
43402
43403
43407
43408
43410
43411
43412
43416
43417
43418
43419
43420
43423
43424
43425
43426
43427
43428
43429
43434
43435
43436
43439
43440
43447
43448
43449
43450
43451
43455
43456
43457
43458
43461
43470
43471
43472
43473
43476
43485
43486
43487
43488
43489
43490
43491
43492
43494
43500
43505
43509
43510
43511
43512
43515
43516
43517
43519
43520
43521
43522
43523
43524
43525
43526
43527
43528
43531
43533
43534
43538
43541
43542
43543
43544
43545
43547
43548
43549
43550
43551
43552
43553
43554
43555
43559
43560
43561
43566
43567
43568
43569
43571
43572
43573
43574
43575
43576
43577
43578
43579
43580
43581
43582
43583
43584
43585
43590
43591
43593
43594
43595
43596
43599
43600
43601
43602
43603
43604
43605
43615
43617
43620
43621
43622
43623
43624
43625
43626
43632
43633
43635
43637
43638
43641
43644
43645
43647
43648
43649
43650
43655
43656
43657
43658
43659
43660
43665
43666
43667
43668
43669
43670
43672
43677
43678
43679
43680
43681
43682
43683
43684
43690
43691
43692
43693
43694
43695
43696
43699
43700
43701
43702
43703
43704
43705
43706
43709
43710
43714
43715
43716
43717
43718
43719
43720
43722
43723
43725
43728
43729
43731
43732
43734
43736
43737
43738
43739
43740
43741
43742
43743
43744
43745
43746
43747
43749
43750
43751
43752
43753
43757
43758
43759
43761
43762
43763
43764
43765
43766
43768
43769
43770
43772
43773
43775
43776
43777
43778
43779
43780
43781
43782
43783
43784
43785
43786
43787
43788
43789
43790
43791
43792
43793
43794
43795
43796
43797
43798
43799
43800
43801
43802
43803
43804
43805
43806
43807
43808
43809
43811
43812
43813
43814
43815
43816
43817
43818
43819
43820
43821
43824
43825
43827
43828
43829
43830
43835
43836
43839
43841
43846
43848
43849
43851
43857
43858
43859
43860
43868
43869
43875
43876
43877
43884
43885
43887
43888
43889
43890
43891
43895
43896
43897
43900
43901
43902
43903
43904
43905
43906
43908
43911
43912
43913
43914
43920
43921
43923
43927
43929
43930
43932
43933
43935
43945
43953
43955
43956
43957
43958
43962
43966
43967
43968
43974
43977
43978
43979
43980
43981
43982
43983
43984
43985
43986
43987
43988
43989
43990
43991
43992
43993
43995
43998
43999
44000
44001
44004
44010
44011
44012
44013
44014
44015
44016
44017
44018
44019
44020
44021
44022
44023
44024
44025
44026
44027
44028
44031
44032
44033
44034
44035
44036
44037
44038
44040
44043
44044
44045
44046
44047
44048
44049
44052
44053
44054
44055
44056
44057
44058
44061
44063
44064
44065
44066
44067
44073
44074
44075
44076
44077
44078
44080
44081
44082
44083
44087
44088
44089
44091
44092
44095
44096
44097
44098
44099
44100
44101
44102
44109
44111
44112
44113
44114
44115
44118
44121
44122
44127
44128
44129
44132
44136
44137
44138
44139
44140
44141
44142
44143
44144
44145
44146
44147
44148
44149
44150
44151
44152
44154
44156
44159
44160
44161
44163
44164
44165
44166
44169
44171
44172
44173
44175
44176
44177
44178
44181
44184
44199
44205
44208
44209
44213
44219
44220
44221
44225
44226
44227
44231
44239
44240
44241
44247
44253
44254
44255
44261
44264
44268
44269
44271
44272
44274
44275
44276
44278
44280
44281
44283
44285
44286
44287
44289
44290
44292
44297
44298
44299
44304
44308
44310
44319
44330
44331
44332
44341
44343
44344
44345
44346
44351
44352
44353
44354
44361
44363
44373
44374
44384
44385
44386
44391
44392
44393
44394
44396
44400
44403
44404
44409
44415
44416
44417
44418
44423
44436
44440
44441
44451
44454
44455
44458
44460
44461
44463
44464
44466
44469
44470
44471
44472
44473
44474
44475
44478
44479
44480
44483
44484
44485
44489
44493
44495
44496
44497
44499
44500
44505
44506
44508
44509
44511
44512
44513
44514
44516
44517
44519
44520
44521
44522
44526
44527
44528
44529
44532
44533
44539
44541
44542
44543
44544
44545
44546
44548
44549
44550
44551
44552
44554
44555
44556
44557
44561
44562
44568
44569
44571
44572
44573
44574
44575
44576
44577
44578
44580
44581
44583
44584
44585
44586
44593
44594
44595
44597
44598
44599
44600
44604
44605
44607
44608
44609
44610
44615
44616
44617
44619
44620
44621
44622
44625
44626
44627
44629
44631
44638
44640
44641
44642
44643
44647
44648
44649
44650
44653
44659
44660
44661
44667
44668
44670
44671
44672
44677
44679
44680
44681
44682
44683
44684
44685
44687
44688
44689
44690
44691
44693
44701
44702
44703
44704
44705
44706
44707
44709
44710
44713
44714
44715
44716
44719
44720
44721
44724
44725
44726
44727
44730
44733
44735
44736
44737
44747
44748
44749
44758
44759
44760
44764
44767
44768
44769
44770
44771
44772
44773
44778
44779
44780
44781
44782
44783
44784
44787
44788
44789
44790
44791
44792
44793
44798
44799
44800
44802
44803
44804
44812
44813
44814
44815
44821
44822
44825
44827
44828
44829
44835
44836
44838
44840
44844
44846
44847
44848
44849
44850
44851
44852
44853
44855
44856
44857
44858
44859
44869
44871
44877
44878
44879
44880
44881
44882
44886
44887
44888
44889
44890
44891
44892
44893
44894
44895
44896
44897
44901
44902
44903
44904
44905
44906
44907
44908
44909
44910
44911
44912
44913
44914
44915
44916
44917
44918
44919
44920
44921
44922
44923
44924
44925
44926
44927
44928
44929
44930
44931
44932
44933
44934
44935
44936
44937
44938
44939
44940
44941
44942
44943
44944
44945
44946
44947
44950
44951
44952
44953
44954
44955
44956
44957
44958
44959
44960
44961
44962
44964
44965
44966
44967
44968
44969
44970
44971
44972
44973
44974
44975
44976
44979
44981
44982
44983
44984
44985
44986
44987
44988
44989
44990
44991
44992
44993
45001
45003
45004
45009
45011
45012
45013
45017
45018
45019
45023
45024
45025
45028
45029
45030
45033
45034
45035
45043
45045
45046
45047
45050
45051
45052
45053
45055
45056
45057
45066
45067
45068
45071
45073
45077
45078
45079
45080
45081
45083
45084
45085
45087
45088
45089
45096
45097
45098
45099
45100
45101
45107
45108
45109
45110
45111
45112
45114
45115
45116
45119
45120
45121
45122
45123
45124
45125
45126
45129
45130
45131
45133
45135
45136
45137
45140
45144
45145
45146
45150
45151
45155
45166
45168
45169
45171
45172
45173
45177
45180
45182
45186
45187
45192
45193
45195
45198
45199
45200
45209
45210
45213
45214
45221
45227
45229
45230
45232
45234
45235
45236
45238
45239
45240
45241
45242
45245
45248
45253
45254
45255
45256
45260
45261
45264
45276
45286
45287
45288
45289
45297
45298
45311
45312
45313
45314
45318
45322
45323
45324
45325
45326
45327
45336
45337
45339
45342
45343
45344
45345
45351
45356
45357
45358
45359
45360
45361
45362
45363
45367
45369
45370
45375
45376
45377
45381
45383
45384
45385
45387
45388
45390
45391
45395
45396
45397
45402
45407
45408
45409
45414
45415
45416
45417
45418
45419
45420
45423
45424
45425
45430
45432
45438
45439
45440
45441
45442
45443
45444
45450
45452
45453
45457
45458
45462
45463
45464
45465
45469
45471
45472
45473
45474
45475
45480
45486
45500
45501
45502
45504
45507
45510
45511
45513
45522
45523
45524
45525
45526
45527
45528
45529
45530
45531
45532
45533
45534
45538
45539
45540
45549
45550
45551
45552
45553
45556
45557
45558
45561
45562
45563
45565
45567
45570
45575
45576
45582
45583
45584
45585
45588
45589
45590
45591
45592
45599
45600
45601
45612
45625
45628
45630
45633
45638
45639
45640
45641
45642
45658
45663
45664
45665
45671
45672
45673
45674
45675
45678
45684
45685
45687
45689
45690
45691
45692
45693
45694
45695
45696
45697
45698
45699
45700
45701
45702
45703
45705
45708
45709
45714
45719
45720
45722
45724
45725
45727
45728
45729
45730
45732
45734
45738
45739
45749
45756
45757
45758
45759
45760
45761
45762
45770
45771
45777
45778
45779
45780
45781
45782
45783
45787
45791
45792
45793
45801
45803
45804
45805
45806
45807
45808
45809
45814
45815
45816
45820
45822
45823
45824
45825
45826
45828
45829
45835
45837
45838
45839
45844
45849
45850
45855
45856
45857
45859
45864
45865
45866
45870
45875
45878
45879
45880
45881
45883
45884
45885
45886
45887
45888
45889
45890
45892
45900
45901
45903
45904
45905
45906
45909
45911
45912
45913
45914
45920
45925
45927
45928
45930
45931
45932
45934
45935
45936
45937
45938
45939
45940
45941
45942
45943
45944
45945
45946
45947
45948
45949
45950
45951
45952
45953
45954
45955
45956
45957
45958
45959
45960
45961
45964
45967
45968
45969
45970
45972
45973
45977
45980
45981
45990
45991
45992
45997
45998
45999
46000
46001
46002
46003
46009
46010
46011
46012
46013
46017
46019
46025
46029
46030
46031
46032
46033
46034
46035
46036
46037
46038
46039
46040
46041
46042
46043
46044
46045
46046
46047
46048
46049
46050
46052
46053
46054
46056
46057
46059
46060
46061
46062
46067
46068
46069
46070
46074
46075
46076
46079
46080
46081
46082
46091
46092
46093
46095
46101
46106
46107
46111
46112
46113
46114
46115
46116
46117
46123
46124
46125
46126
46127
46128
46134
46136
46137
46138
46139
46143
46144
46145
46150
46151
46152
46155
46156
46158
46169
46170
46171
46172
46174
46175
46176
46177
46178
46179
46180
46189
46199
46200
46201
46209
46211
46213
46221
46222
46223
46224
46225
46226
46227
46228
46229
46230
46231
46232
46233
46235
46236
46237
46238
46240
46241
46242
46246
46247
46248
46249
46251
46252
46253
46254
46255
46256
46257
46260
46261
46263
46265
46266
46274
46284
46285
46286
46288
46295
46299
46303
46304
46305
46306
46314
46319
46320
46323
46325
46326
46331
46332
46333
46335
46336
46337
46338
46339
46340
46341
46342
46343
46344
46345
46359
46360
46361
46362
46364
46365
46367
46368
46369
46370
46375
46376
46379
46387
46389
46397
46398
46399
46400
46401
46407
46409
46410
46411
46417
46418
46420
46423
46425
46431
46432
46433
46436
46440
46442
46452
46453
46454
46455
46456
46459
46460
46461
46462
46463
46464
46465
46466
46471
46473
46474
46475
46476
46477
46479
46480
46481
46482
46483
46486
46487
46488
46489
46490
46493
46494
46495
46496
46497
46499
46500
46501
46502
46503
46504
46505
46506
46507
46508
46509
46511
46512
46513
46514
46515
46516
46517
46518
46519
46520
46521
46522
46523
46524
46525
46526
46527
46528
46529
46530
46531
46532
46535
46536
46537
46539
46540
46541
46542
46543
46544
46545
46546
46547
46548
46549
46550
46551
46552
46553
46554
46555
46556
46557
46558
46559
46560
46561
46562
46563
46565
46566
46567
46568
46569
46570
46571
46572
46573
46574
46575
46576
46577
46578
46579
46580
46581
46582
46584
46585
46586
46587
46589
46590
46591
46592
46593
46594
46595
46596
46597
46598
46599
46600
46605
46606
46607
46608
46609
46613
46616
46617
46618
46619
46620
46624
46625
46626
46627
46629
46630
46631
46632
46633
46636
46637
46638
46639
46640
46644
46645
46647
46649
46652
46655
46656
46657
46658
46659
46661
46662
46663
46664
46666
46667
46668
46669
46670
46671
46672
46674
46675
46676
46680
46683
46684
46685
46687
46688
46689
46690
46691
46692
46697
46701
46704
46717
46719
46720
46721
46722
46725
46728
46729
46739
46740
46741
46742
46744
46745
46746
46748
46750
46752
46753
46760
46761
46762
46767
46768
46776
46777
46783
46784
46785
46787
46794
46800
46801
46805
46809
46815
46816
46817
46818
46824
46825
46827
46841
46848
46849
46860
46861
46862
46863
46864
46865
46866
46867
46868
46869
46870
46871
46872
46873
46874
46877
46886
46887
46893
46896
46897
46898
46899
46900
46901
46902
46907
46910
46911
46912
46917
46918
46919
46920
46921
46922
46923
46927
46928
46929
46930
46931
46935
46936
46941
46944
46955
46956
46957
46958
46967
46968
46969
46970
46976
46977
46978
46979
46980
46981
46982
46984
46985
46986
46991
46992
46993
46994
46995
46996
46998
47000
47001
47002
47003
47004
47006
47007
47008
47009
47010
47011
47012
47016
47019
47020
47025
47026
47027
47029
47030
47034
47035
47036
47037
47038
47039
47040
47041
47042
47043
47044
47045
47047
47050
47051
47052
47054
47058
47059
47060
47061
47062
47063
47064
47070
47078
47079
47080
47082
47088
47089
47096
47097
47098
47099
47100
47102
47106
47109
47110
47112
47113
47114
47115
47116
47119
47120
47121
47123
47124
47125
47126
47129
47130
47131
47135
47136
47138
47141
47142
47143
47144
47145
47146
47147
47148
47149
47150
47151
47152
47153
47154
47155
47156
47157
47158
47159
47160
47161
47162
47163
47164
47165
47166
47167
47168
47169
47170
47171
47172
47173
47174
47175
47176
47177
47178
47179
47180
47183
47184
47186
47187
47188
47189
47190
47191
47193
47194
47195
47196
47197
47198
47199
47200
47201
47208
47210
47216
47220
47221
47223
47224
47225
47226
47227
47228
47229
47230
47231
47232
47233
47234
47239
47244
47245
47246
47249
47250
47251
47252
47253
47254
47255
47256
47257
47258
47259
47260
47261
47262
47263
47264
47265
47266
47267
47268
47269
47270
47271
47275
47277
47278
47279
47281
47288
47289
47291
47292
47293
47294
47295
47299
47304
47306
47307
47308
47311
47314
47317
47318
47319
47320
47321
47322
47323
47327
47328
47329
47333
47334
47340
47341
47345
47346
47347
47348
47349
47350
47352
47355
47356
47358
47359
47360
47361
47362
47364
47366
47367
47368
47369
47372
47373
47374
47375
47376
47377
47378
47379
47380
47382
47383
47384
47385
47386
47387
47388
47389
47390
47391
47392
47393
47394
47397
47398
47399
47400
47406
47410
47411
47412
47414
47415
47416
47418
47422
47424
47430
47432
47435
47436
47437
47439
47440
47443
47448
47449
47450
47459
47460
47461
47462
47463
47464
47470
47471
47472
47473
47474
47475
47476
47481
47482
47483
47484
47485
47487
47488
47491
47492
47494
47495
47496
47497
47500
47501
47502
47503
47504
47505
47506
47508
47509
47511
47512
47514
47515
47517
47518
47519
47520
47521
47522
47523
47524
47529
47530
47531
47532
47533
47538
47541
47542
47543
47544
47545
47546
47547
47548
47552
47553
47554
47555
47556
47557
47558
47565
47566
47567
47572
47573
47574
47575
47576
47580
47586
47587
47592
47593
47599
47600
47601
47602
47603
47607
47610
47612
47613
47614
47615
47616
47617
47618
47619
47623
47626
47627
47628
47629
47632
47633
47634
47636
47640
47649
47651
47652
47653
47654
47656
47658
47664
47665
47671
47672
47673
47685
47691
47692
47693
47700
47701
47702
47707
47709
47710
47711
47712
47713
47717
47718
47719
47723
47724
47725
47726
47729
47733
47736
47739
47740
47741
47742
47747
47748
47751
47754
47755
47761
47762
47763
47770
47773
47774
47775
47776
47783
47784
47785
47788
47789
47790
47791
47792
47794
47795
47796
47797
47804
47807
47808
47809
47814
47817
47818
47819
47823
47824
47825
47828
47829
47831
47838
47839
47840
47841
47842
47844
47845
47847
47848
47849
47850
47851
47853
47854
47856
47859
47861
47871
47872
47873
47875
47880
47881
47882
47883
47886
47891
47892
47903
47904
47905
47907
47908
47909
47915
47916
47917
47922
47927
47936
47938
47939
47940
47941
47942
47943
47946
47949
47950
47955
47957
47959
47960
47961
47964
47965
47967
47968
47969
47970
47971
47972
47973
47974
47978
47988
47991
47992
47994
48001
48004
48006
48013
48014
48015
48024
48025
48027
48028
48037
48045
48046
48047
48048
48049
48050
48051
48059
48069
48070
48071
48074
48076
48077
48078
48081
48082
48090
48091
48092
48093
48094
48096
48097
48103
48105
48111
48112
48113
48114
48115
48116
48117
48123
48125
48126
48133
48135
48136
48137
48144
48146
48147
48148
48150
48151
48159
48160
48164
48165
48166
48167
48174
48178
48180
48185
48190
48194
48195
48196
48203
48204
48205
48208
48213
48215
48216
48217
48218
48223
48224
48225
48229
48230
48231
48235
48236
48240
48241
48243
48246
48255
48256
48257
48258
48267
48268
48269
48272
48279
48286
48287
48288
48289
48290
48291
48292
48295
48297
48298
48299
48300
48301
48302
48303
48310
48311
48312
48313
48314
48320
48321
48322
48323
48329
48330
48331
48339
48340
48342
48345
48356
48357
48358
48359
48360
48361
48362
48363
48378
48381
48383
48384
48385
48391
48400
48405
48410
48415
48433
48434
48438
48439
48443
48444
48445
48447
48448
48468
48470
48471
48472
48473
48477
48478
48480
48481
48482
48484
48493
48495
48496
48497
48499
48504
48505
48507
48509
48510
48511
48515
48516
48521
48528
48529
48530
48531
48532
48543
48544
48545
48546
48552
48553
48559
48564
48565
48573
48575
48576
48577
48581
48582
48583
48585
48586
48592
48594
48599
48600
48601
48602
48604
48605
48606
48607
48608
48609
48611
48613
48614
48622
48624
48625
48626
48633
48636
48637
48640
48641
48642
48645
48646
48647
48648
48655
48656
48658
48659
48660
48661
48662
48664
48671
48672
48673
48674
48675
48678
48684
48685
48688
48695
48696
48697
48698
48699
48708
48709
48710
48711
48719
48720
48721
48722
48723
48724
48725
48732
48733
48735
48738
48741
48742
48743
48744
48745
48746
48747
48748
48750
48751
48752
48754
48755
48756
48757
48758
48759
48760
48761
48762
48763
48764
48765
48766
48767
48768
48769
48770
48771
48772
48773
48774
48775
48776
48777
48778
48779
48780
48781
48782
48783
48784
48785
48786
48787
48788
48789
48790
48791
48792
48793
48794
48795
48796
48797
48798
48799
48800
48801
48802
48803
48804
48805
48806
48807
48808
48809
48810
48811
48812
48813
48814
48815
48816
48817
48818
48819
48820
48821
48822
48823
48824
48825
48826
48827
48828
48829
48830
48831
48832
48833
48834
48835
48837
48838
48839
48840
48841
48842
48851
48852
48853
48854
48855
48856
48857
48859
48864
48865
48866
48867
48868
48873
48874
48875
48876
48877
48878
48879
48880
48881
48882
48883
48884
48885
48886
48887
48888
48889
48890
48891
48892
48895
48896
48897
48898
48899
48900
48901
48902
48903
48904
48905
48906
48907
48908
48909
48912
48922
48924
48925
48926
48930
48931
48932
48933
48935
48936
48937
48938
48941
48944
48945
48948
48949
48951
48954
48955
48959
48960
48961
48963
48971
48972
48973
48980
48989
48993
48994
48996
48997
49004
49005
49006
49014
49015
49016
49023
49025
49027
49032
49035
49039
49044
49050
49055
49056
49057
49059
49063
49068
49069
49073
49076
49077
49078
49079
49082
49084
49087
49088
49089
49090
49091
49098
49104
49113
49114
49115
49116
49117
49119
49120
49124
49126
49130
49131
49135
49139
49140
49141
49142
49144
49149
49151
49152
49153
49161
49162
49165
49166
49167
49168
49173
49174
49175
49181
49182
49184
49192
49198
49199
49200
49201
49202
49203
49210
49211
49216
49220
49221
49224
49225
49229
49230
49232
49239
49245
49246
49247
49248
49249
49250
49256
49257
49258
49266
49267
49268
49269
49272
49275
49279
49280
49281
49287
49288
49291
49295
49296
49297
49300
49302
49308
49323
49324
49325
49329
49330
49334
49335
49336
49342
49343
49344
49346
49350
49351
49352
49357
49358
49359
49360
49361
49362
49367
49368
49369
49371
49372
49379
49383
49384
49385
49386
49387
49390
49391
49392
49393
49394
49395
49396
49397
49399
49400
49401
49402
49403
49404
49405
49406
49407
49409
49410
49411
49412
49413
49414
49415
49423
49425
49426
49427
49428
49429
49430
49431
49432
49433
49434
49435
49436
49437
49438
49439
49440
49441
49443
49444
49445
49446
49447
49448
49449
49450
49451
49453
49454
49455
49456
49457
49466
49467
49468
49470
49471
49472
49475
49476
49477
49478
49487
49489
49491
49494
49495
49497
49498
49500
49503
49504
49505
49512
49517
49518
49532
49533
49536
49537
49538
49539
49540
49545
49554
49555
49560
49561
49562
49565
49566
49569
49570
49571
49572
49573
49575
49581
49582
49583
49585
49586
49588
49590
49591
49592
49593
49594
49595
49596
49599
49600
49601
49602
49603
49604
49610
49613
49614
49615
49616
49617
49621
49623
49624
49631
49632
49633
49634
49643
49644
49645
49647
49654
49664
49665
49679
49680
49686
49687
49691
49692
49693
49694
49698
49707
49709
49714
49715
49716
49719
49720
49721
49724
49725
49728
49731
49741
49742
49743
49752
49753
49755
49756
49761
49762
49763
49764
49765
49766
49767
49770
49771
49775
49776
49780
49782
49783
49784
49785
49786
49787
49791
49792
49793
49797
49798
49802
49803
49806
49807
49808
49809
49810
49811
49812
49813
49814
49815
49816
49817
49818
49819
49820
49821
49822
49823
49824
49825
49827
49829
49830
49831
49833
49834
49839
49840
49841
49845
49846
49847
49848
49849
49850
49851
49854
49863
49864
49865
49869
49872
49874
49878
49879
49881
49885
49887
49888
49889
49890
49891
49892
49893
49894
49895
49896
49897
49898
49899
49900
49901
49902
49903
49905
49907
49910
49914
49917
49918
49919
49920
49921
49927
49928
49929
49931
49932
49933
49937
49938
49939
49940
49941
49944
49945
49946
49951
49952
49953
49956
49957
49959
49960
49961
49962
49963
49972
49973
49980
49981
49995
50003
50005
50008
50009
50022
50024
50025
50026
50040
50041
50050
50061
50062
50064
50076
50077
50079
50080
50081
50085
50088
50089
50094
50095
50096
50097
50099
50103
50111
50112
50113
50115
50117
50118
50119
50121
50128
50134
50135
50136
50137
50138
50139
50140
50141
50142
50143
50144
50145
50148
50157
50159
50160
50161
50162
50163
50164
50169
50175
50176
50177
50181
50182
50183
50184
50185
50186
50187
50188
50189
50190
50193
50196
50197
50198
50199
50200
50202
50204
50205
50206
50209
50211
50213
50214
50215
50216
50217
50218
50219
50220
50221
50222
50223
50224
50225
50226
50227
50229
50232
50233
50238
50240
50244
50250
50251
50252
50253
50254
50255
50256
50268
50269
50274
50275
50283
50288
50290
50295
50302
50304
50307
50308
50309
50310
50311
50312
50320
50323
50325
50335
50336
50337
50343
50344
50345
50347
50348
50349
50351
50357
50358
50359
50370
50375
50376
50379
50388
50389
50391
50397
50398
50399
50400
50401
50402
50405
50406
50407
50408
50409
50412
50413
50414
50415
50416
50421
50424
50429
50430
50431
50432
50437
50438
50440
50454
50463
50467
50468
50472
50484
50485
50490
50499
50500
50502
50503
50504
50505
50511
50512
50513
50514
50517
50519
50520
50521
50526
50528
50529
50530
50531
50532
50533
50534
50535
50536
50537
50538
50539
50540
50541
50542
50543
50544
50545
50546
50552
50553
50554
50555
50556
50557
50559
50566
50567
50568
50571
50575
50576
50577
50580
50581
50589
50590
50591
50592
50593
50594
50595
50596
50598
50599
50600
50601
50604
50605
50606
50607
50610
50611
50613
50616
50624
50625
50626
50632
50634
50635
50636
50637
50640
50644
50648
50650
50652
50653
50654
50655
50656
50657
50663
50666
50673
50674
50675
50676
50677
50685
50687
50688
50689
50692
50694
50695
50697
50699
50710
50715
50716
50717
50718
50719
50720
50721
50722
50726
50729
50734
50736
50737
50750
50752
50757
50759
50760
50761
50762
50771
50778
50779
50784
50785
50787
50788
50796
50799
50800
50806
50808
50809
50814
50815
50820
50821
50830
50835
50839
50840
50841
50842
50848
50853
50854
50855
50856
50857
50858
50859
50861
50862
50863
50864
50868
50873
50874
50875
50877
50880
50882
50883
50884
50886
50893
50896
50902
50903
50904
50905
50906
50907
50908
50913
50914
50915
50916
50917
50922
50923
50925
50926
50941
50946
50947
50948
50949
50957
50958
50959
50960
50961
50963
50964
50965
50967
50968
50969
50975
50976
50977
50978
50985
50988
50989
50994
50995
50996
50997
51000
51003
51005
51006
51009
51010
51012
51013
51016
51019
51022
51023
51024
51025
51026
51027
51028
51029
51030
51031
51032
51033
51034
51035
51036
51037
51038
51039
51040
51041
51042
51043
51045
51046
51047
51048
51049
51051
51052
51054
51057
51060
51061
51062
51063
51064
51065
51066
51067
51068
51071
51072
51073
51075
51076
51077
51080
51083
51084
51085
51088
51093
51094
51095
51104
51106
51114
51115
51128
51129
51132
51135
51136
51137
51138
51142
51150
51155
51156
51157
51158
51160
51167
51168
51169
51170
51175
51177
51178
51181
51183
51192
51193
51194
51195
51196
51198
51199
51200
51201
51202
51203
51204
51205
51206
51207
51208
51212
51213
51214
51215
51216
51217
51218
51219
51220
51223
51226
51227
51228
51231
51232
51233
51234
51235
51236
51237
51238
51239
51240
51243
51244
51246
51247
51249
51256
51261
51264
51265
51271
51272
51273
51282
51283
51285
51290
51291
51292
51296
51303
51305
51306
51308
51316
51324
51325
51336
51345
51346
51352
51360
51361
51362
51366
51371
51372
51381
51387
51388
51392
51402
51405
51407
51408
51409
51410
51412
51413
51414
51415
51416
51419
51428
51429
51430
51434
51435
51436
51441
51447
51450
51456
51457
51458
51459
51460
51467
51469
51471
51472
51474
51477
51478
51479
51480
51481
51482
51483
51491
51492
51493
51494
51501
51502
51503
51504
51508
51511
51513
51514
51515
51516
51517
51518
51519
51520
51521
51522
51523
51526
51528
51529
51530
51531
51532
51533
51534
51535
51536
51537
51538
51541
51543
51544
51546
51547
51551
51552
51553
51555
51556
51558
51562
51564
51566
51567
51568
51576
51577
51578
51579
51583
51584
51585
51587
51589
51590
51591
51597
51598
51600
51601
51612
51614
51615
51616
51617
51618
51622
51631
51632
51635
51636
51637
51639
51640
51645
51646
51651
51657
51658
51659
51660
51661
51662
51663
51664
51667
51669
51675
51677
51678
51679
51681
51682
51687
51689
51699
51700
51701
51702
51705
51708
51711
51712
51713
51723
51724
51733
51741
51742
51743
51744
51745
51746
51747
51750
51755
51759
51760
51762
51765
51768
51777
51783
51784
51786
51787
51788
51789
51796
51797
51798
51799
51801
51804
51805
51807
51809
51810
51811
51820
51821
51828
51829
51831
51832
51833
51836
51837
51838
51839
51840
51841
51842
51843
51844
51845
51846
51847
51848
51849
51850
51851
51852
51853
51854
51856
51858
51859
51860
51861
51863
51864
51865
51866
51867
51868
51869
51870
51871
51872
51873
51874
51875
51876
51877
51878
51879
51880
51881
51882
51883
51884
51885
51887
51888
51891
51892
51893
51898
51901
51902
51903
51904
51905
51906
51907
51908
51909
51911
51912
51913
51919
51920
51921
51931
51932
51933
51934
51936
51941
51942
51943
51947
51949
51953
51955
51956
51957
51963
51964
51965
51967
51968
51969
51972
51973
51974
51975
51976
51983
51985
51986
51987
51988
51990
51991
51992
51993
51994
51996
51997
51998
51999
52000
52001
52002
52003
52004
52005
52006
52007
52008
52009
52010
52011
52012
52013
52014
52015
52017
52018
52019
52020
52021
52022
52024
52026
52027
52028
52029
52030
52031
52032
52033
52034
52035
52036
52037
52038
52039
52043
52052
52058
52059
52062
52064
52065
52066
52068
52069
52072
52073
52074
52076
52077
52078
52079
52080
52081
52082
52083
52092
52093
52096
52101
52104
52114
52116
52118
52127
52128
52129
52136
52142
52143
52151
52155
52161
52162
52163
52164
52165
52170
52171
52172
52173
52181
52183
52185
52192
52200
52201
52204
52206
52207
52220
52222
52223
52224
52225
52226
52227
52228
52232
52239
52244
52245
52246
52254
52255
52261
52269
52271
52272
52273
52275
52276
52282
52283
52284
52287
52288
52289
52290
52291
52292
52293
52295
52296
52297
52298
52299
52300
52301
52302
52303
52304
52305
52306
52307
52308
52309
52310
52311
52312
52313
52314
52315
52316
52317
52318
52319
52320
52321
52322
52323
52324
52325
52326
52327
52328
52329
52330
52332
52333
52334
52335
52336
52337
52338
52339
52341
52342
52343
52344
52345
52346
52347
52353
52354
52356
52359
52360
52361
52362
52363
52365
52371
52374
52375
52380
52381
52382
52383
52392
52393
52395
52400
52402
52405
52406
52407
52416
52417
52418
52429
52437
52447
52448
52449
52452
52455
52470
52472
52479
52480
52486
52487
52488
52489
52500
52501
52506
52507
52512
52514
52520
52521
52528
52533
52536
52537
52542
52546
52547
52569
52602
52605
52608
52609
52610
52611
52614
52623
52624
52625
52626
52627
52628
52629
52635
52639
52640
52641
52642
52643
52644
52645
52646
52647
52648
52649
52650
52651
52652
52653
52655
52656
52657
52658
52667
52668
52669
52671
52672
52673
52674
52689
52690
52700
52703
52704
52705
52710
52718
52723
52731
52732
52734
52735
52741
52750
52752
52753
52754
52755
52766
52767
52768
52769
52776
52780
52781
52782
52790
52794
52795
52798
52799
52800
52801
52802
52805
52807
52808
52810
52815
52816
52817
52818
52819
52824
52826
52828
52829
52832
52833
52834
52835
52836
52837
52838
52839
52840
52841
52842
52843
52844
52845
52846
52847
52848
52849
52850
52851
52852
52855
52856
52857
52858
52859
52863
52864
52865
52866
52867
52871
52874
52875
52876
52877
52878
52879
52881
52882
52883
52884
52885
52886
52887
52889
52890
52891
52892
52894
52895
52896
52897
52899
52900
52902
52905
52906
52909
52910
52911
52919
52920
52921
52922
52923
52924
52929
52931
52941
52942
52949
52955
52962
52963
52964
52965
52966
52975
52976
52977
52983
52984
52987
52991
52992
52993
52998
53001
53004
53013
53014
53015
53016
53027
53040
53042
53046
53053
53063
53064
53065
53067
53072
53075
53079
53086
53087
53088
53089
53093
53095
53100
53101
53105
53106
53108
53109
53110
53111
53112
53119
53129
53130
53131
53136
53141
53144
53148
53151
53152
53153
53157
53160
53163
53172
53174
53175
53176
53177
53178
53186
53187
53192
53193
53195
53196
53197
53200
53222
53229
53235
53236
53243
53244
53245
53248
53256
53279
53280
53281
53286
53287
53288
53290
53295
53297
53298
53306
53312
53317
53319
53320
53321
53325
53327
53328
53329
53331
53339
53349
53350
53351
53352
53359
53360
53361
53371
53372
53373
53382
53383
53393
53394
53395
53405
53406
53410
53413
53416
53424
53425
53438
53439
53440
53441
53442
53444
53445
53446
53447
53448
53449
53452
53453
53454
53455
53456
53457
53458
53459
53460
53461
53462
53463
53464
53465
53466
53467
53471
53472
53473
53475
53482
53483
53487
53492
53493
53494
53496
53503
53504
53505
53506
53507
53508
53514
53515
53516
53518
53519
53520
53525
53526
53527
53529
53535
53536
53537
53548
53549
53550
53559
53568
53569
53570
53571
53580
53581
53585
53586
53591
53592
53593
53594
53599
53600
53603
53607
53608
53613
53614
53615
53616
53617
53622
53625
53626
53627
53628
53629
53636
53647
53648
53649
53650
53655
53656
53657
53658
53659
53660
53661
53662
53663
53664
53665
53668
53669
53670
53671
53676
53677
53679
53680
53681
53682
53691
53692
53693
53697
53702
53712
53713
53714
53715
53716
53717
53718
53719
53720
53721
53723
53724
53725
53726
53727
53728
53729
53730
53735
53739
53745
53746
53747
53748
53750
53751
53752
53753
53755
53756
53757
53758
53759
53760
53761
53762
53763
53764
53769
53774
53776
53781
53785
53790
53805
53809
53812
53816
53820
53823
53824
53834
53835
53844
53845
53846
53855
53856
53857
53865
53866
53867
53872
53874
53875
53878
53883
53886
53888
53889
53890
53893
53900
53901
53902
53903
53904
53905
53906
53907
53910
53911
53921
53922
53923
53925
53928
53929
53933
53939
53940
53941
53943
53944
53945
53946
53947
53948
53949
53955
53957
53963
53964
53965
53966
53967
53971
53972
53973
53976
53977
53981
53982
53983
53984
53985
53986
53987
53988
53989
53990
53991
53997
53998
53999
54002
54003
54009
54010
54011
54012
54015
54016
54017
54021
54022
54025
54031
54032
54033
54034
54035
54036
54037
54042
54043
54045
54046
54047
54048
54049
54054
54055
54056
54057
54063
54064
54065
54075
54076
54087
54095
54096
54097
54098
54103
54106
54109
54117
54119
54120
54121
54122
54126
54127
54130
54131
54132
54137
54138
54139
54142
54143
54144
54145
54149
54150
54151
54153
54157
54158
54159
54161
54162
54163
54172
54173
54180
54186
54187
54188
54189
54190
54197
54199
54201
54207
54208
54209
54211
54212
54219
54220
54234
54235
54236
54241
54243
54244
54245
54249
54250
54251
54252
54253
54258
54260
54262
54263
54264
54265
54270
54272
54274
54276
54277
54282
54283
54284
54285
54286
54287
54288
54289
54290
54291
54294
54296
54300
54301
54306
54307
54308
54312
54313
54314
54315
54318
54319
54320
54324
54325
54326
54327
54328
54340
54341
54343
54348
54351
54365
54366
54367
54369
54370
54383
54384
54385
54386
54390
54391
54395
54400
54405
54406
54409
54411
54428
54431
54432
54433
54434
54436
54439
54443
54450
54453
54456
54457
54472
54480
54489
54490
54495
54496
54498
54515
54516
54517
54527
54528
54529
54537
54540
54544
54549
54558
54559
54560
54561
54570
54571
54580
54587
54591
54599
54600
54601
54602
54609
54611
54612
54613
54621
54622
54626
54642
54648
54649
54655
54656
54657
54666
54670
54674
54675
54676
54678
54684
54685
54696
54702
54705
54715
54720
54721
54725
54726
54735
54736
54747
54748
54757
54758
54759
54768
54769
54775
54779
54780
54781
54782
54783
54789
54795
54796
54797
54808
54810
54811
54813
54824
54831
54846
54852
54858
54859
54873
54874
54875
54879
54880
54881
54883
54885
54886
54887
54889
54890
54891
54892
54893
54894
54895
54900
54901
54902
54903
54904
54912
54913
54915
54924
54929
54936
54937
54945
54950
54957
54967
54978
54981
54982
54986
54988
54990
54991
54992
54993
54994
54996
54999
55000
55001
55003
55023
55026
55027
55033
55040
55041
55042
55044
55045
55051
55055
55056
55062
55063
55080
55103
55104
55105
55106
55110
55121
55125
55131
55132
55133
55135
55136
55137
55139
55143
55146
55153
55154
55155
55165
55167
55175
55176
55177
55180
55187
55188
55189
55194
55195
55196
55198
55200
55206
55207
55208
55209
55210
55212
55213
55214
55216
55217
55218
55219
55220
55222
55223
55224
55225
55227
55228
55229
55231
55235
55236
55237
55242
55247
55248
55249
55250
55251
55258
55263
55264
55271
55272
55273
55277
55282
55283
55284
55285
55286
55287
55290
55291
55304
55308
55318
55319
55327
55328
55329
55335
55341
55350
55351
55353
55356
55360
55361
55374
55377
55378
55384
55385
55386
55392
55393
55394
55395
55398
55403
55404
55405
55406
55407
55409
55410
55411
55418
55419
55420
55422
55423
55424
55425
55428
55429
55430
55431
55432
55439
55440
55441
55442
55444
55449
55451
55453
55454
55455
55458
55461
55462
55476
55481
55482
55483
55486
55488
55489
55490
55492
55503
55504
55506
55510
55518
55519
55520
55521
55522
55524
55531
55532
55533
55534
55535
55536
55537
55539
55542
55544
55545
55546
55551
55552
55553
55555
55566
55572
55574
55575
55576
55577
55579
55580
55581
55583
55589
55590
55591
55594
55596
55597
55605
55607
55608
55609
55614
55615
55616
55617
55619
55620
55621
55623
55624
55625
55627
55631
55632
55633
55638
55645
55650
55658
55660
55664
55669
55671
55672
55676
55678
55679
55680
55681
55682
55683
55684
55689
55690
55692
55693
55699
55702
55703
55704
55705
55706
55707
55710
55711
55712
55713
55714
55715
55722
55723
55724
55728
55729
55734
55737
55743
55744
55745
55746
55748
55750
55752
55753
55754
55755
55756
55758
55759
55760
55762
55763
55764
55765
55766
55767
55768
55769
55770
55771
55772
55773
55774
55775
55776
55777
55778
55779
55780
55781
55782
55783
55784
55785
55786
55787
55788
55789
55790
55791
55792
55795
55796
55797
55798
55799
55800
55801
55807
55808
55809
55810
55812
55813
55818
55823
55824
55825
55826
55827
55828
55833
55836
55837
55839
55840
55841
55842
55843
55844
55845
55846
55847
55848
55849
55850
55851
55852
55853
55854
55855
55856
55857
55858
55859
55860
55861
55862
55863
55864
55866
55867
55868
55869
55870
55871
55872
55873
55874
55876
55878
55881
55882
55884
55885
55886
55887
55888
55889
55890
55891
55892
55893
55894
55895
55896
55897
55898
55899
55900
55901
55902
55903
55904
55905
55906
55908
55911
55912
55913
55914
55915
55917
55920
55923
55924
55930
55932
55935
55936
55937
55938
55939
55944
55946
55947
55948
55955
55956
55957
55959
55960
55961
55965
55966
55967
55968
55969
55970
55980
55981
55982
55983
55984
55986
55987
55990
55993
55999
56000
56001
56005
56006
56007
56008
56012
56016
56017
56020
56026
56027
56028
56029
56030
56031
56032
56037
56038
56039
56040
56041
56045
56048
56049
56050
56061
56062
56063
56064
56065
56066
56067
56068
56069
56070
56071
56072
56077
56078
56081
56088
56089
56090
56091
56092
56093
56094
56095
56096
56097
56098
56099
56100
56101
56111
56112
56113
56119
56120
56121
56129
56130
56131
56133
56134
56135
56136
56139
56140
56141
56144
56147
56148
56149
56150
56151
56152
56153
56154
56155
56159
56160
56161
56162
56163
56164
56166
56167
56171
56172
56173
56174
56175
56176
56177
56178
56179
56184
56186
56187
56188
56191
56192
56193
56196
56197
56198
56199
56206
56207
56209
56210
56211
56212
56213
56214
56215
56216
56217
56218
56219
56220
56221
56223
56224
56225
56230
56232
56233
56235
56236
56237
56238
56243
56244
56245
56254
56259
56260
56261
56276
56280
56287
56288
56289
56300
56301
56304
56305
56309
56320
56321
56322
56331
56336
56340
56341
56342
56348
56349
56350
56351
56352
56353
56355
56358
56364
56370
56371
56375
56376
56377
56378
56379
56381
56382
56383
56384
56385
56386
56387
56394
56395
56396
56398
56399
56400
56401
56402
56403
56406
56408
56411
56427
56431
56440
56441
56442
56443
56444
56445
56446
56448
56449
56452
56453
56461
56462
56463
56464
56465
56466
56469
56472
56475
56479
56480
56481
56482
56491
56492
56493
56495
56496
56497
56498
56507
56511
56512
56513
56518
56521
56522
56525
56532
56533
56540
56544
56545
56550
56553
56559
56560
56561
56562
56563
56568
56569
56570
56571
56573
56574
56575
56579
56580
56581
56592
56593
56594
56595
56603
56607
56608
56610
56616
56617
56618
56627
56628
56629
56634
56635
56636
56637
56638
56639
56640
56641
56645
56646
56647
56649
56650
56651
56659
56661
56664
56672
56673
56674
56677
56678
56679
56680
56681
56682
56683
56694
56696
56698
56699
56700
56701
56702
56704
56711
56721
56734
56735
56736
56742
56745
56760
56763
56768
56769
56770
56771
56772
56773
56774
56775
56776
56779
56780
56781
56782
56783
56784
56785
56786
56787
56789
56792
56801
56802
56803
56804
56805
56806
56807
56809
56810
56811
56812
56815
56816
56817
56818
56819
56820
56821
56825
56826
56827
56828
56829
56830
56832
56839
56840
56841
56842
56844
56847
56848
56851
56854
56856
56859
56860
56861
56862
56863
56864
56865
56866
56867
56868
56869
56870
56871
56872
56873
56874
56875
56876
56877
56878
56879
56880
56881
56883
56884
56886
56887
56888
56889
56890
56891
56892
56893
56896
56897
56898
56899
56900
56903
56904
56905
56906
56907
56908
56909
56910
56911
56912
56913
56914
56915
56916
56917
56918
56919
56920
56921
56922
56923
56924
56925
56926
56927
56928
56929
56931
56932
56933
56934
56935
56936
56937
56942
56943
56944
56945
56946
56947
56948
56949
56950
56952
56953
56954
56955
56956
56957
56958
56959
56960
56961
56963
56966
56967
56969
56978
56979
56980
56981
56982
56984
56987
56991
56994
56995
57002
57007
57008
57009
57013
57015
57021
57022
57023
57024
57025
57026
57035
57039
57040
57041
57042
57045
57046
57047
57048
57049
57050
57051
57052
57053
57054
57055
57056
57057
57059
57060
57061
57062
57063
57064
57068
57071
57072
57073
57074
57075
57079
57080
57081
57082
57084
57085
57086
57087
57088
57090
57094
57095
57096
57097
57098
57099
57100
57101
57102
57103
57104
57105
57106
57107
57108
57109
57110
57111
57112
57113
57114
57115
57116
57117
57118
57119
57120
57121
57122
57124
57125
57126
57127
57128
57129
57130
57131
57132
57133
57134
57135
57136
57137
57138
57139
57140
57141
57142
57145
57147
57149
57155
57156
57157
57159
57178
57189
57195
57196
57199
57200
57201
57204
57211
57222
57223
57225
57230
57231
57232
57233
57244
57246
57255
57266
57268
57272
57273
57274
57276
57277
57287
57288
57289
57290
57296
57299
57309
57310
57311
57312
57313
57316
57319
57327
57328
57329
57330
57331
57332
57333
57334
57339
57340
57341
57342
57343
57344
57345
57346
57347
57348
57349
57350
57351
57352
57353
57354
57355
57357
57358
57360
57362
57365
57369
57370
57372
57373
57374
57375
57376
57377
57383
57385
57387
57392
57393
57394
57398
57406
57407
57408
57409
57410
57412
57414
57419
57420
57421
57431
57435
57442
57447
57453
57454
57455
57456
57457
57458
57459
57460
57461
57464
57465
57466
57467
57470
57474
57475
57476
57477
57486
57487
57492
57493
57505
57508
57510
57511
57517
57518
57519
57520
57521
57522
57523
57528
57529
57530
57531
57532
57534
57535
57536
57537
57538
57539
57540
57541
57542
57543
57544
57547
57551
57552
57553
57561
57562
57563
57564
57565
57568
57570
57574
57575
57576
57577
57578
57580
57581
57582
57583
57584
57585
57586
57587
57588
57589
57590
57591
57592
57593
57594
57596
57600
57603
57606
57607
57608
57612
57615
57618
57619
57629
57631
57638
57639
57640
57649
57651
57652
57653
57660
57661
57679
57680
57681
57684
57685
57686
57695
57702
57703
57706
57708
57709
57715
57717
57718
57720
57721
57722
57723
57724
57725
57726
57727
57728
57729
57739
57744
57745
57749
57750
57751
57754
57761
57769
57770
57771
57772
57780
57781
57783
57784
57785
57786
57787
57791
57792
57793
57794
57795
57797
57798
57799
57805
57810
57811
57812
57816
57817
57819
57820
57821
57822
57828
57833
57834
57835
57838
57849
57855
57856
57864
57865
57866
57867
57868
57869
57870
57877
57879
57882
57893
57897
57898
57899
57902
57903
57904
57905
57908
57915
57916
57918
57919
57920
57921
57926
57936
57937
57938
57939
57940
57942
57948
57950
57953
57960
57961
57962
57971
57981
57982
57992
58000
58001
58002
58003
58009
58010
58011
58014
58016
58017
58023
58024
58025
58031
58032
58033
58034
58036
58044
58045
58046
58047
58048
58050
58056
58057
58058
58063
58064
58065
58066
58068
58069
58070
58071
58072
58073
58075
58080
58086
58087
58088
58091
58092
58094
58096
58097
58098
58099
58100
58101
58102
58107
58108
58109
58110
58111
58112
58113
58117
58118
58119
58120
58121
58122
58123
58124
58125
58126
58127
58128
58129
58130
58131
58132
58133
58134
58135
58136
58137
58138
58139
58140
58141
58142
58143
58144
58145
58146
58147
58148
58149
58150
58151
58152
58153
58154
58155
58156
58157
58158
58159
58160
58165
58166
58167
58168
58169
58170
58171
58172
58176
58177
58178
58179
58186
58187
58188
58189
58190
58191
58192
58194
58197
58198
58199
58200
58201
58212
58213
58214
58217
58218
58219
58223
58233
58234
58239
58240
58241
58242
58245
58246
58247
58248
58249
58250
58251
58254
58255
58256
58257
58260
58266
58267
58275
58278
58279
58280
58281
58282
58283
58290
58291
58292
58293
58295
58296
58297
58300
58302
58305
58310
58311
58312
58313
58315
58319
58320
58321
58322
58323
58324
58325
58326
58327
58331
58332
58333
58334
58340
58342
58343
58344
58345
58347
58351
58352
58353
58354
58355
58356
58357
58358
58366
58368
58369
58370
58373
58375
58378
58380
58381
58382
58383
58384
58385
58386
58388
58391
58392
58393
58394
58395
58396
58397
58398
58399
58400
58401
58402
58410
58416
58417
58422
58423
58425
58426
58429
58432
58440
58441
58443
58446
58452
58455
58458
58459
58460
58461
58462
58463
58464
58465
58466
58467
58468
58469
58470
58473
58476
58482
58485
58487
58488
58496
58497
58498
58500
58501
58503
58509
58515
58516
58517
58518
58519
58520
58521
58526
58527
58528
58529
58530
58531
58533
58534
58535
58536
58537
58538
58539
58542
58545
58548
58549
58550
58551
58553
58554
58555
58557
58559
58560
58561
58563
58572
58573
58574
58575
58576
58577
58578
58579
58584
58586
58590
58597
58604
58608
58609
58610
58621
58641
58644
58649
58650
58651
58652
58653
58656
58657
58663
58671
58672
58673
58674
58675
58679
58680
58681
58682
58683
58685
58687
58688
58689
58692
58693
58694
58695
58696
58697
58698
58699
58700
58704
58705
58707
58715
58716
58717
58718
58719
58725
58728
58729
58739
58740
58741
58743
58744
58745
58750
58752
58753
58762
58765
58766
58767
58773
58776
58779
58786
58788
58789
58791
58795
58797
58798
58799
58800
58801
58802
58803
58804
58805
58806
58807
58809
58811
58812
58813
58814
58815
58816
58817
58818
58821
58825
58828
58834
58839
58847
58848
58849
58851
58860
58861
58872
58878
58879
58880
58881
58882
58884
58885
58891
58895
58896
58897
58898
58899
58905
58908
58909
58911
58912
58913
58917
58919
58920
58921
58926
58927
58932
58933
58938
58939
58940
58941
58942
58943
58944
58945
58946
58949
58950
58951
58952
58956
58960
58961
58968
58969
58971
58975
58976
58982
58989
58993
58995
58996
58997
59000
59003
59004
59005
59006
59008
59015
59023
59024
59025
59031
59040
59041
59043
59049
59052
59053
59064
59065
59080
59081
59086
59091
59092
59093
59094
59095
59103
59110
59112
59115
59133
59134
59135
59136
59137
59138
59144
59148
59149
59158
59160
59163
59164
59165
59169
59179
59180
59181
59185
59190
59191
59192
59193
59194
59195
59200
59201
59202
59203
59213
59214
59215
59218
59220
59221
59222
59223
59224
59225
59226
59228
59231
59232
59241
59242
59245
59247
59248
59249
59253
59254
59255
59256
59259
59260
59261
59262
59263
59264
59265
59271
59273
59274
59275
59276
59277
59279
59280
59281
59282
59283
59285
59286
59287
59288
59289
59290
59291
59292
59293
59296
59301
59321
59322
59323
59327
59328
59329
59330
59331
59333
59334
59335
59339
59340
59341
59345
59347
59355
59356
59357
59359
59360
59361
59363
59364
59365
59367
59368
59374
59385
59386
59388
59389
59392
59393
59399
59400
59401
59409
59410
59411
59420
59430
59431
59432
59441
59444
59445
59446
59447
59451
59452
59454
59455
59456
59458
59461
59463
59466
59469
59470
59471
59472
59473
59474
59475
59476
59478
59479
59480
59481
59484
59485
59489
59493
59494
59498
59500
59501
59502
59503
59504
59511
59512
59513
59514
59515
59516
59517
59518
59519
59520
59521
59522
59524
59525
59526
59531
59532
59533
59534
59535
59536
59540
59542
59543
59549
59556
59557
59558
59565
59567
59568
59569
59570
59571
59576
59577
59578
59584
59587
59594
59596
59597
59598
59599
59600
59601
59602
59607
59610
59611
59616
59617
59618
59619
59620
59640
59641
59642
59647
59648
59649
59651
59653
59661
59662
59664
59671
59675
59682
59685
59695
59696
59697
59706
59707
59708
59709
59710
59719
59724
59725
59730
59731
59732
59733
59734
59736
59741
59742
59743
59745
59754
59755
59756
59757
59760
59765
59766
59767
59768
59769
59775
59776
59777
59778
59779
59780
59781
59784
59787
59796
59797
59798
59799
59800
59801
59802
59803
59805
59806
59807
59808
59809
59821
59829
59832
59840
59841
59842
59850
59851
59871
59872
59873
59874
59892
59893
59902
59903
59904
59905
59906
59913
59915
59920
59925
59926
59927
59928
59929
59930
59934
59935
59936
59937
59938
59940
59941
59950
59952
59961
59967
59968
59969
59976
59977
59983
59985
59994
59997
60005
60012
60013
60014
60015
60016
60017
60021
60024
60027
60028
60029
60030
60031
60032
60037
60038
60039
60047
60048
60049
60057
60058
60059
60060
60061
60062
60063
60071
60078
60081
60082
60083
60088
60093
60096
60097
60098
60102
60103
60104
60105
60115
60120
60123
60124
60125
60126
60127
60128
60129
60130
60131
60135
60136
60138
60139
60140
60141
60143
60144
60145
60146
60148
60155
60156
60157
60158
60159
60160
60161
60162
60163
60164
60165
60166
60167
60168
60170
60171
60172
60173
60174
60180
60181
60183
60184
60185
60186
60191
60192
60193
60194
60195
60199
60200
60201
60202
60203
60204
60210
60213
60214
60215
60223
60224
60225
60226
60228
60229
60236
60243
60246
60247
60249
60255
60256
60257
60261
60262
60263
60264
60265
60266
60267
60269
60270
60271
60273
60285
60288
60291
60295
60306
60308
60309
60310
60311
60312
60313
60318
60333
60336
60346
60347
60348
60349
60350
60351
60352
60353
60354
60357
60368
60371
60372
60373
60375
60379
60382
60383
60384
60385
60386
60392
60393
60394
60395
60396
60397
60398
60406
60415
60416
60417
60418
60435
60438
60444
60447
60448
60449
60450
60456
60462
60463
60467
60475
60476
60477
60479
60480
60481
60489
60490
60495
60499
60500
60501
60502
60503
60504
60505
60511
60512
60513
60514
60515
60516
60517
60522
60523
60527
60528
60529
60531
60532
60533
60536
60537
60541
60543
60544
60545
60546
60563
60564
60565
60567
60569
60575
60576
60577
60586
60588
60599
60606
60607
60608
60609
60610
60611
60617
60621
60624
60625
60627
60628
60632
60639
60640
60641
60642
60643
60644
60645
60648
60652
60653
60654
60655
60660
60661
60663
60665
60669
60670
60671
60672
60673
60674
60678
60680
60687
60690
60691
60692
60696
60697
60698
60701
60703
60704
60705
60709
60711
60712
60713
60714
60715
60718
60719
60720
60721
60722
60725
60726
60727
60731
60732
60733
60749
60750
60751
60753
60759
60760
60761
60766
60767
60768
60770
60775
60777
60784
60785
60786
60787
60791
60797
60804
60810
60811
60816
60817
60824
60825
60826
60827
60830
60835
60837
60840
60841
60858
60865
60875
60878
60880
60883
60884
60885
60886
60895
60896
60897
60900
60901
60907
60909
60911
60912
60913
60917
60918
60919
60921
60922
60927
60928
60929
60930
60931
60942
60943
60944
60945
60946
60947
60949
60950
60951
60953
60954
60955
60960
60961
60963
60964
60972
60973
60974
60975
60976
60977
60978
60979
60981
60983
60984
60985
60986
60990
60991
60996
60997
61004
61005
61006
61007
61008
61009
61010
61011
61012
61020
61021
61039
61040
61047
61048
61050
61051
61057
61065
61068
61069
61070
61074
61079
61089
61090
61100
61101
61110
61111
61115
61116
61117
61120
61124
61125
61126
61127
61131
61132
61134
61140
61141
61152
61153
61154
61163
61173
61174
61176
61180
61194
61200
61201
61212
61213
61215
61218
61235
61236
61237
61240
61247
61248
61249
61256
61257
61259
61261
61264
61266
61269
61270
61271
61281
61282
61283
61284
61285
61287
61288
61290
61291
61296
61299
61300
61302
61303
61304
61305
61306
61307
61308
61309
61310
61311
61312
61313
61314
61318
61319
61320
61321
61322
61325
61329
61330
61331
61332
61333
61334
61335
61336
61337
61341
61342
61349
61350
61359
61360
61361
61362
61364
61365
61366
61367
61375
61377
61378
61380
61383
61416
61417
61425
61426
61439
61440
61441
61446
61467
61473
61476
61479
61480
61488
61489
61490
61497
61503
61504
61505
61509
61512
61513
61523
61525
61535
61543
61545
61551
61560
61561
61565
61570
61572
61578
61579
61584
61585
61586
61589
61593
61594
61595
61596
61599
61600
61601
61605
61611
61621
61622
61623
61624
61628
61632
61633
61634
61635
61636
61637
61643
61644
61655
61656
61657
61659
61665
61666
61667
61676
61677
61678
61688
61694
61698
61699
61700
61705
61709
61710
61712
61716
61719
61720
61721
61722
61723
61729
61732
61738
61739
61740
61741
61742
61743
61744
61745
61749
61750
61751
61752
61753
61761
61762
61763
61764
61765
61766
61767
61768
61775
61776
61777
61778
61782
61783
61784
61785
61786
61787
61788
61789
61790
61791
61792
61793
61794
61795
61796
61797
61799
61800
61801
61803
61804
61805
61806
61807
61808
61809
61810
61812
61813
61816
61823
61824
61825
61826
61827
61842
61848
61849
61852
61853
61854
61864
61872
61875
61876
61907
61908
61909
61919
61920
61921
61929
61936
61939
61940
61941
61944
61945
61950
61951
61952
61953
61954
61963
61965
61971
61972
61973
61974
61975
61982
61983
61984
61985
61986
61992
61993
61996
61998
62001
62004
62005
62006
62007
62008
62009
62010
62011
62013
62015
62016
62017
62018
62019
62022
62028
62029
62030
62031
62034
62035
62036
62037
62038
62039
62040
62041
62042
62043
62044
62045
62046
62047
62048
62049
62050
62051
62052
62055
62058
62061
62062
62063
62064
62065
62068
62069
62070
62071
62072
62073
62074
62075
62076
62079
62080
62081
62082
62084
62087
62088
62089
62090
62094
62095
62096
62105
62106
62107
62113
62115
62116
62118
62124
62130
62139
62146
62160
62172
62177
62178
62179
62181
62184
62185
62186
62197
62202
62205
62206
62207
62208
62209
62210
62211
62212
62213
62214
62215
62216
62221
62227
62232
62233
62237
62238
62239
62240
62241
62244
62245
62249
62256
62259
62260
62261
62265
62271
62272
62273
62274
62275
62276
62277
62281
62282
62283
62286
62293
62301
62302
62303
62304
62305
62306
62307
62314
62315
62316
62325
62326
62327
62328
62329
62330
62331
62334
62335
62336
62337
62338
62339
62340
62346
62347
62348
62349
62352
62353
62358
62359
62360
62361
62362
62363
62364
62365
62366
62367
62368
62369
62370
62371
62372
62373
62374
62375
62376
62377
62379
62380
62381
62382
62383
62384
62385
62388
62391
62392
62393
62394
62400
62401
62402
62403
62404
62405
62406
62407
62408
62409
62413
62414
62415
62419
62420
62421
62424
62425
62426
62427
62433
62434
62435
62436
62437
62438
62439
62442
62446
62447
62448
62457
62458
62459
62461
62463
62464
62469
62479
62480
62481
62489
62490
62491
62496
62497
62501
62502
62503
62510
62513
62517
62524
62532
62533
62535
62540
62541
62550
62551
62560
62565
62566
62567
62568
62569
62580
62587
62592
62595
62596
62597
62598
62599
62600
62601
62602
62603
62604
62605
62606
62607
62608
62609
62610
62611
62615
62618
62620
62622
62629
62634
62640
62641
62643
62645
62655
62656
62657
62664
62665
62667
62673
62674
62675
62676
62677
62678
62685
62688
62689
62691
62692
62693
62694
62695
62696
62697
62703
62711
62712
62713
62714
62715
62716
62717
62718
62719
62720
62721
62722
62723
62724
62725
62726
62727
62728
62729
62730
62731
62732
62733
62736
62737
62739
62740
62741
62742
62743
62744
62745
62746
62747
62748
62749
62750
62751
62752
62753
62754
62755
62756
62757
62758
62759
62760
62761
62765
62766
62767
62769
62770
62771
62772
62773
62774
62775
62776
62777
62783
62784
62785
62786
62790
62791
62799
62805
62806
62807
62808
62809
62811
62819
62820
62821
62822
62823
62831
62832
62833
62837
62845
62848
62853
62854
62856
62857
62859
62867
62868
62874
62875
62876
62880
62885
62886
62887
62888
62889
62890
62891
62893
62895
62896
62898
62900
62909
62916
62917
62918
62927
62928
62929
62930
62931
62937
62938
62939
62943
62944
62945
62949
62950
62951
62952
62965
62975
62976
62977
62980
62981
62986
62992
62997
62999
63000
63001
63002
63003
63004
63005
63007
63008
63009
63011
63019
63020
63021
63022
63023
63030
63042
63052
63056
63063
63070
63071
63072
63073
63074
63075
63081
63085
63095
63096
63097
63099
63100
63102
63103
63104
63105
63108
63111
63112
63116
63118
63129
63134
63135
63136
63137
63138
63139
63140
63141
63151
63161
63162
63167
63168
63169
63173
63175
63180
63183
63184
63185
63189
63195
63209
63210
63211
63217
63219
63220
63221
63222
63231
63237
63238
63239
63240
63241
63245
63249
63250
63251
63252
63253
63261
63264
63265
63266
63273
63274
63275
63280
63284
63295
63296
63297
63298
63299
63300
63305
63306
63307
63308
63311
63313
63319
63320
63321
63322
63323
63324
63325
63326
63327
63328
63329
63330
63331
63332
63333
63334
63335
63336
63337
63338
63345
63346
63347
63348
63353
63356
63357
63358
63359
63360
63361
63362
63364
63372
63375
63378
63379
63380
63382
63384
63385
63389
63391
63392
63393
63395
63396
63397
63398
63408
63409
63410
63413
63414
63415
63417
63419
63420
63426
63434
63437
63438
63439
63440
63441
63442
63448
63449
63453
63455
63456
63457
63462
63467
63468
63469
63470
63471
63473
63474
63475
63481
63487
63488
63489
63491
63492
63493
63503
63504
63505
63514
63519
63520
63521
63525
63528
63529
63546
63547
63552
63558
63559
63567
63569
63570
63574
63576
63579
63580
63581
63588
63591
63592
63596
63608
63609
63610
63612
63613
63615
63616
63617
63622
63624
63635
63640
63643
63647
63648
63649
63650
63653
63654
63655
63656
63657
63658
63659
63666
63667
63668
63669
63677
63679
63680
63681
63682
63684
63685
63687
63690
63693
63694
63699
63700
63701
63713
63714
63715
63716
63720
63726
63728
63734
63736
63756
63765
63767
63777
63778
63791
63792
63803
63804
63805
63813
63817
63819
63833
63837
63838
63839
63840
63841
63843
63844
63845
63855
63859
63860
63873
63874
63875
63876
63877
63879
63880
63881
63882
63887
63888
63889
63890
63899
63903
63904
63905
63907
63908
63909
63910
63911
63912
63913
63914
63915
63916
63917
63920
63921
63922
63928
63929
63930
63931
63932
63933
63934
63935
63939
63940
63943
63945
63948
63952
63953
63954
63955
63957
63958
63959
63960
63961
63962
63963
63964
63965
63970
63971
63972
63973
63974
63975
63976
63977
63978
63979
63980
63981
63982
63983
63984
63985
63986
63987
63988
63992
63993
63994
63995
63996
63997
63998
63999
64000
64001
64002
64004
64005
64006
64007
64008
64009
64010
64011
64012
64013
64014
64015
64016
64017
64018
64019
64020
64021
64029
64030
64031
64032
64033
64035
64042
64043
64044
64050
64053
64055
64056
64061
64062
64063
64064
64065
64066
64067
64071
64074
64075
64077
64079
64080
64083
64084
64085
64092
64108
64125
64128
64129
64141
64150
64151
64152
64153
64154
64155
64158
64163
64170
64173
64174
64175
64176
64177
64185
64191
64192
64193
64194
64195
64196
64197
64198
64199
64200
64201
64202
64205
64206
64207
64208
64209
64211
64215
64216
64217
64218
64219
64224
64226
64229
64231
64232
64233
64239
64240
64241
64242
64243
64251
64260
64261
64262
64272
64273
64281
64294
64295
64296
64310
64317
64321
64325
64328
64329
64330
64332
64339
64350
64355
64356
64357
64372
64380
64386
64387
64395
64400
64401
64402
64403
64404
64405
64411
64413
64415
64416
64417
64418
64422
64423
64424
64425
64427
64428
64429
64433
64439
64440
64441
64442
64447
64449
64450
64451
64452
64453
64454
64455
64456
64457
64458
64459
64460
64461
64462
64463
64464
64465
64467
64468
64469
64470
64471
64476
64477
64478
64479
64480
64481
64482
64483
64488
64489
64490
64491
64492
64493
64494
64495
64496
64500
64501
64503
64505
64511
64512
64513
64515
64521
64522
64523
64525
64528
64532
64533
64557
64564
64565
64566
64570
64575
64576
64596
64602
64604
64614
64624
64625
64626
64630
64635
64636
64637
64638
64639
64645
64647
64656
64657
64658
64659
64669
64675
64677
64678
64679
64680
64681
64682
64683
64691
64693
64696
64697
64698
64701
64702
64703
64704
64713
64717
64719
64722
64723
64724
64725
64727
64728
64729
64730
64735
64736
64737
64741
64745
64746
64757
64759
64760
64765
64767
64768
64769
64770
64775
64776
64777
64779
64786
64790
64795
64796
64797
64799
64800
64801
64802
64803
64805
64806
64807
64810
64811
64812
64813
64814
64816
64824
64825
64826
64827
64831
64832
64833
64834
64836
64842
64843
64845
64847
64848
64849
64852
64855
64860
64861
64863
64864
64865
64869
64879
64880
64881
64896
64900
64904
64911
64921
64922
64923
64924
64925
64926
64933
64943
64944
64945
64950
64953
64954
64959
64960
64961
64974
64975
64976
64977
64981
64992
65000
65001
65002
65003
65007
65008
65009
65013
65015
65016
65017
65019
65021
65024
65032
65037
65038
65039
65040
65041
65042
65043
65044
65045
65046
65047
65048
65049
65050
65051
65052
65053
65054
65055
65056
65057
65058
65059
65060
65061
65062
65063
65064
65065
65066
65067
65068
65069
65070
65071
65072
65073
65074
65075
65076
65077
65078
65079
65080
65086
65087
65088
65090
65092
65093
65095
65096
65097
65098
65100
65101
65102
65103
65104
65107
65108
65109
65110
65111
65115
65116
65117
65118
65119
65120
65121
65122
65123
65124
65125
65126
65127
65128
65129
65130
65131
65132
65133
65134
65135
65136
65137
65138
65139
65140
65141
65142
65143
65144
65145
65146
65147
65148
65149
65150
65151
65152
65153
65156
65157
65158
65159
65160
65161
65163
65164
65165
65166
65167
65168
65169
65173
65175
65176
65184
65185
65189
65190
65191
65192
65196
65197
65198
65199
65200
65201
65205
65206
65207
65208
65212
65213
65216
65218
65219
65224
65226
65227
65241
65242
65247
65248
65251
65252
65253
65255
65263
65265
65266
65267
65268
65269
65270
65271
65272
65273
65274
65275
65276
65277
65279
65280
65282
65283
65285
65286
65287
65289
65290
65291
65295
65296
65297
65307
65308
65310
65313
65314
65316
65317
65322
65329
65330
65331
65339
65340
65341
65345
65351
65352
65366
65373
65375
65376
65377
65379
65384
65390
65395
65399
65400
65401
65402
65403
65404
65405
65406
65407
65408
65409
65410
65411
65412
65413
65414
65415
65417
65426
65432
65436
65437
65439
65440
65441
65443
65448
65450
65453
65454
65455
65456
65471
65472
65473
65475
65484
65485
65496
65499
65500
65505
65508
65509
65511
65519
65520
65521
65522
65523
65524
65527
65529
65531
65532
65533
65535
65536
65537
65541
65542
65550
65562
65565
65566
65567
65576
65583
65592
65596
65597
65600
65601
65604
65609
65610
65611
65618
65619
65626
65627
65628
65629
65631
65632
65633
65637
65652
65653
65663
65664
65665
65666
65670
65675
65676
65677
65688
65690
65691
65692
65695
65696
65697
65700
65701
65719
65720
65721
65723
65729
65741
65742
65743
65744
65745
65746
65747
65751
65755
65765
65769
65772
65773
65779
65780
65781
65790
65791
65793
65794
65798
65799
65800
65801
65802
65805
65806
65807
65814
65816
65824
65832
65835
65844
65845
65850
65851
65852
65853
65854
65855
65856
65857
65867
65868
65869
65874
65875
65879
65898
65901
65906
65912
65919
65927
65928
65929
65934
65936
65939
65940
65941
65945
65961
65967
65968
65969
65988
65989
65999
66000
66001
66010
66011
66014
66015
66016
66017
66022
66024
66025
66032
66033
66034
66035
66036
66037
66044
66046
66047
66048
66049
66050
66066
66067
66072
66073
66079
66080
66081
66087
66096
66097
66120
66123
66124
66125
66126
66127
66150
66192
66194
66198
66200
66209
66215
66219
66220
66221
66224
66225
66226
66231
66233
66234
66235
66238
66239
66240
66241
66242
66248
66250
66251
66252
66253
66254
66255
66256
66257
66258
66259
66260
66261
66262
66263
66264
66266
66270
66274
66275
66276
66277
66281
66286
66288
66289
66290
66297
66304
66306
66313
66316
66317
66319
66320
66330
66332
66333
66334
66339
66340
66341
66343
66350
66352
66355
66360
66361
66381
66402
66403
66416
66417
66420
66421
66423
66431
66432
66433
66434
66443
66444
66445
66447
66448
66449
66450
66455
66463
66464
66465
66467
66468
66469
66470
66471
66472
66473
66491
66494
66495
66526
66528
66534
66543
66544
66550
66557
66560
66561
66562
66563
66564
66570
66572
66573
66578
66585
66589
66594
66597
66612
66613
66625
66626
66633
66636
66639
66640
66641
66650
66654
66660
66665
66666
66667
66668
66669
66682
66689
66690
66691
66692
66693
66695
66696
66697
66699
66700
66701
66704
66707
66708
66714
66715
66716
66717
66720
66726
66743
66744
66745
66752
66759
66768
66769
66770
66780
66781
66782
66783
66784
66785
66786
66791
66792
66793
66794
66797
66802
66803
66804
66805
66806
66808
66809
66810
66811
66812
66813
66814
66815
66816
66817
66818
66819
66820
66821
66822
66823
66824
66825
66826
66827
66828
66829
66833
66834
66836
66838
66839
66840
66846
66847
66848
66849
66850
66852
66853
66858
66859
66864
66869
66870
66871
66878
66879
66880
66881
66885
66891
66906
66907
66911
66912
66913
66923
66924
66925
66926
66927
66929
66930
66931
66934
66935
66936
66937
66946
66948
66950
66963
66968
66969
66975
66976
66977
66979
66989
66990
66991
67001
67002
67003
67012
67032
67033
67045
67048
67053
67056
67068
67074
67084
67088
67089
67090
67095
67100
67116
67136
67139
67157
67158
67159
67160
67161
67162
67163
67179
67181
67188
67189
67194
67195
67196
67199
67200
67201
67202
67204
67205
67206
67209
67210
67211
67212
67213
67221
67231
67232
67233
67263
67275
67284
67285
67298
67305
67312
67320
67347
67355
67356
67357
67359
67361
67362
67363
67364
67366
67367
67368
67369
67371
67372
67374
67375
67376
67377
67378
67379
67380
67381
67382
67383
67386
67389
67390
67391
67392
67393
67394
67401
67404
67405
67407
67408
67409
67410
67411
67412
67413
67414
67417
67418
67419
67421
67423
67424
67425
67430
67431
67445
67446
67447
67451
67452
67453
67456
67457
67458
67459
67463
67464
67465
67473
67474
67476
67487
67488
67489
67494
67504
67505
67506
67525
67526
67527
67528
67529
67535
67536
67537
67551
67554
67562
67573
67578
67583
67584
67585
67595
67596
67597
67599
67600
67606
67620
67626
67627
67648
67649
67650
67651
67662
67663
67673
67679
67680
67681
67682
67683
67690
67691
67692
67704
67705
67711
67712
67713
67714
67716
67717
67725
67726
67727
67731
67732
67733
67738
67743
67744
67745
67746
67749
67753
67759
67760
67761
67771
67776
67779
67782
67788
67797
67798
67804
67828
67850
67851
67852
67854
67859
67860
67865
67870
67872
67873
67878
67884
67886
67893
67895
67896
67897
67898
67899
67900
67912
67914
67915
67916
67917
67925
67926
67932
67933
67935
67938
67942
67950
67951
67952
67956
67957
67964
67967
67968
67969
67970
67971
67974
67975
67976
67977
67978
67979
67980
67981
67984
67986
67990
67992
67993
67994
67998
67999
68000
68001
68002
68003
68004
68005
68016
68017
68019
68022
68029
68031
68032
68033
68034
68035
68036
68037
68038
68039
68040
68041
68042
68043
68044
68045
68046
68047
68048
68049
68052
68053
68054
68055
68056
68057
68058
68061
68062
68064
68065
68068
68075
68076
68077
68079
68082
68088
68089
68090
68094
68095
68096
68097
68099
68100
68101
68103
68111
68112
68113
68114
68115
68124
68125
68134
68136
68145
68152
68159
68160
68166
68169
68180
68195
68196
68197
68200
68202
68204
68205
68207
68208
68209
68229
68231
68243
68244
68245
68250
68255
68256
68257
68272
68273
68284
68290
68291
68292
68293
68294
68295
68296
68298
68299
68303
68309
68310
68311
68312
68313
68314
68320
68321
68324
68325
68328
68329
68334
68340
68352
68355
68365
68370
68373
68375
68376
68377
68382
68383
68387
68409
68418
68425
68432
68439
68460
68482
68493
68500
68501
68502
68503
68504
68505
68506
68508
68509
68511
68512
68513
68517
68523
68524
68527
68530
68541
68544
68563
68564
68568
68574
68585
68586
68607
68614
68618
68628
68629
68634
68635
68639
68640
68641
68649
68651
68662
68666
68670
68671
68672
68673
68678
68679
68680
68684
68692
68693
68694
68695
68703
68704
68705
68706
68709
68712
68713
68724
68733
68736
68737
68744
68748
68752
68761
68768
68775
68783
68796
68799
68800
68801
68816
68825
68838
68847
68848
68849
68850
68851
68868
68869
68871
68872
68879
68880
68881
68884
68885
68892
68893
68894
68895
68896
68901
68902
68903
68904
68905
68906
68907
68908
68913
68914
68916
68917
68918
68922
68930
68931
68932
68934
68935
68936
68937
68938
68940
68941
68952
68964
68970
68981
68985
68991
68992
68993
68999
69000
69001
69003
69006
69015
69016
69020
69027
69035
69036
69037
69054
69068
69069
69070
69071
69072
69084
69088
69091
69102
69103
69104
69105
69106
69107
69108
69111
69115
69120
69121
69122
69126
69127
69132
69138
69139
69140
69153
69154
69156
69159
69160
69161
69162
69166
69167
69168
69174
69179
69190
69192
69199
69209
69215
69216
69217
69223
69230
69237
69249
69250
69255
69258
69274
69275
69276
69292
69300
69301
69312
69322
69333
69336
69337
69342
69360
69363
69366
69367
69368
69369
69370
69372
69373
69414
69426
69427
69432
69433
69440
69453
69456
69457
69462
69469
69471
69487
69489
69494
69495
69496
69497
69498
69499
69504
69509
69510
69531
69540
69541
69542
69543
69552
69553
69559
69564
69573
69575
69579
69597
69605
69607
69608
69609
69615
69618
69619
69623
69624
69625
69626
69627
69628
69629
69647
69651
69657
69658
69663
69664
69665
69672
69678
69679
69685
69687
69688
69696
69697
69698
69699
69700
69709
69714
69718
69719
69720
69721
69722
69723
69724
69725
69726
69728
69730
69731
69732
69733
69734
69735
69736
69741
69742
69744
69745
69746
69747
69748
69749
69750
69751
69752
69753
69754
69755
69756
69757
69758
69759
69760
69761
69762
69763
69764
69765
69766
69767
69768
69769
69770
69771
69772
69773
69774
69775
69776
69777
69778
69779
69780
69781
69782
69784
69786
69789
69790
69791
69792
69793
69794
69795
69796
69797
69798
69804
69805
69806
69809
69810
69811
69812
69813
69814
69815
69816
69817
69818
69819
69823
69825
69828
69829
69840
69855
69856
69857
69861
69867
69874
69885
69886
69887
69888
69889
69890
69891
69893
69894
69905
69909
69930
69936
69957
69958
69960
69972
69973
69978
69983
69984
69985
69986
69987
69993
70000
70004
70008
70011
70012
70013
70014
70015
70016
70017
70024
70025
70026
70027
70035
70037
70044
70045
70047
70048
70049
70056
70057
70059
70060
70061
70077
70081
70091
70092
70093
70110
70111
70112
70113
70118
70119
70120
70122
70125
70128
70140
70141
70146
70153
70158
70161
70164
70165
70176
70184
70196
70224
70245
70246
70266
70278
70287
70288
70290
70299
70300
70307
70308
70309
70310
70319
70334
70336
70339
70340
70345
70347
70356
70357
70367
70368
70369
70370
70371
70372
70380
70389
70392
70395
70396
70399
70400
70401
70410
70411
70431
70432
70433
70434
70448
70452
70455
70470
70473
70476
70477
70488
70494
70495
70496
70497
70498
70506
70518
70519
70525
70528
70539
70548
70549
70551
70553
70554
70555
70559
70560
70561
70562
70563
70565
70566
70567
70569
70572
70573
70581
70584
70587
70602
70603
70610
70620
70623
70624
70644
70645
70649
70665
70672
70675
70680
70686
70708
70710
70711
70713
70720
70722
70723
70724
70725
70726
70727
70728
70729
70731
70732
70733
70734
70735
70736
70737
70738
70739
70740
70741
70742
70743
70744
70745
70746
70747
70748
70749
70750
70751
70752
70753
70754
70755
70756
70757
70758
70762
70763
70764
70765
70766
70767
70768
70770
70771
70773
70774
70775
70776
70777
70778
70779
70781
70784
70785
70791
70797
70812
70817
70818
70819
70829
70833
70834
70839
70840
70841
70847
70848
70849
70850
70851
70854
70855
70862
70866
70875
70876
70883
70884
70885
70890
70893
70896
70902
70906
70917
70927
70928
70929
70938
70941
70950
70967
70971
70972
70979
70980
70981
70983
70992
70993
71001
71026
71040
71064
71065
71073
71074
71082
71085
71091
71092
71093
71094
71095
71096
71097
71098
71104
71115
71116
71120
71123
71135
71136
71137
71142
71143
71148
71149
71162
71175
71176
71217
71218
71231
71232
71233
71253
71258
71262
71263
71269
71279
71280
71281
71291
71295
71299
71300
71301
71302
71316
71317
71331
71334
71335
71336
71337
71338
71339
71340
71341
71342
71344
71345
71350
71358
71360
71361
71372
71379
71389
71390
71391
71400
71401
71421
71423
71424
71425
71430
71431
71432
71433
71435
71439
71440
71441
71442
71443
71445
71446
71454
71455
71456
71457
71458
71459
71460
71461
71462
71463
71464
71465
71466
71467
71468
71469
71470
71471
71472
71473
71478
71481
71482
71484
71487
71488
71494
71495
71496
71497
71500
71505
71526
71527
71533
71543
71544
71545
71548
71551
71552
71553
71555
71563
71564
71565
71566
71567
71568
71569
71577
71583
71584
71585
71586
71587
71588
71589
71594
71595
71599
71602
71603
71604
71605
71606
71607
71609
71610
71614
71615
71616
71618
71619
71620
71621
71622
71623
71624
71625
71626
71627
71628
71629
71630
71631
71632
71633
71634
71635
71636
71637
71638
71639
71640
71641
71642
71643
71644
71645
71647
71648
71649
71650
71651
71652
71653
71654
71658
71668
71669
71670
71671
71672
71673
71674
71675
71679
71680
71681
71682
71691
71693
71709
71710
71720
71723
71731
71737
71738
71739
71741
71742
71743
71753
71760
71784
71785
71791
71792
71793
71796
71797
71800
71807
71811
71812
71820
71821
71827
71829
71830
71831
71832
71833
71834
71835
71836
71841
71849
71850
71851
71852
71853
71854
71871
71872
71873
71875
71883
71903
71904
71905
71906
71907
71915
71919
71920
71921
71928
71929
71930
71939
71952
71953
71955
71956
71967
71968
71969
71976
71981
71982
72000
72001
72009
72011
72012
72013
72015
72016
72017
72020
72026
72035
72036
72037
72038
72039
72040
72041
72042
72043
72044
72045
72046
72047
72048
72049
72050
72051
72052
72053
72056
72062
72064
72068
72072
72073
72074
72075
72076
72077
72078
72079
72080
72083
72093
72094
72104
72105
72106
72107
72113
72114
72116
72128
72129
72130
72139
72149
72159
72160
72161
72167
72168
72169
72171
72172
72182
72191
72192
72193
72200
72201
72202
72203
72204
72215
72219
72225
72226
72227
72236
72237
72238
72239
72240
72241
72242
72243
72255
72259
72261
72270
72281
72292
72303
72306
72313
72320
72321
72324
72325
72345
72346
72350
72351
72352
72353
72358
72360
72361
72365
72366
72371
72380
72383
72384
72385
72395
72397
72413
72414
72415
72416
72417
72418
72419
72423
72437
72443
72450
72451
72459
72463
72464
72465
72467
72468
72469
72477
72490
72498
72513
72534
72540
72543
72544
72545
72546
72547
72548
72549
72550
72552
72557
72558
72559
72567
72569
72570
72571
72572
72573
72574
72575
72576
72577
72578
72579
72580
72581
72582
72583
72585
72586
72587
72588
72589
72594
72597
72599
72600
72601
72604
72605
72606
72607
72608
72609
72610
72611
72615
72618
72624
72625
72626
72633
72639
72640
72641
72642
72644
72650
72651
72653
72654
72655
72656
72657
72658
72659
72663
72664
72665
72667
72668
72670
72677
72687
72688
72689
72696
72702
72703
72704
72720
72721
72723
72732
72756
72757
72758
72762
72765
72766
72767
72772
72773
72786
72787
72788
72789
72796
72799
72800
72801
72808
72813
72819
72820
72828
72829
72830
72832
72839
72849
72850
72864
72865
72866
72867
72868
72869
72870
72875
72878
72888
72889
72890
72891
72892
72893
72894
72897
72899
72900
72901
72902
72904
72905
72906
72909
72910
72911
72912
72913
72914
72915
72927
72928
72929
72933
72934
72936
72937
72954
72961
72963
72964
72989
72990
72991
72994
72995
72996
72997
72999
73000
73001
73008
73009
73011
73015
73017
73024
73033
73035
73036
73037
73047
73059
73060
73062
73066
73067
73068
73069
73078
73080
73081
73082
73084
73091
73094
73095
73096
73097
73098
73099
73100
73101
73102
73105
73108
73109
73110
73117
73120
73122
73123
73124
73125
73126
73129
73130
73131
73135
73136
73137
73140
73141
73143
73144
73145
73147
73150
73152
73153
73154
73160
73161
73162
73164
73165
73167
73168
73169
73170
73171
73172
73173
73174
73176
73177
73179
73180
73181
73182
73185
73186
73187
73188
73189
73190
73191
73192
73196
73197
73198
73199
73200
73201
73202
73203
73204
73206
73207
73210
73211
73212
73213
73214
73215
73216
73218
73223
73224
73225
73227
73229
73230
73231
73232
73233
73234
73235
73236
73237
73242
73243
73247
73248
73249
73251
73252
73255
73259
73260
73261
73269
73270
73271
73280
73282
73284
73290
73291
73300
73304
73305
73306
73311
73312
73314
73315
73316
73318
73319
73320
73321
73322
73323
73324
73326
73331
73332
73333
73334
73336
73343
73348
73353
73354
73359
73360
73361
73362
73364
73365
73366
73369
73370
73371
73374
73375
73376
73381
73398
73408
73414
73416
73417
73424
73425
73426
73436
73437
73439
73458
73470
73471
73472
73473
73476
73477
73480
73482
73485
73486
73491
73492
73494
73500
73502
73503
73504
73509
73510
73512
73521
73522
73542
73549
73555
73556
73557
73563
73564
73566
73584
73585
73586
73588
73590
73593
73595
73600
73605
73606
73619
73622
73623
73626
73631
73632
73633
73635
73645
73647
73648
73656
73668
73671
73677
73678
73689
73703
73704
73705
73710
73711
73715
73716
73717
73731
73737
73738
73749
73775
73780
73787
73788
73789
73790
73791
73792
73793
73799
73800
73801
73802
73813
73814
73815
73816
73830
73831
73832
73836
73837
73841
73850
73851
73852
73854
73857
73861
73869
73872
73873
73876
73884
73896
73898
73909
73918
73919
73920
73921
73922
73923
73924
73925
73926
73929
73930
73931
73932
73933
73941
73942
73944
73962
73976
73977
73986
73990
73991
73992
73994
73997
74001
74004
74008
74011
74012
74025
74046
74047
74051
74052
74053
74054
74060
74088
74105
74117
74118
74119
74128
74129
74130
74140
74141
74142
74143
74144
74145
74147
74148
74149
74150
74151
74152
74153
74154
74155
74156
74157
74159
74160
74161
74162
74172
74183
74184
74185
74206
74214
74217
74227
74228
74229
74239
74240
74241
74250
74252
74256
74257
74276
74277
74295
74303
74304
74305
74313
74319
74328
74331
74338
74340
74347
74348
74364
74365
74367
74368
74369
74370
74372
74373
74376
74378
74379
74380
74381
74382
74384
74399
74400
74401
74403
74408
74409
74415
74416
74424
74426
74432
74445
74446
74447
74448
74449
74450
74464
74466
74472
74473
74474
74475
74476
74479
74480
74481
74482
74483
74484
74491
74520
74524
74529
74536
74539
74562
74574
74592
74607
74610
74613
74614
74624
74632
74633
74634
74635
74636
74645
74646
74647
74648
74659
74668
74679
74685
74704
74705
74712
74716
74740
74745
74746
74748
74750
74751
74752
74753
74754
74756
74781
74793
74794
74795
74796
74797
74800
74801
74811
74812
74821
74822
74823
74833
74835
74841
74842
74843
74844
74845
74846
74847
74853
74855
74865
74866
74867
74877
74878
74887
74888
74905
74906
74907
74908
74910
74924
74925
74926
74928
74943
74954
74962
74964
74965
74966
74970
74971
74975
74976
74977
74978
74980
74991
75012
75013
75020
75024
75025
75026
75027
75028
75030
75033
75039
75040
75041
75047
75048
75072
75075
75076
75096
75097
75098
75104
75107
75108
75109
75110
75114
75115
75116
75117
75118
75125
75127
75136
75137
75138
75139
75140
75141
75142
75147
75150
75151
75152
75153
75159
75160
75167
75168
75169
75170
75174
75180
75181
75182
75191
75197
75198
75199
75200
75201
75202
75207
75208
75210
75222
75223
75224
75233
75240
75241
75242
75243
75244
75250
75251
75253
75254
75255
75256
75257
75258
75261
75262
75263
75264
75265
75266
75267
75268
75273
75276
75277
75285
75286
75297
75298
75299
75300
75302
75306
75307
75308
75317
75327
75328
75330
75331
75332
75334
75335
75341
75348
75349
75361
75362
75369
75371
75372
75373
75376
75390
75391
75392
75393
75394
75398
75399
75400
75401
75411
75423
75424
75425
75426
75427
75434
75435
75436
75440
75449
75453
75454
75455
75456
75457
75458
75459
75460
75461
75466
75467
75468
75471
75487
75488
75489
75490
75491
75498
75499
75500
75504
75516
75517
75518
75519
75520
75521
75522
75523
75537
75544
75545
75548
75551
75552
75553
75559
75569
75578
75581
75582
75583
75584
75587
75595
75599
75600
75601
75605
75606
75607
75608
75609
75610
75611
75612
75621
75622
75629
75633
75634
75635
75636
75639
75640
75641
75642
75646
75647
75670
75671
75677
75702
75712
75724
75726
75734
75735
75736
75746
75753
75755
75756
75757
75762
75768
75775
75776
75777
75790
75807
75808
75809
75810
75816
75817
75820
75839
75840
75841
75845
75852
75864
75874
75881
75888
75894
75895
75896
75900
75905
75906
75914
75915
75916
75922
75924
75933
75936
75943
75960
75978
75979
75980
75985
75999
76005
76011
76012
76013
76023
76031
76032
76033
76041
76043
76048
76075
76077
76078
76104
76125
76126
76127
76128
76129
76130
76133
76134
76135
76136
76137
76138
76140
76141
76142
76144
76145
76146
76147
76148
76150
76151
76152
76153
76154
76159
76160
76161
76167
76168
76184
76188
76189
76191
76209
76230
76250
76260
76261
76262
76265
76272
76274
76285
76294
76295
76296
76297
76299
76300
76301
76307
76314
76318
76353
76356
76357
76362
76364
76368
76373
76375
76376
76377
76378
76383
76384
76385
76398
76399
76400
76402
76406
76409
76415
76419
76420
76421
76422
76423
76424
76425
76427
76429
76430
76438
76439
76440
76441
76442
76443
76444
76449
76452
76453
76461
76462
76464
76465
76468
76469
76470
76471
76480
76481
76482
76483
76484
76493
76496
76503
76504
76505
76514
76518
76524
76525
76526
76527
76528
76534
76536
76537
76538
76542
76543
76544
76545
76546
76547
76548
76549
76550
76552
76554
76555
76557
76558
76559
76560
76561
76562
76563
76564
76566
76567
76568
76570
76571
76572
76582
76583
76584
76585
76587
76588
76589
76595
76596
76597
76598
76604
76606
76607
76608
76609
76610
76612
76613
76614
76615
76616
76617
76618
76619
76620
76621
76622
76623
76624
76625
76626
76627
76628
76629
76630
76633
76634
76635
76636
76637
76641
76642
76643
76645
76650
76651
76652
76654
76655
76657
76664
76671
76672
76673
76682
76684
76685
76686
76687
76692
76693
76694
76695
76697
76698
76699
76704
76713
76714
76715
76719
76720
76721
76725
76727
76730
76733
76734
76735
76736
76741
76742
76747
76750
76752
76753
76755
76757
76758
76759
76769
76776
76780
76788
76797
76798
76800
76801
76802
76804
76811
76813
76818
76823
76824
76825
76832
76835
76836
76845
76846
76860
76871
76875
76876
76895
76902
76908
76923
76943
76944
76945
76950
76954
76955
76956
76957
76959
76966
76986
76987
76988
76997
77000
77004
77007
77008
77022
77026
77028
77040
77041
77042
77044
77045
77046
77049
77051
77055
77056
77057
77064
77066
77067
77077
77080
77081
77082
77087
77088
77089
77091
77094
77096
77099
77110
77112
77113
77120
77121
77133
77139
77140
77154
77166
77168
77174
77175
77176
77178
77184
77196
77197
77198
77214
77216
77217
77220
77221
77232
77233
77234
77235
77236
77237
77238
77239
77254
77256
77257
77259
77260
77272
77273
77274
77275
77279
77280
77281
77282
77284
77291
77292
77301
77302
77304
77310
77311
77315
77316
77317
77322
77326
77328
77329
77330
77347
77352
77361
77362
77363
77364
77365
77372
77376
77385
77392
77396
77406
77407
77408
77409
77424
77425
77426
77427
77438
77440
77441
77444
77448
77454
77467
77472
77486
77487
77488
77490
77491
77500
77504
77511
77517
77518
77520
77526
77532
77539
77544
77545
77549
77550
77551
77552
77561
77583
77602
77603
77616
77624
77634
77644
77645
77679
77682
77683
77684
77686
77693
77704
77715
77727
77728
77729
77730
77731
77732
77734
77736
77741
77748
77749
77754
77755
77756
77758
77759
77760
77761
77762
77763
77764
77765
77766
77767
77768
77769
77770
77771
77772
77773
77775
77777
77778
77779
77780
77781
77782
77783
77784
77790
77791
77792
77793
77794
77796
77797
77801
77802
77803
77804
77805
77806
77808
77809
77810
77811
77812
77813
77814
77815
77816
77817
77818
77819
77820
77823
77824
77825
77826
77832
77835
77836
77837
77838
77840
77841
77842
77844
77845
77846
77847
77848
77849
77850
77853
77855
77856
77857
77858
77868
77869
77870
77872
77879
77880
77881
77886
77887
77888
77889
77890
77899
77913
77924
77925
77931
77939
77940
77941
77946
77948
77949
77950
77951
77952
77953
77954
77955
77956
77959
77973
77977
77980
77986
77987
77988
77989
77990
77991
77992
77997
77998
78000
78001
78003
78004
78005
78007
78010
78012
78013
78014
78016
78017
78018
78019
78020
78021
78022
78023
78024
78025
78026
78027
78028
78030
78031
78036
78037
78040
78045
78046
78047
78048
78049
78050
78051
78052
78056
78060
78061
78064
78067
78069
78070
78071
78072
78073
78074
78077
78078
78079
78081
78084
78085
78089
78096
78099
78100
78108
78109
78111
78112
78113
78120
78121
78130
78138
78141
78142
78143
78144
78145
78146
78151
78168
78175
78176
78177
78178
78183
78204
78210
78218
78228
78229
78239
78240
78241
78242
78243
78246
78247
78248
78252
78253
78254
78257
78260
78267
78288
78300
78301
78309
78310
78324
78325
78326
78330
78335
78336
78337
78338
78351
78352
78372
78373
78386
78390
78393
78397
78399
78400
78401
78407
78408
78409
78414
78419
78426
78429
78430
78431
78434
78435
78436
78438
78441
78444
78445
78461
78462
78470
78473
78474
78475
78476
78480
78484
78485
78486
78490
78495
78496
78497
78498
78507
78512
78518
78528
78529
78539
78540
78541
78551
78562
78568
78569
78570
78582
78584
78588
78589
78590
78592
78596
78597
78598
78600
78601
78603
78604
78605
78609
78610
78611
78612
78613
78614
78615
78616
78617
78621
78623
78624
78625
78627
78628
78634
78636
78638
78639
78640
78641
78642
78643
78644
78645
78646
78647
78648
78649
78650
78651
78652
78654
78657
78658
78661
78663
78666
78667
78668
78669
78671
78672
78673
78676
78677
78678
78683
78687
78693
78694
78695
78700
78701
78702
78705
78708
78713
78714
78715
78716
78717
78718
78719
78720
78721
78722
78726
78727
78728
78731
78735
78736
78737
78738
78739
78745
78746
78747
78748
78749
78750
78751
78752
78757
78758
78759
78760
78761
78764
78770
78771
78772
78773
78775
78776
78777
78778
78779
78780
78781
78782
78783
78784
78785
78786
78787
78788
78789
78791
78792
78793
78794
78800
78803
78804
78805
78806
78812
78813
78814
78815
78816
78817
78818
78819
78820
78821
78825
78826
78827
78831
78832
78833
78834
78836
78837
78838
78840
78845
78846
78847
78848
78849
78850
78851
78855
78858
78859
78860
78861
78862
78863
78864
78869
78870
78871
78876
78879
78880
78881
78882
78890
78891
78892
78893
78897
78898
78903
78912
78913
78914
78915
78918
78919
78925
78934
78935
78936
78937
78938
78939
78940
78947
78958
78959
78960
78961
78962
78966
78967
78968
78970
78971
78974
78975
78976
78977
78980
78981
78982
78988
79002
79003
79014
79016
79023
79032
79039
79040
79041
79042
79043
79044
79046
79047
79048
79049
79050
79054
79055
79056
79065
79068
79079
79086
79103
79104
79105
79111
79112
79113
79123
79125
79126
79128
79133
79134
79135
79145
79150
79152
79156
79170
79171
79172
79178
79181
79184
79185
79186
79189
79191
79192
79199
79200
79201
79202
79211
79212
79213
79215
79216
79230
79233
79236
79254
79255
79260
79261
79275
79276
79277
79287
79288
79289
79295
79296
79297
79298
79310
79317
79318
79331
79332
79333
79338
79360
79361
79378
79380
79381
79401
79407
79408
79430
79440
79443
79444
79464
79475
79485
79486
79487
79497
79506
79508
79517
79518
79519
79520
79521
79529
79530
79531
79534
79541
79551
79552
79553
79563
79596
79608
79609
79616
79618
79632
79648
79695
79704
79705
79712
79716
79717
79728
79730
79731
79732
79733
79734
79735
79736
79737
79740
79743
79744
79745
79750
79754
79764
79770
79771
79772
79776
79777
79794
79800
79801
79821
79825
79849
79856
79857
79859
79860
79861
79863
79871
79872
79873
79881
79882
79883
79884
79885
79887
79893
79897
79903
79904
79905
79915
79918
79925
79926
79929
79930
79933
79935
79936
79937
79947
79959
79961
79962
79963
79967
79968
79969
79973
79974
79975
79989
79992
80006
80010
80011
80014
80025
80031
80035
80036
80037
80040
80047
80052
80057
80058
80059
80064
80065
80069
80077
80078
80079
80080
80081
80082
80083
80084
80085
80086
80087
80088
80091
80094
80101
80102
80103
80113
80115
80123
80124
80125
80126
80127
80128
80129
80132
80135
80136
80137
80139
80145
80146
80147
80155
80156
80157
80158
80160
80165
80166
80167
80168
80169
80172
80173
80174
80175
80176
80177
80178
80179
80180
80181
80182
80183
80184
80185
80186
80187
80188
80189
80190
80191
80192
80193
80194
80195
80196
80197
80198
80199
80200
80201
80202
80203
80206
80207
80211
80212
80213
80217
80218
80219
80220
80223
80224
80233
80234
80235
80240
80243
80244
80245
80250
80255
80256
80257
80262
80267
80268
80269
80270
80271
80272
80275
80276
80277
80278
80279
80289
80300
80304
80311
80316
80321
80322
80323
80325
80326
80332
80333
80340
80343
80344
80346
80351
80352
80353
80354
80361
80376
80377
80383
80384
80385
80388
80389
80409
80410
80411
80412
80414
80416
80421
80422
80423
80424
80430
80431
80432
80433
80434
80435
80436
80442
80443
80448
80451
80452
80454
80465
80472
80476
80485
80487
80488
80489
80490
80491
80493
80496
80498
80499
80500
80501
80505
80514
80520
80528
80536
80542
80546
80550
80553
80556
80570
80571
80572
80579
80580
80581
80582
80583
80584
80585
80590
80592
80593
80594
80603
80607
80608
80609
80615
80616
80617
80619
80631
80633
80634
80635
80639
80640
80641
80645
80646
80647
80649
80651
80652
80653
80661
80663
80664
80665
80671
80672
80673
80674
80682
80688
80693
80696
80707
80711
80713
80724
80731
80732
80752
80764
80783
80784
80785
80787
80788
80806
80808
80809
80810
80819
80822
80828
80829
80830
80832
80839
80849
80850
80851
80855
80856
80857
80861
80863
80864
80865
80872
80892
80893
80894
80898
80902
80903
80913
80916
80919
80927
80928
80929
80934
80936
80937
80949
80952
80955
80958
80959
80960
80961
80971
80976
80982
80993
81004
81039
81048
81069
81072
81073
81075
81081
81082
81086
81087
81088
81089
81094
81095
81096
81097
81102
81103
81142
81144
81146
81156
81158
81178
81180
81194
81200
81202
81204
81206
81207
81208
81211
81212
81213
81214
81216
81217
81225
81226
81233
81235
81247
81250
81251
81252
81253
81255
81261
81262
81266
81270
81271
81275
81277
81279
81281
81282
81283
81284
81285
81286
81287
81288
81289
81290
81291
81292
81293
81294
81295
81296
81297
81298
81299
81300
81301
81302
81303
81304
81305
81306
81307
81308
81309
81310
81311
81312
81313
81314
81315
81316
81317
81318
81319
81320
81321
81322
81323
81324
81325
81326
81327
81328
81329
81330
81331
81332
81333
81334
81335
81336
81337
81338
81339
81340
81341
81342
81343
81344
81345
81346
81347
81348
81349
81350
81351
81352
81353
81354
81355
81356
81357
81358
81359
81360
81361
81362
81363
81364
81365
81366
81367
81368
81369
81370
81371
81372
81374
81375
81376
81377
81378
81380
81381
81382
81383
81384
81385
81389
81390
81391
81392
81393
81395
81396
81397
81398
81400
81401
81402
81406
81416
81417
81418
81424
81425
81426
81427
81431
81432
81433
81435
81436
81437
81438
81439
81440
81441
81442
81446
81447
81448
81449
81450
81456
81461
81468
81471
81472
81488
81491
81497
81499
81501
81502
81506
81508
81516
81519
81534
81543
81551
81556
81557
81558
81567
81569
81576
81579
81585
81586
81592
81596
81598
81600
81606
81607
81609
81613
81614
81619
81620
81621
81624
81625
81627
81628
81629
81631
81636
81638
81642
81643
81648
81649
81650
81651
81652
81653
81659
81662
81663
81664
81665
81669
81670
81675
81686
81690
81711
81712
81728
81730
81732
81741
81742
81744
81753
81774
81775
81776
81788
81791
81795
81796
81809
81816
81837
81840
81855
81856
81858
81859
81862
81866
81871
81879
81896
81900
81901
81902
81903
81904
81913
81920
81921
81928
81936
81937
81941
81967
81968
81969
81978
81979
81980
81984
82005
82026
82027
82038
82042
82057
82068
82077
82088
82089
82091
82095
82096
82097
82110
82119
82137
82165
82173
82176
82177
82178
82180
82181
82182
82183
82184
82185
82186
82187
82188
82189
82194
82207
82208
82215
82217
82225
82235
82236
82237
82238
82258
82268
82295
82299
82302
82311
82313
82317
82318
82319
82320
82321
82322
82323
82329
82341
82346
82357
82367
82368
82369
82379
82390
82399
82400
82401
82402
82403
82404
82405
82412
82425
82431
82432
82433
82434
82439
82446
82449
82450
82460
82463
82464
82465
82467
82489
82495
82496
82497
82498
82513
82522
82530
82531
82543
82544
82545
82551
82556
82557
82560
82572
82573
82584
82586
82593
82594
82595
82604
82614
82615
82619
82620
82621
82632
82635
82646
82647
82654
82655
82656
82657
82676
82677
82687
82697
82698
82699
82708
82709
82710
82716
82717
82718
82719
82720
82721
82722
82723
82724
82731
82732
82739
82741
82742
82743
82753
82754
82761
82763
82764
82765
82768
82770
82771
82775
82783
82786
82790
82800
82803
82807
82810
82816
82817
82818
82819
82820
82821
82822
82824
82827
82828
82830
82831
82832
82833
82840
82842
82845
82854
82859
82860
82861
82862
82863
82864
82865
82866
82872
82874
82875
82884
82885
82887
82894
82895
82896
82897
82908
82909
82912
82913
82925
82926
82927
82929
82930
82939
82940
82941
82942
82943
82944
82945
82946
82948
82950
82951
82960
82971
82975
82976
82977
82992
82993
82995
83001
83007
83008
83009
83013
83050
83076
83096
83097
83101
83102
83103
83104
83105
83106
83107
83109
83115
83118
83127
83139
83140
83141
83150
83151
83159
83160
83161
83169
83182
83193
83202
83204
83216
83223
83224
83225
83234
83237
83244
83265
83271
83272
83286
83307
83324
83325
83326
83327
83328
83329
83330
83331
83349
83391
83412
83413
83424
83433
83436
83440
83448
83454
83457
83460
83461
83462
83471
83472
83475
83490
83504
83524
83538
83544
83545
83546
83551
83552
83553
83567
83592
83601
83622
83623
83633
83640
83641
83644
83663
83664
83665
83666
83667
83668
83669
83670
83671
83675
83688
83689
83694
83712
83743
83754
83760
83763
83765
83771
83772
83773
83775
83776
83777
83781
83782
83787
83798
83811
83827
83829
83831
83833
83835
83836
83837
83838
83839
83840
83841
83844
83845
83846
83847
83849
83850
83851
83853
83858
83868
83875
83886
83888
83902
83903
83904
83905
83906
83917
83928
83934
83937
83948
83950
83952
83958
83959
83979
83980
83981
83990
83999
84000
84001
84021
84022
84025
84042
84043
84044
84053
84063
84064
84084
84085
84102
84103
84104
84105
84106
84107
84112
84116
84117
84126
84127
84128
84129
84133
84134
84135
84139
84141
84147
84150
84160
84161
84168
84169
84172
84182
84183
84184
84189
84194
84200
84204
84205
84206
84210
84216
84224
84225
84226
84227
84231
84240
84249
84260
84270
84271
84272
84273
84279
84281
84282
84283
84293
84295
84315
84331
84336
84337
84343
84344
84345
84346
84357
84366
84400
84405
84410
84414
84420
84423
84424
84425
84434
84447
84448
84449
84458
84462
84464
84468
84469
84470
84475
84479
84480
84481
84482
84483
84491
84496
84502
84504
84511
84512
84513
84525
84526
84527
84531
84533
84537
84539
84542
84543
84544
84545
84546
84547
84548
84549
84550
84551
84552
84553
84554
84555
84556
84557
84559
84560
84561
84564
84565
84566
84567
84568
84573
84577
84578
84579
84584
84588
84591
84599
84600
84601
84609
84610
84624
84630
84645
84655
84656
84657
84667
84672
84687
84693
84703
84704
84705
84735
84736
84737
84744
84745
84746
84747
84755
84759
84760
84761
84763
84766
84767
84768
84769
84773
84781
84782
84783
84784
84785
84786
84787
84798
84801
84805
84810
84817
84820
84821
84825
84831
84832
84833
84840
84841
84842
84843
84847
84851
84861
84862
84864
84865
84882
84883
84884
84888
84893
84896
84898
84903
84904
84909
84911
84920
84924
84931
84942
84966
84967
84968
84969
84975
84987
85007
85008
85009
85010
85019
85020
85021
85040
85041
85042
85050
85051
85063
85065
85066
85067
85071
85074
85076
85085
85107
85113
85119
85120
85121
85129
85134
85140
85152
85153
85154
85155
85156
85157
85158
85159
85162
85173
85176
85177
85183
85184
85185
85190
85195
85197
85206
85219
85239
85240
85241
85243
85250
85260
85261
85262
85271
85281
85282
85291
85293
85300
85301
85302
85303
85304
85305
85306
85310
85311
85312
85313
85314
85315
85323
85324
85330
85331
85332
85338
85340
85341
85342
85343
85344
85345
85346
85347
85348
85349
85351
85353
85354
85355
85356
85357
85358
85359
85360
85361
85362
85363
85364
85365
85366
85367
85368
85369
85370
85371
85372
85373
85374
85375
85376
85377
85378
85380
85381
85382
85384
85386
85387
85388
85389
85390
85391
85392
85393
85394
85397
85399
85401
85402
85404
85405
85407
85408
85409
85411
85414
85417
85420
85422
85426
85427
85428
85429
85430
85431
85432
85437
85438
85439
85440
85441
85442
85449
85450
85455
85456
85470
85471
85472
85474
85477
85480
85481
85485
85486
85488
85489
85491
85492
85493
85502
85503
85504
85505
85506
85512
85513
85514
85515
85525
85533
85535
85536
85537
85538
85539
85540
85544
85546
85547
85548
85554
85555
85558
85560
85565
85567
85568
85569
85570
85571
85572
85573
85574
85575
85576
85577
85578
85579
85580
85596
85599
85600
85601
85602
85608
85609
85611
85617
85618
85620
85624
85644
85652
85657
85680
85681
85690
85701
85707
85708
85712
85722
85723
85724
85727
85728
85729
85734
85743
85756
85760
85761
85764
85767
85800
85828
85844
85848
85849
85850
85859
85860
85861
85865
85866
85867
85869
85870
85871
85872
85873
85874
85875
85876
85877
85884
85885
85887
85888
85889
85890
85891
85892
85896
85897
85898
85899
85901
85904
85907
85911
85912
85920
85921
85932
85933
85937
85938
85939
85940
85941
85942
85943
85944
85945
85946
85947
85948
85949
85950
85951
85952
85953
85956
85957
85965
85966
85967
85968
85969
85974
85977
85978
85988
85992
85993
85994
85995
86003
86004
86005
86015
86016
86017
86018
86019
86022
86023
86025
86028
86029
86031
86037
86040
86056
86058
86072
86079
86080
86086
86099
86100
86101
86102
86121
86122
86128
86130
86142
86157
86160
86163
86175
86176
86177
86178
86179
86180
86181
86184
86185
86199
86205
86223
86224
86232
86233
86239
86240
86241
86242
86247
86251
86256
86261
86262
86263
86268
86273
86284
86297
86304
86305
86328
86331
86347
86349
86350
86352
86365
86389
86390
86391
86394
86424
86450
86451
86461
86463
86464
86465
86470
86471
86472
86479
86480
86481
86488
86496
86499
86500
86505
86506
86507
86508
86512
86513
86514
86515
86520
86525
86526
86527
86537
86548
86570
86576
86581
86591
86592
86593
86595
86603
86614
86618
86625
86635
86636
86637
86647
86658
86667
86670
86671
86672
86674
86676
86679
86681
86685
86686
86687
86688
86689
86690
86691
86697
86707
86708
86709
86710
86711
86712
86713
86715
86716
86720
86731
86736
86751
86752
86753
86757
86762
86772
86773
86779
86790
86793
86799
86800
86801
86802
86814
86815
86825
86832
86833
86835
86836
86846
86847
86848
86849
86850
86856
86873
86877
86880
86881
86894
86911
86912
86913
86924
86933
86936
86939
86940
86941
86943
86944
86945
86955
86961
86982
86988
86991
86992
86994
86999
87009
87010
87011
87021
87024
87032
87040
87041
87048
87053
87054
87055
87087
87098
87108
87109
87119
87120
87121
87122
87125
87131
87133
87136
87142
87147
87149
87150
87151
87153
87164
87165
87166
87167
87174
87175
87180
87181
87183
87186
87187
87188
87192
87193
87194
87195
87196
87197
87198
87199
87201
87202
87203
87204
87205
87206
87207
87208
87210
87211
87216
87217
87224
87225
87226
87227
87228
87240
87241
87248
87251
87252
87253
87263
87264
87265
87267
87295
87296
87297
87300
87301
87312
87313
87318
87327
87328
87329
87336
87348
87349
87351
87359
87360
87361
87362
87363
87372
87373
87383
87384
87385
87386
87387
87400
87417
87420
87423
87444
87445
87450
87468
87469
87472
87479
87480
87481
87482
87483
87485
87486
87487
87489
87492
87493
87504
87507
87510
87511
87514
87516
87517
87527
87541
87544
87552
87553
87554
87565
87567
87568
87569
87570
87571
87583
87584
87585
87587
87588
87589
87593
87594
87595
87599
87600
87601
87618
87625
87633
87634
87635
87636
87637
87654
87660
87661
87672
87685
87686
87695
87696
87697
87710
87715
87717
87745
87754
87756
87759
87760
87780
87781
87785
87791
87793
87804
87805
87807
87808
87822
87823
87824
87825
87828
87834
87840
87846
87854
87855
87858
87874
87879
87883
87884
87885
87886
87887
87888
87889
87890
87891
87894
87897
87898
87901
87906
87907
87912
87913
87916
87917
87920
87923
87947
87948
87949
87954
87958
87963
87965
87966
87967
87969
87977
87978
87979
87981
87982
87983
87984
87985
87986
87987
87989
87997
87998
88000
88005
88009
88011
88031
88032
88033
88037
88038
88039
88042
88043
88044
88045
88046
88049
88050
88051
88055
88066
88077
88090
88094
88095
88099
88109
88110
88111
88121
88126
88127
88128
88129
88130
88144
88147
88159
88160
88161
88162
88163
88164
88176
88177
88179
88198
88200
88201
88208
88209
88210
88211
88218
88220
88221
88242
88243
88256
88257
88258
88264
88275
88276
88283
88284
88285
88288
88290
88295
88296
88297
88298
88299
88319
88320
88321
88322
88328
88332
88344
88345
88347
88396
88398
88404
88410
88416
88426
88434
88452
88453
88473
88480
88507
88508
88515
88524
88536
88542
88543
88550
88559
88560
88561
88567
88572
88579
88583
88591
88592
88593
88594
88595
88596
88597
88598
88605
88607
88632
88640
88641
88660
88693
88703
88704
88705
88715
88717
88725
88767
88784
88795
88803
88813
88814
88815
88816
88817
88818
88819
88835
88837
88872
88873
88893
88911
88912
88914
88917
88918
88919
88920
88921
88923
88928
88929
88930
88932
88938
88943
88944
88945
88956
88957
88960
88961
88962
88969
88971
88983
88992
89001
89010
89012
89034
89039
89040
89041
89053
89056
89066
89067
89068
89078
89080
89088
89089
89090
89100
89101
89112
89125
89141
89152
89159
89160
89161
89162
89163
89164
89165
89166
89183
89189
89194
89195
89199
89208
89209
89210
89211
89212
89218
89221
89229
89233
89238
89239
89240
89249
89254
89265
89271
89275
89276
89277
89280
89281
89284
89286
89287
89288
89298
89299
89308
89309
89310
89313
89320
89321
89334
89342
89353
89355
89363
89364
89365
89375
89376
89379
89380
89381
89385
89386
89387
89388
89396
89397
89398
89407
89408
89409
89410
89418
89419
89420
89424
89425
89427
89428
89429
89430
89431
89432
89433
89434
89439
89440
89441
89442
89443
89451
89452
89453
89454
89455
89460
89461
89462
89463
89464
89465
89473
89474
89475
89476
89481
89484
89485
89486
89489
89493
89494
89495
89496
89497
89498
89499
89507
89516
89517
89518
89519
89527
89529
89539
89540
89541
89544
89545
89548
89551
89557
89558
89559
89560
89561
89562
89563
89565
89568
89570
89571
89572
89573
89574
89581
89584
89585
89589
89598
89599
89600
89601
89602
89603
89604
89606
89607
89609
89612
89613
89617
89622
89627
89628
89629
89638
89639
89640
89649
89650
89651
89652
89654
89661
89671
89672
89673
89675
89682
89683
89684
89694
89699
89700
89701
89704
89705
89706
89712
89713
89715
89716
89717
89725
89726
89727
89728
89733
89738
89743
89747
89748
89749
89759
89760
89761
89771
89775
89777
89781
89782
89783
89793
89796
89813
89814
89815
89816
89817
89818
89826
89828
89829
89831
89832
89833
89834
89835
89836
89837
89838
89839
89840
89841
89842
89843
89844
89845
89846
89847
89848
89849
89850
89853
89854
89855
89856
89857
89858
89859
89860
89861
89862
89863
89864
89865
89866
89867
89868
89869
89870
89871
89872
89873
89874
89875
89876
89877
89878
89879
89880
89881
89882
89883
89884
89885
89886
89887
89888
89889
89890
89891
89892
89893
89894
89895
89896
89897
89898
89899
89901
89902
89903
89904
89905
89906
89907
89909
89910
89911
89912
89913
89914
89919
89920
89921
89922
89925
89935
89936
89937
89942
89943
89944
89945
89947
89958
89964
89965
89968
89969
89979
89980
89981
89985
89991
89992
90011
90012
90013
90020
90021
90022
90023
90024
90025
90027
90028
90032
90035
90036
90048
90055
90056
90057
90066
90068
90079
90086
90087
90090
90095
90112
90117
90132
90133
90145
90149
90153
90154
90156
90158
90159
90160
90161
90162
90163
90164
90169
90172
90173
90174
90175
90182
90190
90192
90195
90199
90200
90201
90202
90203
90204
90205
90210
90211
90212
90213
90214
90216
90217
90221
90222
90223
90233
90237
90239
90240
90241
90242
90243
90244
90245
90246
90247
90249
90251
90254
90258
90259
90264
90272
90275
90276
90279
90280
90282
90283
90288
90289
90300
90301
90313
90321
90336
90337
90338
90342
90343
90354
90363
90365
90367
90368
90369
90383
90384
90385
90387
90396
90397
90405
90406
90426
90427
90428
90440
90464
90465
90466
90468
90469
90474
90475
90476
90482
90483
90486
90489
90490
90495
90496
90510
90522
90523
90524
90525
90526
90527
90531
90532
90533
90534
90540
90544
90545
90546
90549
90551
90552
90553
90554
90555
90556
90557
90558
90559
90560
90561
90562
90563
90564
90565
90567
90574
90576
90577
90580
90582
90589
90590
90591
90596
90597
90598
90607
90608
90609
90615
90621
90624
90625
90626
90636
90644
90655
90656
90657
90658
90659
90666
90667
90668
90674
90678
90683
90684
90685
90686
90687
90688
90689
90690
90694
90695
90697
90698
90706
90707
90708
90709
90710
90711
90712
90713
90714
90716
90717
90718
90719
90720
90721
90722
90723
90724
90725
90727
90728
90729
90730
90731
90732
90733
90734
90741
90742
90743
90744
90747
90750
90751
90752
90753
90754
90755
90756
90757
90758
90759
90761
90764
90767
90768
90775
90777
90783
90784
90785
90786
90787
90794
90795
90796
90797
90798
90804
90805
90806
90811
90815
90816
90817
90818
90827
90829
90830
90831
90832
90833
90834
90835
90837
90838
90839
90843
90844
90845
90846
90847
90848
90849
90853
90854
90867
90871
90879
90881
90882
90883
90892
90893
90909
90915
90936
90944
90962
90963
90964
90972
90973
90981
90993
91000
91007
91008
91009
91014
91015
91016
91035
91047
91052
91054
91055
91056
91057
91058
91069
91071
91077
91080
91081
91082
91089
91091
91103
91104
91105
91106
91112
91125
91126
91127
91135
91136
91137
91140
91141
91149
91150
91151
91157
91160
91161
91164
91165
91167
91168
91169
91171
91176
91179
91200
91201
91203
91212
91213
91224
91225
91245
91280
91287
91305
91333
91335
91336
91337
91344
91350
91357
91359
91361
91362
91363
91364
91365
91366
91367
91368
91369
91370
91371
91372
91373
91374
91375
91377
91385
91386
91387
91390
91391
91392
91393
91397
91398
91399
91400
91401
91413
91423
91424
91425
91431
91448
91451
91455
91464
91465
91475
91476
91477
91485
91486
91487
91496
91497
91504
91509
91512
91513
91515
91518
91519
91520
91521
91531
91539
91559
91560
91561
91575
91586
91602
91608
91616
91623
91630
91644
91648
91655
91665
91669
91675
91676
91677
91686
91689
91702
91727
91728
91729
91740
91741
91770
91791
91792
91806
91807
91812
91825
91828
91833
91834
91836
91837
91838
91840
91848
91849
91854
91855
91856
91860
91865
91868
91870
91871
91872
91873
91874
91875
91876
91884
91896
91897
91907
91908
91909
91910
91911
91912
91914
91917
91918
91920
91921
91924
91926
91931
91938
91949
91950
91951
91952
91953
91954
91955
91960
91962
91963
91964
91965
91966
91968
91973
91980
91981
91995
92001
92002
92004
92026
92036
92037
92038
92040
92048
92063
92064
92065
92070
92079
92080
92081
92085
92086
92091
92092
92093
92105
92106
92127
92128
92136
92158
92160
92161
92169
92175
92176
92177
92191
92224
92246
92256
92269
92274
92288
92340
92341
92345
92349
92373
92374
92378
92389
92391
92399
92400
92401
92411
92414
92421
92422
92448
92449
92453
92454
92455
92456
92459
92460
92461
92470
92471
92480
92481
92495
92496
92497
92498
92511
92512
92513
92533
92547
92556
92557
92568
92569
92574
92575
92583
92598
92604
92605
92619
92620
92624
92625
92626
92627
92628
92629
92631
92661
92662
92664
92672
92679
92680
92681
92682
92683
92684
92685
92686
92699
92700
92701
92703
92704
92715
92721
92722
92730
92733
92734
92735
92736
92737
92738
92739
92740
92741
92742
92743
92744
92745
92746
92752
92753
92754
92755
92756
92757
92758
92763
92764
92769
92770
92771
92776
92780
92794
92796
92797
92799
92800
92801
92802
92806
92807
92808
92811
92818
92829
92848
92851
92862
92865
92866
92877
92907
92908
92909
92910
92911
92912
92916
92917
92918
92920
92925
92927
92928
92929
92930
92938
92939
92949
92950
92951
92955
92956
92957
92959
92960
92961
92962
92963
92965
92966
92967
92969
92970
92971
92972
92975
92976
92977
92987
92988
92989
92990
92991
92992
92993
92994
93000
93005
93006
93007
93008
93009
93010
93011
93012
93013
93014
93015
93016
93023
93024
93025
93027
93028
93029
93030
93031
93032
93034
93038
93039
93040
93041
93051
93056
93058
93059
93060
93072
93090
93091
93092
93097
93099
93100
93101
93104
93106
93111
93112
93113
93115
93120
93121
93124
93132
93133
93134
93143
93144
93145
93148
93149
93150
93151
93152
93155
93156
93157
93160
93161
93163
93169
93170
93171
93177
93181
93182
93183
93184
93185
93186
93187
93188
93192
93196
93197
93205
93206
93207
93208
93209
93210
93211
93212
93224
93230
93240
93241
93242
93243
93244
93247
93248
93249
93253
93261
93264
93265
93266
93267
93268
93275
93276
93277
93288
93289
93290
93296
93299
93303
93310
93311
93312
93313
93314
93315
93321
93343
93344
93345
93346
93348
93349
93357
93366
93372
93380
93381
93382
93387
93390
93391
93407
93408
93409
93411
93412
93413
93422
93426
93427
93428
93437
93441
93448
93449
93450
93451
93452
93456
93457
93459
93460
93461
93462
93472
93473
93474
93475
93476
93478
93480
93481
93483
93485
93489
93490
93491
93492
93493
93494
93495
93496
93497
93498
93499
93500
93503
93504
93505
93506
93507
93508
93509
93513
93516
93517
93518
93519
93520
93521
93522
93523
93527
93528
93529
93534
93535
93540
93541
93542
93543
93544
93548
93549
93551
93552
93553
93554
93555
93556
93557
93558
93559
93564
93565
93566
93567
93568
93569
93574
93575
93576
93577
93578
93579
93580
93588
93589
93598
93599
93600
93602
93610
93611
93612
93618
93619
93620
93621
93622
93623
93624
93630
93632
93636
93642
93643
93644
93654
93655
93660
93661
93665
93666
93667
93676
93687
93702
93703
93704
93709
93713
93720
93723
93724
93725
93726
93727
93728
93732
93733
93735
93736
93737
93741
93742
93743
93744
93745
93746
93747
93748
93749
93750
93753
93759
93765
93775
93784
93786
93791
93796
93797
93798
93800
93807
93808
93839
93840
93841
93842
93851
93852
93855
93856
93857
93859
93860
93861
93862
93864
93868
93883
93888
93891
93909
93910
93911
93912
93913
93914
93915
93927
93928
93933
93935
93936
93937
93951
93952
93955
93960
93961
93962
93967
93968
93969
93978
93979
93980
93984
93989
94000
94017
94024
94025
94041
94049
94053
94054
94056
94058
94059
94062
94067
94068
94069
94070
94071
94072
94073
94074
94075
94076
94077
94078
94079
94080
94081
94082
94083
94084
94085
94086
94087
94089
94091
94092
94093
94095
94098
94101
94104
94111
94112
94113
94116
94119
94121
94122
94123
94131
94143
94149
94185
94191
94192
94193
94215
94237
94240
94248
94270
94272
94281
94287
94288
94296
94299
94300
94301
94303
94304
94305
94306
94307
94308
94309
94310
94311
94312
94313
94314
94317
94318
94319
94320
94321
94324
94325
94326
94328
94329
94330
94331
94332
94333
94334
94335
94336
94337
94338
94346
94347
94348
94358
94359
94360
94368
94369
94370
94374
94375
94379
94380
94381
94382
94391
94395
94400
94401
94407
94413
94414
94415
94416
94417
94418
94419
94424
94425
94435
94437
94459
94470
94471
94472
94479
94481
94500
94501
94510
94511
94512
94513
94514
94515
94516
94517
94518
94521
94522
94523
94524
94525
94528
94534
94537
94539
94540
94541
94542
94575
94584
94622
94627
94639
94640
94641
94643
94644
94645
94646
94647
94653
94656
94657
94695
94696
94697
94706
94710
94720
94721
94722
94725
94731
94732
94749
94750
94751
94752
94753
94754
94755
94757
94769
94770
94771
94772
94773
94774
94775
94776
94777
94783
94787
94797
94798
94799
94809
94829
94830
94831
94864
94872
94873
94874
94875
94876
94878
94886
94887
94888
94905
94939
94940
94941
94942
94944
94951
94955
94963
94965
94973
94974
94975
94976
94977
94978
94979
94984
94991
94997
95004
95005
95006
95008
95015
95016
95017
95018
95025
95026
95027
95029
95030
95038
95039
95040
95041
95042
95046
95051
95062
95064
95068
95076
95077
95088
95094
95095
95096
95100
95106
95112
95113
95117
95118
95119
95120
95121
95122
95123
95124
95128
95130
95139
95142
95157
95158
95161
95170
95171
95172
95174
95175
95176
95177
95178
95179
95180
95181
95182
95184
95185
95186
95187
95193
95194
95199
95200
95201
95202
95203
95205
95211
95228
95229
95230
95231
95232
95235
95237
95238
95239
95247
95274
95277
95278
95298
95304
95312
95313
95314
95316
95319
95323
95325
95326
95327
95328
95329
95337
95338
95339
95344
95345
95348
95354
95355
95356
95359
95360
95361
95362
95370
95382
95403
95410
95411
95412
95418
95419
95421
95424
95427
95449
95454
95455
95456
95469
95472
95479
95480
95481
95491
95494
95497
95501
95502
95503
95513
95524
95536
95550
95571
95572
95579
95580
95581
95582
95584
95585
95586
95592
95634
95635
95648
95656
95658
95659
95660
95669
95680
95681
95682
95688
95691
95697
95698
95699
95700
95706
95744
95748
95754
95755
95756
95759
95760
95761
95766
95810
95816
95817
95818
95821
95823
95831
95832
95833
95842
95843
95844
95854
95856
95862
95863
95864
95865
95866
95867
95868
95869
95872
95873
95874
95876
95878
95880
95886
95887
95888
95892
95893
95898
95899
95903
95904
95905
95906
95907
95910
95911
95912
95913
95914
95915
95916
95920
95921
95931
95932
95933
95934
95935
95936
95937
95938
95939
95940
95941
95942
95943
95952
95955
95956
95957
95963
95964
95965
95967
95968
95969
95974
95975
95976
95977
95979
95980
95981
95984
95985
95986
95990
96001
96007
96014
96023
96024
96025
96030
96049
96052
96053
96063
96064
96088
96089
96090
96095
96096
96097
96100
96126
96129
96131
96138
96139
96140
96141
96147
96148
96149
96151
96162
96169
96170
96171
96172
96193
96195
96217
96222
96227
96228
96229
96239
96250
96255
96256
96257
96261
96264
96278
96279
96280
96288
96289
96300
96301
96302
96309
96310
96311
96327
96328
96329
96330
96331
96332
96333
96334
96348
96349
96351
96352
96360
96387
96390
96393
96405
96406
96407
96408
96409
96410
96411
96426
96429
96432
96433
96434
96485
96492
96498
96503
96508
96509
96510
96515
96516
96537
96545
96546
96547
96554
96555
96556
96558
96560
96569
96571
96572
96573
96574
96575
96576
96577
96578
96579
96580
96581
96582
96583
96584
96585
96587
96596
96599
96600
96601
96602
96606
96609
96610
96611
96612
96613
96621
96622
96623
96624
96625
96626
96628
96636
96637
96641
96642
96656
96660
96663
96666
96668
96669
96670
96678
96684
96685
96686
96687
96688
96689
96690
96691
96696
96704
96705
96706
96708
96712
96714
96715
96719
96720
96721
96726
96735
96736
96737
96744
96745
96746
96747
96748
96749
96750
96755
96756
96757
96767
96768
96769
96789
96799
96800
96801
96802
96844
96866
96873
96876
96879
96880
96881
96894
96899
96915
96916
96922
96936
96942
96957
96958
96960
96978
96984
96985
96986
96987
96992
97007
97008
97009
97020
97021
97041
97042
97052
97053
97056
97057
97075
97086
97104
97141
97151
97152
97153
97162
97163
97164
97165
97166
97168
97175
97177
97185
97188
97189
97190
97199
97200
97201
97209
97210
97216
97230
97244
97251
97263
97264
97265
97266
97267
97273
97280
97281
97290
97295
97296
97297
97319
97320
97321
97322
97328
97340
97344
97345
97356
97357
97383
97393
97398
97404
97405
97406
97417
97419
97434
97435
97436
97439
97440
97441
97444
97445
97446
97461
97462
97465
97477
97482
97483
97488
97489
97490
97491
97500
97501
97503
97511
97512
97513
97514
97523
97524
97525
97526
97536
97537
97539
97540
97545
97548
97549
97552
97556
97557
97558
97559
97560
97561
97562
97563
97564
97565
97566
97572
97573
97578
97581
97582
97583
97584
97585
97586
97595
97596
97597
97598
97607
97608
97609
97610
97615
97620
97621
97631
97632
97633
97634
97635
97640
97642
97643
97644
97645
97646
97648
97650
97656
97657
97664
97668
97669
97671
97672
97679
97680
97681
97682
97692
97693
97694
97700
97701
97702
97703
97713
97714
97723
97732
97733
97734
97735
97736
97737
97738
97743
97746
97747
97752
97753
97754
97755
97756
97758
97759
97760
97761
97762
97763
97764
97765
97766
97775
97776
97777
97778
97787
97797
97798
97799
97800
97801
97802
97818
97824
97825
97846
97856
97867
97888
97889
97905
97906
97911
97920
97921
97923
97929
97944
97986
97987
97992
97993
97999
98000
98001
98003
98004
98005
98006
98007
98008
98010
98016
98017
98028
98031
98032
98064
98065
98070
98076
98086
98087
98088
98091
98098
98112
98120
98124
98130
98131
98132
98135
98136
98137
98142
98153
98154
98155
98163
98164
98165
98175
98196
98197
98200
98207
98208
98209
98210
98217
98219
98226
98227
98229
98230
98231
98241
98245
98252
98260
98280
98281
98282
98283
98291
98301
98302
98307
98316
98317
98318
98322
98331
98332
98333
98336
98340
98343
98346
98350
98351
98352
98362
98370
98371
98372
98373
98374
98375
98376
98383
98384
98385
98394
98395
98396
98406
98412
98413
98415
98417
98427
98439
98447
98448
98449
98454
98458
98459
98464
98472
98476
98490
98494
98495
98496
98497
98498
98511
98514
98527
98528
98529
98534
98535
98547
98549
98553
98554
98555
98560
98571
98573
98574
98575
98576
98577
98578
98579
98581
98582
98583
98593
98595
98597
98604
98614
98615
98616
98626
98637
98642
98647
98648
98649
98658
98659
98667
98668
98669
98670
98671
98672
98673
98681
98691
98692
98693
98698
98700
98703
98721
98735
98736
98763
98769
98770
98771
98784
98785
98786
98787
98788
98799
98800
98801
98802
98804
98805
98809
98810
98813
98818
98819
98820
98821
98822
98823
98824
98825
98826
98828
98838
98842
98847
98854
98855
98856
98859
98863
98864
98865
98866
98867
98868
98869
98871
98872
98873
98878
98879
98880
98881
98890
98891
98892
98893
98894
98895
98898
98899
98900
98901
98902
98903
98904
98910
98911
98912
98913
98921
98922
98923
98924
98931
98933
98934
98935
98942
98945
98952
98967
98973
98994
98995
99000
99008
99015
99016
99036
99037
99038
99047
99057
99058
99060
99061
99071
99072
99073
99074
99075
99076
99078
99079
99084
99085
99086
99099
99103
99104
99105
99108
99109
99119
99120
99121
99125
99132
99138
99139
99140
99141
99144
99162
99165
99175
99176
99177
99178
99185
99186
99187
99189
99204
99225
99231
99232
99233
99246
99247
99253
99262
99263
99264
99265
99267
99275
99295
99296
99297
99308
99309
99351
99364
99382
99383
99384
99385
99386
99387
99388
99393
99406
99429
99456
99462
99468
99502
99506
99508
99510
99517
99520
99527
99528
99529
99539
99550
99554
99560
99561
99566
99567
99568
99572
99580
99582
99594
99603
99605
99612
99615
99616
99617
99623
99624
99625
99626
99627
99629
99630
99631
99632
99635
99636
99637
99638
99639
99675
99676
99680
99695
99696
99697
99704
99714
99715
99716
99726
99729
99754
99759
99785
99786
99787
99791
99792
99793
99795
99797
99798
99799
99820
99822
99825
99831
99832
99840
99841
99851
99855
99876
99877
99882
99890
99904
99913
99918
99926
99935
99944
99945
99946
99947
99948
99949
99950
99968
99972
99973
99999
100000
100002
100003
100004
100005
100011
100012
100017
100018
100023
100026
100027
100028
100029
100030
100031
100032
100033
100034
100035
100036
100037
100038
100039
100040
100041
100042
100043
100044
100045
100049
100050
100051
100053
100054
100059
100060
100066
100067
100068
100069
100080
100081
100083
100084
100085
100086
100092
100098
100099
100107
100109
100110
100111
100112
100113
100114
100115
100116
100117
100118
100119
100120
100121
100122
100123
100125
100128
100134
100140
100142
100147
100148
100149
100152
100153
100161
100165
100179
100188
100191
100192
100224
100225
100240
100245
100246
100265
100268
100301
100309
100319
100320
100321
100331
100339
100347
100351
100352
100353
100356
100357
100359
100367
100368
100369
100370
100371
100375
100386
100392
100396
100397
100415
100433
100434
100435
100437
100439
100440
100441
100445
100446
100447
100464
100465
100473
100474
100475
100484
100485
100491
100492
100503
100548
100549
100560
100569
100583
100584
100585
100593
100594
100595
100602
100603
100608
100609
100611
100612
100613
100614
100615
100616
100617
100618
100620
100635
100636
100659
100674
100675
100688
100694
100695
100716
100737
100738
100739
100758
100770
100786
100794
100795
100800
100801
100804
100814
100815
100816
100821
100826
100842
100859
100860
100861
100862
100863
100905
100914
100936
100940
100946
100947
100948
100958
100967
100983
100984
101004
101010
101011
101024
101031
101034
101040
101043
101049
101052
101060
101063
101064
101065
101069
101070
101071
101073
101075
101076
101077
101080
101082
101083
101084
101087
101088
101089
101091
101094
101097
101100
101104
101106
101108
101109
101110
101111
101112
101113
101114
101115
101116
101117
101118
101119
101120
101121
101122
101124
101127
101128
101133
101136
101137
101138
101139
101142
101146
101147
101148
101152
101178
101183
101184
101185
101187
101189
101196
101199
101200
101201
101208
101209
101211
101219
101220
101221
101222
101227
101232
101233
101242
101244
101247
101248
101249
101250
101262
101269
101270
101271
101272
101277
101280
101281
101282
101283
101284
101296
101299
101304
101308
101322
101332
101340
101341
101346
101350
101351
101352
101353
101360
101364
101365
101368
101374
101375
101376
101377
101378
101388
101389
101400
101409
101411
101429
101430
101431
101432
101433
101434
101435
101436
101437
101438
101447
101453
101460
101461
101462
101465
101472
101473
101475
101493
101500
101507
101508
101509
101520
101550
101556
101574
101575
101576
101600
101604
101607
101618
101619
101622
101623
101624
101625
101626
101627
101628
101640
101641
101646
101650
101651
101656
101661
101662
101663
101673
101674
101675
101676
101679
101680
101681
101683
101684
101685
101695
101700
101703
101704
101705
101706
101707
101708
101709
101711
101712
101713
101717
101718
101727
101728
101729
101739
101750
101752
101757
101758
101759
101768
101772
101787
101788
101804
101808
101809
101810
101812
101819
101823
101824
101825
101829
101830
101844
101850
101861
101862
101874
101875
101876
101882
101892
101900
101907
101918
101919
101920
101921
101926
101928
101933
101934
101937
101952
101953
101955
101959
101968
101988
101990
101997
102000
102003
102024
102025
102032
102035
102036
102037
102038
102039
102040
102042
102043
102047
102048
102049
102051
102052
102054
102057
102058
102059
102060
102061
102062
102063
102064
102065
102066
102067
102069
102070
102071
102072
102073
102078
102079
102080
102081
102082
102083
102084
102085
102086
102091
102096
102097
102102
102111
102112
102113
102114
102123
102124
102127
102128
102129
102135
102144
102145
102150
102157
102168
102169
102171
102185
102186
102187
102192
102193
102194
102200
102201
102211
102212
102213
102223
102267
102277
102282
102294
102300
102301
102302
102303
102304
102305
102306
102312
102313
102322
102324
102333
102335
102336
102337
102343
102344
102345
102355
102365
102366
102367
102368
102375
102377
102385
102386
102387
102388
102389
102390
102391
102398
102399
102400
102402
102408
102409
102410
102411
102412
102417
102418
102419
102421
102429
102430
102431
102432
102433
102434
102435
102436
102437
102438
102439
102440
102441
102443
102447
102449
102453
102454
102455
102456
102458
102459
102460
102461
102462
102463
102464
102465
102466
102467
102468
102469
102470
102471
102472
102474
102475
102476
102477
102479
102480
102481
102483
102487
102489
102495
102496
102497
102498
102499
102500
102501
102505
102506
102509
102519
102520
102521
102528
102529
102530
102531
102532
102542
102564
102588
102592
102619
102627
102641
102648
102649
102663
102669
102689
102690
102691
102695
102696
102697
102704
102705
102706
102707
102711
102717
102718
102719
102720
102724
102725
102729
102753
102754
102774
102781
102786
102795
102806
102807
102815
102816
102817
102818
102825
102828
102840
102850
102852
102853
102856
102870
102872
102879
102880
102888
102889
102899
102900
102901
102902
102912
102913
102921
102942
102949
102951
102952
102959
102960
102961
102971
102982
102993
102996
102997
102998
103005
103038
103039
103040
103041
103042
103047
103048
103049
103068
103069
103070
103071
103072
103073
103079
103080
103081
103089
103090
103095
103103
103104
103105
103110
103113
103124
103128
103129
103135
103136
103137
103144
103145
103146
103152
103158
103168
103191
103195
103197
103198
103201
103202
103203
103208
103213
103215
103221
103222
103223
103224
103225
103226
103227
103230
103235
103236
103237
103245
103246
103247
103248
103249
103250
103251
103252
103253
103254
103257
103258
103272
103278
103279
103299
103315
103316
103317
103319
103320
103321
103322
103323
103334
103344
103345
103346
103356
103360
103362
103363
103364
103373
103376
103378
103383
103384
103389
103391
103392
103393
103394
103395
103396
103399
103400
103401
103404
103405
103406
103411
103416
103425
103443
103444
103446
103454
103455
103456
103466
103474
103477
103487
103488
103489
103493
103500
103504
103505
103506
103519
103521
103530
103540
103551
103566
103572
103573
103592
103593
103594
103600
103614
103615
103632
103635
103636
103637
103640
103646
103656
103657
103672
103677
103679
103680
103681
103683
103684
103688
103698
103699
103708
103716
103719
103720
103729
103730
103731
103737
103738
103739
103740
103741
103742
103743
103744
103748
103749
103750
103751
103752
103753
103754
103755
103756
103761
103762
103763
103773
103774
103775
103776
103785
103788
103789
103796
103803
103807
103808
103809
103810
103819
103821
103822
103823
103824
103825
103826
103827
103829
103839
103840
103841
103845
103851
103866
103883
103887
103895
103911
103912
103913
103935
103936
103937
103950
103972
103974
103982
103983
103984
103985
103994
103996
104004
104005
104006
104008
104015
104024
104025
104036
104043
104044
104052
104061
104062
104063
104064
104065
104066
104067
104068
104076
104077
104085
104086
104097
104104
104118
104128
104129
104130
104139
104144
104149
104159
104160
104161
104162
104173
104181
104184
104185
104191
104192
104193
104202
104203
104222
104223
104224
104225
104232
104236
104244
104247
104250
104272
104284
104319
104320
104321
104322
104325
104326
104328
104329
104331
104340
104359
104360
104377
104408
104412
104413
104433
104438
104439
104440
104442
104448
104449
104489
104490
104491
104496
104517
104532
104533
104543
104544
104545
104555
104563
104568
104569
104579
104580
104581
104582
104584
104585
104586
104592
104593
104599
104616
104617
104618
104619
104620
104625
104626
104631
104632
104633
104634
104635
104636
104637
104638
104640
104643
104644
104645
104646
104650
104652
104660
104661
104662
104663
104664
104667
104670
104675
104676
104677
104679
104687
104688
104689
104697
104720
104742
104748
104780
104808
104810
104832
104856
104874
104875
104876
104877
104878
104879
104880
104885
104895
104896
104897
104898
104907
104958
104961
104967
104968
104975
104976
104995
105006
105060
105084
105085
105105
105134
105135
105136
105168
105215
105216
105217
105237
105247
105248
105249
105259
105264
105269
105270
105271
105273
105278
105279
105280
105281
105282
105288
105289
105294
105303
105325
105336
105337
105357
105399
105402
105462
105468
105469
105501
105504
105562
105588
105589
105599
105600
105601
105609
105610
105611
105615
105616
105617
105624
105633
105651
105664
105674
105675
105676
105677
105678
105680
105681
105682
105685
105686
105687
105688
105689
105690
105691
105692
105697
105703
105704
105705
105714
105715
105716
105717
105718
105719
105726
105727
105728
105729
105730
105731
105740
105742
105743
105750
105753
105754
105755
105765
105767
105768
105769
105781
105794
105805
105807
105819
105820
105821
105831
105833
105837
105838
105839
105840
105841
105842
105843
105849
105861
105876
105877
105898
105910
105911
105912
105918
105924
105930
105938
105952
105966
105967
105974
105984
105985
105986
105987
105996
106007
106029
106056
106063
106064
106065
106092
106128
106150
106158
106170
106171
106172
106176
106184
106209
106210
106211
106212
106227
106231
106232
106237
106238
106239
106249
106257
106258
106259
106260
106261
106262
106263
106271
106272
106273
106274
106281
106282
106283
106293
106295
106296
106297
106303
106304
106305
106313
106314
106317
106320
106325
106326
106327
106335
106344
106348
106359
106392
106407
106470
106491
106509
106512
106513
106533
106560
106572
106573
106596
106597
106617
106623
106624
106656
106684
106685
106686
106701
106720
106722
106752
106753
106755
106765
106766
106767
106777
106827
106837
106848
106887
106888
106893
106894
106895
106904
106909
106920
106932
106975
106986
107001
107002
107003
107008
107009
107010
107011
107012
107016
107019
107024
107025
107026
107030
107041
107058
107078
107085
107100
107101
107124
107125
107133
107134
107135
107136
107137
107138
107148
107149
107163
107167
107168
107169
107173
107184
107185
107195
107205
107214
107215
107226
107244
107250
107256
107264
107268
107289
107315
107316
107327
107328
107329
107341
107352
107355
107367
107376
107377
107400
107401
107404
107406
107408
107415
107418
107419
107425
107428
107430
107431
107432
107433
107434
107435
107436
107437
107438
107439
107440
107441
107442
107443
107444
107445
107446
107447
107448
107449
107451
107452
107456
107459
107460
107461
107466
107475
107476
107478
107481
107484
107485
107486
107487
107488
107489
107490
107502
107503
107505
107508
107509
107519
107520
107521
107522
107525
107531
107532
107533
107535
107551
107552
107553
107554
107562
107580
107583
107584
107585
107586
107604
107624
107632
107635
107640
107645
107646
107647
107649
107657
107668
107712
107734
107743
107744
107745
107756
107775
107776
107777
107778
107789
107799
107800
107801
107807
107808
107809
107811
107822
107840
107855
107856
107857
107879
107880
107881
107892
107893
107903
107904
107905
107906
107910
107916
107917
107935
107936
107937
107940
107941
107954
107965
107975
107976
107977
107987
107998
108004
108032
108036
108042
108066
108067
108068
108070
108077
108097
108098
108108
108128
108174
108177
108190
108192
108197
108207
108240
108284
108288
108322
108323
108407
108416
108438
108460
108486
108487
108498
108504
108507
108526
108528
108536
108537
108538
108548
108549
108559
108568
108569
108570
108571
108581
108612
108675
108679
108680
108681
108682
108690
108691
108692
108738
108767
108768
108769
108779
108789
108790
108791
108801
108819
108820
108822
108836
108863
108864
108865
108899
108900
108906
108927
108931
108948
108992
109000
109043
109054
109074
109116
109140
109158
109188
109200
109230
109242
109243
109263
109269
109305
109312
109332
109350
109351
109368
109458
109461
109462
109476
109484
109485
109486
109494
109512
109548
109558
109566
109578
109593
109594
109620
109621
109626
109641
109642
109643
109644
109654
109655
109656
109663
109668
109674
109683
109684
109685
109692
109694
109700
109701
109702
109704
109705
109710
109720
109725
109728
109734
109736
109737
109738
109746
109747
109752
109753
109754
109755
109756
109757
109758
109760
109764
109767
109768
109769
109772
109773
109774
109776
109778
109782
109783
109784
109785
109786
109788
109789
109793
109798
109800
109801
109802
109807
109808
109809
109810
109811
109812
109813
109818
109819
109821
109822
109823
109824
109825
109830
109831
109836
109837
109851
109852
109853
109862
109872
109873
109890
109893
109914
109915
109916
109921
109928
109935
109936
109937
109944
109946
109956
109957
109977
109980
109998
109999
110004
110016
110019
110022
110024
110025
110026
110034
110040
110041
110044
110048
110052
110054
110055
110056
110061
110062
110066
110080
110082
110103
110104
110110
110124
110125
110126
110135
110145
110146
110160
110166
110171
110187
110188
110208
110250
110264
110271
110292
110308
110313
110322
110355
110376
110377
110390
110397
110400
110403
110408
110409
110410
110418
110424
110425
110426
110428
110436
110439
110444
110445
110446
110447
110448
110449
110450
110460
110461
110466
110468
110484
110485
110486
110504
110517
110526
110538
110539
110540
110544
110550
110552
110556
110560
110561
110562
110563
110564
110565
110566
110567
110568
110572
110574
110578
110586
110590
110591
110592
110604
110628
110640
110656
110670
110682
110704
110720
110721
110723
110745
110746
110768
110775
110776
110808
110814
110817
110838
110839
110846
110847
110848
110859
110862
110868
110869
110877
110878
110879
110880
110881
110882
110883
110884
110891
110892
110893
110898
110901
110902
110903
110912
110913
110914
110919
110943
110946
110947
110949
110950
110951
110960
110964
110965
110980
110981
110985
110986
111000
111009
111010
111011
111012
111013
111014
111015
111020
111023
111024
111033
111035
111037
111040
111041
111042
111043
111066
111067
111068
111069
111070
111073
111074
111075
111077
111084
111088
111090
111100
111104
111105
111111
111123
111133
111135
111143
111144
111145
111150
111151
111155
111177
111195
111213
111214
111216
111221
111222
111223
111225
111231
111232
111233
111234
111240
111243
111276
111277
111287
111290
111300
111301
111309
111319
111320
111321
111331
111342
111360
111361
111362
111364
111371
111374
111375
111376
111383
111384
111386
111387
111388
111389
111398
111413
111414
111423
111430
111447
111462
111474
111475
111476
111488
111520
111521
111522
111546
111547
111548
111550
111551
111552
111553
111554
111555
111556
111557
111558
111559
111560
111561
111562
111563
111564
111565
111569
111573
111583
111584
111585
111586
111595
111615
111616
111617
111650
111672
111678
111679
111680
111681
111682
111684
111685
111693
111695
111696
111697
111698
111699
111708
111709
111710
111712
111719
111720
111721
111722
111723
111734
111735
111778
111779
111780
111781
111782
111804
111826
111830
111848
111853
111888
111903
111904
111905
111930
111935
111936
111937
111972
111973
111993
112000
112008
112010
112029
112030
112031
112036
112037
112038
112040
112042
112056
112057
112058
112060
112067
112077
112078
112085
112098
112126
112140
112141
112156
112157
112161
112189
112194
112195
112196
112197
112203
112222
112224
112225
112226
112227
112240
112264
112266
112270
112274
112285
112286
112287
112288
112294
112295
112296
112299
112300
112301
112316
112319
112324
112325
112326
112327
112328
112329
112331
112332
112333
112334
112335
112336
112339
112340
112341
112342
112343
112344
112345
112346
112347
112348
112349
112350
112351
112352
112353
112354
112355
112356
112357
112358
112359
112360
112361
112362
112363
112364
112365
112366
112367
112368
112369
112370
112371
112372
112373
112374
112375
112376
112377
112378
112379
112381
112382
112383
112384
112385
112388
112389
112390
112391
112392
112397
112398
112400
112420
112421
112422
112424
112430
112437
112442
112476
112477
112489
112490
112491
112497
112530
112560
112585
112590
112596
112631
112640
112671
112672
112678
112679
112680
112698
112700
112728
112749
112784
112800
112809
112812
112815
112833
112838
112840
112866
112871
112884
112896
112918
112959
112965
112976
112980
112992
112995
112996
113014
113022
113023
113026
113036
113043
113091
113127
113136
113137
113160
113161
113184
113190
113208
113232
113234
113243
113245
113251
113253
113255
113256
113257
113267
113268
113269
113270
113271
113272
113278
113280
113282
113294
113295
113296
113308
113313
113314
113322
113333
113334
113343
113344
113345
113355
113359
113360
113361
113400
113423
113456
113469
113491
113520
113536
113538
113539
113540
113541
113542
113544
113553
113567
113568
113569
113597
113600
113601
113606
113607
113608
113610
113617
113619
113620
113621
113634
113635
113636
113638
113645
113652
113653
113673
113679
113680
113681
113712
113724
113725
113726
113727
113729
113730
113731
113736
113740
113750
113751
113752
113754
113761
113764
113777
113778
113779
113792
113799
113808
113810
113811
113812
113813
113814
113815
113816
113817
113818
113819
113820
113821
113822
113823
113824
113825
113826
113827
113828
113829
113830
113831
113832
113833
113834
113835
113841
113842
113843
113847
113848
113849
113850
113862
113863
113883
113890
113891
113892
113894
113901
113904
113905
113920
113921
113922
113928
113931
113955
113956
113957
113959
113960
113966
113970
113971
113975
113976
113977
113982
113986
114004
114035
114036
114037
114047
114048
114049
114059
114092
114096
114098
114099
114100
114101
114102
114104
114114
114144
114145
114160
114168
114189
114192
114201
114204
114205
114206
114207
114208
114209
114210
114211
114212
114213
114214
114215
114216
114217
114218
114219
114220
114221
114222
114223
114228
114231
114232
114233
114239
114240
114241
114252
114274
114275
114276
114277
114278
114287
114311
114367
114444
114445
114446
114447
114450
114456
114460
114461
114466
114483
114496
114497
114498
114512
114527
114528
114529
114530
114531
114538
114539
114540
114546
114549
114558
114559
114560
114561
114562
114563
114564
114569
114572
114573
114576
114577
114580
114581
114582
114586
114589
114590
114591
114592
114593
114594
114595
114596
114597
114598
114599
114600
114601
114602
114603
114604
114605
114606
114608
114609
114610
114613
114614
114615
114619
114623
114624
114625
114626
114632
114633
114634
114636
114640
114642
114643
114655
114656
114657
114658
114659
114660
114661
114662
114664
114666
114667
114668
114671
114672
114680
114681
114682
114687
114688
114689
114690
114695
114696
114697
114698
114699
114701
114702
114703
114704
114705
114708
114709
114719
114720
114721
114744
114777
114800
114807
114825
114826
114839
114840
114841
114842
114855
114856
114879
114880
114881
114884
114891
114895
114905
114906
114907
114911
114912
114913
114916
114917
114918
114919
114920
114921
114922
114927
114928
114930
114931
114932
114933
114934
114939
114940
114945
114954
114955
114956
114965
114971
114972
114973
114975
114976
114977
114978
114983
114993
114994
114995
114996
115000
115005
115006
115007
115008
115009
115015
115016
115017
115024
115027
115029
115030
115035
115036
115037
115038
115039
115040
115041
115042
115047
115049
115055
115056
115057
115059
115060
115061
115071
115072
115081
115082
115083
115093
115104
115128
115129
115137
115148
115149
115150
115151
115152
115154
115159
115169
115170
115171
115181
115182
115183
115185
115192
115200
115201
115202
115211
115227
115228
115236
115237
115238
115239
115240
115241
115242
115243
115248
115250
115251
115252
115261
115265
115269
115274
115275
115276
115277
115278
115279
115280
115281
115285
115288
115289
115291
115295
115296
115297
115298
115346
115351
115375
115376
115388
115401
115411
115419
115445
115446
115447
115448
115449
115479
115500
115506
115517
115518
115521
115540
115544
115560
115561
115562
115566
115568
115571
115584
115587
115598
115599
115608
115620
115632
115648
115649
115650
115654
115668
115669
115670
115710
115711
115731
115736
115758
115777
115794
115800
115843
115857
115863
115878
115881
115882
115883
115885
115892
115920
115921
115922
115931
115947
115962
115983
115992
115993
116002
116019
116025
116046
116050
116051
116063
116064
116065
116077
116083
116105
116116
116139
116144
116149
116151
116159
116160
116161
116162
116171
116172
116173
116182
116183
116184
116193
116202
116203
116204
116215
116225
116226
116227
116235
116236
116237
116242
116243
116248
116249
116250
116251
116255
116256
116257
116258
116259
116260
116261
116262
116263
116264
116265
116266
116267
116268
116269
116270
116271
116272
116273
116274
116275
116276
116277
116278
116279
116280
116281
116282
116283
116291
116292
116293
116298
116299
116308
116309
116310
116311
116312
116314
116319
116324
116325
116326
116328
116336
116350
116358
116361
116368
116369
116380
116424
116435
116436
116446
116447
116448
116449
116467
116479
116480
116481
116487
116493
116498
116499
116511
116512
116513
116521
116523
116524
116529
116556
116560
116561
116562
116564
116571
116578
116591
116592
116595
116596
116605
116622
116623
116631
116632
116637
116638
116639
116640
116641
116642
116643
116644
116649
116650
116655
116658
116666
116667
116668
116671
116672
116673
116676
116677
116685
116686
116704
116712
116721
116754
116760
116791
116792
116793
116809
116815
116816
116817
116844
116845
116865
116883
116886
116895
116896
116897
116909
116921
116922
116923
116927
116928
116929
116933
116934
116935
116949
116974
116994
117000
117012
117018
117040
117041
117057
117063
117071
117072
117073
117081
117105
117106
117117
117139
117144
117151
117152
117153
117165
117173
117180
117181
117205
117211
117215
117216
117217
117227
117243
117254
117255
117256
117264
117265
117291
117304
117307
117309
117310
117311
117312
117313
117314
117315
117327
117333
117348
117370
117376
117381
117390
117391
117392
117393
117403
117411
117432
117433
117453
117459
117474
117480
117484
117485
117486
117488
117495
117503
117504
117505
117513
117528
117569
117570
117579
117599
117600
117601
117611
117612
117613
117623
117645
117663
117684
117705
117712
117720
117760
117778
117789
117807
117810
117831
117852
117874
117894
117900
117901
117902
117904
117905
117906
117907
117908
117909
117910
117911
117912
117913
117914
117915
117916
117917
117918
117924
117936
117937
117957
117959
117960
117961
117964
117986
117990
117999
118000
118008
118017
118018
118020
118021
118041
118047
118048
118049
118056
118057
118062
118075
118080
118081
118096
118104
118105
118107
118108
118109
118118
118125
118128
118129
118139
118140
118141
118146
118151
118160
118162
118167
118171
118172
118173
118174
118175
118176
118177
118182
118184
118185
118186
118192
118193
118194
118195
118196
118197
118198
118206
118207
118216
118217
118218
118228
118230
118236
118237
118238
118239
118240
118241
118242
118248
118250
118251
118260
118261
118262
118265
118272
118273
118285
118294
118296
118301
118305
118315
118327
118335
118338
118356
118357
118358
118377
118378
118379
118388
118398
118399
118401
118404
118419
118420
118424
118426
118440
118441
118442
118449
118450
118451
118461
118462
118470
118476
118482
118483
118490
118496
118503
118504
118505
118507
118508
118509
118514
118523
118524
118525
118545
118558
118560
118561
118563
118566
118567
118569
118570
118572
118584
118587
118602
118608
118629
118637
118656
118668
118671
118690
118699
118720
118726
118734
118770
118771
118777
118797
118818
118819
118832
118833
118881
118882
118890
118899
118902
118910
118924
118943
118944
118945
118946
118948
118955
118965
118966
118986
118987
119007
119008
119009
119016
119018
119025
119028
119029
119037
119038
119039
119040
119049
119056
119064
119070
119091
119092
119113
119133
119134
119135
119140
119141
119144
119154
119155
119167
119168
119169
119175
119176
119186
119196
119197
119198
119200
119207
119216
119217
119218
119231
119232
119233
119238
119259
119262
119278
119280
119310
119327
119328
119329
119350
119364
119385
119412
119416
119427
119448
119449
119460
119461
119462
119463
119464
119472
119473
119477
119485
119490
119491
119508
119509
119510
119511
119512
119513
119514
119532
119546
119547
119553
119555
119556
119557
119567
119568
119569
119599
119600
119601
119603
119616
119626
119658
119665
119679
119680
119691
119715
119727
119728
119729
119764
119784
119785
119786
119795
119802
119804
119805
119806
119809
119826
119840
119850
119872
119889
119911
119931
119943
119949
119950
119951
119952
119953
119954
119955
119961
119973
120000
120015
120054
120063
120064
120065
120087
120098
120099
120107
120109
120118
120119
120120
120121
120131
120133
120142
120153
120160
120161
120162
120175
120176
120177
120186
120211
120212
120232
120246
120247
120249
120250
120254
120255
120256
120257
120258
120259
120261
120264
120265
120267
120268
120269
120270
120271
120273
120276
120277
120278
120279
120280
120282
120283
120284
120285
120286
120287
120288
120289
120290
120291
120292
120293
120294
120297
120300
120306
120307
120309
120312
120318
120319
120320
120321
120322
120323
120324
120325
120326
120327
120331
120351
120352
120353
120362
120366
120373
120375
120376
120382
120383
120384
120385
120386
120390
120395
120398
120399
120400
120401
120406
120448
120450
120483
120498
120499
120505
120511
120512
120513
120515
120516
120517
120520
120521
120522
120527
120528
120529
120531
120540
120541
120549
120575
120582
120603
120604
120615
120621
120622
120623
120624
120625
120626
120627
120633
120640
120645
120651
120652
120666
120696
120697
120708
120709
120714
120729
120736
120750
120776
120782
120790
120827
120832
120833
120834
120835
120847
120848
120849
120855
120879
120890
120896
120912
120948
120949
120951
120959
120960
120961
120962
120969
120972
120973
120978
120981
120990
120991
120992
120993
121003
121004
121005
121017
121018
121024
121032
121033
121044
121056
121072
121073
121095
121176
121212
121213
121233
121241
121247
121248
121249
121261
121272
121275
121279
121283
121284
121285
121296
121297
121303
121308
121309
121310
121317
121318
121325
121326
121327
121336
121338
121344
121380
121381
121385
121394
121395
121396
121397
121407
121417
121418
121419
121428
121429
121439
121440
121441
121442
121443
121450
121451
121452
121463
121464
121465
121474
121485
121495
121506
121520
121532
121535
121555
121556
121557
121566
121568
121569
121570
121571
121572
121573
121574
121590
121591
121592
121601
121611
121612
121632
121659
121660
121669
121699
121703
121704
121705
121717
121737
121759
121768
121770
121777
121778
121779
121781
121791
121792
121793
121799
121800
121803
121814
121821
121823
121824
121825
121826
121842
121855
121856
121857
121869
121871
121872
121875
121876
121884
121885
121891
121900
121905
121906
121907
121921
121927
121935
121936
121947
121948
121949
121950
121951
121952
121953
121954
121957
121958
121961
121963
121964
121965
121966
121967
121968
121969
121970
121971
121972
121973
121974
121975
121976
121977
121978
121979
121980
121981
121982
121983
121984
121985
121986
121987
121988
121989
121990
121991
121992
121993
121994
121995
121996
121997
121998
121999
122001
122002
122003
122004
122005
122007
122008
122009
122010
122011
122012
122013
122014
122015
122016
122017
122019
122022
122023
122025
122026
122031
122032
122038
122040
122041
122050
122051
122052
122053
122054
122055
122056
122057
122059
122061
122062
122063
122065
122067
122068
122069
122070
122071
122072
122073
122074
122075
122076
122077
122078
122079
122080
122081
122082
122083
122084
122085
122088
122089
122090
122091
122092
122093
122094
122095
122096
122097
122098
122099
122100
122101
122105
122107
122109
122110
122111
122112
122115
122116
122119
122122
122125
122128
122130
122133
122134
122135
122136
122137
122138
122139
122140
122143
122144
122145
122148
122149
122155
122157
122158
122178
122179
122180
122182
122188
122189
122191
122192
122193
122196
122197
122199
122200
122201
122210
122220
122221
122228
122241
122248
122262
122263
122265
122266
122283
122301
122302
122304
122325
122326
122353
122360
122361
122362
122364
122371
122380
122381
122386
122388
122389
122404
122405
122406
122407
122408
122409
122410
122419
122428
122430
122441
122463
122464
122465
122472
122473
122474
122480
122485
122493
122494
122495
122496
122497
122498
122507
122512
122518
122527
122528
122529
122535
122536
122556
122557
122558
122562
122567
122577
122578
122592
122593
122598
122612
122613
122614
122615
122616
122617
122618
122622
122623
122624
122625
122626
122627
122628
122629
122633
122636
122640
122661
122683
122729
122760
122787
122791
122829
122830
122837
122847
122848
122849
122850
122851
122853
122859
122871
122891
122892
122893
122935
122943
122944
122958
122976
123000
123001
123018
123025
123039
123088
123101
123123
123178
123188
123189
123196
123199
123200
123201
123211
123222
123228
123260
123261
123264
123265
123354
123424
123425
123435
123459
123460
123480
123481
123482
123484
123491
123496
123497
123498
123500
123501
123502
123518
123519
123522
123529
123530
123531
123548
123549
123550
123551
123552
123553
123557
123558
123563
123564
123572
123573
123574
123575
123576
123577
123578
123579
123580
123581
123582
123583
123584
123585
123586
123587
123588
123589
123590
123591
123599
123600
123605
123606
123610
123612
123613
123614
123615
123640
123644
123645
123648
123651
123652
123664
123665
123669
123672
123673
123674
123711
123760
123795
123816
123823
123838
123860
123902
123903
123904
123906
123921
123926
123930
123942
123970
123984
123985
124000
124003
124005
124013
124014
124015
124025
124031
124047
124069
124073
124074
124075
124078
124079
124080
124081
124082
124085
124086
124087
124091
124113
124135
124145
124146
124147
124157
124173
124174
124175
124200
124212
124222
124223
124224
124227
124234
124236
124299
124320
124362
124368
124389
124410
124415
124416
124417
124432
124464
124476
124488
124490
124491
124542
124544
124548
124550
124552
124572
124586
124594
124597
124607
124608
124609
124610
124614
124615
124616
124619
124625
124630
124635
124636
124652
124653
124654
124656
124657
124663
124673
124674
124675
124677
124678
124685
124698
124712
124726
124727
124729
124733
124734
124735
124736
124739
124740
124741
124745
124746
124747
124751
124762
124773
124775
124795
124805
124806
124807
124817
124828
124830
124836
124845
124848
124849
124850
124861
124869
124871
124872
124873
124883
124894
124929
124992
124993
125013
125037
125048
125055
125104
125125
125130
125151
125152
125153
125172
125183
125184
125185
125190
125191
125201
125202
125203
125215
125216
125217
125235
125244
125245
125265
125279
125307
125312
125327
125328
125329
125387
125388
125389
125419
125433
125436
125437
125438
125439
125440
125441
125442
125443
125444
125460
125461
125477
125484
125485
125487
125488
125489
125495
125496
125497
125498
125499
125501
125502
125503
125505
125508
125509
125511
125520
125523
125532
125533
125545
125550
125552
125553
125580
125598
125631
125632
125646
125658
125663
125664
125665
125675
125685
125686
125687
125695
125696
125697
125727
125728
125729
125741
125748
125760
125761
125775
125776
125777
125783
125811
125818
125832
125860
125888
125891
125895
125937
125952
125961
125969
125970
125971
125972
125999
126000
126001
126003
126004
126005
126016
126027
126037
126038
126039
126049
126071
126072
126073
126077
126078
126108
126112
126113
126126
126144
126145
126153
126180
126199
126208
126224
126247
126255
126258
126291
126302
126313
126323
126324
126325
126333
126334
126335
126336
126346
126357
126367
126368
126369
126378
126379
126389
126390
126391
126397
126399
126401
126474
126546
126590
126591
126592
126593
126594
126600
126601
126616
126630
126631
126637
126638
126651
126652
126653
126654
126658
126663
126664
126665
126666
126672
126676
126687
126688
126689
126696
126697
126709
126719
126720
126721
126722
126730
126731
126744
126745
126751
126752
126753
126756
126792
126793
126795
126808
126816
126817
126840
126841
126851
126852
126853
126868
126876
126899
126912
126913
126945
126976
126984
126996
126997
127008
127050
127061
127071
127072
127073
127083
127116
127117
127138
127203
127205
127206
127236
127237
127246
127260
127296
127305
127306
127308
127311
127312
127313
127332
127344
127350
127368
127386
127421
127425
127437
127452
127463
127464
127465
127490
127512
127513
127530
127533
127555
127566
127568
127574
127575
127576
127577
127584
127585
127586
127596
127597
127617
127638
127639
127650
127655
127659
127679
127680
127681
127700
127701
127721
127758
127759
127764
127765
127775
127776
127777
127785
127787
127792
127797
127798
127806
127809
127813
127819
127820
127821
127831
127840
127841
127842
127843
127844
127852
127853
127854
127855
127863
127864
127865
127866
127874
127875
127876
127884
127885
127886
127887
127888
127889
127890
127897
127907
127908
127909
127919
127920
127921
127922
127923
127929
127930
127931
127932
127940
127941
127942
127945
127946
127947
127949
127950
127951
127952
127953
127954
127955
127963
127973
127974
127975
127985
127995
127996
127997
128007
128015
128016
128017
128018
128019
128022
128027
128028
128029
128031
128032
128033
128037
128043
128044
128061
128079
128080
128081
128090
128100
128127
128128
128129
128137
128138
128139
128140
128150
128183
128184
128205
128221
128222
128223
128225
128268
128271
128290
128304
128310
128326
128340
128344
128349
128352
128376
128381
128391
128392
128393
128394
128395
128400
128401
128402
128403
128411
128412
128413
128414
128419
128420
128431
128432
128436
128437
128438
128439
128440
128441
128442
128443
128444
128450
128451
128452
128453
128454
128455
128456
128461
128462
128463
128464
128465
128474
128478
128502
128520
128521
128523
128535
128536
128541
128542
128543
128544
128545
128546
128547
128565
128576
128590
128592
128634
128664
128665
128667
128685
128688
128718
128721
128722
128744
128777
128799
128800
128801
128808
128809
128811
128835
128836
128844
128850
128880
128881
128891
128892
128893
128894
128895
128896
128898
128899
128904
128905
128907
128908
128910
128912
128913
128914
128915
128916
128917
128918
128919
128920
128921
128922
128925
128926
128927
128928
128929
128935
128937
128938
128939
128940
128941
128942
128945
128952
128953
128959
128960
128961
128981
128982
128983
129019
129023
129024
129025
129027
129029
129030
129031
129040
129041
129042
129043
129044
129045
129046
129051
129054
129055
129063
129064
129066
129084
129087
129095
129096
129097
129129
129136
129144
129145
129146
129150
129151
129154
129166
129168
129169
129171
129192
129198
129213
129250
129273
129274
129275
129276
129277
129283
129297
129318
129338
129339
129349
129359
129360
129361
129363
129364
129371
129375
129382
129394
129397
129402
129423
129444
129457
129458
129519
129520
129528
129550
129564
129570
129580
129590
129591
129598
129599
129600
129601
129602
129610
129613
129623
129624
129625
129633
129634
129635
129636
129646
129650
129654
129657
129675
129676
129679
129684
129685
129686
129689
129690
129691
129694
129695
129696
129701
129734
129744
129745
129746
129756
129759
129780
129789
129807
129808
129809
129822
129883
129885
129920
129921
129965
129969
129970
129972
129975
129976
129977
129980
129981
129982
129983
129984
129987
129991
129993
129994
129997
129999
130000
130001
130002
130003
130004
130005
130006
130007
130008
130009
130010
130011
130012
130013
130014
130015
130016
130017
130020
130021
130022
130024
130028
130029
130030
130031
130032
130033
130039
130041
130042
130044
130051
130053
130060
130064
130071
130079
130080
130081
130095
130096
130097
130098
130100
130107
130110
130111
130112
130113
130114
130115
130116
130117
130118
130120
130121
130122
130123
130124
130125
130128
130129
130130
130132
130135
130137
130138
130139
130143
130144
130145
130146
130151
130152
130153
130160
130169
130175
130176
130177
130191
130192
130193
130200
130208
130240
130241
130242
130243
130256
130258
130259
130260
130261
130262
130263
130264
130265
130266
130267
130268
130269
130270
130271
130272
130273
130274
130275
130276
130277
130284
130285
130293
130294
130295
130305
130317
130326
130327
130328
130337
130339
130341
130367
130368
130369
130380
130381
130410
130480
130494
130502
130503
130504
130505
130515
130536
130537
130547
130548
130549
130559
130572
130585
130608
130626
130627
130647
130648
130669
130679
130680
130681
130691
130702
130704
130713
130725
130728
130732
130733
130746
130779
130788
130789
130800
130801
130809
130810
130811
130815
130816
130817
130821
130822
130823
130851
130909
130910
130911
130912
130914
130928
130957
130966
130967
130968
130969
130970
130971
130972
130977
130980
130981
130990
131000
131005
131015
131016
131017
131019
131027
131037
131038
131039
131040
131041
131042
131043
131053
131054
131055
131061
131065
131076
131077
131079
131080
131128
131130
131138
131147
131151
131152
131153
131208
131220
131221
131223
131229
131236
131263
131264
131265
131289
131290
131307
131313
131329
131344
131345
131346
131352
131370
131376
131382
131388
131389
131390
131391
131392
131393
131394
131400
131412
131440
131454
131461
131481
131482
131487
131488
131489
131495
131502
131520
131527
131537
131538
131539
131544
131545
131549
131557
131558
131559
131560
131561
131562
131563
131564
131565
131566
131571
131581
131582
131583
131593
131600
131607
131608
131610
131611
131612
131621
131625
131628
131649
131670
131688
131705
131706
131707
131711
131712
131713
131775
131781
131787
131791
131796
131797
131813
131817
131824
131841
131868
131875
131881
131890
131931
131932
131933
131936
131942
131949
131967
131975
131999
132000
132001
132025
132033
132048
132055
132057
132065
132066
132067
132070
132075
132077
132096
132108
132125
132141
132145
132146
132165
132191
132192
132193
132216
132217
132218
132243
132252
132253
132300
132301
132319
132321
132326
132363
132384
132414
132426
132432
132433
132434
132435
132436
132437
132438
132444
132456
132489
132495
132496
132497
132507
132508
132509
132513
132514
132515
132519
132520
132521
132544
132556
132573
132574
132608
132652
132653
132654
132660
132664
132665
132678
132679
132685
132699
132720
132741
132762
132804
132805
132816
132825
132835
132840
132841
132846
132847
132864
132867
132894
132895
132930
132939
132940
132941
132980
132986
133000
133008
133035
133042
133055
133056
133057
133062
133096
133124
133144
133145
133146
133165
133168
133176
133177
133178
133182
133183
133189
133203
133207
133208
133215
133216
133217
133218
133224
133225
133227
133238
133239
133245
133246
133247
133252
133253
133256
133259
133266
133267
133279
133280
133281
133287
133308
133309
133320
133322
133329
133371
133375
133392
133416
133455
133456
133474
133476
133485
133486
133496
133507
133524
133525
133526
133536
133548
133549
133552
133573
133579
133581
133584
133595
133623
133624
133625
133628
133629
133630
133631
133632
133633
133634
133635
133636
133637
133638
133639
133641
133649
133650
133651
133652
133653
133654
133655
133656
133661
133663
133664
133665
133672
133676
133677
133678
133679
133680
133687
133689
133696
133697
133698
133699
133700
133701
133702
133703
133704
133705
133707
133708
133709
133710
133711
133712
133713
133716
133720
133721
133722
133723
133724
133728
133731
133733
133744
133745
133746
133747
133748
133755
133756
133757
133768
133769
133770
133771
133779
133804
133812
133813
133819
133826
133833
133836
133837
133838
133848
133857
133870
133875
133903
133914
133917
133920
133925
133936
133938
133952
133980
133985
134002
134043
134046
134054
134055
134056
134063
134064
134065
134068
134070
134079
134089
134090
134091
134100
134101
134102
134111
134112
134113
134134
134137
134144
134145
134146
134156
134159
134160
134161
134164
134165
134166
134167
134168
134169
134170
134176
134178
134182
134183
134184
134188
134189
134190
134193
134200
134205
134211
134212
134222
134232
134233
134234
134239
134244
134266
134275
134288
134310
134316
134317
134319
134320
134321
134332
134337
134343
134365
134379
134386
134398
134399
134400
134401
134420
134435
134464
134486
134496
134497
134498
134499
134508
134512
134530
134540
134544
134550
134568
134592
134596
134640
134662
134673
134721
134724
134736
134739
134742
134743
134748
134751
134754
134755
134756
134757
134758
134759
134760
134761
134762
134763
134764
134765
134766
134769
134772
134778
134781
134784
134785
134799
134817
134818
134819
134820
134821
134822
134823
134841
134847
134848
134849
134856
134857
134860
134865
134871
134890
134893
134904
134916
134928
134952
134959
134960
134970
134976
134988
135040
135041
135051
135069
135070
135071
135072
135073
135074
135075
135093
135114
135128
135129
135135
135141
135157
135160
135167
135168
135169
135170
135184
135191
135192
135198
135240
135252
135261
135278
135295
135296
135297
135299
135300
135301
135303
135355
135358
135359
135360
135361
135362
135366
135377
135407
135408
135409
135429
135439
135450
135462
135519
135520
135521
135534
135546
135547
135565
135619
135632
135660
135723
135741
135742
135743
135744
135745
135746
135747
135759
135765
135783
135784
135828
135830
135856
135882
135883
135884
135915
135923
135937
135938
135939
135940
135941
135948
135949
135950
135953
135954
135955
135967
135968
135969
135993
136017
136031
136032
136033
136047
136048
136049
136056
136057
136059
136062
136063
136064
136071
136073
136074
136075
136076
136077
136078
136079
136080
136081
136082
136083
136084
136085
136086
136087
136089
136091
136095
136098
136104
136105
136111
136112
136113
136128
136141
136143
136176
136191
136192
136193
136223
136224
136225
136290
136304
136323
136325
136333
136344
136353
136395
136401
136404
136409
136413
136414
136415
136416
136417
136418
136419
136423
136437
136488
136522
136528
136530
136531
136542
136543
136544
136552
136553
136563
136564
136573
136582
136583
136584
136585
136586
136587
136588
136593
136596
136597
136605
136606
136624
136626
136627
136628
136637
136639
136640
136641
136647
136648
136668
136696
136704
136751
136752
136753
136773
136836
136837
136857
136863
136864
136865
136873
136899
136900
136920
136961
136976
137005
137006
137007
137046
137067
137068
137076
137077
137079
137082
137085
137086
137087
137088
137089
137090
137091
137097
137100
137101
137104
137109
137119
137120
137121
137145
137146
137199
137200
137201
137256
137280
137302
137310
137311
137312
137313
137340
137344
137358
137368
137384
137385
137386
137388
137389
137390
137395
137399
137424
137439
137440
137441
137442
137460
137461
137471
137472
137473
137474
137484
137485
137488
137496
137503
137504
137505
137506
137529
137535
137536
137537
137579
137592
137632
137637
137638
137640
137648
137676
137698
137700
137709
137710
137718
137731
137759
137760
137761
137762
137764
137775
137781
137782
137791
137792
137793
137802
137816
137817
137836
137839
137844
137845
137855
137856
137857
137858
137865
137866
137868
137869
137870
137871
137872
137883
137884
137887
137888
137889
137904
137907
137916
137962
137983
137984
137985
138000
138012
138024
138025
138030
138031
138032
138040
138041
138048
138072
138088
138094
138095
138096
138097
138104
138105
138106
138108
138120
138125
138126
138127
138128
138129
138130
138131
138132
138138
138141
138142
138143
138150
138160
138171
138176
138180
138181
138189
138193
138207
138208
138209
138210
138211
138212
138213
138216
138227
138228
138229
138231
138238
138243
138244
138245
138246
138247
138254
138255
138256
138260
138261
138262
138263
138272
138277
138278
138279
138295
138312
138320
138321
138328
138329
138330
138334
138346
138351
138352
138358
138375
138376
138380
138411
138432
138446
138460
138509
138510
138516
138537
138539
138549
138550
138551
138574
138575
138576
138584
138600
138601
138644
138656
138663
138672
138673
138690
138705
138706
138720
138756
138768
138831
138879
138880
138881
138886
138896
138897
138898
138908
138915
138924
138930
138936
138975
138993
139004
139008
139009
139023
139035
139104
139150
139215
139216
139217
139230
139251
139252
139253
139293
139328
139380
139386
139392
139411
139429
139440
139441
139442
139443
139453
139461
139463
139464
139465
139466
139476
139477
139478
139482
139483
139487
139488
139489
139491
139492
139494
139495
139496
139500
139503
139508
139509
139510
139511
139512
139513
139514
139515
139516
139519
139520
139521
139524
139533
139534
139536
139537
139542
139545
139546
139547
139548
139549
139550
139551
139552
139553
139554
139555
139556
139557
139559
139560
139561
139562
139572
139573
139579
139583
139584
139585
139586
139587
139589
139590
139591
139596
139597
139601
139610
139620
139629
139632
139633
139634
139638
139646
139650
139656
139657
139658
139659
139660
139661
139662
139663
139664
139665
139667
139668
139669
139672
139680
139684
139685
139686
139698
139704
139716
139722
139723
139724
139725
139726
139727
139728
139734
139743
139744
139745
139746
139750
139775
139776
139777
139797
139807
139808
139809
139810
139840
139888
139932
139950
139954
139955
139956
139968
139969
139986
140000
140007
140016
140017
140026
140027
140028
140049
140065
140070
140111
140112
140113
140133
140151
140154
140175
140217
140224
140283
140300
140336
140343
140374
140375
140376
140447
140448
140449
140560
140575
140579
140580
140581
140616
140672
140694
140695
140760
140767
140784
140789
140790
140791
140800
140825
140855
140866
140868
140869
140874
140875
140876
140889
140895
140896
140897
140904
140919
140921
140990
141000
141008
141053
141057
141075
141078
141099
141117
141118
141119
141120
141121
141122
141123
141141
141183
141207
141229
141232
141240
141262
141295
141306
141343
141344
141345
141347
141348
141349
141358
141372
141373
141405
141444
141450
141456
141465
141468
141477
141480
141481
141482
141483
141484
141485
141486
141487
141488
141489
141490
141491
141492
141493
141494
141495
141496
141497
141498
141499
141503
141504
141505
141507
141508
141509
141515
141525
141526
141527
141528
141537
141551
141552
141553
141561
141562
141645
141647
141669
141680
141687
141735
141736
141746
141756
141757
141760
141765
141766
141767
141768
141769
141770
141771
141772
141780
141781
141791
141792
141793
141800
141801
141802
141834
141873
141882
141899
141900
141901
141904
141918
141933
141955
141960
141999
142065
142066
142080
142081
142086
142098
142128
142140
142155
142164
142165
142175
142187
142188
142189
142190
142191
142197
142203
142204
142207
142208
142209
142219
142296
142311
142312
142324
142422
142425
142439
142443
142472
142494
142506
142507
142516
142524
142525
142526
142527
142528
142533
142538
142548
142549
142550
142551
142559
142560
142561
142569
142571
142582
142587
142600
142604
142614
142615
142616
142625
142626
142627
142631
142637
142668
142669
142670
142681
142688
142692
142695
142714
142725
142735
142736
142737
142747
142758
142779
142780
142800
142802
142812
142813
142814
142822
142824
142834
142835
142836
142842
142843
142845
142846
142857
142864
142868
142884
142885
142886
142890
142895
142899
142905
142906
142912
142919
142920
142921
142922
142923
142926
142927
142928
142931
142932
142933
142934
142935
142944
142945
142946
142947
142948
142955
142956
142957
142968
142969
142975
143007
143008
143009
143010
143022
143033
143043
143044
143045
143055
143065
143066
143067
143073
143077
143085
143086
143087
143088
143089
143090
143091
143099
143104
143109
143110
143111
143115
143117
143121
143127
143131
143132
143133
143136
143143
143154
143166
143168
143198
143199
143210
143220
143231
143240
143242
143243
143244
143245
143246
143247
143248
143249
143250
143251
143252
143253
143254
143255
143256
143257
143258
143259
143260
143261
143262
143263
143264
143265
143273
143274
143275
143290
143294
143319
143325
143335
143336
143343
143344
143345
143352
143359
143360
143361
143388
143405
143409
143418
143429
143430
143439
143440
143441
143451
143462
143468
143472
143487
143514
143519
143520
143521
143535
143541
143542
143550
143556
143577
143584
143616
143627
143635
143637
143638
143639
143640
143649
143662
143663
143664
143665
143666
143667
143695
143696
143697
143744
143745
143771
143787
143788
143808
143847
143856
143871
143879
143880
143881
143910
143911
143913
143934
143989
143990
144032
144039
144081
144082
144083
144088
144093
144094
144095
144111
144129
144143
144144
144145
144166
144177
144210
144243
144256
144274
144305
144309
144319
144320
144321
144331
144342
144362
144368
144384
144425
144430
144431
144450
144474
144479
144480
144481
144496
144522
144592
144606
144648
144649
144661
144669
144671
144672
144673
144677
144683
144708
144716
144738
144749
144753
144759
144760
144761
144767
144768
144771
144800
144816
144826
144831
144832
144833
144837
144866
144867
144868
144900
144901
144921
144956
144963
145024
145080
145092
145096
145145
145146
145147
145150
145151
145152
145153
145154
145157
145158
145159
145208
145222
145250
145274
145275
145276
145300
145304
145310
145311
145312
145314
145321
145322
145323
145324
145325
145326
145327
145328
145332
145346
145350
145374
145375
145376
145400
145406
145410
145413
145445
145463
145464
145465
145467
145474
145475
145476
145483
145486
145514
145530
145584
145585
145593
145594
145600
145614
145621
145656
145692
145693
145712
145717
145720
145727
145728
145729
145734
145739
145740
145761
145781
145782
145783
145800
145801
145823
145824
145825
145850
145887
145926
145930
145936
145944
145945
145948
145949
145950
145951
145952
145953
145954
145968
145969
145971
145972
145979
145980
145981
145982
145989
145990
145991
145992
145993
146003
146016
146017
146048
146054
146055
146056
146064
146065
146072
146088
146089
146094
146098
146134
146135
146138
146156
146157
146158
146159
146160
146161
146162
146165
146180
146188
146190
146191
146196
146197
146198
146199
146201
146207
146211
146212
146213
146223
146227
146231
146232
146233
146234
146235
146236
146237
146245
146255
146256
146257
146258
146259
146267
146268
146269
146270
146272
146280
146281
146286
146300
146304
146305
146315
146316
146317
146318
146319
146320
146328
146329
146337
146338
146339
146340
146341
146342
146343
146344
146349
146352
146353
146358
146359
146360
146361
146362
146363
146364
146365
146366
146369
146375
146376
146377
146378
146379
146380
146386
146387
146388
146394
146395
146396
146400
146401
146405
146411
146412
146413
146414
146419
146424
146425
146433
146448
146449
146451
146465
146475
146487
146496
146519
146520
146521
146538
146566
146592
146593
146601
146610
146625
146630
146631
146632
146640
146641
146642
146652
146664
146665
146672
146688
146689
146697
146698
146699
146700
146701
146702
146712
146713
146720
146729
146736
146737
146739
146740
146741
146751
146784
146790
146791
146792
146795
146831
146832
146833
146862
146863
146880
146881
146894
146916
146926
146927
146928
146930
146937
146938
146939
146944
146949
146957
146958
146959
146960
146961
146962
146963
146965
146966
146969
146971
146972
146975
146981
146982
146983
146984
146986
146987
146988
146989
146990
146991
146992
146993
146994
146995
146996
146997
146998
146999
147000
147002
147003
147004
147005
147011
147015
147017
147018
147019
147023
147024
147025
147026
147027
147028
147029
147037
147047
147048
147049
147056
147058
147059
147060
147070
147081
147084
147085
147092
147096
147097
147105
147106
147113
147126
147132
147133
147150
147151
147152
147153
147154
147155
147156
147167
147168
147169
147174
147189
147191
147199
147200
147201
147204
147205
147231
147232
147233
147235
147245
147246
147247
147252
147257
147268
147279
147280
147281
147290
147294
147295
147312
147314
147315
147334
147339
147344
147345
147346
147356
147360
147392
147420
147477
147499
147504
147506
147514
147515
147516
147519
147521
147570
147576
147600
147601
147616
147630
147660
147686
147687
147696
147700
147719
147728
147729
147730
147731
147741
147743
147744
147745
147749
147750
147751
147752
147753
147754
147755
147763
147773
147774
147775
147785
147801
147816
147836
147838
147839
147840
147841
147842
147844
147864
147882
147924
147925
147945
147952
147953
147980
147981
147983
147987
147988
148005
148008
148050
148056
148064
148092
148093
148104
148113
148126
148175
148176
148177
148199
148200
148201
148202
148214
148215
148216
148217
148236
148239
148240
148247
148257
148258
148259
148269
148288
148296
148297
148299
148302
148308
148319
148320
148321
148324
148338
148339
148341
148349
148365
148368
148369
148429
148449
148455
148456
148457
148471
148480
148491
148492
148493
148499
148500
148502
148510
148511
148512
148513
148522
148525
148533
148534
148554
148555
148556
148565
148575
148576
148596
148597
148617
148618
148619
148623
148624
148628
148631
148632
148633
148638
148639
148659
148680
148681
148701
148707
148708
148722
148728
148735
148736
148737
148738
148743
148744
148764
148779
148785
148800
148816
148830
148831
148848
148895
148896
148897
148915
148927
148928
148929
148941
148944
148959
148960
148961
149017
149072
149076
149077
149086
149112
149184
149193
149198
149199
149200
149201
149240
149247
149265
149270
149273
149274
149292
149296
149310
149322
149323
149327
149331
149343
149344
149345
149357
149358
149359
149360
149380
149408
149419
149420
149421
149424
149425
149427
149435
149436
149437
149439
149440
149442
149443
149444
149445
149446
149447
149448
149449
149450
149451
149454
149455
149457
149466
149467
149469
149520
149541
149542
149544
149545
149556
149562
149568
149569
149575
149628
149632
149644
149667
149677
149679
149682
149683
149685
149686
149687
149688
149689
149690
149691
149692
149693
149695
149697
149699
149709
149730
149731
149744
149751
149752
149758
149761
149772
149773
149793
149814
149815
149850
149856
149857
149877
149878
149898
149899
149907
149908
149916
149919
149940
149951
149952
149953
149996
149998
150034
150035
150036
150040
150060
150061
150072
150087
150088
150108
150120
150121
150150
150192
150193
150213
150220
150228
150229
150255
150256
150264
150265
150276
150277
150278
150280
150287
150288
150294
150297
150298
150304
150311
150318
150319
150330
150331
150332
150339
150340
150341
150350
150360
150361
150368
150381
150384
150402
150403
150404
150405
150406
150407
150408
150411
150412
150413
150416
150423
150426
150442
150444
150445
150465
150466
150467
150476
150478
150479
150480
150482
150486
150487
150507
150508
150516
150524
150527
150528
150529
150530
150532
150535
150536
150539
150549
150550
150552
150553
150555
150570
150590
150591
150594
150612
150625
150639
150640
150645
150651
150655
150656
150657
150658
150659
150660
150661
150662
150663
150667
150669
150670
150674
150675
150676
150677
150681
150696
150697
150717
150738
150759
150765
150774
150775
150776
150784
150798
150799
150801
150812
150843
150846
150847
150848
150849
150850
150864
150870
150879
150880
150881
150907
150908
150909
150910
150911
150912
150913
150914
150919
150920
150921
150923
150943
150944
150945
150948
150954
150960
150969
150974
150975
150976
150977
150978
150990
150995
150996
150997
151006
151018
151032
151040
151074
151088
151095
151116
151158
151164
151176
151177
151178
151182
151190
151191
151200
151203
151215
151216
151217
151225
151229
151279
151280
151281
151290
151291
151305
151340
151349
151359
151360
151361
151371
151382
151389
151402
151415
151424
151470
151506
151507
151512
151536
151547
151570
151584
151596
151602
151603
151604
151605
151606
151607
151608
151614
151616
151626
151632
151646
151656
151657
151658
151668
151685
151704
151728
151752
151767
151776
151777
151782
151789
151799
151800
151801
151807
151811
151821
151833
151844
151855
151872
151890
151899
151900
151901
151906
151915
151998
152008
152009
152010
152020
152024
152028
152029
152030
152031
152032
152033
152034
152042
152052
152053
152054
152055
152064
152218
152262
152271
152272
152273
152280
152306
152309
152320
152328
152334
152335
152353
152355
152361
152375
152394
152398
152404
152405
152406
152416
152460
152461
152481
152488
152489
152490
152520
152521
152522
152551
152552
152568
152582
152592
152607
152608
152614
152628
152644
152656
152713
152728
152733
152737
152739
152768
152775
152796
152799
152817
152835
152836
152837
152846
152860
152879
152880
152881
152882
152884
152886
152891
152901
152902
152922
152943
152964
152992
153015
153016
153017
153028
153048
153065
153070
153072
153081
153089
153090
153091
153092
153094
153099
153101
153111
153112
153117
153120
153132
153136
153140
153141
153142
153145
153153
153154
153171
153174
153192
153216
153230
153231
153232
153234
153236
153237
153241
153242
153243
153244
153246
153248
153253
153264
153279
153282
153321
153342
153351
153373
153381
153382
153384
153405
153410
153426
153438
153439
153450
153503
153504
153505
153506
153515
153516
153517
153535
153536
153537
153549
153552
153565
153569
153573
153581
153582
153583
153595
153600
153604
153613
153615
153621
153627
153628
153636
153637
153639
153648
153657
153658
153678
153699
153702
153703
153729
153759
153760
153783
153791
153792
153850
153851
153852
153916
153920
153972
154000
154011
154045
154056
154077
154079
154080
154081
154086
154111
154112
154113
154116
154117
154143
154144
154145
154160
154164
154165
154187
154198
154224
154250
154290
154344
154357
154368
154369
154370
154375
154376
154381
154399
154400
154401
154440
154451
154469
154470
154471
154489
154490
154500
154507
154508
154509
154510
154525
154527
154528
154539
154557
154558
154560
154565
154584
154596
154597
154602
154603
154604
154622
154623
154628
154629
154630
154679
154704
154711
154722
154751
154752
154753
154784
154791
154792
154836
154876
154882
154935
154968
154974
154980
154981
154983
155001
155044
155064
155065
155078
155085
155088
155089
155090
155100
155120
155169
155231
155232
155233
155254
155295
155337
155342
155350
155353
155363
155364
155365
155375
155379
155386
155402
155425
155460
155473
155484
155485
155486
155493
155496
155497
155508
155516
155518
155519
155520
155521
155522
155524
155532
155544
155545
155551
155555
155556
155557
155558
155561
155562
155563
155568
155569
155573
155580
155592
155595
155610
155611
155616
155617
155621
155622
155623
155626
155627
155628
155629
155630
155631
155633
155634
155635
155639
155661
155683
155685
155686
155693
155694
155695
155705
155736
155792
155878
155879
155880
155883
155889
155891
155892
155893
155903
155904
155905
155925
155936
155946
155947
155948
155958
155976
155977
155978
155980
155987
156000
156001
156006
156007
156008
156016
156017
156024
156034
156035
156036
156037
156038
156040
156046
156047
156084
156085
156090
156095
156096
156097
156098
156099
156108
156109
156128
156160
156192
156193
156239
156240
156241
156247
156282
156327
156328
156332
156333
156334
156352
156364
156384
156400
156408
156415
156492
156515
156519
156520
156521
156541
156576
156618
156648
156660
156661
156671
156672
156673
156674
156684
156685
156688
156703
156704
156705
156762
156792
156794
156795
156796
156799
156800
156801
156804
156805
156806
156816
156822
156823
156825
156826
156851
156852
156870
156871
156888
156896
156897
156898
156906
156912
156924
156930
156932
156933
156934
156942
156948
156949
156950
156951
156952
156953
156954
156959
156960
156961
156968
156969
156970
156972
156978
156996
157004
157005
157006
157014
157032
157069
157073
157080
157136
157140
157178
157184
157199
157200
157220
157248
157249
157269
157283
157284
157285
157289
157290
157291
157292
157294
157295
157296
157297
157301
157311
157317
157318
157320
157332
157359
157360
157361
157374
157402
157407
157408
157409
157410
157421
157431
157432
157433
157439
157440
157441
157442
157443
157454
157464
157471
157472
157473
157474
157487
157497
157498
157499
157503
157504
157505
157509
157518
157557
157558
157559
157561
157563
157564
157569
157570
157571
157584
157586
157604
157611
157612
157619
157625
157629
157630
157631
157638
157641
157652
157663
157664
157665
157674
157685
157695
157696
157697
157707
157716
157718
157721
157722
157723
157727
157728
157729
157752
157808
157819
157833
157837
157857
157897
157900
157919
157920
157921
157922
157931
157932
157933
157941
157942
157950
157962
157968
157969
158004
158005
158025
158026
158032
158050
158051
158055
158056
158080
158081
158088
158096
158100
158106
158111
158112
158113
158125
158132
158144
158145
158146
158151
158158
158173
158184
158193
158194
158208
158214
158236
158253
158256
158262
158301
158302
158312
158334
158340
158343
158400
158418
158444
158446
158456
158457
158458
158466
158470
158496
158508
158509
158510
158512
158514
158518
158519
158520
158521
158522
158523
158524
158529
158530
158532
158533
158534
158535
158536
158537
158538
158542
158548
158556
158560
158561
158562
158574
158585
158592
158593
158595
158596
158600
158612
158613
158614
158626
158632
158652
158676
158687
158688
158689
158697
158719
158720
158721
158730
158751
158752
158753
158760
158808
158816
158823
158844
158862
158884
158886
158895
158912
158922
158924
158925
158926
158927
158928
158929
158938
158950
158961
158964
159040
159048
159120
159148
159159
159170
159192
159193
159216
159225
159264
159327
159340
159354
159369
159390
159456
159465
159466
159467
159471
159480
159481
159495
159537
159538
159576
159588
159720
159764
159774
159775
159776
159786
159808
159830
159841
159842
159858
159936
160048
160050
160056
160080
160104
160138
160146
160147
160149
160159
160160
160161
160167
160171
160182
160251
160272
160310
160314
160344
160345
160354
160355
160356
160357
160358
160362
160363
160369
160379
160380
160381
160382
160383
160384
160385
160386
160387
160388
160391
160398
160402
160405
160416
160417
160425
160446
160496
160535
160567
160577
160578
160579
160588
160589
160590
160607
160608
160609
160633
160634
160646
160651
160652
160653
160654
160655
160656
160657
160658
160664
160665
160666
160667
160668
160669
160670
160675
160676
160688
160710
160719
160720
160721
160737
160738
160743
160776
160798
160809
160821
160822
160832
160865
160866
160867
160868
160885
160930
160941
160951
160952
160953
160963
160971
160972
160973
160974
160975
160976
160977
160985
160992
160995
160996
160997
161007
161056
161136
161142
161144
161145
161146
161154
161161
161162
161163
161164
161166
161172
161173
161197
161205
161238
161253
161254
161280
161304
161359
161369
161370
161371
161375
161376
161377
161378
161381
161392
161403
161407
161408
161409
161413
161414
161415
161425
161448
161499
161500
161504
161528
161532
161568
161569
161575
161601
161615
161616
161617
161650
161658
161667
161700
161712
161728
161745
161746
161784
161785
161865
161920
161963
161964
161965
161966
162008
162095
162096
162097
162099
162100
162105
162114
162115
162126
162130
162162
162176
162225
162237
162238
162288
162327
162328
162351
162359
162360
162361
162362
162392
162393
162394
162414
162426
162432
162448
162483
162484
162485
162494
162519
162540
162541
162561
162564
162572
162573
162574
162576
162583
162591
162612
162613
162614
162616
162620
162621
162623
162624
162625
162626
162627
162628
162630
162631
162632
162633
162634
162636
162637
162638
162639
162640
162641
162642
162643
162644
162645
162646
162647
162648
162649
162650
162651
162652
162653
162654
162655
162656
162657
162658
162659
162660
162661
162662
162664
162669
162672
162673
162674
162676
162678
162683
162687
162688
162689
162692
162698
162702
162710
162712
162713
162714
162716
162723
162736
162747
162748
162754
162782
162786
162792
162812
162833
162834
162835
162836
162840
162853
162855
162872
162932
162936
162964
162975
162976
163053
163060
163068
163072
163112
163191
163192
163233
163234
163240
163254
163296
163297
163317
163324
163359
163360
163380
163422
163432
163548
163556
163614
163647
163679
163680
163681
163713
163744
163800
163801
163804
163805
163821
163944
163958
163968
163992
164010
164052
164053
164059
164073
164075
164076
164077
164078
164082
164083
164192
164207
164208
164209
164241
164263
164283
164300
164371
164372
164373
164409
164424
164428
164472
164481
164528
164639
164640
164641
164667
164673
164674
164700
164703
164752
164754
164800
164824
164834
164835
164836
164846
164864
164871
164928
164934
164956
164975
164976
164977
164994
164997
165025
165060
165061
165067
165068
165069
165074
165075
165078
165081
165088
165102
165121
165123
165125
165132
165144
165165
165186
165187
165228
165240
165242
165312
165315
165316
165319
165320
165333
165354
165385
165396
165416
165418
165429
165438
165439
165440
165441
165451
165452
165459
165480
165485
165564
165599
165600
165601
165627
165636
165637
165638
165640
165647
165648
165669
165690
165711
165712
165715
165725
165726
165727
165732
165753
165795
165858
165879
165921
165923
165924
165925
165952
165957
165958
165984
166056
166067
166089
166125
166152
166153
166175
166194
166204
166212
166213
166257
166278
166320
166383
166419
166420
166439
166446
166447
166452
166465
166474
166488
166544
166551
166599
166600
166655
166656
166657
166720
166750
166751
166761
166763
166768
166782
166824
166887
166920
166959
166992
167013
167041
167067
167076
167090
167157
167181
167216
167222
167241
167242
167244
167280
167281
167287
167293
167314
167319
167320
167325
167326
167327
167328
167329
167330
167331
167332
167337
167338
167346
167354
167355
167356
167359
167360
167361
167364
167365
167403
167404
167440
167454
167472
167479
167544
167545
167547
167552
167562
167563
167580
167583
167589
167634
167652
167653
167664
167670
167671
167672
167681
167689
167706
167767
167768
167772
167824
167883
167884
167943
167958
167961
168021
168025
168035
168036
168037
168065
168084
168085
168111
168147
168168
168183
168191
168192
168193
168201
168204
168210
168216
168234
168245
168246
168256
168264
168265
168288
168292
168294
168336
168337
168357
168379
168399
168400
168401
168404
168405
168406
168410
168411
168420
168421
168432
168433
168434
168441
168449
168450
168451
168454
168455
168462
168463
168476
168483
168487
168497
168498
168499
168506
168509
168518
168519
168520
168524
168525
168526
168532
168560
168563
168564
168565
168584
168586
168630
168640
168644
168645
168646
168764
168783
168840
168841
168846
168960
169000
169088
169089
169090
169091
169092
169099
169103
169104
169105
169110
169117
169120
169129
169167
169168
169208
169231
169232
169233
169242
169281
169290
169309
169344
169345
169365
169407
169456
169472
169488
169489
169510
169567
169568
169569
169573
169617
169618
169632
169680
169681
169709
169715
169727
169728
169729
169741
169774
169807
169809
169818
169841
169936
170016
170040
170079
170080
170084
170088
170089
170099
170100
170101
170102
170104
170105
170106
170112
170113
170247
170346
170352
170409
170410
170451
170452
170478
170504
170505
170506
170520
170521
170584
170586
170587
170589
170595
170604
170605
170606
170608
170615
170625
170626
170646
170666
170667
170668
170688
170694
170710
170724
170725
170726
170727
170728
170729
170730
170731
170732
170733
170734
170735
170736
170737
170738
170740
170741
170742
170747
170751
170752
170763
170771
170772
170773
170775
170776
170780
170793
170800
170835
170836
170856
170857
170858
170860
170867
170877
170878
170898
170926
170940
170961
170982
170996
171024
171072
171087
171093
171094
171108
171132
171171
171192
171193
171216
171217
171240
171241
171248
171264
171281
171307
171309
171313
171315
171316
171317
171318
171319
171321
171324
171325
171326
171327
171333
171336
171348
171359
171360
171361
171380
171391
171401
171402
171403
171413
171414
171415
171424
171441
171444
171456
171465
171468
171472
171554
171585
171586
171600
171616
171665
171666
171696
171710
171730
171735
171780
171801
171804
171819
171864
171865
171886
171888
171889
171890
171892
171899
171912
171913
171920
171927
171936
171984
171990
171991
172008
172011
172026
172031
172032
172033
172044
172045
172047
172053
172056
172144
172152
172250
172326
172355
172356
172357
172368
172369
172377
172389
172431
172458
172462
172469
172479
172480
172481
172491
172502
172557
172558
172579
172584
172590
172608
172623
172632
172698
172755
172773
172815
172816
172899
172900
172901
172902
172914
172942
172980
173012
173013
173019
173026
173039
173040
173041
173096
173169
173170
173172
173250
173260
173264
173290
173305
173340
173375
173376
173377
173419
173420
173421
173448
173481
173488
173502
173503
173523
173535
173565
173628
173672
173712
173784
173786
173817
173848
173936
173943
173982
174047
174048
174049
174065
174080
174097
174135
174136
174141
174160
174163
174168
174169
174192
174220
174229
174240
174251
174261
174262
174263
174273
174276
174282
174295
174313
174344
174372
174373
174375
174376
174382
174384
174385
174386
174387
174388
174389
174390
174391
174392
174393
174394
174395
174396
174397
174398
174399
174400
174401
174402
174403
174404
174405
174406
174407
174408
174409
174410
174411
174412
174415
174417
174418
174419
174421
174427
174495
174496
174497
174505
174507
174508
174509
174511
174592
174608
174624
174636
174699
174717
174718
174719
174720
174721
174722
174723
174741
174754
174755
174756
174765
174832
174840
174885
174886
174889
174930
174942
174943
174944
174945
174946
174961
175016
175032
175056
175188
175266
175280
175329
175383
175391
175392
175393
175401
175413
175476
175504
175526
175560
175582
175584
175608
175616
175680
175693
175728
175740
175770
175771
175772
175774
175781
175801
175802
175832
175835
175894
175908
175956
175957
175958
175967
175968
175969
176065
176066
176067
176076
176085
176087
176088
176089
176090
176091
176098
176099
176100
176111
176112
176113
176122
176176
176195
176219
176220
176221
176222
176229
176288
176311
176320
176351
176352
176353
176399
176400
176401
176505
176506
176512
176550
176576
176580
176640
176641
176748
176778
176792
176841
176847
176871
176872
176904
176967
176997
176998
177014
177072
177087
177088
177089
177096
177099
177100
177101
177111
177119
177120
177121
177122
177133
177143
177144
177145
177151
177152
177153
177155
177166
177192
177193
177243
177244
177266
177290
177353
177407
177408
177409
177422
177423
177424
177433
177434
177435
177513
177514
177520
177539
177540
177541
177555
177556
177631
177632
177633
177670
177678
177688
177696
177714
177723
177735
177736
177744
177745
177778
177779
177780
177786
177804
177822
177823
177834
177840
177841
177850
177859
177870
177888
177912
177920
177940
177968
177984
178024
178066
178079
178080
178081
178160
178192
178215
178281
178282
178312
178323
178324
178325
178335
178336
178350
178351
178354
178365
178374
178375
178416
178417
178430
178433
178436
178437
178459
178479
178480
178481
178486
178490
178500
178501
178521
178542
178543
178557
178559
178560
178561
178563
178564
178565
178574
178584
178585
178594
178595
178596
178597
178603
178604
178605
178606
178607
178608
178609
178614
178617
178618
178626
178627
178647
178648
178649
178658
178668
178669
178684
178689
178710
178711
178717
178720
178731
178732
178733
178742
178750
178751
178752
178753
178760
178772
178773
178780
178793
178794
178795
178796
178798
178815
178816
178817
178838
178839
178848
178849
178850
178857
178858
178859
178860
178861
178862
178863
178871
178878
178879
178880
178881
178882
178883
178885
178893
178902
178903
178904
178905
178906
178915
178918
178925
178926
178927
178937
178948
178962
178970
178971
178981
178991
178992
178993
179003
179014
179015
179016
179036
179037
179058
179067
179069
179079
179080
179081
179087
179091
179102
179118
179119
179120
179122
179129
179172
179180
179200
179201
179202
179204
179211
179212
179223
179233
179234
179235
179245
179256
179305
179312
179334
179350
179361
179362
179382
179391
179392
179393
179400
179415
179423
179424
179425
179439
179440
179441
179450
179455
179456
179457
179486
179487
179519
179520
179521
179554
179632
179652
179656
179657
179658
179659
179663
179667
179673
179674
179675
179676
179677
179678
179679
179680
179681
179682
179683
179684
179685
179690
179696
179701
179718
179733
179734
179735
179740
179741
179751
179752
179753
179754
179755
179756
179757
179758
179759
179760
179761
179762
179763
179764
179765
179766
179767
179768
179769
179771
179785
179786
179787
179800
179850
179888
179903
179904
179905
179929
179935
179936
179937
179949
179950
179967
179968
179969
179991
179998
179999
180048
180081
180082
180083
180090
180092
180110
180180
180181
180201
180243
180246
180264
180320
180321
180322
180324
180331
180369
180375
180390
180402
180403
180404
180406
180413
180433
180453
180485
180486
180487
180597
180642
180643
180723
180724
180792
180802
180803
180804
180880
180950
180957
180964
180977
180978
181044
181104
181109
181110
181111
181116
181121
181122
181123
181216
181311
181327
181328
181329
181365
181370
181371
181372
181374
181381
181408
181409
181410
181412
181438
181439
181440
181441
181442
181443
181444
181445
181446
181449
181450
181451
181452
181453
181471
181472
181473
181474
181482
181483
181489
181503
181504
181505
181506
181510
181511
181512
181514
181521
181552
181555
181559
181565
181566
181567
181568
181569
181570
181573
181577
181608
181609
181610
181621
181629
181631
181632
181633
181643
181654
181663
181664
181665
181686
181687
181698
181755
181761
181776
181791
181792
181793
181818
181887
181888
181889
181925
181926
181927
181973
182000
182007
182008
182042
182043
182070
182071
182091
182160
182208
182271
182272
182273
182298
182328
182329
182352
182353
182483
182574
182622
182649
182650
182655
182656
182688
182729
182730
182731
182736
182741
182742
182743
182784
182896
182897
182910
182925
182926
182928
182952
182953
182970
182973
182995
183007
183008
183009
183015
183016
183017
183026
183036
183037
183040
183049
183057
183078
183079
183099
183120
183141
183205
183218
183232
183246
183291
183393
183394
183414
183456
183529
183535
183567
183568
183569
183612
183613
183619
183645
183678
183680
183708
183709
183720
183721
183729
183743
183744
183745
183746
183768
183769
183771
183791
183792
183793
183820
183862
183875
183876
183877
183888
183889
183903
183904
183905
183924
183933
183960
183961
183962
183981
184016
184031
184032
184033
184034
184063
184064
184065
184103
184104
184128
184140
184172
184212
184240
184255
184262
184274
184275
184276
184288
184338
184352
184360
184438
184448
184463
184464
184465
184470
184575
184576
184577
184586
184680
184730
184800
184884
184896
184897
184898
184907
184998
185030
185031
185032
185064
185136
185137
185166
185217
185218
185220
185221
185241
185250
185251
185262
185269
185283
185295
185329
185360
185361
185362
185363
185364
185365
185366
185367
185369
185370
185371
185372
185384
185385
185386
185449
185471
185472
185473
185478
185479
185483
185484
185485
185486
185487
185509
185510
185511
185526
185527
185536
185537
185538
185539
185540
185541
185542
185547
185548
185550
185551
185558
185559
185560
185569
185570
185571
185581
185584
185592
185607
185608
185627
185640
185650
185661
185680
185702
185725
185745
185790
185814
185834
185845
185855
185856
185857
185859
185860
185867
185871
185878
185892
185910
185918
185919
185920
185921
185922
185930
185955
185977
186000
186015
186016
186017
186018
186021
186024
186031
186032
186033
186060
186111
186120
186121
186122
186129
186131
186144
186180
186181
186182
186186
186191
186212
186219
186256
186300
186340
186367
186368
186369
186379
186417
186418
186419
186466
186468
186478
186479
186480
186484
186487
186489
186490
186493
186495
186496
186497
186498
186499
186500
186501
186502
186503
186504
186505
186506
186507
186508
186509
186510
186511
186512
186513
186516
186517
186518
186520
186524
186525
186526
186528
186529
186530
186531
186532
186535
186537
186538
186540
186547
186552
186556
186560
186567
186576
186606
186610
186615
186616
186623
186624
186625
186633
186637
186648
186696
186703
186706
186714
186732
186733
186747
186753
186754
186760
186822
186823
186824
186833
186837
186852
186868
186875
186876
186877
186879
186886
186896
186897
186898
186899
186900
186901
186909
186912
186913
186920
186921
186922
186923
186924
186931
186932
186933
186935
186944
186945
186946
186948
186955
186967
186968
186969
186978
186984
186985
186986
186987
186988
186989
186990
186991
186992
186993
186994
186995
186996
187000
187001
187002
187011
187012
187013
187014
187015
187024
187026
187032
187036
187037
187038
187043
187044
187045
187047
187048
187055
187060
187065
187066
187067
187068
187077
187078
187080
187081
187082
187083
187084
187087
187088
187089
187099
187101
187105
187106
187107
187108
187109
187110
187111
187112
187113
187114
187116
187119
187121
187128
187129
187130
187131
187132
187133
187139
187143
187144
187150
187151
187152
187153
187154
187155
187161
187162
187163
187165
187173
187174
187175
187176
187185
187194
187209
187220
187231
187241
187242
187243
187253
187264
187308
187341
187363
187376
187404
187418
187440
187448
187449
187450
187451
187452
187453
187462
187463
187464
187465
187466
187467
187468
187473
187476
187477
187486
187487
187488
187489
187496
187509
187517
187540
187541
187542
187551
187564
187565
187566
187572
187576
187582
187592
187600
187624
187638
187660
187677
187680
187698
187704
187715
187720
187721
187726
187737
187739
187740
187748
187759
187761
187782
187783
187785
187786
187803
187804
187805
187814
187823
187824
187825
187845
187847
187866
187872
187880
187887
187908
187913
187924
187956
187968
187979
187990
188001
188025
188034
188048
188078
188082
188097
188106
188107
188108
188111
188117
188133
188139
188140
188141
188153
188154
188155
188159
188160
188161
188165
188166
188167
188210
188232
188244
188245
188247
188253
188255
188265
188272
188287
188325
188326
188350
188356
188370
188371
188372
188376
188381
188391
188392
188412
188427
188428
188429
188433
188438
188461
188496
188497
188500
188501
188517
188559
188560
188562
188568
188573
188580
188600
188601
188615
188616
188617
188618
188619
188628
188639
188640
188641
188648
188649
188650
188651
188661
188664
188672
188720
188727
188732
188733
188748
188749
188760
188769
188771
188791
188811
188812
188813
188822
188831
188832
188833
188853
188856
188870
188874
188875
188892
188895
188903
188904
188925
188937
188940
188942
188944
188945
188947
188958
188969
188996
189000
189006
189013
189020
189022
189023
189024
189025
189026
189028
189042
189048
189068
189069
189156
189168
189175
189189
189211
189231
189253
189273
189288
189390
189391
189420
189440
189441
189462
189503
189504
189505
189541
189546
189552
189567
189588
189596
189660
189673
189688
189711
189728
189750
189766
189768
189769
189770
189774
189775
189776
189777
189783
189784
189785
189786
189787
189788
189789
189790
189808
189816
189839
189840
189841
189878
189880
189882
189900
189901
189950
189951
189952
189953
189966
189973
189978
189984
189985
189986
189987
189988
189989
189990
189996
190003
190008
190009
190029
190032
190044
190045
190064
190068
190069
190079
190080
190081
190082
190092
190093
190096
190113
190116
190117
190125
190176
190204
190205
190206
190211
190212
190213
190222
190224
190225
190226
190235
190240
190241
190242
190243
190244
190245
190246
190255
190256
190257
190260
190261
190264
190267
190278
190314
190320
190344
190348
190349
190350
190351
190352
190353
190359
190361
190386
190388
190405
190449
190456
190477
190509
190512
190531
190575
190584
190585
190586
190587
190588
190595
190596
190597
190619
190624
190632
190638
190674
190696
190710
190711
190712
190729
190739
190740
190741
190751
190759
190760
190761
190762
190763
190764
190765
190773
190783
190784
190785
190795
190820
190821
190822
190831
190836
190848
190909
190910
190911
190929
190930
190945
190955
190959
190960
190961
190968
190982
190991
190993
190995
191004
191015
191034
191035
191036
191045
191052
191053
191054
191055
191056
191057
191058
191059
191060
191063
191064
191065
191066
191067
191068
191069
191072
191076
191077
191078
191087
191135
191136
191137
191158
191160
191161
191182
191257
191267
191268
191269
191279
191290
191291
191292
191301
191316
191317
191375
191395
191396
191397
191398
191399
191400
191401
191425
191426
191499
191520
191521
191524
191525
191526
191527
191528
191535
191536
191537
191540
191545
191546
191568
191580
191620
191631
191632
191633
191637
191642
191646
191653
191664
191675
191680
191708
191719
191729
191730
191731
191734
191741
191744
191750
191751
191752
191760
191761
191762
191771
191774
191784
191785
191786
191796
191806
191807
191808
191809
191810
191818
191820
191828
191829
191830
191840
191847
191848
191849
191850
191851
191852
191853
191854
191856
191862
191865
191866
191867
191868
191869
191870
191871
191872
191873
191874
191880
191881
191882
191883
191884
191889
191890
191895
191906
191916
191917
191918
191919
191928
191950
191958
191961
191968
191970
191986
191987
191994
192001
192012
192024
192027
192030
192031
192032
192033
192034
192035
192036
192042
192054
192079
192080
192081
192082
192104
192105
192182
192192
192206
192207
192208
192214
192276
192279
192280
192339
192340
192341
192342
192416
192444
192456
192496
192527
192528
192529
192544
192556
192576
192577
192584
192588
192600
192601
192603
192618
192619
192640
192645
192654
192659
192660
192661
192662
192663
192678
192679
192680
192681
192682
192683
192684
192696
192702
192796
192815
192816
192817
192821
192850
192864
192866
192918
192921
192922
193088
193111
193149
193150
193151
193154
193155
193156
193157
193161
193162
193163
193199
193200
193201
193242
193243
193284
193285
193305
193312
193347
193356
193365
193369
193373
193374
193375
193383
193392
193424
193440
193473
193493
193494
193495
193522
193535
193536
193537
193563
193564
193578
193613
193622
193648
193809
193851
193852
193864
193872
193874
193875
193876
193880
193884
193885
193886
193895
193896
193914
193915
193920
193935
193977
193978
193983
193984
193985
193998
194040
194041
194052
194061
194062
194096
194106
194146
194166
194167
194168
194177
194184
194187
194188
194205
194206
194207
194208
194209
194210
194211
194227
194229
194241
194271
194278
194279
194280
194320
194325
194326
194385
194386
194397
194399
194400
194401
194402
194415
194416
194431
194432
194433
194475
194476
194502
194526
194527
194543
194544
194545
194649
194655
194656
194657
194733
194755
194768
194775
194810
194832
194847
194848
194859
194877
194878
194879
194880
194881
194882
194883
194895
194901
194922
194992
195000
195001
195025
195048
195049
195050
195069
195073
195096
195097
195103
195104
195105
195111
195119
195120
195121
195122
195123
195144
195145
195153
195157
195165
195166
195167
195168
195169
195170
195171
195172
195175
195181
195183
195184
195185
195192
195193
195195
195196
195198
195207
195209
195210
195211
195212
195213
195214
195215
195216
195217
195218
195219
195220
195221
195222
195223
195225
195234
195240
195241
195247
195248
195249
195264
195265
195279
195287
195288
195289
195290
195312
195313
195323
195327
195328
195329
195359
195360
195361
195363
195378
195381
195384
195390
195393
195396
195397
195398
195399
195400
195401
195402
195403
195404
195405
195406
195407
195408
195411
195414
195420
195423
195426
195440
195441
195448
195454
195455
195468
195469
195470
195472
195479
195489
195490
195508
195510
195531
195532
195537
195545
195549
195550
195551
195552
195553
195554
195555
195563
195573
195574
195594
195658
195664
195678
195679
195680
195689
195699
195700
195720
195741
195742
195762
195775
195776
195777
195783
195804
195822
195845
195887
195888
195889
195909
195910
195951
195976
195982
195990
195991
195992
195999
196000
196001
196013
196014
196057
196075
196077
196112
196119
196131
196203
196215
196221
196222
196223
196224
196225
196226
196227
196233
196245
196246
196266
196336
196350
196372
196392
196394
196405
196415
196416
196417
196427
196438
196447
196448
196449
196452
196459
196460
196461
196471
196524
196525
196526
196560
196561
196581
196625
196735
196745
196746
196747
196757
196767
196768
196769
196773
196779
196784
196791
196824
196825
196829
196840
196867
196895
196896
196897
196900
196916
196917
196928
196966
196976
196977
196978
196988
196991
196992
196993
197008
197030
197044
197054
197064
197065
197066
197068
197075
197076
197085
197086
197087
197088
197089
197098
197106
197109
197119
197120
197121
197131
197142
197151
197152
197153
197225
197231
197232
197233
197253
197254
197274
197285
197295
197329
197339
197340
197341
197344
197351
197379
197380
197395
197400
197415
197416
197455
197461
197471
197472
197473
197483
197505
197540
197559
197568
197573
197574
197575
197593
197608
197621
197625
197639
197640
197641
197642
197643
197644
197645
197647
197648
197649
197658
197659
197663
197676
197709
197710
197711
197728
197729
197736
197744
197758
197760
197761
197762
197763
197780
197791
197801
197802
197803
197813
197823
197824
197825
197835
197846
197884
197890
197904
197989
198009
198030
198052
198057
198058
198072
198073
198074
198083
198088
198093
198094
198110
198114
198156
198157
198176
198177
198187
198198
198209
198240
198303
198352
198356
198374
198378
198464
198471
198528
198576
198605
198646
198688
198707
198750
198762
198768
198769
198770
198771
198772
198773
198774
198780
198792
198799
198800
198801
198815
198816
198817
198835
198892
198912
198925
198954
198968
198996
199017
199020
199040
199045
199080
199166
199212
199226
199248
199260
199261
199264
199342
199361
199383
199384
199385
199410
199471
199505
199506
199507
199583
199584
199585
199661
199662
199663
199752
199808
199826
199836
199837
199857
199893
199894
199895
199908
199919
199920
199921
199977
199983
199984
199995
199996
199997
199998
199999
200000
200001
200019
200032
200052
200063
200064
200065
200066
200067
200070
200071
200072
200075
200076
200077
200078
200079
200100
200109
200167
200214
200215
200216
200225
200226
200227
200232
200237
200238
200239
200244
200277
200304
200305
200330
200368
200424
200436
200442
200443
200444
200445
200446
200447
200448
200454
200466
200474
200475
200476
200479
200480
200481
200484
200485
200486
200489
200490
200491
200508
200560
200592
200606
200607
200612
200613
200614
200615
200625
200655
200656
200674
200675
200676
200703
200704
200705
200736
200737
200781
200782
200790
200792
200793
200802
200816
200860
200880
200887
200907
200928
200946
200970
201016
201017
201018
201033
201039
201040
201041
201096
201097
201105
201106
201117
201127
201128
201129
201152
201227
201228
201229
201230
201231
201234
201256
201264
201267
201322
201333
201351
201352
201376
201399
201480
201488
201520
201588
201597
201599
201600
201601
201603
201607
201608
201609
201619
201621
201622
201623
201624
201625
201626
201627
201628
201629
201630
201631
201632
201633
201641
201645
201651
201652
201653
201663
201711
201712
201713
201720
201721
201824
201861
201872
201894
201909
201910
201936
202048
202089
202090
202113
202119
202120
202121
202140
202176
202195
202216
202223
202224
202225
202230
202231
202232
202234
202235
202236
202237
202241
202243
202244
202245
202271
202272
202273
202303
202304
202305
202335
202336
202337
202356
202368
202398
202413
202419
202482
202510
202551
202552
202554
202608
202609
202629
202664
202740
202840
202860
202861
202862
202863
202864
202865
202871
202872
202881
202882
202902
202917
202923
202950
202951
202986
202988
203049
203091
203112
203125
203148
203159
203205
203225
203247
203249
203250
203251
203258
203263
203269
203275
203276
203277
203279
203280
203281
203286
203291
203295
203296
203297
203299
203300
203301
203302
203303
203305
203306
203307
203310
203311
203312
203313
203316
203325
203326
203327
203336
203360
203375
203391
203400
203401
203411
203412
203413
203423
203424
203425
203426
203434
203435
203445
203450
203455
203456
203457
203467
203477
203478
203479
203489
203514
203553
203581
203616
203643
203652
203653
203665
203700
203701
203721
203732
203931
203973
203980
204006
204050
204057
204058
204078
204108
204109
204119
204120
204121
204122
204123
204125
204126
204127
204132
204133
204144
204149
204156
204157
204159
204160
204161
204171
204183
204184
204185
204204
204215
204226
204336
204360
204372
204373
204386
204393
204413
204435
204457
204468
204477
204478
204479
204480
204490
204500
204501
204502
204512
204540
204541
204556
204566
204567
204568
204577
204578
204579
204589
204600
204605
204606
204607
204623
204624
204625
204645
204697
204736
204750
204754
204755
204764
204765
204766
204775
204776
204777
204781
204787
204798
204816
204852
204853
204863
204864
204865
204875
204876
204877
204897
204901
204923
204924
204925
204930
204935
204936
204937
204960
204972
204973
204985
204995
204996
204997
205002
205007
205027
205029
205051
205056
205057
205065
205119
205120
205128
205146
205164
205184
205191
205296
205297
205381
205401
205403
205425
205436
205440
205491
205502
205509
205579
205589
205590
205591
205601
205632
205633
205653
205683
205689
205725
205758
205761
205791
205792
205793
205821
205854
205856
205881
205884
205901
205907
205919
205920
205921
205933
205959
205964
205967
205968
205969
206041
206064
206076
206080
206101
206112
206113
206115
206136
206172
206173
206195
206208
206245
206246
206261
206271
206272
206273
206283
206304
206346
206375
206388
206412
206437
206447
206448
206449
206459
206501
206502
206503
206514
206598
206613
206623
206624
206625
206629
206635
206641
206661
206685
206701
206703
206711
206712
206713
206721
206723
206724
206739
206770
206789
206799
206800
206801
206811
206832
206892
206893
206913
206921
206931
206932
206933
206943
206951
206952
206953
206954
206955
206956
206957
206965
206975
206976
206977
206987
207046
207144
207185
207207
207208
207228
207270
207280
207315
207344
207354
207359
207360
207361
207366
207367
207368
207375
207376
207377
207396
207397
207417
207418
207438
207439
207440
207449
207459
207460
207461
207471
207479
207480
207481
207482
207483
207493
207503
207504
207505
207515
207522
207523
207543
207544
207564
207565
207585
207606
207627
207647
207648
207649
207680
207687
207688
207690
207711
207713
207732
207753
207754
207760
207774
207824
207900
207921
207968
207997
208000
208001
208006
208007
208008
208009
208010
208011
208012
208017
208020
208021
208026
208030
208048
208096
208120
208127
208128
208129
208130
208131
208152
208153
208173
208207
208208
208209
208256
208257
208258
208278
208296
208318
208320
208321
208329
208330
208384
208395
208488
208494
208512
208513
208517
208582
208593
208625
208626
208627
208650
208651
208652
208656
208657
208659
208661
208677
208692
208715
208716
208735
208878
208884
208890
208971
208972
208980
209016
209017
209022
209032
209033
209034
209044
209064
209077
209087
209088
209089
209099
209121
209160
209161
209163
209184
209185
209187
209195
209196
209197
209198
209208
209209
209223
209224
209232
209233
209237
209238
209239
209243
209244
209245
209246
209247
209248
209256
209257
209265
209266
209267
209268
209269
209270
209271
209272
209280
209281
209286
209289
209290
209291
209292
209293
209294
209304
209305
209308
209318
209319
209320
209322
209328
209329
209330
209331
209339
209340
209341
209342
209349
209350
209351
209352
209353
209354
209355
209361
209363
209367
209373
209374
209375
209376
209377
209378
209379
209380
209381
209382
209383
209384
209385
209386
209387
209388
209389
209390
209391
209392
209394
209395
209396
209397
209403
209407
209409
209415
209416
209417
209418
209419
209420
209421
209429
209439
209440
209441
209448
209450
209451
209452
209462
209469
209470
209484
209496
209517
209520
209521
209583
209600
209625
209645
209649
209664
209665
209685
209706
209726
209733
209736
209737
209738
209748
209751
209752
209753
209754
209755
209756
209757
209759
209760
209761
209775
209814
209836
209871
209875
209883
209916
209937
209951
209952
209953
210000
210012
210024
210025
210033
210069
210078
210087
210269
210270
210271
210335
210496
210528
210540
210576
210672
210870
210880
210892
210897
210924
210925
210945
210946
210958
210969
210987
211008
211050
211067
211068
211069
211070
211156
211172
211191
211192
211199
211200
211201
211218
211239
211255
211302
211360
211361
211365
211372
211406
211407
211431
211432
211433
211434
211458
211459
211540
211568
211596
211617
211618
211638
211679
211680
211681
211701
211743
211744
211761
211764
211791
211792
211793
211806
211807
211823
211827
211848
211860
211861
211882
211904
211959
211969
211970
211971
211981
212014
212058
212121
212181
212182
212184
212221
212223
212226
212227
212229
212230
212231
212232
212233
212235
212238
212239
212240
212241
212247
212262
212267
212280
212328
212352
212394
212436
212437
212441
212457
212478
212499
212502
212509
212519
212520
212521
212531
212562
212583
212597
212604
212607
212608
212609
212619
212652
212660
212667
212668
212681
212688
212718
212773
212783
212784
212785
212793
212800
212814
212823
212842
212908
212916
212982
213081
213129
213213
213255
213282
213283
213285
213313
213325
213369
213370
213371
213407
213408
213409
213435
213439
213440
213441
213444
213464
213465
213466
213471
213472
213473
213528
213555
213617
213696
213697
213717
213785
213786
213840
213841
213864
213906
213990
214002
214003
214020
214021
214032
214142
214143
214144
214145
214200
214256
214263
214266
214267
214304
214326
214367
214368
214369
214371
214380
214381
214383
214386
214387
214388
214389
214390
214391
214392
214393
214394
214395
214396
214398
214399
214401
214410
214411
214413
214480
214493
214512
214513
214555
214592
214598
214632
214634
214635
214636
214637
214654
214656
214680
214698
214703
214704
214705
214720
214742
214758
214759
214816
214830
214848
214849
214859
214860
214861
214862
214864
214865
214866
214872
214873
214875
214876
214877
214878
214879
214880
214881
214882
214884
214889
214890
214911
214928
214935
214948
214970
215006
215007
215008
215016
215017
215039
215040
215041
215044
215047
215060
215070
215078
215079
215080
215081
215082
215083
215084
215102
215104
215118
215152
215154
215155
215156
215172
215192
215264
215323
215324
215376
215391
215413
215424
215496
215497
215499
215523
215552
215600
215616
215712
215713
215760
215784
215824
215858
215883
215884
215885
215935
215936
215937
215964
216008
216033
216048
216084
216090
216097
216111
216123
216129
216130
216131
216132
216133
216134
216135
216141
216153
216168
216169
216256
216315
216358
216370
216379
216380
216381
216384
216468
216489
216504
216513
216552
216576
216600
216644
216645
216667
216675
216676
216720
216832
216909
216972
216973
216996
217005
217107
217117
217118
217119
217120
217121
217129
217137
217138
217139
217140
217141
217142
217143
217151
217161
217162
217163
217173
217235
217248
217249
217279
217341
217342
217371
217372
217392
217503
217504
217505
217587
217588
217616
217665
217666
217686
217707
217719
217725
217726
217727
217728
217729
217730
217731
217737
217749
217770
217791
217792
217800
217812
217840
217862
217896
217951
217952
217953
217959
217966
218064
218240
218280
218317
218400
218449
218512
218526
218591
218592
218593
218601
218623
218624
218625
218655
218656
218657
218673
218736
218757
218862
218922
218944
218960
218984
218985
218986
218988
219032
219090
219108
219234
219243
219252
219286
219297
219307
219355
219356
219357
219366
219375
219408
219478
219483
219492
219501
219509
219510
219511
219513
219519
219520
219521
219527
219529
219537
219538
219556
219563
219564
219565
219566
219576
219591
219592
219598
219600
219601
219604
219618
219619
219620
219622
219629
219632
219639
219640
219645
219660
219672
219681
219682
219690
219698
219699
219700
219702
219708
219725
219726
219744
219849
219857
219870
219885
219995
220077
220080
220099
220108
220109
220110
220111
220121
220143
220180
220225
220235
220303
220304
220311
220319
220320
220321
220337
220363
220405
220416
220500
220607
220616
220623
220675
220703
220704
220705
220724
220725
220726
220834
220848
220875
220893
220894
220895
220913
220990
221032
221117
221122
221123
221124
221128
221129
221130
221131
221143
221154
221155
221156
221169
221185
221186
221200
221216
221231
221270
221278
221403
221490
221585
221616
221617
221640
221648
221650
221738
221749
221759
221760
221761
221771
221782
221823
221923
221928
221929
221941
221949
221950
221951
221952
221953
221954
221960
221965
221970
221971
221983
221984
221985
221991
221992
222022
222023
222024
222026
222033
222053
222054
222075
222076
222084
222096
222132
222144
222146
222177
222180
222201
222202
222207
222208
222209
222222
222239
222264
222299
222309
222310
222311
222320
222321
222354
222363
222376
222404
222408
222420
222426
222427
222432
222444
222445
222453
222463
222475
222528
222530
222685
222720
222750
222756
222757
222774
222815
222816
222817
222921
222952
222970
222983
223014
223024
223025
223026
223036
223057
223068
223069
223070
223080
223081
223092
223095
223100
223102
223103
223104
223105
223106
223108
223116
223128
223129
223139
223140
223141
223142
223146
223152
223153
223288
223300
223344
223353
223381
223410
223416
223417
223440
223452
223453
223454
223464
223465
223466
223476
223477
223520
223537
223542
223552
223553
223554
223560
223561
223562
223564
223571
223572
223573
223574
223575
223576
223577
223578
223584
223585
223586
223596
223597
223598
223600
223608
223630
223674
223684
223685
223686
223696
223737
223740
223806
223824
223850
223881
223905
224007
224028
224058
224070
224077
224112
224114
224124
224125
224126
224133
224135
224136
224148
224149
224180
224229
224230
224244
224245
224255
224256
224257
224258
224268
224269
224287
224288
224289
224351
224352
224353
224354
224376
224383
224384
224385
224400
224475
224476
224504
224532
224594
224595
224596
224599
224600
224601
224604
224605
224606
224689
224690
224691
224699
224700
224701
224707
224708
224709
224710
224711
224712
224713
224714
224715
224716
224717
224718
224719
224720
224721
224722
224723
224724
224725
224730
224741
224742
224743
224848
224868
224884
224894
224895
224896
224906
224910
224967
224968
224976
224998
225021
225280
225302
225344
225352
225372
225414
225415
225423
225435
225455
225456
225457
225477
225478
225479
225488
225489
225498
225499
225504
225505
225519
225528
225540
225541
225561
225562
225563
225568
225572
225582
225583
225592
225600
225601
225602
225603
225604
225605
225606
225607
225612
225615
225616
225624
225625
225645
225646
225647
225656
225663
225666
225667
225680
225687
225708
225709
225715
225723
225729
225730
225731
225740
225750
225751
225771
225791
225792
225793
225813
225855
225856
225876
225888
225892
225904
225930
225960
225984
225985
226006
226044
226052
226065
226170
226175
226176
226177
226300
226305
226359
226360
226380
226422
226432
226434
226576
226590
226616
226628
226629
226630
226642
226668
226680
226681
226682
226686
226688
226694
226704
226705
226706
226707
226708
226709
226710
226720
226728
226732
226733
226734
226746
226772
226780
226784
226785
226786
226796
226798
226824
226980
226989
227024
227056
227135
227136
227137
227205
227212
227213
227214
227217
227223
227233
227241
227248
227268
227304
227305
227448
227469
227472
227479
227480
227481
227491
227500
227526
227556
227636
227638
227639
227640
227641
227642
227644
227668
227669
227670
227679
227695
227696
227697
227698
227699
227706
227707
227708
227724
227725
227726
227735
227780
227840
227934
227950
227955
228030
228107
228117
228118
228119
228129
228165
228166
228206
228231
228255
228256
228257
228258
228287
228288
228289
228290
228319
228320
228321
228322
228351
228352
228353
228368
228411
228412
228418
228419
228420
228421
228422
228459
228479
228480
228481
228501
228533
228534
228592
228690
228789
228799
228800
228801
228811
228874
228888
228889
228890
228921
229068
229092
229120
229121
229122
229124
229131
229152
229153
229154
229182
229183
229184
229185
229186
229187
229188
229189
229190
229193
229194
229195
229196
229197
229198
229205
229215
229216
229217
229218
229247
229248
229249
229257
229264
229310
229311
229312
229313
229314
229320
229321
229341
229343
229344
229345
229350
229375
229376
229377
229383
229392
229393
229407
229408
229409
229416
229441
229488
229515
229516
229517
229526
229535
229536
229537
229572
229593
229635
229636
229656
229662
229698
229775
229836
229837
229838
229840
229843
229846
229847
229852
229853
229854
229855
229856
229857
229858
229863
229864
229866
229867
229876
229887
229888
229908
229966
230010
230020
230041
230054
230058
230065
230075
230076
230077
230087
230098
230111
230112
230113
230139
230142
230143
230144
230145
230157
230158
230159
230168
230175
230176
230177
230202
230214
230215
230216
230230
230231
230268
230272
230478
230479
230480
230482
230489
230552
230553
230554
230556
230563
230622
230769
230799
230800
230832
230874
230875
231120
231121
231150
231168
231175
231176
231196
231264
231265
231297
231336
231338
231363
231364
231396
231426
231441
231504
231705
231756
231762
231840
231882
232101
232102
232223
232224
232225
232226
232255
232256
232257
232288
232300
232347
232348
232386
232387
232452
232496
232497
232498
232507
232518
232524
232525
232527
232528
232529
232530
232532
232533
232536
232538
232539
232540
232541
232542
232543
232544
232545
232607
232650
232659
232672
232725
232752
232760
232764
232765
232766
232778
232826
232848
232874
232875
232876
232959
232960
232961
232990
233016
233046
233068
233072
233184
233244
233266
233280
233281
233304
233343
233352
233353
233367
233373
233433
233442
233450
233451
233478
233479
233496
233499
233520
233541
233584
233662
233667
233688
233751
233772
233817
233818
233856
233904
233920
233965
233988
233991
234009
234010
234054
234055
234081
234094
234111
234112
234113
234144
234145
234147
234171
234182
234234
234236
234241
234297
234324
234330
234623
234624
234625
234651
234652
234707
234738
234752
234780
234784
234802
234803
234821
234864
234968
234972
234973
235027
235088
235138
235199
235200
235201
235224
235246
235263
235293
235294
235299
235300
235312
235352
235368
235389
235390
235421
235422
235423
235424
235431
235454
235455
235456
235488
235494
235536
235545
235546
235599
235614
235648
235683
235704
235705
235725
235752
235792
235793
235794
235799
235800
235803
235808
235809
235810
235811
235812
235813
235814
235815
235816
235817
235818
235821
235822
235823
235824
235825
235826
235827
235828
235829
235830
235831
235834
235835
235836
235845
235851
235857
235858
235884
235914
235926
235932
235933
235934
235935
235936
235937
235938
235944
235950
235956
236019
236026
236040
236061
236115
236145
236148
236166
236187
236247
236256
236271
236280
236291
236301
236302
236303
236313
236314
236323
236324
236325
236335
236337
236341
236343
236344
236345
236346
236347
236348
236349
236350
236355
236357
236367
236368
236369
236376
236379
236380
236389
236390
236391
236401
236412
236432
236439
236445
236459
236467
236477
236478
236479
236489
236502
236511
236543
236544
236545
236558
236577
236583
236607
236656
236709
236754
236808
236817
236880
236943
236953
237006
237048
237096
237097
237120
237121
237144
237145
237168
237212
237288
237303
237312
237335
237336
237337
237360
237369
237440
237460
237510
237511
237531
237552
237573
237699
237783
237820
237861
237888
237900
238014
238076
238077
238119
238140
238141
238147
238161
238182
238203
238266
238336
238392
238498
238545
238601
238707
238824
238825
238875
238952
239021
239022
239023
239043
239085
239101
239102
239145
239148
239169
239198
239199
239200
239220
239221
239232
239481
239482
239514
239568
239727
239728
239778
239792
239841
239842
239862
239903
239904
239905
240016
240108
240174
240240
240241
240261
240306
240322
240336
240345
240422
240464
240471
240498
240513
240516
240517
240534
240535
240536
240545
240549
240553
240569
240570
240571
240575
240576
240577
240581
240582
240583
240592
240640
240688
240786
241038
241040
241056
241057
241087
241101
241136
241164
241227
241247
241248
241249
241299
241319
241360
241428
241445
241488
241626
241676
241722
241734
241735
241736
241743
241744
241748
241857
241920
242073
242088
242424
242550
242556
242557
242590
242606
242616
242650
242676
242677
242792
242827
242834
242856
242878
242879
242880
242881
242882
242904
242926
242931
242943
242944
242945
242949
242950
242951
242957
242960
242997
243000
243064
243065
243110
243144
243179
243180
243181
243190
243200
243243
243474
243567
243639
243648
243691
243712
243815
243859
243919
243930
243931
243932
243934
243936
243937
243940
243941
243946
243947
243948
243949
243950
243951
243952
243954
243955
243956
243957
243958
243959
243960
243961
243962
243963
243964
243965
243966
243967
243968
243969
243970
243971
243972
243973
243976
243977
243978
243979
243980
243981
243982
243987
243988
243990
243991
243992
243994
244000
244001
244008
244009
244020
244021
244022
244024
244031
244041
244042
244060
244062
244068
244069
244090
244104
244125
244140
244141
244142
244144
244146
244147
244151
244152
244153
244154
244156
244158
244163
244167
244178
244187
244192
244251
244252
244272
244273
244274
244276
244281
244283
244293
244294
244314
244356
244384
244385
244398
244497
244503
244528
244602
244720
244776
244813
244814
244815
244838
244923
244944
244992
245112
245233
245322
245363
245364
245440
245468
245504
245565
245706
245707
245761
245865
245937
246145
246150
246207
246208
246221
246239
246240
246241
246246
246259
246280
246281
246282
246288
246291
246335
246393
246411
246412
246456
246519
246528
246529
246542
246558
246624
246792
246849
246850
246871
246888
246897
246960
247000
247001
247023
247025
247027
247060
247104
247105
247106
247155
247156
247157
247158
247159
247162
247163
247164
247167
247168
247169
247170
247171
247200
247230
247231
247235
247236
247237
247296
247297
247328
247329
247339
247401
247423
247459
247464
247491
247527
247618
247632
247721
247863
247925
247926
247927
247936
248028
248029
248030
248116
248159
248160
248161
248162
248163
248170
248171
248172
248183
248196
248291
248292
248293
248294
248348
248349
248376
248395
248396
248397
248406
248423
248424
248425
248454
248455
248460
248461
248481
248523
248528
248556
248589
248736
248737
248775
248787
248809
248820
248821
248831
248832
248833
248834
248844
248845
248856
248863
248864
248865
248928
248929
248952
248953
248976
248977
248980
248981
248997
249074
249075
249076
249077
249079
249080
249081
249096
249109
249198
249199
249215
249216
249217
249218
249228
249240
249249
249288
249306
249314
249347
249348
249349
249417
249452
249453
249479
249480
249481
249501
249543
249611
249612
249613
249669
249690
249691
249738
249777
249787
249788
249789
249799
249872
249908
249984
250035
250040
250041
250042
250051
250059
250096
250110
250173
250174
250271
250272
250273
250306
250368
250371
250380
250381
250382
250383
250393
250401
250402
250403
250404
250405
250406
250407
250415
250416
250425
250426
250427
250431
250432
250433
250437
250480
250509
250516
250536
250635
250701
250712
250756
250768
250776
250879
250880
250881
250888
250908
250974
250976
250990
250992
250993
251009
251019
251020
251021
251031
251099
251100
251101
251104
251105
251140
251160
251161
251162
251171
251181
251182
251202
251224
251237
251306
251317
251327
251328
251329
251339
251343
251350
251391
251392
251423
251424
251425
251433
251434
251440
251454
251503
251521
251544
251550
251552
251664
251669
251679
251680
251681
251691
251706
251720
251735
251776
251985
251999
252000
252001
252010
252021
252031
252032
252033
252043
252054
252061
252062
252063
252064
252065
252091
252092
252093
252094
252123
252124
252168
252336
252373
252383
252384
252385
252395
252448
252560
252637
252659
252669
252670
252671
252672
252673
252674
252675
252676
252681
252703
252714
252725
252735
252736
252737
252747
252758
252784
253000
253008
253119
253120
253121
253232
253316
253323
253330
253341
253342
253343
253344
253345
253346
253347
253365
253440
253456
253513
253567
253568
253569
253575
253616
253617
253632
253633
253638
253656
253680
253752
253753
253798
253800
253872
253873
253896
253904
253935
254015
254016
254017
254100
254128
254163
254232
254233
254254
254352
254521
254541
254553
254584
254800
254874
254921
254953
255024
255150
255346
255360
255456
255464
255465
255466
255474
255528
255541
255551
255552
255553
255563
255584
255645
255646
255696
255718
255738
255751
255772
255773
255774
255775
255780
255795
255816
255827
255837
255838
255839
255844
255849
255852
255860
255864
255882
255893
255903
255904
255905
255906
255907
255915
255926
255927
255936
256021
256033
256044
256053
256054
256055
256064
256068
256074
256075
256076
256077
256078
256084
256086
256087
256092
256093
256094
256095
256096
256097
256098
256099
256104
256105
256107
256108
256112
256113
256114
256116
256117
256122
256137
256138
256139
256148
256158
256159
256170
256171
256179
256207
256221
256222
256242
256284
256285
256305
256347
256348
256368
256410
256479
256557
256608
256609
256641
256704
256716
256724
256725
256726
256734
256872
256879
256880
256881
256882
256883
256905
256906
256907
256928
257040
257087
257088
257089
257121
257152
257166
257167
257168
257488
257595
257596
257670
257671
257691
257712
257713
257733
257763
257764
257785
257808
257820
257821
257831
257832
257833
257834
257835
257837
257838
257839
257844
257845
257856
257936
257985
258047
258048
258049
258084
258085
258086
258088
258095
258115
258116
258160
258258
258289
258290
258291
258324
258332
258404
258405
258406
258407
258416
258447
258534
258698
258720
258726
258727
258742
258916
258944
258980
259028
259038
259039
259040
259047
259050
259070
259127
259155
259182
259193
259245
259246
259266
259281
259292
259308
259314
259324
259325
259326
259328
259335
259336
259337
259347
259350
259351
259355
259356
259357
259358
259359
259360
259361
259367
259368
259369
259371
259373
259379
259380
259381
259382
259384
259385
259386
259387
259388
259389
259390
259391
259392
259393
259394
259395
259396
259397
259398
259400
259401
259402
259403
259409
259413
259415
259421
259422
259423
259424
259425
259426
259427
259434
259435
259445
259446
259447
259454
259455
259456
259457
259458
259468
259476
259477
259490
259497
259530
259545
259560
259561
259581
259582
259589
259602
259603
259623
259655
259690
259712
259732
259742
259743
259744
259754
259775
259776
259777
259791
259792
259812
259840
259875
259886
259896
259897
259904
259907
259908
259909
259919
259930
259941
260004
260005
260006
260008
260010
260011
260012
260015
260016
260017
260018
260020
260021
260022
260027
260056
260060
260064
260084
260130
260192
260193
260220
260222
260223
260224
260225
260226
260228
260253
260256
260257
260270
260271
260303
260304
260305
260331
260332
260338
260400
260480
260515
260532
260533
260534
260535
260536
260537
260538
260539
260540
260557
260568
260624
260634
260652
260653
260973
260982
261072
261085
261144
261294
261360
261558
261585
261586
261588
261612
261615
261616
261632
261640
261659
261744
261855
261887
261888
261889
261936
261937
261938
261940
261947
261968
262079
262080
262081
262101
262136
262152
262192
262257
262258
262276
262353
262416
262422
262440
262441
262578
262710
262781
262782
262783
262867
262880
262899
262922
263109
263119
263120
263121
263131
263142
263220
263235
263373
263424
263541
263655
263656
263659
263669
263670
263671
263681
263686
263760
263862
263872
263905
263952
264200
264201
264202
264208
264211
264264
264325
264385
264761
264825
264869
264870
264871
264936
264979
265028
265146
265147
265415
265467
265521
265522
265650
265776
265838
266112
266151
266166
266240
266255
266290
266353
266396
266409
266432
266448
266490
266751
266760
266761
266784
266787
266842
266904
266976
267037
267057
267072
267102
267260
267300
267304
267305
267306
267307
267308
267352
267356
267375
267376
267377
267386
267392
267393
267394
267395
267396
267397
267398
267399
267400
267401
267402
267403
267404
267408
267409
267410
267419
267420
267421
267422
267423
267432
267440
267444
267486
267488
267489
267490
267491
267492
267536
267564
267608
267619
267629
267630
267631
267641
267652
267696
267714
267784
267792
267813
267828
267904
267960
267995
267996
268018
268026
268059
268092
268110
268128
268136
268147
268157
268158
268159
268163
268169
268180
268190
268191
268192
268202
268212
268213
268214
268224
268235
268245
268246
268247
268257
268267
268268
268269
268279
268287
268288
268289
268290
268291
268292
268293
268301
268311
268312
268313
268320
268323
268324
268325
268333
268334
268335
268345
268355
268356
268357
268358
268359
268360
268364
268366
268367
268368
268380
268389
268390
268391
268397
268400
268411
268421
268422
268423
268432
268433
268434
268440
268441
268442
268444
268477
268480
268486
268488
268506
268510
268521
268532
268542
268543
268544
268554
268576
268609
268620
268677
268678
268686
268752
268772
268800
268801
268807
268817
268818
268819
268829
268837
268838
268839
268840
268841
268842
268843
268851
268861
268862
268863
268873
268884
268928
268939
268949
268950
268951
268961
268972
268998
269016
269071
269082
269100
269101
269102
269103
269104
269105
269106
269115
269124
269178
269247
269248
269280
269319
269320
269424
269434
269437
269438
269439
269448
269464
269472
269513
269514
269515
269519
269520
269521
269525
269526
269527
269555
269567
269568
269569
269581
269601
269616
269619
269622
269628
269631
269634
269635
269636
269637
269638
269639
269640
269641
269642
269643
269644
269645
269646
269649
269652
269658
269661
269664
269672
269676
269679
269745
269764
269765
269766
269808
269809
269829
269832
269856
269871
269874
269892
269893
269913
269955
269961
269962
270032
270072
270096
270143
270144
270145
270165
270166
270196
270256
270282
270292
270384
270457
270480
270481
270501
270556
270585
270586
270603
270604
270606
270643
270648
270649
270669
270711
270712
270720
270729
270732
270774
270802
270924
271194
271215
271216
271236
271245
271278
271376
271404
271405
271425
271436
271467
271487
271488
271489
271584
271600
271653
271656
271665
271671
271672
271673
271674
271675
271676
271677
271683
271695
271824
271847
271848
271849
271887
271936
272055
272056
272126
272153
272154
272155
272157
272158
272159
272160
272161
272162
272163
272164
272165
272166
272167
272190
272191
272192
272193
272208
272265
272266
272384
272447
272448
272449
272495
272496
272497
272529
272608
272706
272719
272720
272721
272769
272792
272831
272832
272833
272895
272944
272976
273000
273056
273148
273168
273169
273170
273171
273172
273179
273189
273190
273210
273240
273248
273252
273399
273420
273447
273504
273524
273528
273529
273659
273840
273909
273910
273911
273999
274009
274010
274011
274012
274021
274064
274083
274095
274101
274102
274103
274104
274105
274106
274107
274113
274125
274170
274171
274175
274176
274177
274244
274288
274392
274400
274455
274456
274505
274512
274617
274623
274624
274625
274646
274680
274736
274743
274751
274752
274753
274768
274769
274776
274827
274845
274846
274847
274848
274849
274850
274851
274858
274869
274944
274945
274960
275008
275028
275071
275072
275073
275097
275121
275134
275135
275136
275184
275220
275232
275247
275405
275406
275408
275418
275419
275484
275519
275520
275521
275580
275581
275604
275605
275615
275616
275617
275618
275628
275629
275632
275652
275653
275739
275747
275748
275749
275759
275767
275856
275891
276054
276060
276089
276210
276211
276241
276250
276257
276258
276259
276276
276359
276360
276361
276386
276419
276420
276421
276454
276455
276486
276487
276488
276489
276490
276522
276523
276550
276551
276552
276590
276595
276624
276639
276640
276641
276642
276657
276658
276659
276671
276672
276673
276692
276863
276864
276865
276892
276996
276997
277088
277200
277212
277230
277231
277232
277233
277234
277235
277236
277254
277264
277295
277344
277345
277368
277381
277488
277536
277574
277665
277704
277705
277837
277875
277876
277914
277915
277916
277992
278046
278047
278049
278080
278096
278100
278208
278226
278227
278229
278256
278265
278320
278401
278460
278483
278501
278502
278503
278504
278505
278506
278507
278525
278586
278608
278721
278731
278806
278865
278866
278875
278879
278880
278881
278882
278895
278896
278911
278912
278913
278949
278950
278971
279000
279001
279023
279024
279025
279026
279027
279040
279048
279049
279154
279174
279175
279176
279185
279195
279196
279216
279248
279270
279271
279305
279317
279318
279319
279331
279335
279405
279449
279450
279451
279552
279553
279565
279573
279585
279591
279592
279627
279713
279744
279775
279825
279888
279912
279951
279972
279994
280025
280140
280141
280233
280434
280457
280462
280483
280485
280486
280487
280488
280489
280491
280496
280518
280540
280560
280561
280562
280571
280581
280582
280602
280632
280654
280665
280666
280671
280672
280673
280675
280679
280686
280687
280688
280697
280698
280707
280708
280720
280728
280731
280749
280750
280751
280784
280791
280830
280863
280874
280875
280876
280917
280918
280940
281008
281060
281064
281075
281126
281190
281197
281232
281280
281329
281373
281380
281456
281517
281547
281548
281568
281589
281600
281601
281666
281736
281820
281873
281904
281967
282051
282052
282072
282073
282074
282083
282093
282094
282095
282114
282128
282156
282159
282160
282177
282198
282210
282231
282239
282240
282241
282249
282261
282282
282303
282324
282352
282480
282481
282513
282546
282555
282576
282694
282766
282801
282802
282912
282924
282925
282927
282933
282964
282970
282971
282972
282973
282974
282996
283024
283059
283072
283073
283074
283107
283122
283135
283136
283137
283182
283206
283235
283248
283271
283272
283273
283309
283338
283349
283359
283360
283361
283371
283426
283613
283682
283836
283920
284085
284086
284118
284119
284120
284130
284211
284235
284256
284394
284406
284410
284444
284445
284446
284480
284529
284574
284583
284584
284585
284586
284587
284588
284589
284594
284597
284598
284607
284608
284609
284610
284613
284614
284617
284618
284619
284620
284621
284622
284623
284624
284625
284627
284628
284629
284630
284631
284632
284633
284634
284641
284642
284643
284644
284653
284654
284655
284656
284657
284658
284659
284664
284667
284668
284677
284697
284727
284731
284732
284733
284767
284823
284928
285010
285011
285048
285076
285090
285099
285109
285119
285120
285121
285122
285131
285143
285151
285152
285153
285164
285175
285185
285186
285187
285197
285208
285230
285231
285242
285285
285286
285296
285306
285307
285317
285318
285319
285329
285336
285337
285363
285369
285418
285471
285516
285626
285648
285690
285691
285768
285846
285852
285853
285856
285868
285923
285936
285945
285956
285967
285978
286000
286011
286012
286013
286022
286033
286055
286121
286132
286154
286165
286175
286176
286177
286187
286198
286207
286208
286209
286239
286240
286241
286254
286255
286285
286286
286319
286332
286333
286341
286352
286365
286418
286440
286496
286500
286502
286503
286504
286505
286506
286508
286653
286657
286781
286902
286944
287028
287056
287210
287221
287231
287232
287233
287243
287254
287276
287326
287392
287432
287487
287488
287489
287595
287596
287601
287616
287617
287628
287640
287711
287712
287713
287802
287803
287805
287823
287937
287938
287939
287948
288176
288200
288258
288259
288288
288400
288512
288579
288596
288611
288735
288736
288737
288765
288766
288767
288768
288769
288776
288796
288797
288799
288800
288801
288827
288990
288991
288993
289106
289107
289224
289233
289280
289296
289340
289359
289408
289520
289542
289543
289608
289632
289713
289725
289731
289732
289733
289734
289735
289736
289737
289743
289755
289789
289800
289819
289863
289896
289968
290061
290079
290080
290081
290125
290184
290192
290221
290241
290242
290243
290252
290262
290263
290283
290304
290326
290345
290389
290399
290400
290401
290411
290455
290472
290505
290594
290620
290625
290640
290649
290650
290651
290655
290656
290657
290659
290660
290661
290662
290663
290665
290666
290667
290670
290671
290672
290675
290676
290745
290857
290871
290880
291082
291088
291199
291200
291201
291276
291277
291307
291312
291313
291333
291468
291520
291522
291536
291648
291840
291841
291872
291901
291902
291903
291941
291979
291980
291981
291983
291984
291985
292026
292094
292096
292104
292105
292106
292109
292110
292111
292116
292208
292215
292317
292318
292319
292320
292321
292383
292431
292432
292457
292467
292468
292469
292479
292500
292501
292537
292561
292572
292573
292574
292585
292600
292609
292644
292645
292656
292668
292669
292679
292680
292681
292682
292683
292692
292693
292716
292717
292721
292750
292751
292752
292753
292754
292761
292762
292782
292788
292789
292824
292860
292861
292887
292888
292896
292897
292908
292920
292921
292931
292932
292933
292934
292944
292945
292968
292969
293073
293074
293095
293102
293103
293104
293139
293202
293203
293223
293262
293265
293394
293475
293664
293665
293760
293787
293888
293909
293919
293920
293921
293931
293979
293980
293981
293986
293991
293992
293993
293999
294000
294001
294021
294030
294031
294034
294041
294051
294052
294053
294063
294080
294081
294096
294112
294125
294223
294224
294225
294226
294305
294306
294307
294336
294337
294357
294400
294401
294402
294411
294487
294584
294679
294690
294721
294784
294840
294841
294861
294975
294999
295000
295001
295010
295119
295151
295152
295153
295185
295251
295320
295321
295322
295331
295374
295375
295487
295488
295489
295490
295493
295503
295504
295505
295515
295519
295520
295521
295602
295603
295641
295642
295643
295652
295659
295680
295728
295757
295895
295904
295905
295906
295915
295919
295962
295963
296010
296160
296208
296240
296241
296242
296251
296270
296283
296298
296299
296322
296329
296352
296370
296400
296401
296463
296478
296562
296563
296568
296569
296582
296592
296593
296604
296616
296617
296640
296664
296703
296704
296705
296815
296826
296884
296948
296961
296982
297045
297108
297171
297192
297225
297226
297234
297456
297471
297472
297473
297488
297528
297567
297568
297595
297634
297635
297636
297637
297759
297791
297792
297793
297808
297825
297856
297875
297876
297877
297888
297889
297919
297920
297921
297965
297966
297967
297976
297990
298032
298048
298049
298050
298057
298058
298059
298068
298079
298080
298081
298082
298083
298090
298091
298092
298103
298104
298105
298111
298112
298113
298114
298143
298144
298145
298153
298155
298195
298196
298197
298206
298209
298210
298275
298276
298431
298432
298433
298530
298540
298545
298546
298547
298571
298583
298584
298585
298597
298623
298654
298655
298656
298683
298760
298767
298768
298770
298809
298816
298817
298851
298870
298871
298889
298890
298891
298892
298893
298895
298896
298897
298920
298928
299013
299014
299112
299136
299137
299138
299152
299167
299168
299169
299172
299260
299313
299375
299376
299377
299383
299439
299505
299506
299520
299586
299629
299649
299782
299841
299859
299867
299868
299869
299878
299880
299967
299968
299969
299992
300069
300077
300084
300085
300087
300096
300097
300099
300102
300103
300104
300105
300106
300107
300108
300109
300110
300111
300114
300115
300117
300126
300127
300129
300135
300272
300327
300339
300345
300346
300347
300348
300349
300350
300351
300357
300369
300456
300457
300552
300556
300557
300612
300613
300625
300671
300672
300673
300674
300678
300700
300703
300704
300705
300741
300762
300773
300777
300788
300789
300804
300805
300809
300810
300811
300846
300847
300848
300849
300858
300867
300883
300884
300885
300886
300887
300894
300895
300896
300921
300922
300923
300930
300932
300964
300995
301032
301056
301068
301069
301070
301106
301188
301189
301196
301319
301320
301321
301340
301341
301351
301392
301444
301584
301760
301824
301840
301842
301843
301845
301940
302081
302082
302086
302087
302088
302148
302211
302212
302232
302274
302383
302509
302560
302574
302575
302576
302577
302703
302704
302705
302714
302778
302819
302820
302821
302904
303024
303025
303030
303056
303072
303129
303147
303209
303210
303211
303263
303264
303265
303296
303324
303336
303342
303343
303344
303345
303346
303347
303348
303354
303366
303381
303408
303450
303471
303534
303561
303600
303633
303655
303666
303721
303732
303810
303811
303831
303875
303912
303913
303919
303933
303968
303969
303975
303987
304051
304056
304061
304062
304063
304073
304096
304249
304290
304296
304308
304309
304333
304544
304612
304629
304640
304668
304722
304723
304755
304798
304854
304864
304865
304866
304875
304876
304942
304962
304978
305041
305046
305088
305118
305151
305271
305424
305425
305445
305535
305536
305537
305592
305648
305670
305732
305738
305739
305757
305758
305759
305760
305761
305762
305763
305781
305855
305856
305857
305858
305872
305877
305887
305888
305889
305913
305929
305974
305975
305976
305983
305984
305985
306031
306032
306033
306096
306117
306118
306130
306138
306145
306180
306181
306183
306187
306189
306216
306217
306234
306243
306244
306248
306249
306250
306264
306280
306281
306282
306306
306311
306312
306342
306472
306473
306484
306495
306497
306516
306528
306537
306544
306559
306579
306590
306600
306621
306636
306642
306663
306768
306769
306792
306816
306834
306852
306878
306880
306888
306889
306890
306900
306909
306936
306937
306957
307142
307164
307197
307201
307230
307242
307243
307266
307294
307296
307314
307315
307316
307325
307335
307336
307356
307362
307363
307372
307373
307374
307384
307386
307392
307393
307394
307395
307396
307397
307398
307404
307406
307416
307417
307418
307428
307429
307461
307494
307516
307545
307615
307626
307648
307692
307758
307793
307818
307839
307840
307860
307881
307890
307900
307901
307902
307912
307944
307970
307986
308070
308091
308112
308154
308160
308161
308196
308217
308224
308238
308239
308322
308329
308352
308427
308447
308448
308449
308469
308481
308482
308485
308511
308517
308555
308556
308557
308559
308560
308561
308566
308567
308616
308660
308672
308768
308802
308825
308847
308898
308899
308900
308909
308950
308951
308975
308978
308979
309008
309015
309016
309017
309018
309029
309030
309054
309055
309078
309120
309121
309160
309342
309442
309468
309469
309540
309672
309680
309753
309869
309897
309898
309914
309918
309924
309925
309926
309936
309960
309961
309981
310023
310024
310044
310068
310069
310086
310101
310128
310178
310189
310199
310200
310201
310211
310339
310401
310407
310435
310464
310527
310728
310920
310921
310987
311016
311017
311039
311040
311041
311042
311049
311064
311065
311071
311072
311073
311080
311124
311125
311126
311157
311160
311161
311190
311220
311221
311223
311241
311255
311256
311257
311258
311259
311266
311267
311268
311283
311387
311388
311389
311390
311472
311519
311520
311521
311593
311696
311710
311808
311828
311833
311839
311849
311850
311851
311861
311872
311917
311922
311952
311984
311988
311989
312012
312013
312037
312072
312108
312109
312192
312193
312195
312246
312256
312257
312258
312268
312315
312316
312317
312326
312333
312354
312417
312432
312433
312480
312543
312620
312642
312686
312707
312708
312709
312741
312774
312785
312796
312816
312975
312994
313004
313005
313006
313016
313024
313025
313026
313027
313028
313029
313030
313038
313048
313049
313050
313060
313258
313317
313379
313404
313412
313482
313488
313511
313530
313599
313600
313601
313614
313615
313616
313617
313621
313625
313631
313632
313633
313643
313644
313645
313662
313689
313712
313720
313747
313748
313751
313753
313786
313796
313797
313798
313808
313824
313875
313880
313893
313901
313902
313903
313911
313929
313935
313936
313937
314048
314061
314158
314160
314182
314259
314266
314281
314398
314433
314439
314440
314441
314447
314496
314580
314622
314631
314712
314748
314832
314880
314881
314925
314926
314944
314973
315077
315128
315180
315250
315392
315414
315415
315446
315447
315491
315492
315495
315496
315504
315563
315613
315614
315615
315720
315733
315736
315743
315744
315745
315755
315840
315864
315865
315904
315997
316047
316063
316064
316065
316081
316127
316128
316129
316130
316159
316160
316161
316162
316185
316191
316192
316193
316194
316223
316224
316225
316234
316365
316383
316384
316385
316386
316415
316416
316417
316447
316448
316449
316479
316480
316481
316506
316512
316536
316595
316644
316645
316646
316736
316754
316827
316847
316848
316849
316875
316959
316960
316961
316968
317016
317031
317040
317041
317042
317044
317051
317057
317069
317070
317071
317072
317083
317109
317147
317148
317149
317163
317181
317182
317183
317184
317185
317186
317187
317199
317205
317265
317296
317304
317330
317342
317343
317344
317356
317382
317394
317395
317396
317407
317408
317409
317440
317457
317463
317464
317487
317488
317489
317492
317496
317499
317502
317511
317513
317514
317515
317516
317517
317518
317519
317520
317521
317522
317523
317524
317525
317526
317527
317529
317538
317541
317544
317551
317552
317553
317583
317631
317632
317633
317652
317709
317710
317730
317744
317772
317790
317791
317835
317841
317853
317854
317855
317856
317857
317858
317859
317877
317968
318024
318060
318079
318080
318081
318087
318111
318150
318191
318192
318193
318201
318202
318203
318304
318325
318361
318362
318528
318560
318780
318864
318897
318932
318975
318976
318977
319052
319088
319284
319308
319309
319410
319430
319431
319432
319433
319484
319536
319550
319554
319555
319594
319604
319605
319606
319616
319660
319682
319683
319692
319693
319694
319704
319712
319713
319714
319715
319716
319717
319718
319726
319736
319737
319738
319748
319770
319814
319824
319825
319826
319836
319872
319880
319946
320037
320044
320054
320055
320056
320208
320292
320656
320679
320689
320712
320713
320714
320723
320736
320737
320760
320761
320767
320768
320769
320782
320793
320866
320870
320880
320976
320992
321000
321003
321004
321005
321014
321048
321103
321104
321105
321112
321178
321216
321288
321307
321308
321309
321310
321311
321321
321328
321333
321334
321335
321408
321409
321439
321440
321441
321552
321563
321750
321904
321937
321947
321948
321949
321959
321963
321983
321984
321985
322000
322027
322028
322029
322128
322146
322152
322290
322296
322298
322299
322300
322301
322308
322314
322315
322316
322317
322318
322319
322320
322324
322325
322326
322334
322335
322336
322338
322344
322413
322506
322536
322560
322575
322584
322784
323102
323125
323247
323344
323424
323433
323477
323487
323488
323489
323499
323568
323587
323645
323736
323807
323808
323809
323829
323839
323840
323841
323851
323871
323872
323873
323875
323889
323919
323975
323999
324000
324001
324025
324093
324125
324181
324191
324192
324193
324203
324324
324387
324388
324408
324464
324482
324547
324576
324805
324806
324852
324863
324864
324865
324940
324966
325068
325105
325120
325237
325240
325247
325248
325249
325259
325264
325265
325272
325276
325279
325280
325281
325284
325285
325286
325288
325295
325304
325305
325316
325320
325344
325360
325424
325496
325556
325584
325611
325664
325665
325666
325669
325670
325671
325674
325675
325676
325695
325696
325697
325710
325808
325814
325815
325816
325871
325941
325992
326007
326008
326025
326039
326040
326041
326042
326072
326073
326074
326106
326136
326271
326287
326303
326304
326305
326337
326340
326370
326382
326457
326466
326591
326592
326593
326718
326793
326928
326934
327010
327039
327040
327041
327107
327152
327275
327276
327360
327488
327540
327608
327609
327681
327712
327726
327916
327918
327919
327949
328165
328383
328384
328608
328704
328705
328860
328929
328944
329025
329026
329038
329039
329040
329055
329056
329057
329168
329183
329184
329185
329238
329259
329265
329277
329278
329279
329280
329281
329282
329283
329301
329311
329346
329347
329364
329392
329394
329395
329406
329427
329428
329448
329454
329490
329503
329504
329505
329592
329593
329603
329604
329605
329615
329616
329667
329670
329728
329729
329868
329952
329994
330050
330066
330076
330077
330078
330088
330099
330120
330134
330162
330225
330250
330309
330480
330484
330584
330624
330660
330814
330858
330868
330869
330870
330876
330880
330888
330889
330890
330891
330892
330893
330894
330902
330912
330913
330914
330924
330951
331122
331128
331237
331254
331272
331284
331285
331286
331298
331308
331309
331341
331571
331593
331632
331648
331649
331683
331694
331695
331704
331705
331706
331716
331734
331758
331775
331776
331777
331778
331807
331808
331809
331904
331905
331915
331925
331935
331936
331937
331947
332046
332072
332101
332112
332189
332235
332236
332237
332246
332304
332325
332408
332514
332556
332557
332631
332639
332640
332641
332649
332695
332810
332877
332955
333033
333034
333064
333200
333312
333371
333372
333411
333412
333413
333414
333432
333453
333454
333597
333666
333667
333693
333707
333927
333949
333959
333960
333961
333971
333993
334074
334075
334076
334125
334152
334190
334213
334235
334239
334323
334367
334368
334369
334497
334656
334657
334680
334971
334972
334992
335016
335124
335125
335160
335225
335244
335445
335534
335766
335920
335921
335954
336000
336087
336105
336192
336735
336798
336861
336963
337008
337035
337049
337050
337051
337053
337056
337062
337065
337068
337069
337070
337071
337072
337073
337074
337075
337076
337077
337078
337079
337080
337083
337086
337092
337095
337098
337113
337119
337120
337121
337128
337161
337171
337172
337173
337183
337191
337192
337193
337194
337195
337196
337197
337205
337215
337216
337217
337227
337232
337425
337456
337491
337502
337587
337693
337987
338013
338014
338015
338024
338117
338176
338177
338208
338334
338335
338373
338374
338468
338495
338496
338497
338498
338527
338528
338529
338619
338620
338655
338688
338976
338985
338998
339146
339339
339340
339360
339438
339471
339497
339570
339612
339683
339714
339920
340031
340032
340033
340144
340163
340164
340165
340200
340201
340608
340609
340619
340620
340621
340622
340632
340633
340902
340903
340928
341010
341039
341040
341041
341124
341152
341154
341172
341173
341208
341209
341223
341247
341248
341249
341372
341424
341425
341430
341431
341432
341435
341436
341437
341438
341439
341440
341448
341449
341457
341458
341459
341460
341461
341462
341463
341464
341472
341473
341481
341482
341483
341484
341485
341486
341496
341497
341502
341543
341544
341545
341586
341712
341713
341852
341865
341880
341881
342144
342145
342177
342186
342209
342252
342270
342271
342272
342273
342274
342275
342276
342277
342288
342289
342294
342299
342300
342301
342302
342309
342312
342313
342432
342507
342594
342608
342612
342613
342630
342631
342632
342641
342649
342694
342720
342721
342741
342828
342829
342882
342930
343114
343115
343116
343149
343161
343360
343536
343681
343728
343773
343774
343775
343776
343777
343778
343779
343780
343791
343792
343807
343808
343809
343952
343980
344063
344064
344065
344070
344080
344089
344112
344176
344333
344433
344434
344565
344566
344596
344718
344754
344755
344817
344844
344848
344869
344959
344960
344961
345072
345075
345076
345114
345136
345396
345717
345718
345774
345828
345829
345840
346038
346104
346150
346359
346680
346681
346888
347001
347035
347036
347316
347322
347424
347529
347643
347760
347964
348006
348037
348068
348150
348285
348349
348369
348414
348458
348469
348479
348480
348481
348491
348502
348533
348546
348564
348579
348600
348601
348621
348642
348705
348706
348712
348726
348744
348745
348746
348755
348768
348786
348787
348788
348790
348791
348792
348793
348794
348795
348796
348797
348798
348799
348800
348801
348802
348803
348804
348805
348809
348810
348816
348880
348887
348931
349074
349075
349104
349107
349205
349248
349272
349328
349439
349440
349441
349508
349535
349536
349537
349552
349569
349734
349776
349785
349867
349893
349911
349919
349920
349921
349929
349944
349947
350055
350065
350066
350163
350280
350281
350352
350376
350400
350796
351114
351120
351386
351499
351540
351848
351864
351912
351936
352108
352128
352130
352152
352170
352174
352175
352176
352177
352178
352184
352200
352222
352440
352707
352800
352825
352835
352836
352837
352847
352935
353178
353229
353241
353247
353248
353249
353267
353304
353421
353472
353742
353745
353808
354029
354063
354186
354249
354312
354445
354446
354519
354520
354541
354552
354585
354717
354732
354733
354816
354844
355347
355349
355465
355509
355679
355680
355681
355682
355711
355712
355713
355962
355963
355967
355968
355969
355989
355991
356160
356310
356328
356384
356495
356496
356497
356608
356631
356832
356915
356916
356927
356928
356929
357114
357148
357168
357190
357192
357193
357204
357210
357211
357212
357214
357221
357231
357232
357252
357273
357274
357294
357314
357315
357316
357317
357319
357320
357321
357336
357368
357420
357438
357439
357441
357462
357588
357764
357797
357807
357808
357809
357819
357852
357903
358120
358121
358122
358129
358130
358131
358132
358133
358134
358135
358136
358137
358140
358141
358142
358143
358144
358145
358146
358153
358154
358155
358236
358237
358243
358244
358245
358248
358400
358428
358533
358848
358856
358878
358917
359184
359199
359231
359232
359233
359263
359264
359265
359295
359296
359297
359312
359313
359315
359359
359360
359361
359482
359499
359516
359517
359518
359519
359520
359521
359522
359523
359524
359541
359640
359743
359744
359745
359755
359775
359776
359777
359807
359808
359809
359841
359856
359872
360095
360096
360097
360162
360192
360219
360220
360221
360344
360360
360382
360437
360483
360633
360640
360804
360822
360855
360864
360865
360873
360885
360948
361125
361446
361767
361872
361889
361899
361900
361901
361911
361984
362111
362112
362113
362232
362313
362314
362334
362376
362572
362740
362768
362824
362876
362878
362879
362880
362881
362882
362884
362992
363020
363055
363132
363275
363528
363776
363910
363930
363944
364014
364015
364067
364162
364182
364183
364184
364193
364203
364204
364224
364287
364309
364319
364320
364321
364331
364335
364413
364455
364456
364476
364485
364560
364573
364596
364597
364656
364728
364975
364977
365120
365472
365475
365585
365792
365895
365896
365917
365918
365922
365931
365932
365937
365938
365939
365940
365941
365942
365943
365944
365949
365950
365958
365966
365967
365968
365976
365985
365986
365988
366012
366030
366031
366051
366080
366157
366177
366178
366179
366188
366198
366199
366208
366211
366217
366218
366219
366220
366221
366222
366223
366228
366229
366231
366232
366240
366241
366261
366262
366263
366272
366282
366283
366303
366331
366366
366408
366409
366429
366471
366472
366492
366681
366704
366795
366796
366828
366850
366903
366912
367092
367185
367221
367238
367239
367240
367249
367416
367822
368082
368550
368559
368560
368571
368940
368992
369004
369005
369006
369018
369117
369369
369460
369467
369642
369705
369792
369793
369869
369876
369878
369879
369880
369881
369882
369883
369884
369888
369889
369890
369892
369893
369894
369902
369912
369913
369914
369915
369916
369917
369918
369928
369936
369940
369941
369942
369954
369984
369992
370113
370139
370188
370272
370370
370434
370435
370458
370490
370491
370492
370524
370710
370722
370723
370725
370734
370735
370737
370740
370741
370742
370743
370744
370745
370746
370747
370748
370749
370752
370753
370755
370756
370764
370765
370767
370777
370812
370824
370825
370826
370838
370986
371018
371019
371020
371052
371076
371077
371078
371080
371087
371112
371201
371202
371280
371397
371398
371713
371718
372240
372360
372522
372523
372524
372533
372681
372960
372996
372997
372998
373000
373002
373003
373007
373008
373009
373010
373012
373014
373019
373048
373296
373297
373317
373323
373362
373428
373450
373644
373750
373843
373844
373934
373959
373968
373978
373979
373980
373981
373982
374026
374071
374072
374073
374118
374198
374209
374210
374219
374220
374221
374231
374242
374256
374286
374300
374301
374302
374303
374304
374348
374486
374607
374608
374640
374682
374928
374929
374930
374932
374939
374990
375082
375164
375249
375250
375496
375497
375562
375570
375606
375628
375705
375717
375782
375936
375984
376068
376205
376208
376212
376319
376320
376321
376376
376432
376470
376488
376489
376656
376740
376854
377175
377223
377328
377496
377622
377806
377807
377817
377872
377917
377937
377982
378000
378138
378451
378459
378672
378780
378994
379080
379101
379127
379302
379422
379470
379573
379574
379575
379865
379932
379973
379974
379975
380016
380017
380037
380058
380064
380083
380251
380269
380282
380289
380448
380449
380484
380485
380486
380487
380628
380629
380688
380697
380700
380719
380877
381023
381024
381025
381168
381169
381170
381171
381172
381271
381348
381513
381523
381524
381525
381535
381640
381718
381769
381770
381777
381875
381876
381877
381886
381920
381989
381990
381991
382068
382089
382104
382105
382106
382107
382108
382109
382110
382111
382112
382113
382114
382115
382116
382120
382121
382122
382131
382132
382133
382152
382157
382158
382203
382204
382205
382206
382251
382252
382262
382272
382345
382346
382347
382356
382536
382580
382725
382726
382746
382788
382943
383048
383049
383050
383051
383052
383066
383067
383068
383090
383091
383092
383098
383099
383100
383101
383129
383130
383160
383196
383293
383313
383376
383427
383460
383500
383501
383504
383515
383520
383525
383526
383527
383537
383548
383592
383603
383613
383614
383615
383625
383635
383636
383637
383647
383655
383656
383657
383658
383659
383660
383661
383669
383679
383680
383681
383691
383701
383702
383703
383713
383724
383735
383736
383737
383738
383739
383768
383779
383789
383790
383791
383801
383812
383856
383889
383972
383973
384065
384066
384067
384120
384384
384411
384412
384879
384910
384912
384930
384931
384932
384941
384951
384952
384972
385008
385044
385125
385161
385189
385320
385321
385323
385359
385361
385362
385363
385599
385632
385732
385733
386164
386242
386312
386400
386484
386556
386568
386569
386589
386694
386748
386749
386751
386757
386841
387053
387127
387200
387387
387447
387476
387768
387791
387828
388017
388080
388089
388143
388206
388304
388332
388415
388416
388417
388528
388752
388773
389053
389059
389069
389070
389071
389081
389373
389374
389375
389384
389466
389648
389681
389694
389695
389696
389759
389760
389761
389872
389941
390004
390007
390013
390014
390015
390016
390017
390018
390019
390024
390025
390027
390028
390037
390090
390091
390127
390244
390264
390265
390266
390275
390285
390286
390288
390306
390335
390336
390337
390384
390425
390426
390427
390432
390437
390438
390439
390495
390656
390657
390658
390659
390668
390767
390768
390769
390797
390798
390799
390803
390804
390805
390809
390810
390811
390880
390936
390978
390979
390992
391016
391017
391018
391027
391103
391104
391105
391167
391201
391216
391293
391299
391356
391419
391776
391927
391941
391980
392112
392320
392336
392337
392338
392359
392447
392448
392449
392560
392564
392565
392566
392575
392641
392680
392700
392784
392794
392795
392796
392805
392904
392905
392920
392931
393050
393120
393121
393141
393224
393225
393226
393393
393546
393547
393658
393659
393734
393867
393868
393888
393899
393909
393910
393911
393921
393932
393942
393943
393944
393954
393962
393963
393964
393965
393966
393967
393968
393976
393986
393987
393988
393998
394016
394128
394173
394188
394189
394196
394240
394509
394680
394979
394980
394981
394990
395074
395094
395095
395096
395105
395115
395116
395136
395250
395283
395284
395285
395304
395318
395325
395416
395423
395424
395425
395426
395455
395456
395457
395458
395472
395487
395488
395489
395490
395519
395520
395521
395850
395920
396144
396198
396243
396273
396300
396301
396308
396419
397077
397305
397376
397440
397487
397488
397489
397541
397542
397543
397600
397621
397761
397824
397972
397992
398098
398118
398223
398286
398288
398349
398384
398665
398682
398683
398942
399003
399004
399056
399167
399168
399169
399280
399324
399325
399645
399652
399672
399673
399674
399683
399693
399694
399714
399728
399750
399778
399788
399798
399799
399800
399809
399819
399820
399839
399840
399841
399903
399952
399995
399996
399997
400029
400064
400140
400141
400144
400242
400246
400247
400288
400399
400400
400401
400464
400511
400512
400513
400554
400568
400576
400608
400624
400675
400715
400733
400734
400735
400736
400737
400738
400739
400751
400757
400775
400848
400889
400890
400891
400911
400959
400960
400961
401005
401009
401016
401039
401040
401041
401048
401054
401063
401065
401066
401067
401068
401069
401070
401071
401072
401073
401074
401075
401076
401077
401078
401079
401081
401090
401095
401096
401097
401098
401099
401100
401101
401103
401104
401105
401108
401130
401135
401183
401184
401185
401296
401373
401374
401387
401393
401394
401405
401406
401407
401408
401409
401410
401411
401429
401499
401500
401520
401584
401585
401631
401632
401633
401743
401744
401745
401856
401940
401962
402080
402129
402192
402255
402402
402457
402501
402528
402535
402600
402622
402688
402699
402752
402855
402886
402905
402948
403000
403032
403074
403088
403158
403176
403200
403247
403248
403249
403259
403260
403261
403271
403348
403496
403497
403502
403760
403788
403818
404019
404040
404271
404280
404289
404460
404461
404544
404608
404655
404656
404657
404734
404754
404768
404781
404879
404880
404881
404992
405080
405081
405153
405174
405216
405328
405403
405408
405547
405720
405845
405888
406098
406197
406224
406315
406316
406362
406483
406526
406550
406560
406570
406571
406572
406580
406581
406582
406583
406584
406590
406591
406593
406594
406597
406598
406599
406600
406601
406602
406603
406604
406605
406606
406607
406608
406609
406610
406611
406612
406613
406614
406615
406616
406617
406620
406621
406622
406624
406628
406629
406630
406631
406632
406639
406641
406642
406644
406650
406651
406660
406671
406707
406714
406720
406728
406729
406791
406833
406858
406917
406918
406923
406924
406925
406926
406931
406932
406941
406959
406967
407232
407233
407253
407344
407455
407456
407457
407550
407551
407567
407568
407569
407659
407677
407678
407679
407680
407681
407682
407683
407701
407728
407781
407782
407792
407813
407814
407815
407816
407846
407847
407848
407880
407903
407904
407905
407946
408000
408015
408016
408017
408128
408135
408219
408231
408237
408238
408239
408240
408241
408242
408243
408249
408261
408312
408320
408321
408352
408386
408408
408463
408464
408465
408576
408633
408800
408911
408912
408913
408954
408975
409003
409024
409025
409026
409047
409055
409056
409057
409068
409079
409089
409090
409091
409101
409112
409164
409185
409206
409248
409276
409290
409311
409332
409453
409463
409464
409465
409475
409510
409521
409584
409596
409597
409618
409633
409662
409752
409753
409773
409860
409872
409873
409906
409917
409918
409920
410032
410238
410592
410831
410873
410938
411018
411114
411125
411135
411136
411137
411147
411158
411194
411264
411488
411537
411599
411600
411601
411663
411712
411936
412152
412153
412272
412273
412293
412347
412390
412566
412632
412642
412643
412644
412654
412692
412777
412797
412896
412965
413149
413168
413280
413281
413301
413343
413364
413473
413655
413897
413907
413908
413909
413919
413952
414090
414091
414161
414223
414253
414254
414255
414264
414284
414285
414315
414337
414387
414411
414520
414540
414541
414542
414551
414561
414562
414582
414594
414624
414630
414681
414731
414732
414733
414771
414783
414897
414918
414920
414961
414981
414997
415008
415296
415360
415408
415510
415519
415520
415521
415632
415679
415695
415696
415743
415744
415745
415856
416016
416017
416018
416020
416027
416080
416096
416185
416241
416304
416305
416325
416337
416338
416367
416609
416640
416658
416659
416671
416724
416976
416979
417300
417436
417450
417756
417890
418068
418383
418500
418501
418509
418524
418525
418535
418536
418537
418538
418539
418548
418549
418572
418573
418635
418656
418693
418703
418704
418705
418715
418763
418764
418765
418770
418775
418776
418777
418825
418835
418836
418837
418847
418878
418879
418880
418977
418992
419175
419216
419250
419327
419328
419329
419440
419507
419508
419509
419547
419664
419766
419868
420002
420112
420147
420172
420173
420189
420206
420210
420211
420273
420511
420831
420832
420833
420842
421025
421069
421079
421080
421081
421091
421124
421125
421126
421135
421152
421153
421399
421473
421785
421807
421839
421872
421911
422082
422248
422400
422422
422436
422437
422604
422720
422757
423360
423720
423742
423984
424260
424270
424362
424422
424440
424441
424458
424459
424460
424469
424477
424494
424683
425062
425295
425303
425304
425305
425313
425362
425617
425646
425880
425967
426240
426384
426495
426496
426497
426536
426560
426561
426608
426683
426739
426740
426741
426805
426825
426826
426827
426836
426846
426847
426867
426870
426880
426881
426882
426891
426930
426950
427056
427201
427251
427273
427455
427518
427537
427573
427584
427585
427586
427593
427594
427595
427604
427615
427616
427617
427618
427619
427626
427627
427628
427639
427640
427641
427647
427648
427649
427650
427669
427679
427680
427681
427691
427701
427702
427703
427713
427735
427863
427867
427893
427894
427895
427904
427967
427968
427969
428004
428005
428214
428215
428216
428225
428373
428383
428384
428385
428395
428400
428526
428535
428536
428537
428546
428655
428656
428736
428777
428778
428779
428780
428781
428783
428784
428785
428856
428857
428901
428902
429177
429227
429264
429325
429385
429450
429504
429505
429548
429549
429550
429559
429720
429721
429731
429732
429733
429734
429735
429736
429744
429745
429753
429754
429755
429756
429757
429758
429759
429760
429768
429769
429777
429778
429779
429780
429781
429782
429791
429792
429793
429803
429870
429871
429968
430008
430009
430047
430048
430049
430079
430080
430081
430109
430111
430112
430113
430125
430161
430162
430163
430192
430199
430353
430416
430461
430479
430782
430859
431103
431231
431232
431233
431277
431424
431640
431695
431745
431760
432066
432124
432140
432263
432264
432265
432295
432355
432388
432432
433048
433090
433288
433289
433356
433552
433587
433663
433664
433665
433755
433776
433818
433895
433944
433986
433992
434007
434112
434137
434147
434148
434149
434159
434196
434217
434238
434269
434279
434280
434281
434291
434313
434322
434335
434343
434364
434401
434448
434553
434560
434574
434601
434609
434634
434742
434973
435204
435277
435344
435455
435456
435457
435568
435597
435598
435599
435608
435666
435723
435724
435725
435918
435919
435975
436239
436352
436527
436528
436548
436560
436590
436800
436847
436865
436881
436968
436969
436989
437024
437031
437248
437283
437437
437472
437844
437853
437920
437949
437967
437968
437969
437970
437971
437972
437973
437991
438164
438165
438166
438477
438480
438481
438501
438570
438702
438712
438795
438921
439020
439021
439023
439040
439093
439128
439129
439173
439174
439194
439201
439236
439272
439273
439299
439300
439320
439449
439824
439893
439899
439992
439993
440013
440076
440160
440161
440215
440216
440217
440220
440291
440462
440470
440472
440473
440474
440484
440496
440606
440639
440640
440641
440674
440720
440726
440748
440796
440810
440831
440832
440833
440880
440944
440946
440947
440956
440957
440958
440968
440970
440976
440977
440978
440979
440980
440981
440982
440988
440990
441000
441001
441002
441012
441013
441045
441055
441056
441057
441067
441078
441168
441208
441210
441232
441339
441342
441375
441450
441459
441474
441484
441485
441486
441496
441504
441505
441525
441567
441693
441694
441696
441697
441714
441738
441756
441771
441840
441886
441936
441994
441995
441996
442017
442018
442019
442028
442102
442104
442246
442309
442338
442339
442540
442659
442758
442848
442866
442867
442868
442959
442960
442961
442976
442980
443064
443072
443082
443083
443084
443085
443086
443087
443088
443100
443101
443106
443184
443194
443256
443302
443303
443304
443408
443412
443487
443508
443509
443519
443520
443521
443522
443532
443533
443553
443585
443630
443632
443651
443652
443653
443856
443898
443899
443919
443940
443941
444044
444066
444155
444174
444175
444176
444192
444284
444528
444575
444576
444577
444708
444720
444906
444997
445120
445200
445284
445374
445441
445548
446184
446185
446207
446208
446209
446210
446232
446233
446239
446240
446241
446292
446498
446511
446512
446832
446833
446875
446880
446881
446954
447013
447051
447095
447120
447139
447149
447150
447151
447153
447154
447161
447172
447194
447205
447216
447226
447227
447228
447238
447248
447249
447250
447260
447271
447282
447304
447314
447315
447316
447325
447326
447327
447337
447370
447381
447425
447458
447474
447480
447502
447512
447513
447514
447524
447534
447535
447536
447546
447557
447568
447590
447819
447944
448000
448076
448077
448078
448224
448225
448335
448336
448338
448344
448437
448546
449064
449086
449106
449199
449200
449201
449379
449380
449394
449395
449396
449399
449400
449401
449404
449405
449406
449411
449428
449429
449430
449431
449432
449433
449434
449435
449436
449442
449443
449453
449463
449505
449506
449526
449568
450275
450323
450450
450684
450685
451005
451144
451164
451186
451206
451207
451208
451210
451215
451217
451227
451228
451248
451269
451270
451290
451332
451374
451425
451437
451443
451444
451445
451446
451447
451448
451449
451458
451467
451500
451521
451584
451647
451672
451899
451968
451980
451981
452011
452289
452538
452569
452600
452789
452790
452791
453033
453096
453159
453189
453264
453375
453376
453401
453413
453414
453415
453427
453453
453456
453691
453692
453693
453768
453908
453936
454384
454410
454491
454494
454495
454496
454497
454530
454536
454537
454553
454608
454752
454782
454783
454784
454791
454797
454806
454808
454809
454810
454811
454812
454813
454814
454815
454816
454817
454818
454819
454820
454821
454822
454824
454833
454839
454846
454847
454848
454857
454863
454878
454894
454897
454920
454925
455056
455112
455136
455178
455235
455280
455336
455390
455391
455392
455393
455394
455400
455448
455499
455504
455595
455613
455614
455615
455616
455617
455618
455619
455637
455712
455728
455839
455840
455841
455931
455937
455938
455939
455945
455952
456016
456093
456170
456176
456181
456191
456192
456193
456203
456214
456225
456274
456368
456456
456576
456577
456624
456640
456735
456736
456737
456817
456839
456840
456841
456842
456848
456851
456855
456864
456865
456888
456960
456981
457061
457067
457104
457191
457192
457212
457254
457296
457425
457611
457856
457968
458163
458181
458182
458183
458184
458185
458186
458187
458205
458240
458364
458366
458367
458368
458369
458370
458372
458387
458388
458389
458640
458709
458752
458784
458785
458808
459030
459307
459351
459648
459672
459708
459709
459710
459712
459719
459993
460152
460153
460174
460185
460288
460314
460429
460430
460431
460480
460634
460635
460636
460680
460728
460801
460824
460908
460956
460971
460972
460992
461029
461030
461104
461106
461219
461461
461471
461472
461473
461483
461552
461553
461554
461725
461919
461920
462240
462241
462350
462561
462562
462676
462737
462882
463203
463344
463467
463523
463524
463525
463581
463671
463680
463681
463799
463806
464002
464310
464487
464535
464775
464799
464800
464801
464808
464825
464922
464992
465024
465048
465055
465056
465057
465060
465064
465129
465296
465450
465530
465542
465543
465544
465548
465556
465566
465567
465568
465569
465570
465571
465572
465582
465590
465594
465595
465596
465608
465750
465771
465842
466045
466092
466093
466210
466256
466324
466325
466326
466380
466381
466413
466440
466480
466524
466525
466548
466549
466559
466560
466561
466562
466572
466573
466591
466592
466593
466596
466597
466740
466741
466900
467082
467130
467135
467136
467137
467167
467168
467169
467199
467200
467201
467244
467245
467246
467360
467376
467454
467472
467473
467474
467475
467476
467477
467478
467496
467590
467688
467698
467704
467705
467706
467712
467736
467820
467838
468018
468019
468020
468029
468050
468291
468339
468340
468468
468510
468624
468625
468626
468660
468720
468740
468956
468971
469151
469152
469153
469168
469200
469205
469215
469216
469217
469227
469302
469315
469333
469413
469414
469415
469535
469536
469537
469557
469567
469568
469569
469579
469599
469600
469601
469821
469890
469909
469919
469920
469921
469931
470276
470277
470278
470287
470288
470399
470400
470401
470448
470512
470537
470853
470988
471240
471549
471584
471597
471598
471605
471620
471621
471622
471623
471624
471625
471626
471627
471628
471629
471630
471631
471632
471636
471637
471638
471639
471647
471648
471649
471657
471658
471659
471660
471661
471662
471663
471668
471681
471869
471870
471871
472080
472332
472670
472681
472691
472692
472693
472703
472714
472783
472857
472907
472916
472917
472918
472919
472920
472921
472922
472927
472930
472931
472940
473030
473382
473475
473796
473797
473905
473906
473907
474096
474117
474239
474240
474320
474759
475020
475029
475080
475401
475560
475561
475562
475571
475587
475605
475776
475878
475893
475902
476560
476619
476658
476685
476707
476840
476881
476882
477275
477411
477648
477653
477663
477664
477665
477675
477917
478024
478044
478045
478046
478055
478065
478066
478086
478202
478224
478275
478296
479325
479335
479483
479519
479520
479521
479523
479550
479557
479574
479705
479895
480025
480216
480467
480479
480480
480481
480493
480537
480644
480935
481140
481141
481152
481173
481390
481712
481734
481766
481767
481768
481800
481962
481963
481965
482001
482112
482160
482889
482890
482891
482922
483105
483486
483504
483728
483747
483813
483839
483840
483841
483879
483952
483989
484013
484068
484120
484176
484209
484231
484241
484242
484243
484253
484275
484495
484517
484605
484693
484703
484704
484705
484715
484785
484807
484891
485100
485520
486128
486297
486358
486957
487080
487081
487200
487382
487450
487825
487860
487872
487873
487884
487885
487886
487896
487897
487898
487900
487907
487908
487916
487918
487919
487920
487921
487922
487924
487926
487927
487928
487932
487937
487944
487945
487955
487956
487957
487958
487960
487967
487968
487969
487980
488016
488017
488241
488292
488293
488304
488313
488502
488504
488505
488506
488544
488628
488770
488771
489216
489258
489628
489645
489846
489888
489889
489909
489951
490000
490091
490488
490750
490751
490752
491040
491130
491568
491874
492560
492591
492822
492997
493038
493097
493920
494019
494020
494114
494119
494120
494121
494324
494325
494328
494340
494505
494802
494991
495117
495118
495138
495139
495140
495149
495159
495160
495180
495243
495244
495264
495265
495266
495275
495285
495286
495306
495369
495495
495850
495991
496051
496052
496053
496056
496113
496125
496188
496251
496296
496318
496319
496320
496321
496322
496344
496366
496470
496471
496584
496587
496696
496697
496790
496872
496881
497178
497412
497413
497448
497574
498017
498150
498151
498642
498643
498764
498765
498766
498767
498888
498889
498916
498940
498941
498960
499344
499380
499381
499575
499576
499577
499626
499627
499735
499748
499749
499750
499751
499797
499851
499872
499873
499974
499975
499992
499993
499994
499995
499996
499997
499998
499999
500016
500017
500080
500118
500119
500174
500175
500176
500177
500179
500180
500181
500192
500240
500241
500242
500243
500248
500364
500365
500439
500500
500579
500580
500581
500610
500611
500760
500787
500797
500805
500806
500807
500808
500809
500810
500811
500819
500829
500858
500976
501081
501102
501103
501116
501224
501225
501226
501227
501348
501349
501410
501411
501424
501456
501468
501552
501760
501816
501840
501841
501957
501975
501980
501981
501983
501984
501985
501993
502008
502011
502039
502040
502041
502200
502320
502365
502578
502579
502656
502686
502696
502819
502820
502821
502944
503007
503103
503104
503105
503440
503664
503688
503811
503812
503813
503936
504039
504057
504058
504059
504060
504061
504062
504063
504064
504081
504184
504227
504252
504307
504308
504309
504432
504504
504680
504933
505176
505230
505245
505274
505285
505295
505296
505297
505299
505300
505301
505307
505318
505350
505362
505401
505424
505427
505439
505440
505441
505453
505479
505505
505527
505574
505575
505576
505635
505920
506352
506576
506664
506687
506688
506689
506800
507024
507264
507520
508032
508143
508464
508530
508785
509124
510048
511057
511060
511077
511227
511329
511353
511360
511681
511687
511875
511995
512072
512170
512181
512189
512190
512191
512192
512194
512199
512201
512211
512212
512232
512274
512314
512316
512324
512325
512326
512336
512421
512472
512505
512578
512910
512911
512958
512959
512968
512988
513018
513205
513215
513216
513217
513220
513227
513240
513241
513242
513251
513261
513262
513279
513280
513282
513414
513471
513513
513514
513534
513590
513600
513601
513744
513786
513921
514568
514878
514879
515200
515424
515425
515445
515697
515900
515928
515970
516243
516383
516384
516385
516580
516810
517000
517080
517131
517440
517452
517608
517671
517773
517832
518495
518496
518497
518705
518715
518716
518717
518727
518760
518775
518776
518777
518782
518787
518788
518789
518826
518837
518847
518848
518849
518859
518896
518994
519037
519057
519064
519827
519837
519838
519839
519849
519949
520020
520021
520032
520296
520341
520474
520912
521023
521024
521025
521071
521072
521073
521136
521227
521235
521245
521246
521247
521248
521249
521250
521251
521269
521360
521471
521472
521473
521584
522192
522195
522424
522544
522709
522719
522720
522721
522731
522909
522984
523116
523179
523180
523185
523186
523187
523188
523189
523190
523191
523192
523197
523198
523206
523214
523215
523216
523224
523600
523776
523845
523872
523971
524160
524514
524601
525564
525799
526119
526176
526680
527079
527725
528045
528046
528047
528056
528366
528367
528400
528528
528554
528606
528618
528619
528620
528632
528684
528687
529254
529263
529264
529284
530292
530293
530613
530712
531048
531576
532539
533181
534465
534600
534750
534794
534795
534796
534797
534798
534842
535095
535248
535752
535815
535816
535836
535878
536250
536326
536327
536382
536391
536514
536558
536569
536579
536580
536581
536591
536592
536602
536646
536712
536713
536778
536910
536976
537020
537031
537033
537041
537042
537043
537053
537064
537108
537264
537647
537669
537679
537680
537681
537691
537875
538205
538206
538207
538356
538384
538537
538968
539040
539273
539274
539275
539279
539280
539281
539285
539286
539287
540243
540265
540540
540903
540918
541527
541632
541695
541848
542169
542178
542230
542850
543312
543347
543348
543349
543536
543774
543816
544005
544236
544252
544253
544320
544404
544425
544466
544530
544614
544635
544636
544656
544698
544740
544761
544782
544866
544880
544971
544992
545076
545160
545391
545573
545622
545916
546000
546021
546336
546337
546357
546984
547080
547680
547701
547904
548015
548016
548017
548128
548207
548208
548209
548215
548352
548688
548799
548800
548801
548912
549045
549046
549066
549108
549336
549360
549584
549695
549696
549697
549808
550032
550147
550270
550514
550515
550516
551040
551392
551393
551394
551461
551474
552048
552178
552516
552720
552762
552763
553083
553817
554125
554400
554465
554466
554467
554807
555652
555660
555885
555972
556615
556772
556935
557007
557008
557009
557172
557256
557424
557865
557898
558131
558180
558181
558348
558360
558541
558558
558861
558862
558863
558872
559182
559183
559492
559495
559501
559502
559503
559504
559505
559506
559507
559509
559512
559513
559515
559516
559525
559615
559824
559825
559944
559966
560112
560145
560146
560147
560156
560280
560377
560406
560466
560467
560637
560787
560788
560934
560945
560970
561040
561108
561109
561110
561119
561120
561178
561183
561267
561309
561330
561331
561344
561351
561352
561372
561393
561396
561429
561430
561750
561784
561785
561786
561789
561790
561791
561794
561795
561796
562023
562392
562393
562623
562713
562716
562776
562777
562907
562968
563094
563244
563266
563355
563356
563389
563409
563410
563411
563420
563430
563431
563451
563472
563535
563596
563640
563676
564144
564480
564639
565281
565388
565389
565488
565921
565944
565945
565946
565955
565968
565969
565992
566208
566433
566565
566709
566731
566832
566896
567060
567061
567071
567072
567073
567074
567084
567085
567115
567203
567204
567205
567336
567672
568449
568512
568575
569170
569171
569172
569174
569181
569184
569213
569238
569239
569240
569241
569242
569243
569244
569245
569246
569247
569248
569249
569250
569251
569252
569253
569282
569283
569310
569311
569312
569314
569321
569361
569756
569961
570024
570025
570045
570297
570727
570729
571160
571312
571368
571369
571501
571607
571912
571913
571978
572022
572044
572133
572198
572208
572286
572352
572416
572432
572729
572730
572731
572792
573163
573165
573166
573167
573168
573169
573171
573176
573198
573216
573440
573853
573870
573888
574911
574975
575232
575411
575456
575509
575519
575520
575521
575553
575604
575605
575607
575629
575874
576065
576099
576177
576240
576303
576455
576464
576575
576576
576577
576688
576912
577024
577301
577302
577371
577372
577373
577374
577443
577444
577530
577536
578043
578345
578592
579029
579039
579040
579041
579051
579084
579117
579467
579468
579469
579726
579880
579978
580104
580482
580483
580503
580591
580652
580944
581199
581207
581229
581286
581288
581295
581298
581299
581300
581306
581307
581309
581310
581313
581315
581316
581317
581318
581319
581320
581321
581322
581323
581324
581325
581326
581327
581328
581329
581330
581331
581332
581333
581336
581337
581338
581340
581344
581345
581346
581348
581355
581357
581358
581360
581367
581376
581387
581430
581436
581444
581445
581493
581515
581574
581625
581657
581713
581714
581715
581742
581743
581763
581805
582120
582444
582624
582837
583296
583632
583882
583884
583939
583957
583958
583959
583960
583961
583962
583963
583981
584052
584136
584640
584864
584975
584976
584977
585083
585088
585312
585423
585424
585425
585432
585495
585503
585504
585505
585513
585536
585576
585627
585639
585645
585646
585647
585648
585649
585650
585651
585657
585669
585760
585825
585858
585871
585872
585873
585984
586197
586205
586206
586207
586208
586215
586319
586320
586321
586432
586525
586656
586783
586803
586825
586845
586846
586847
586856
586866
586867
586887
586908
586909
586929
586971
587076
587216
587329
587420
587538
587575
587605
587845
587972
588000
588672
588925
588945
588987
589575
589998
590055
590085
590086
590087
590096
590116
590117
590147
590319
590352
590426
590487
590562
590640
590961
591136
591282
591584
591695
591696
591697
591808
591948
591949
591969
592011
592256
592480
592596
592597
592627
592704
592926
593712
593880
594067
594384
594385
595045
595107
595189
595190
595191
595455
595771
595840
595930
596114
596158
596159
596160
596161
596162
596176
596206
596313
596390
596480
597051
597135
597304
597324
597380
597493
597513
597514
597515
597524
597534
597535
597544
597553
597554
597555
597556
597557
597558
597559
597564
597567
597568
597576
597577
597597
597598
597599
597608
597618
597619
597639
597667
597744
597807
597808
597828
597908
597909
597910
597919
598017
598024
598080
598138
598139
598140
598149
598344
598720
598752
598920
598975
598976
599040
599041
599256
599257
599277
599340
599460
599734
599760
599907
599994
600209
600210
600211
600212
600213
600215
600216
600217
600592
600600
600656
600695
600696
600697
600805
600912
600913
600960
601233
601234
601280
601281
601328
601335
601439
601440
601441
601445
601446
601524
601552
601554
601600
601601
601602
601611
601694
601766
601767
601768
601769
601770
601842
601921
601932
602112
602154
602155
602175
602217
602376
602600
602785
602839
603106
603159
603160
603161
603170
603480
603481
603482
603491
603801
603802
603803
603812
603823
603840
604097
604122
604123
604128
604159
604161
604443
604695
604872
604890
605039
605360
605361
605362
605371
605406
605440
605682
605683
605727
605728
606004
606048
606049
606295
606369
606370
606528
606529
606530
606559
606560
606561
606625
606689
606690
606691
606753
606763
606816
606879
607011
607085
607152
607199
607200
607201
607257
607315
607332
607333
607398
607543
607600
607653
607775
607936
607937
608258
608295
608616
608885
608886
608887
608896
608902
608937
609088
609089
609090
609119
609120
609121
609122
609123
609130
609131
609132
609151
609152
609153
609154
609183
609184
609185
609355
609356
609357
609366
609471
609472
609473
609674
609756
609825
609826
609840
609885
609886
609899
609900
609901
609902
609915
609916
609975
609976
610302
610345
610365
610366
610367
610376
610386
610387
610407
610512
610596
610849
610863
610869
610885
610902
611184
611408
611476
611477
611519
611520
611521
611623
611632
611711
611712
611713
611714
611743
611744
611745
611800
611948
611949
612064
612342
612360
612361
612374
612381
612423
612480
612498
612502
612528
612561
612752
612863
612864
612865
612944
612976
613158
613200
613525
613547
613557
613558
613559
613569
613591
613872
614067
614229
614239
614240
614241
614251
614303
614304
614305
614315
614327
614328
614329
614341
614416
614449
614537
614541
614544
614628
614629
614649
614755
614775
614779
614789
614790
614791
614801
614808
614809
615043
615404
615440
616055
616330
616526
616527
616528
617463
617526
617650
617706
617796
617904
617905
617906
617907
617909
617910
617911
617925
617947
617956
618031
618032
618033
618108
618228
618229
618332
618408
618409
618429
618982
619549
619920
620031
620032
620033
620144
620400
620862
620870
621135
621456
621621
621777
621956
622098
622248
622251
622377
622378
622398
622440
622441
622461
622488
622503
622504
622510
622511
622512
622513
622514
622524
622536
622566
622728
622776
622881
622944
622974
622984
622985
622986
622996
623007
623070
623280
623392
623504
623583
623584
623585
623615
623616
623617
623647
623648
623649
623700
623728
623905
623952
624024
624025
624144
624145
624345
624448
624459
624469
624470
624471
624481
624492
624630
624855
624987
625009
625240
625483
625511
625515
625548
625570
625647
625779
625944
625955
625965
625966
625967
625977
625987
625988
625989
625999
626007
626008
626009
626010
626011
626012
626013
626021
626031
626032
626033
626043
626053
626054
626055
626065
626076
626087
626163
626164
626165
626241
626417
626472
626780
627055
627088
627199
627200
627201
627228
627312
627528
627539
627549
627550
627551
627561
627572
627804
627805
627807
627924
627984
628056
628122
628123
628132
628133
628134
628144
628146
628152
628153
628154
628155
628156
628157
628158
628164
628166
628176
628177
628178
628188
628189
628221
628254
628284
628285
628320
628386
628518
628880
629153
629159
629160
629161
629167
629262
630652
630740
630828
630829
630861
630896
631092
631328
631407
631438
631681
631701
631702
631703
631712
631722
631723
631728
631743
631886
631932
632016
632049
632094
632127
632128
632129
632162
632249
632320
632321
632384
632691
632731
632832
633012
633290
633314
633324
633325
633326
633333
633336
633372
633392
633398
633399
633400
633435
633501
633508
633596
633614
633615
633616
633617
633618
633619
633620
633638
633696
633726
633834
633835
633836
633906
633944
634032
634045
634080
634116
634117
634256
634367
634368
634369
634480
634494
634495
634496
634618
634704
634938
634939
634940
634949
634984
635033
635034
635035
635040
635045
635046
635047
635259
635260
635401
635580
635586
635600
635618
635711
635712
635713
635824
635906
635910
636543
636548
636741
636864
636867
637185
637386
637497
637560
637623
637631
637632
637633
637875
637878
638253
638469
638848
639375
639408
639418
639419
639420
639429
639430
639431
639440
639441
639442
639452
639485
639496
639506
639507
639508
639517
639518
639519
639529
639576
639694
639704
639705
639706
639716
640110
640395
640528
640584
640585
640605
640739
641049
641080
641111
641421
641424
641520
641536
642006
642180
642356
642568
642768
642815
642816
642817
642978
642992
643064
643071
643103
643104
643105
643137
643167
643168
643170
643176
643216
643440
643462
643464
643482
643714
643734
643735
643736
643745
643755
643756
643776
643926
643965
644007
644008
644028
644280
644520
644521
644602
644625
644633
644634
644635
644643
644648
644651
645243
645568
645724
645725
645726
645792
646737
646800
646847
646848
646849
647680
647838
647971
648081
648396
648397
648427
648450
648774
648775
648795
648825
648826
648945
649040
649073
649091
649092
649093
649094
649095
649096
649097
649115
649152
649317
649318
649439
649440
649441
649442
649563
649564
649571
649572
649573
649600
649705
649760
649880
650025
650026
650027
650036
650055
650056
650150
650217
650346
650347
650480
650495
650496
650497
650528
650544
650557
650559
650560
650561
650566
650567
650568
650569
650570
650571
650572
650576
650577
650580
650581
650590
650608
650640
650667
650680
650969
651056
651112
651167
651168
651169
651280
651339
651340
651341
651371
651389
651390
651391
651392
651393
651394
651395
651413
651420
651504
651615
651616
651617
651728
651882
652142
652400
652430
652431
652432
652439
652445
652454
652456
652457
652458
652459
652460
652461
652462
652463
652464
652465
652466
652467
652468
652469
652470
652472
652481
652487
652494
652495
652496
652526
652784
652993
653184
653185
653205
653247
653499
653556
653585
653586
653587
653744
653856
653895
654100
654192
654214
654360
654361
654493
654596
654640
654654
654709
654719
654720
654721
654844
654864
655284
655340
655410
655424
655600
655811
655829
655830
655831
655832
655833
655834
655835
655853
656040
656145
656271
656788
656955
657030
657040
657041
657042
657052
657294
657558
658077
658078
658079
658287
658448
658476
658497
658518
658559
658560
658561
658602
658611
658623
658644
658672
658691
658692
658693
658773
658833
659013
659175
659200
659201
659202
659680
660324
660849
660975
661375
661397
661407
661408
661409
661419
661584
661727
661728
661729
661749
661759
661760
661761
661771
661781
661782
661783
661791
661792
661793
662101
662111
662112
662113
662123
662189
662223
662480
662544
662545
662570
662592
662865
662904
663264
664345
664470
664608
665616
665847
666042
666080
666396
666397
666407
666414
666415
666435
666477
666666
666717
667590
667840
667968
668150
668161
668185
668264
668265
668266
668380
668426
668474
668478
668492
668493
668494
668495
668496
668497
668498
668516
668610
668724
668725
668726
668735
668736
668737
668840
668994
669276
669277
669300
669301
669311
669312
669313
669314
669324
669325
669343
669344
669345
669348
669349
669747
669927
669928
669942
670248
670249
670362
670569
670570
670725
670890
670910
670992
671118
671748
671832
672336
672337
672658
672672
672677
673799
673800
673801
674100
674101
674141
674142
674143
674147
674148
674149
674153
674154
674155
674377
674387
674388
674389
674399
674421
674498
674520
674923
675360
676026
676027
676046
676242
676347
676746
676809
676810
676830
676872
676989
677376
677534
677952
678595
678720
678915
678916
678917
678926
679162
679236
679237
679415
679557
679602
679855
680064
680121
680288
680399
680400
680401
680512
680736
681636
681637
681681
681804
681805
682077
682080
682125
682407
682429
682439
682440
682441
682446
682451
682473
682500
682501
682803
682908
682909
682919
682920
682921
682922
682923
682932
682933
682957
683340
683341
683907
684125
684545
684546
684547
684693
684967
685025
686959
687276
687867
687903
687904
687905
687941
687960
687961
687981
688398
688399
688400
688545
688866
688905
689136
689187
689522
689562
689563
689589
689598
689634
690150
690228
690229
690261
690525
690883
691012
691135
691203
691219
691220
691221
691237
691305
691614
692076
692244
692370
693000
693504
695457
696003
696245
696255
696256
696257
696267
696509
697537
697548
697549
697550
697561
697572
697580
697582
697583
697584
697585
697586
697588
697596
697608
697609
697619
697620
697621
697622
697632
697633
697818
699993
699994
700014
700245
700246
700252
700266
700308
700326
700743
700812
701875
702027
702028
702162
702348
702429
702669
702702
703120
703248
703521
705879
706200
706521
707238
707301
707364
707437
707439
707440
707441
707442
707443
707445
707450
707472
707490
707805
707889
708246
708309
708372
708400
708642
709038
709060
709377
709401
709632
709731
710694
712416
712417
712525
712745
712789
712799
712800
712801
712811
712855
712908
713075
713583
713664
713665
713685
714357
714358
714378
714420
714483
714484
714504
714630
714631
714752
714753
714754
714755
714876
714877
714978
714979
714996
714997
714998
714999
715000
715001
715002
715003
715020
715021
715122
715123
715176
715177
715197
715244
715245
715246
715247
715351
715368
715369
715550
715627
715637
715638
715639
715649
715726
716058
716184
716262
716263
716264
716265
716266
716267
716268
716269
716270
716273
716274
716275
716276
716277
716472
716473
716474
716475
717066
717255
717582
717583
717597
717948
718014
718208
718528
718720
719039
719040
719041
719552
720440
720563
720564
720565
720688
720720
720791
720809
720810
720811
720812
720813
720814
720815
720833
720936
721059
721060
721061
721184
721215
721929
722904
723212
723416
723855
724305
725049
725075
725087
725088
725089
725101
725127
725229
725760
725781
726096
726102
726385
726423
726544
726655
726656
726657
726768
727552
727708
728028
728029
728030
728039
728112
728223
728224
728225
728336
728349
728350
728364
728427
728445
728446
728447
728448
728449
728450
728451
728469
728560
728670
728671
728672
728673
728784
729193
729344
729729
730128
730239
730240
730241
730275
730352
730513
730800
730981
731011
731012
731013
731022
731042
731043
731073
731136
731352
731559
731845
731871
731889
731890
731934
731935
731961
732024
732182
732204
732418
732438
732439
732440
732442
732449
732459
732460
732480
732522
732669
733824
734517
734712
734954
734964
734965
734966
734976
735075
735218
735504
735616
736613
738439
738440
738621
739375
739760
739761
739762
739764
739771
739817
739829
739830
739831
739843
740123
740124
740125
740285
740817
740880
740881
740901
740943
741081
741082
741485
741486
741487
741488
741489
741491
741492
741493
741510
741895
742235
742236
742237
742402
742644
743757
744469
744479
744480
744481
744491
744576
744744
745044
745290
745362
745731
746004
746005
746016
746325
747065
747264
747747
747859
747936
748462
748968
749007
749856
749952
750141
750328
750329
751040
751212
751296
751649
751822
751842
752011
752031
752032
752033
752042
752052
752053
752062
752071
752072
752073
752074
752075
752076
752077
752082
752085
752086
752094
752095
752115
752116
752117
752126
752136
752137
752157
752185
752262
752325
752326
752346
752535
752616
752640
752664
753920
754029
754030
754240
754241
754291
754350
754425
754560
754561
754562
754571
754591
754592
754593
754594
754595
754602
754603
754604
754623
754624
754625
754626
754655
754656
754657
754881
754943
754944
754945
755328
755742
755754
755755
755756
755768
756277
756597
756598
756599
756608
756672
756918
756919
756920
756929
757239
757240
757241
757250
757560
757561
757881
758016
758955
759276
759277
759278
759287
759598
759599
759920
760032
760128
760271
760449
760770
760896
761824
762818
763750
764175
764218
764219
764220
764221
764222
764690
766134
766180
766197
766227
766920
767250
767294
767305
767315
767316
767317
767327
767338
767382
767745
768285
768286
768306
768312
768852
769104
769860
770143
772445
772521
772539
772540
772541
772559
772635
773136
773388
773478
773496
773497
773892
774018
774774
777942
778074
778140
778141
778150
778151
778152
778162
778164
778170
778171
778172
778173
778174
778175
778176
778182
778184
778194
778195
778196
778206
778207
778239
778272
778404
778491
778492
778512
778536
778554
778555
778575
778617
778618
778638
778680
779710
780030
780031
780032
780034
780041
780351
780352
780485
780576
780577
780660
780661
780671
780672
780673
780674
780684
780685
780768
780769
780864
781314
781608
782032
783561
784000
784674
784977
785358
785588
786099
786100
786101
786450
786499
786505
786506
786507
786513
787223
787413
787424
787655
787820
787831
787841
787842
787843
787853
787863
787864
787865
787875
787883
787884
787885
787886
787887
787888
787889
787897
787907
787908
787909
787919
787929
787930
787931
787941
787952
788117
788348
788707
788803
788804
788805
788901
789958
790188
790623
790912
790913
790944
790965
790976
791208
791265
791715
792600
792601
793408
793921
794475
797685
798006
798028
798325
798335
798336
798337
798347
798644
799205
799227
799344
799407
799533
799596
800930
801108
801216
801360
801471
801472
801473
801537
801584
801847
801848
801858
802137
802138
802139
802144
802149
802150
802151
802194
802431
802432
802452
802620
802704
802815
802816
802817
802928
803168
803737
803784
803880
804034
804047
804078
804109
804419
804573
804870
805068
805090
805203
805267
805287
805329
805332
805959
806031
806032
806182
806352
806520
806652
806960
807309
807496
808452
808560
808599
808911
808920
808929
809241
809424
810432
811440
811809
812130
812350
813098
813109
813119
813120
813121
813131
813142
813204
813205
813206
813208
813210
813211
813212
813215
813216
813217
813218
813220
813221
813222
813227
813256
813260
813736
813890
814800
815022
815248
815298
815359
815360
815361
815472
816144
816165
816368
816471
816479
816480
816481
816489
816504
816592
816795
816816
817335
817336
818160
818424
818496
818664
819192
819280
819504
821184
822312
822983
822984
823159
823200
823284
823980
824282
824304
824544
825342
825468
825552
826254
826540
826575
826896
826980
827217
827538
827610
827736
827926
828182
828267
828366
828506
828630
829080
829472
829588
829653
829663
829664
829665
829675
829794
829920
829921
829941
829983
829984
829985
830004
830005
830015
830016
830017
830027
830047
830048
830049
830357
830367
830368
830369
830379
830592
831141
831390
831699
832032
832033
832353
832608
832674
834395
834503
834504
834505
834613
834946
834960
835512
837312
837540
839601
839664
839727
840378
840826
840862
841302
841662
841743
841807
841827
841849
841869
841870
841871
841880
841890
841891
841911
841932
841933
841953
841974
841995
842017
842058
842079
842100
842289
842457
842562
842624
842625
842626
842765
842787
842853
842864
843051
843373
843381
843909
844305
844431
844495
844496
844497
845376
845440
845619
845624
845715
845727
845728
845729
845741
845832
846657
846720
846721
846739
846740
846741
846742
846743
846744
846745
846763
846783
846846
847119
847440
847761
847865
847880
848987
848988
848989
849072
849687
850008
850080
850111
850329
850465
850640
850971
851312
851424
852656
853050
853480
853650
853755
853756
853776
853857
853858
853859
853860
853861
853862
853863
853864
853965
853966
854502
854511
854512
854532
855030
855186
855230
855231
855232
855233
855234
855278
855294
855338
855349
855359
855360
855361
855371
855382
855426
855591
855690
855786
855921
855943
855953
855954
855955
855965
855987
856008
856107
856251
856317
856428
856749
857070
857621
857696
857712
857713
857807
857808
857809
857868
857890
857920
857951
857952
857953
858033
858034
858035
858044
858220
858283
858354
858355
858675
859096
859500
859501
859511
859512
859513
859514
859515
859524
859525
860160
860706
861564
861840
861886
861991
861992
861993
862098
862848
864304
864528
865067
865068
865074
865095
865117
867216
867510
867888
868626
869202
870240
870325
870723
870870
871194
871861
871965
871966
871979
871980
871981
871982
871995
871996
872157
872256
872480
872571
872591
872592
872593
872704
872928
873181
873770
874160
874817
875367
875688
875939
875940
875941
876009
876309
876327
876328
876329
876330
876331
876332
876333
876351
877063
877968
878079
878080
878081
878192
878257
878416
878472
878473
878493
878535
878577
879606
880325
880439
880440
880441
880555
881555
881705
881892
881947
881957
881958
881959
881969
882000
882090
882211
883531
883871
883872
883873
884034
884035
884204
884213
884355
884520
884763
885456
885625
886061
886169
886170
886171
886279
886413
886715
886824
886932
886933
886934
887042
887110
887565
887712
888888
889380
889812
892710
893376
894146
894168
894366
894388
894410
894411
894443
894465
894476
894487
894499
894509
894519
894520
894521
894522
894531
894532
894533
894542
894543
894553
894564
894575
894585
894586
894587
894597
894608
894630
894631
894641
894652
894696
894707
894718
894729
894806
894839
894861
894938
894992
895031
895212
895301
895776
895796
896154
896652
896671
897116
897897
898128
898280
898799
898800
898801
898863
898864
898865
899808
900315
900316
900318
900324
900922
901044
901656
901657
901677
901712
901769
901823
901824
901825
901936
902349
902350
902370
902412
902475
902476
902496
902541
902651
902652
902653
902763
902891
902892
902893
903168
903169
903189
904015
905520
905580
906184
906504
906697
906698
906699
907816
908523
908656
908913
908931
908932
908933
908934
908935
908936
908937
908955
909073
909393
909394
909395
909404
909623
909624
909625
909630
909635
909636
909637
909714
909715
909860
909972
910002
910003
910004
910011
910017
910024
910026
910028
910029
910030
910031
910032
910033
910034
910035
910036
910037
910038
910039
910040
910041
910042
910044
910047
910048
910052
910053
910057
910059
910066
910067
910068
910098
910147
910336
910356
910357
910448
910559
910560
910561
910672
910677
910678
910679
910688
910784
910895
910896
910897
910998
910999
911008
911020
911120
911169
911170
911171
911231
911232
911233
911319
911344
911456
911493
911568
911679
911680
911681
911792
911876
912288
912352
912463
912464
912465
912576
912924
913680
913887
913888
914208
914529
914592
914703
914704
914705
914807
914808
914809
914816
915075
915245
915453
915936
916367
916368
916369
917043
917061
917062
917063
917064
917065
917066
917067
917085
917097
917280
917281
917301
917491
917553
917616
918060
918192
918540
918541
918561
918593
918603
918611
918612
918613
918614
918615
918616
918617
918635
919319
919320
919321
919381
919416
919452
919453
919464
919674
919737
919800
920178
920304
920448
920859
920860
920861
921269
921270
921271
921983
922185
923643
923769
924336
924399
924462
924525
924560
924671
924672
924673
924784
925008
925155
926934
926935
926982
927047
927048
927049
927050
927108
927162
927163
929280
929984
930006
930096
930111
930112
930113
930128
931125
931137
931138
931139
931151
932185
932412
932505
932506
932507
932516
932826
932827
933147
933912
934336
934375
934554
934555
934685
934752
934835
934949
934950
934951
935065
935066
935067
935076
935157
935158
935159
935168
935179
935180
935181
935182
935183
935190
935191
935192
935203
935204
935205
935214
935295
935296
935297
935306
935525
935640
935754
935755
935756
935857
935870
936036
936037
936216
936217
936357
937705
938322
938344
938604
938784
938982
939004
939008
939037
939070
939081
939136
939268
939290
939730
940170
940401
940752
940800
941565
941566
941687
941688
941689
941690
941811
941812
941819
941820
941821
941850
942152
942197
943047
943068
943196
943197
943236
943250
943251
943252
943253
943254
943257
943278
943311
943312
943313
943314
943319
943320
943321
943362
943383
943404
943428
943429
943593
943719
943737
943738
943739
943740
943741
943742
943743
943761
944055
944061
944328
944412
944443
944515
944516
944608
944719
944720
944721
944790
944832
945280
945406
945836
945837
945838
945840
945847
945912
945987
946064
946175
946176
946177
946288
947072
947157
947158
948478
948640
948822
948823
948935
948955
949220
949343
949344
949345
949468
950208
951120
951327
951443
951444
951445
951552
951561
952224
952335
952336
952337
952448
952539
952551
952557
952558
952559
952560
952561
952562
952563
952569
952581
952672
952783
952784
952785
952896
953344
953370
953568
954261
954912
954975
956088
956259
956480
956536
959046
959145
959458
959459
959553
959575
959576
959577
959578
959616
959679
959694
959695
959952
960288
960367
960399
960400
960401
960512
961380
961717
962037
962038
962039
962048
962222
962280
962304
962328
962358
962359
962679
964320
964992
965568
966209
966210
966211
966672
966757
966840
966951
966966
966972
966973
967417
967589
967707
967708
967709
967827
968293
968688
970383
970704
970830
971025
972129
972160
972191
972384
973161
973728
974556
975433
975632
975673
975720
975721
975744
975757
975792
975816
975817
975828
975829
975839
975840
975841
975842
975852
975853
975864
975865
975877
975887
975912
975948
975949
975960
975961
975968
976032
976033
976079
976080
976081
976192
976272
976273
976416
976584
976794
977009
977010
977011
977444
977445
977446
977550
977676
978012
978120
978121
978133
978138
978432
978560
978912
983851
983961
983971
983972
983973
983983
984093
985149
985171
985320
985600
985622
987840
988038
988039
988176
988227
988243
988244
988245
988261
988281
988359
988679
988680
988681
988702
990276
990339
990465
990486
990528
990605
991372
991493
991494
991495
991616
991782
992211
992233
992673
993720
993816
993817
994137
994896
995085
995421
995742
996063
996073
997557
997931
997941
997942
997943
997953
998327
998613
998623
998624
998625
998635
998844
999099
999273
999375
999376
999499
999600
999621
999622
999623
999745
999824
999867
999868
999915
999935
999936
999937
999989
999990
999991
999992
999993
1000048
1000113
1000114
1000350
1000351
1000605
1000606
1000728
1000729
1000850
1000851
1000852
1000853
1000974
1000975
1001000
1001160
1001584
1001585
1001586
1001587
1001615
1001616
1001617
1001880
1002232
1002395
1002396
1002397
1002400
1002820
1002821
1003408
1003487
1003488
1003489
1003519
1003520
1003521
1003551
1003552
1003553
1003632
1003960
1004034
1004035
1004052
1004053
1004054
1004055
1004056
1004057
1004058
1004059
1004076
1004077
1004847
1004865
1004866
1004867
1004868
1004869
1004870
1004871
1004889
1005290
1005291
1006104
1006335
1006524
1006525
1006526
1006527
1006602
1006656
1006992
1007103
1007104
1007105
1007216
1007339
1007340
1007341
1007370
1007371
1007391
1007440
1007500
1007760
1007761
1007996
1008119
1008120
1008121
1008244
1008576
1008740
1008864
1008987
1008988
1008989
1009008
1009112
1010394
1011150
1011213
1011222
1011231
1011582
1012946
1014039
1014069
1014234
1014300
1014528
1014529
1015560
1015849
1016375
1016475
1016499
1016500
1016501
1016525
1016625
1020459
1021422
1021977
1022385
1022505
1022549
1022559
1022560
1022561
1022571
1022615
1023132
1023330
1023625
1023645
1023669
1023990
1024311
1024345
1024380
1024381
1024383
1024416
1024417
1024506
1024631
1024632
1024633
1024650
1024758
1025096
1025136
1025137
1025157
1025662
1025904
1025914
1025915
1025916
1025926
1026168
1026480
1026819
1027180
1027521
1027686
1027738
1027928
1027938
1027939
1027940
1027950
1028192
1028214
1028412
1028422
1028423
1028424
1028434
1028442
1028443
1028444
1028445
1028446
1028447
1028448
1028456
1028466
1028467
1028468
1028478
1028676
1028698
1028940
1028950
1028951
1028952
1028962
1029127
1029204
1029710
1029831
1029990
1029991
1030722
1030824
1030960
1030964
1030974
1030975
1030976
1030986
1031184
1031228
1031319
1031327
1031328
1031329
1031337
1031352
1031373
1031756
1032240
1032637
1032763
1032764
1032765
1032891
1033620
1033758
1033941
1034262
1034583
1034768
1034847
1034879
1034880
1034881
1034913
1034992
1035664
1037151
1037484
1037564
1037652
1038072
1038073
1038093
1038156
1038366
1038367
1038387
1038576
1038800
1039170
1039610
1039621
1039631
1039632
1039633
1039643
1039654
1040040
1040768
1040769
1040895
1040896
1040897
1040898
1041024
1041025
1041453
1041645
1042144
1042384
1042495
1042496
1042497
1042608
1044340
1044855
1045044
1045176
1045497
1046052
1046053
1046073
1046178
1046179
1046199
1046808
1046914
1046924
1046925
1046926
1046936
1047508
1047553
1047753
1047879
1048432
1048707
1048899
1049027
1049028
1049029
1049157
1049510
1051128
1052238
1053864
1053865
1053885
1054515
1054537
1054557
1054620
1054621
1054651
1054683
1054933
1054943
1054944
1054945
1054955
1055010
1055351
1055448
1055769
1056090
1057131
1057147
1057173
1057174
1057175
1057184
1057277
1057368
1057628
1059058
1059300
1059480
1061172
1061235
1061298
1062432
1063557
1066041
1066042
1066240
1066362
1067976
1072344
1072640
1074393
1074394
1074395
1074396
1074397
1074398
1074399
1074400
1074708
1074709
1074880
1075029
1075096
1075201
1075536
1076634
1078056
1078080
1078104
1078239
1078240
1078560
1078561
1078881
1078882
1079202
1080807
1081080
1081128
1081449
1081920
1081921
1082242
1082412
1082413
1082592
1082733
1084496
1084860
1084861
1084881
1086624
1087911
1088220
1088221
1088628
1088629
1088639
1088640
1088641
1088642
1088652
1088653
1088671
1088672
1088673
1088976
1089060
1089061
1090811
1091231
1091232
1091233
1091653
1092042
1093680
1096704
1097685
1097793
1097811
1097819
1097820
1097821
1097829
1097847
1097955
1098657
1098658
1098678
1098684
1099072
1099224
1101520
1104489
1104507
1104508
1104509
1104527
1105032
1109640
1109641
1109745
1109784
1110564
1110961
1112229
1112230
1112232
1112238
1112265
1112287
1115796
1117272
1117800
1118686
1119006
1119007
1119008
1119010
1119017
1119327
1119328
1119648
1120208
1120290
1122537
1122660
1122661
1122693
1123000
1123260
1123518
1123548
1123549
1123550
1123557
1123563
1123572
1123574
1123575
1123576
1123577
1123578
1123579
1123580
1123581
1123582
1123583
1123584
1123585
1123586
1123587
1123588
1123590
1123599
1123605
1123612
1123613
1123614
1123644
1123902
1125040
1125333
1127148
1128848
1128959
1128960
1128961
1129072
1131888
1131984
1132880
1133418
1133748
1134735
1136982
1138340
1138424
1138476
1138478
1138479
1138480
1138481
1138482
1138484
1138494
1138495
1138620
1139985
1142505
1144044
1145650
1145969
1145970
1145971
1146330
1148539
1148859
1148860
1148861
1148870
1149180
1149181
1149270
1149271
1149490
1149499
1149500
1149501
1149502
1149503
1149504
1149505
1149510
1149513
1149514
1149523
1149613
1149822
1149823
1150143
1150144
1150145
1150154
1150464
1150465
1150591
1150785
1150974
1152390
1152457
1153353
1153354
1153674
1156563
1157205
1162305
1162480
1162481
1162546
1162636
1162637
1162638
1162640
1162642
1162643
1162647
1162648
1162649
1162650
1162652
1162654
1162659
1162688
1163801
1164240
1164267
1165248
1166797
1167919
1167920
1167921
1168119
1168419
1168437
1168438
1168439
1168440
1168441
1168442
1168443
1168461
1168761
1169043
1170045
1170046
1170072
1170366
1170960
1171184
1171295
1171296
1171297
1171408
1171632
1171664
1172080
1172613
1172808
1172809
1172829
1173048
1173081
1173535
1173690
1175823
1177011
1178038
1178058
1178712
1178905
1179150
1179347
1179359
1179360
1179361
1179373
1179490
1179675
1179815
1180170
1180607
1180608
1180609
1181726
1181851
1181895
1182144
1182519
1183392
1184512
1185296
1185453
1187536
1188726
1189552
1190040
1190280
1190380
1190784
1190909
1190910
1190911
1191167
1191168
1191169
1191502
1191503
1191504
1192296
1192464
1192626
1194103
1194123
1194165
1194184
1195090
1195110
1195111
1195112
1195114
1195121
1195131
1195132
1195152
1195194
1195257
1195341
1195403
1195404
1195405
1195551
1195560
1195561
1195584
1196046
1196276
1197504
1199143
1199163
1199185
1199205
1199206
1199207
1199216
1199226
1199227
1199247
1199268
1199269
1199289
1199331
1199436
1199898
1200192
1200487
1200864
1202145
1202208
1202880
1202991
1202992
1202993
1203104
1203195
1203207
1203213
1203214
1203215
1203216
1203217
1203218
1203219
1203225
1203237
1203328
1203439
1203440
1203441
1203552
1204224
1204308
1204309
1204329
1204371
1204752
1204753
1205280
1205568
1206073
1206318
1206576
1206639
1206960
1207281
1207602
1207921
1208361
1209285
1209411
1210720
1212183
1212184
1212204
1212840
1213380
1213381
1213701
1214000
1215320
1215321
1215322
1215331
1215895
1216215
1216269
1216641
1216642
1217770
1217962
1218238
1218239
1218240
1218241
1218242
1218455
1218710
1219741
1219804
1219807
1219813
1219814
1219815
1219816
1219817
1219818
1219819
1219824
1219825
1219827
1219828
1219837
1219890
1219891
1219927
1220688
1220730
1221143
1221726
1221803
1222047
1222048
1222368
1223040
1223376
1224615
1224720
1225257
1225888
1225889
1226316
1227006
1227050
1227061
1227071
1227072
1227073
1227083
1227094
1227138
1227209
1227681
1227744
1227807
1228467
1228788
1229109
1229256
1229851
1230096
1232319
1232616
1234800
1235792
1235793
1235810
1235811
1235812
1235813
1235814
1235815
1235816
1235817
1235834
1235835
1235850
1235937
1235938
1235939
1236456
1237546
1239504
1242945
1242976
1243007
1244502
1246448
1246530
1247024
1247025
1247232
1248048
1248345
1248912
1249666
1249899
1249974
1251250
1251998
1252009
1252019
1252020
1252021
1252031
1252042
1252145
1252790
1253120
1253725
1255338
1255431
1255752
1255800
1256073
1256299
1256309
1256310
1256311
1256321
1256637
1257592
1257759
1257760
1257761
1258320
1258656
1258883
1258895
1259664
1260160
1260182
1260523
1260533
1260534
1260535
1260545
1260567
1260589
1260888
1261205
1261209
1261215
1261216
1261217
1261227
1261260
1263375
1263402
1264120
1264816
1265418
1265544
1267125
1267233
1267234
1267235
1267343
1267629
1267651
1268058
1268160
1268161
1269481
1269554
1269555
1269556
1269876
1270080
1270542
1270839
1271160
1271481
1273482
1274691
1275120
1275876
1278728
1278883
1278904
1278905
1278906
1278927
1278948
1278959
1278969
1278970
1278971
1278981
1278992
1279376
1279487
1279488
1279489
1279600
1280475
1280476
1280496
1280790
1282960
1283039
1283040
1283041
1283071
1283072
1283073
1283103
1283104
1283105
1283184
1284321
1285760
1286316
1286335
1286544
1286655
1286656
1286657
1286768
1287468
1288686
1289268
1289269
1289271
1289680
1292025
1292324
1293600
1294272
1294280
1294281
1294411
1295328
1296944
1296954
1296955
1296956
1296966
1297065
1297548
1298187
1298188
1298189
1299250
1299311
1299925
1300050
1300479
1300480
1300629
1301136
1301137
1301138
1301140
1301147
1301216
1302147
1302336
1302447
1302448
1302449
1302506
1302560
1302672
1302777
1302783
1302784
1302785
1302840
1302896
1302903
1302925
1302926
1303533
1303980
1304159
1304160
1304161
1304162
1304291
1304292
1304293
1304919
1304920
1304921
1304926
1304931
1304932
1304933
1305215
1305216
1305217
1305395
1305396
1305507
1305508
1305828
1306452
1308384
1309077
1309707
1309833
1310463
1310541
1311052
1311156
1311663
1311664
1311665
1312787
1313910
1314040
1314041
1314173
1314495
1314621
1314768
1315104
1316574
1317624
1317708
1317709
1317729
1317771
1319472
1320648
1321000
1322937
1323042
1323056
1323135
1323167
1323168
1323169
1323201
1323280
1323520
1325720
1326051
1326080
1326864
1329255
1329846
1329972
1330560
1331568
1332132
1332133
1332163
1334575
1335587
1335829
1335839
1335840
1335841
1335851
1336093
1336776
1336875
1336965
1336989
1336990
1336991
1337013
1337014
1337015
1337024
1337035
1337036
1337037
1337038
1337039
1337046
1337047
1337048
1337059
1337060
1337061
1337070
1337105
1340862
1341637
1341769
1341791
1341801
1341802
1341803
1341813
1341835
1341967
1342110
1342132
1342136
1342572
1342770
1342792
1342858
1342869
1343056
1343160
1343161
1343181
1343433
1343518
1343958
1344168
1344189
1344294
1345344
1345960
1347600
1348116
1348199
1348200
1348201
1348296
1352092
1352704
1352705
1353214
1353215
1353216
1354025
1354080
1354311
1354338
1357707
1357830
1358280
1358784
1358830
1359435
1359792
1360800
1361076
1362144
1362198
1362199
1362200
1362368
1362479
1362480
1362481
1362592
1362816
1363264
1363272
1363322
1363488
1364160
1364424
1364436
1364442
1364443
1364444
1364445
1364446
1364447
1364448
1364454
1364466
1364571
1364832
1365056
1365167
1365168
1365169
1365280
1365504
1365568
1365615
1365616
1365617
1365728
1365819
1365837
1365838
1365839
1365840
1365841
1365842
1365843
1365861
1365952
1366063
1366064
1366065
1366176
1366400
1366511
1366512
1366513
1366624
1366690
1366691
1366692
1366848
1367520
1367541
1367730
1367751
1367772
1367814
1367856
1367877
1367898
1368087
1368192
1368495
1368864
1369088
1369199
1369200
1369201
1369312
1369536
1370060
1370754
1370880
1372896
1373505
1373631
1373904
1374400
1374552
1374721
1375092
1375093
1375103
1375104
1375105
1375106
1375116
1375117
1375135
1375136
1375137
1375164
1375165
1375485
1375674
1375675
1375676
1376798
1378695
1378696
1379016
1379017
1379337
1379338
1379658
1380624
1381290
1381905
1381906
1382226
1382270
1382406
1382439
1382440
1382441
1382457
1382458
1382459
1382468
1382474
1382542
1382610
1382868
1382869
1382913
1383189
1383312
1383313
1383634
1384152
1388028
1391334
1391460
1392489
1392520
1392551
1393140
1395144
1395145
1395167
1395168
1395169
1395170
1395192
1395193
1395870
1396707
1399239
1399560
1399881
1400381
1401120
1401503
1401504
1401505
1401807
1402128
1402425
1402449
1402464
1402627
1403052
1403178
1403325
1403920
1404375
1406496
1406865
1410360
1412095
1412531
1412639
1412640
1412641
1412749
1413185
1414878
1414980
1415610
1416576
1418076
1418077
1418109
1418754
1418755
1419462
1419484
1420075
1426524
1426680
1427333
1427517
1429875
1429876
1429997
1429998
1429999
1430000
1430001
1430022
1430044
1430110
1430121
1430122
1430308
1430330
1430643
1431056
1431210
1431221
1431231
1431232
1431233
1431243
1431254
1431408
1431825
1432524
1432526
1432527
1432528
1432529
1432530
1432532
1433936
1434549
1436317
1437407
1437408
1437409
1437439
1437440
1437441
1437471
1437472
1437473
1438080
1438416
1438563
1439685
1440670
1441500
1441623
1441624
1441625
1441748
1442896
1443055
1443143
1443825
1445301
1447710
1451205
1451241
1451296
1451744
1451855
1451856
1451857
1451968
1452416
1453275
1453299
1453300
1453301
1453325
1455742
1456000
1456056
1456784
1456785
1456895
1456896
1456897
1457008
1457792
1460633
1460651
1460652
1460653
1460654
1460655
1460656
1460657
1460675
1462022
1462146
1462160
1462271
1462272
1462273
1462384
1463580
1463581
1463724
1463725
1463748
1463749
1463759
1463760
1463761
1463762
1463772
1463773
1463778
1463779
1463780
1463789
1463796
1463797
1463940
1463941
1464121
1464141
1464841
1464876
1464912
1464913
1465376
1465632
1465633
1465653
1465695
1466310
1467648
1469930
1470172
1470182
1470183
1470184
1470194
1470436
1470458
1470656
1470666
1470667
1470668
1470678
1470686
1470687
1470688
1470689
1470690
1470691
1470692
1470700
1470710
1470711
1470712
1470722
1470737
1470920
1470942
1471184
1471194
1471195
1471196
1471206
1471448
1471711
1471891
1471892
1471893
1472073
1472253
1472833
1473375
1473376
1473377
1474368
1474499
1476002
1476279
1476600
1476745
1476921
1479520
1480114
1481200
1481237
1481963
1481964
1481965
1482057
1482327
1482359
1482360
1482361
1482393
1483483
1484075
1484076
1484077
1485541
1485561
1485583
1485603
1485604
1485605
1485614
1485624
1485625
1485645
1485666
1485667
1485687
1485729
1485822
1485834
1486296
1487446
1487975
1489683
1489695
1489696
1489697
1489709
1489761
1489825
1490285
1490399
1490400
1490401
1490515
1490975
1492008
1492974
1492975
1492995
1493191
1493613
1493934
1494255
1495319
1496880
1497216
1498082
1498107
1498588
1499112
1499985
1499986
1499988
1500656
1500660
1500661
1500681
1500786
1500787
1500807
1502424
1502446
1502886
1504126
1504146
1504147
1504148
1504150
1504157
1504167
1504168
1504188
1504230
1504235
1504377
1504383
1504419
1504420
1504421
1504457
1504605
1505112
1507968
1508472
1508473
1508493
1509182
1509183
1509184
1509185
1509186
1509984
1511268
1512180
1512861
1512987
1513194
1513515
1513836
1514157
1514478
1517040
1518330
1518552
1519419
1519896
1520497
1520673
1520683
1520684
1520685
1520695
1520736
1520871
1524033
1524159
1527280
1528403
1530711
1531152
1535079
1536249
1536264
1536323
1536975
1539837
1539838
1540158
1544265
1544266
1544296
1545099
1545100
1545194
1545615
1545936
1546257
1546776
1548505
1548617
1548825
1550752
1552356
1553496
1554817
1556335
1556345
1556346
1556347
1556357
1556820
1560025
1560060
1560096
1560097
1560101
1561600
1561665
1562064
1563192
1563216
1563240
1563744
1566585
1569537
1569555
1569563
1569564
1569565
1569573
1569591
1569792
1571616
1571617
1571724
1571840
1571937
1572899
1572900
1572901
1573012
1574080
1574401
1574505
1575750
1575761
1575771
1575772
1575773
1575783
1575794
1575840
1577815
1578999
1579000
1579320
1579321
1579641
1579642
1579962
1580544
1581567
1581888
1582209
1583680
1584135
1584240
1584241
1584562
1585545
1585701
1585727
1585739
1585740
1585741
1585753
1585779
1585935
1586061
1586816
1586988
1587488
1587599
1587600
1587601
1587712
1587768
1590168
1591520
1591839
1592160
1592481
1593465
1593466
1593957
1593958
1594079
1594080
1594081
1594082
1594111
1594112
1594113
1594203
1594204
1594695
1594696
1596056
1596671
1596672
1596673
1597120
1597288
1603560
1604288
1606420
1606916
1607039
1607040
1607041
1607164
1607445
1607660
1609938
1610125
1610135
1610136
1610137
1610147
1610334
1611505
1615997
1617119
1617120
1617121
1617840
1618176
1618243
1618803
1618804
1618898
1618899
1619029
1619124
1620242
1620867
1620868
1621556
1621935
1622188
1622735
1626420
1626421
1626432
1628350
1631255
1631256
1631257
1631258
1631387
1631388
1631389
1631964
1633401
1634031
1634094
1634157
1634787
1636992
1639008
1639009
1639029
1641315
1641316
1642003
1642004
1642644
1642949
1643324
1643614
1643615
1643747
1643895
1643896
1643928
1646568
1651482
1651608
1653036
1653729
1654359
1654485
1655115
1655808
1656081
1657260
1660032
1660497
1661175
1667655
1674393
1678509
1678510
1678536
1678830
1681185
1681633
1681680
1683738
1683990
1685369
1685370
1685371
1685597
1685662
1686917
1687176
1689093
1690104
1692361
1693483
1693484
1693485
1694607
1702584
1707636
1707720
1707741
1715112
1715113
1715136
1716288
1716396
1725696
1725906
1728720
1729056
1730190
1737120
1740123
1741425
1741824
1743742
1743952
1743955
1743961
1743962
1743963
1743964
1743965
1743966
1743967
1743972
1743973
1743975
1743976
1743985
1744075
1749888
1751880
1752659
1752660
1752661
1756944
1758618
1760640
1760894
1762214
1762215
1762216
1762225
1763535
1763536
1763895
1764856
1772400
1772782
1773744
1773968
1774079
1774080
1774081
1774192
1774416
1775592
1775760
1776414
1776735
1776736
1776745
1777056
1779624
1780464
1787313
1787520
1788952
1788953
1789018
1789062
1789084
1789173
1789238
1789392
1789832
1791180
1792665
1792666
1792686
1794070
1794390
1796560
1797728
1799172
1799526
1799847
1800168
1800612
1800631
1804662
1804983
1805304
1805454
1809738
1810606
1815737
1816750
1817867
1817868
1817869
1818986
1819260
1819750
1820063
1820064
1820065
1820070
1820071
1820072
1820074
1820075
1820076
1820077
1820081
1820391
1820392
1820448
1820712
1820910
1821354
1821996
1823601
1828416
1830490
1831095
1831096
1831116
1831284
1831612
1831613
1831614
1832736
1833000
1834127
1834128
1834129
1835256
1836105
1837227
1837228
1837229
1838351
1838832
1838833
1840153
1841720
1845089
1846071
1846072
1846392
1847335
1847664
1852950
1859968
1861502
1865010
1865136
1870130
1870268
1870269
1870270
1870279
1870314
1870358
1870359
1870360
1870361
1870362
1870384
1870406
1870498
1870499
1870500
1870509
1870590
1871857
1872072
1872402
1876245
1878030
1878031
1878051
1878096
1879416
1884465
1887207
1887396
1887417
1887438
1887479
1887480
1887481
1887522
1887543
1887564
1887753
1890768
1891672
1895103
1898715
1900752
1900851
1901200
1901655
1901781
1902240
1902241
1902655
1902888
1902889
1902890
1903123
1903561
1905008
1905119
1905120
1905121
1905232
1907472
1909040
1910785
1910786
1910787
1910796
1911019
1911020
1911021
1911022
1911023
1911030
1911031
1911032
1911255
1911256
1911257
1911266
1911952
1912469
1912808
1913072
1913856
1915450
1916096
1918345
1918367
1918377
1918378
1918379
1918389
1918411
1918665
1918791
1918916
1918917
1919151
1919152
1919153
1919154
1919388
1919389
1922294
1923712
1924074
1924272
1925945
1927047
1927067
1927068
1927069
1927283
1927284
1927285
1927521
1928191
1930992
1933470
1933806
1936715
1936957
1936967
1936968
1936969
1936979
1937221
1941667
1946112
1946322
1946323
1946343
1947282
1947456
1947582
1947583
1947603
1947855
1950075
1950076
1950396
1950816
1951585
1951642
1951704
1951705
1951824
1951825
1952160
1952384
1952495
1952496
1952497
1952608
1952832
1952943
1952944
1952945
1953056
1953147
1953165
1953166
1953167
1953168
1953169
1953170
1953171
1953189
1953280
1953391
1953392
1953393
1953504
1953728
1953839
1953840
1953841
1953952
1954020
1954176
1955080
1955142
1955143
1955144
1955520
1956266
1956864
1957368
1957380
1957386
1957387
1957388
1957389
1957390
1957391
1957392
1957398
1957410
1958512
1959634
1959635
1959636
1960224
1960758
1963199
1963375
1963395
1963396
1963397
1963406
1963416
1963417
1963437
1963626
1963970
1964677
1965117
1966041
1967496
1968624
1970298
1971200
1972152
1973829
1974895
1975470
1975617
1975680
1975743
1976076
1976216
1976454
1976487
1976488
1976489
1976522
1977039
1977360
1977681
1980468
1980469
1980489
1980891
1980972
1982736
1983520
1984341
1984422
1986587
1989792
1994373
1994496
1995070
1995818
1995829
1995839
1995840
1995841
1995851
1995862
1996610
1997541
2000226
2000471
2000472
2000473
2000718
2002077
2005248
2005359
2005360
2005361
2005472
2005485
2006875
2006876
2007040
2008109
2008110
2008111
2008112
2008113
2008500
2009345
2009346
2009735
2009736
2009737
2010972
2013165
2013312
2014614
2014615
2014635
2016488
2016735
2016736
2016737
2016984
2017568
2019123
2019154
2019185
2022930
2022931
2022951
2024568
2026419
2026527
2026528
2026529
2026637
2027648
2028075
2028201
2029041
2029362
2029683
2030427
2031687
2033025
2033026
2033027
2033036
2033150
2035684
2040918
2040940
2047229
2047320
2047980
2048351
2048352
2048353
2048760
2048761
2048781
2049475
2049600
2051478
2051500
2051566
2051577
2051764
2053967
2055625
2056637
2056879
2056889
2056890
2056891
2056901
2057143
2058155
2058210
2058408
2058650
2058660
2058661
2058662
2058672
2058914
2060760
2062126
2064351
2065833
2068686
2069166
2070096
2071265
2072070
2072697
2075241
2076921
2079056
2080080
2082296
2082528
2082639
2082640
2082641
2082752
2083165
2084255
2084256
2084257
2084287
2084288
2084289
2084319
2084320
2084321
2085411
2085552
2087065
2087085
2089857
2092048
2092464
2092716
2092717
2092740
2092741
2092751
2092752
2092753
2092754
2092764
2092765
2092788
2092789
2092944
2093055
2093056
2093057
2093168
2093850
2096424
2096434
2096435
2096436
2096446
2097798
2098055
2098056
2098057
2098314
2098887
2099020
2099365
2100594
2100595
2100672
2100673
2100693
2100798
2100799
2100819
2101374
2101572
2101582
2101583
2101584
2101594
2101602
2101603
2101604
2101605
2101606
2101607
2101608
2101616
2101626
2101627
2101628
2101638
2101836
2102373
2102499
2104155
2104190
2106081
2106764
2106774
2106775
2106776
2106786
2109360
2112279
2112280
2112363
2112894
2112895
2112915
2113600
2114346
2114347
2117672
2119101
2120223
2120224
2120225
2121347
2121504
2123352
2123478
2129452
2130072
2132724
2134125
2134802
2135826
2137965
2138079
2138080
2138081
2138195
2140749
2141070
2141391
2143260
2143261
2143281
2143323
2144997
2144998
2145000
2147712
2147740
2148299
2148363
2149389
2149421
2149422
2149423
2149455
2150148
2150545
2150847
2150883
2150884
2150885
2150921
2151072
2151198
2151702
2151828
2152458
2155890
2157096
2157120
2157144
2158464
2162436
2167704
2168271
2173392
2177985
2178540
2178541
2178561
2178792
2180304
2185344
2185345
2185365
2186481
2188727
2192751
2192832
2193072
2193393
2195667
2195668
2195802
2199904
2202417
2204895
2208712
2210085
2214556
2215353
2215354
2215384
2222640
2224440
2224459
2224530
2226457
2226777
2229024
2229848
2231460
2232720
2233364
2236025
2236245
2236289
2236299
2236300
2236301
2236311
2236355
2236575
2237977
2238012
2238048
2238049
2247000
2247155
2247156
2247157
2247162
2247167
2247168
2247169
2249568
2249569
2249856
2249889
2250531
2250532
2250852
2256219
2256220
2256240
2257230
2264320
2264976
2267109
2267135
2267147
2267148
2267149
2267161
2267187
2268460
2268828
2272952
2274074
2274075
2274076
2275198
2276988
2276989
2276990
2276999
2279690
2282560
2282881
2286693
2286694
2286815
2286816
2286817
2286818
2286847
2286848
2286849
2286939
2286940
2288110
2289693
2289694
2290014
2290015
2290335
2290336
2290656
2295150
2297148
2297149
2297470
2298682
2299002
2299003
2299004
2299006
2299013
2299323
2299324
2299644
2300286
2300607
2300928
2301249
2302533
2304855
2305284
2305407
2305408
2305409
2305532
2308096
2308311
2308632
2308953
2315824
2317872
2319387
2321536
2321865
2322320
2322431
2322432
2322433
2322544
2323328
2325284
2325285
2325296
2325645
2329497
2329498
2329818
2334519
2336879
2336880
2336881
2348115
2348436
2358131
2358132
2358133
2358134
2358135
2358142
2358143
2358144
2358279
2358280
2358309
2358310
2358312
2359245
2359350
2359434
2359455
2359476
2359560
2359581
2359602
2359791
2363658
2367232
2377452
2390220
2395008
2398410
2400840
2400841
2400864
2402784
2406320
2406431
2406432
2406433
2406544
2415798
2424552
2426760
2430640
2437032
2437995
2439630
2439631
2439632
2439634
2439641
2441712
2442242
2458247
2459160
2463552
2470095
2471625
2471626
2471627
2471628
2471629
2472913
2474233
2476215
2481655
2482095
2482160
2483019
2483480
2483481
2483482
2483491
2484801
2484802
2486122
2494048
2494049
2494170
2495369
2496096
2496097
2496417
2498011
2504348
2504616
2504645
2504655
2504656
2504657
2504667
2504964
2505405
2509731
2512146
2516639
2516640
2516641
2518992
2520951
2520952
2521002
2521013
2521023
2521024
2521025
2521035
2521046
2521134
2522097
2524665
2525985
2526048
2526111
2527875
2528196
2528416
2528517
2528996
2531727
2533104
2534616
2535258
2536072
2540226
2552928
2557456
2561265
2561571
2561579
2561580
2561581
2561589
2561895
2566144
2570547
2572080
2572304
2572415
2572416
2572417
2572528
2572752
2588544
2591904
2593712
2593910
2593920
2593921
2593922
2593932
2593940
2593941
2593942
2593943
2593944
2593945
2593946
2593954
2593964
2593965
2593966
2593976
2594174
2595138
2595139
2595159
2595264
2595265
2595285
2599728
2599806
2602272
2602273
2605012
2609852
2620864
2628990
2634240
2674026
2674070
2674071
2674072
2674073
2674074
2674118
2674969
2683230
2683428
2683450
2683494
2683538
2683549
2683559
2683560
2683561
2683571
2683582
2683593
2683594
2683595
2683604
2683626
2683780
2683890
2685607
2685627
2685672
2686992
2691361
2691691
2691692
2691693
2692023
2696400
2696568
2696592
2696616
2697240
2697241
2697261
2697513
2699424
2704104
2707236
2707237
2707257
2707299
2707634
2707635
2707636
2709080
2718870
2723275
2726544
2726802
2727175
2727767
2728889
2728890
2728891
2729749
2729759
2729760
2729761
2729771
2730000
2730013
2730084
2730096
2730102
2730103
2730104
2730105
2730106
2730107
2730108
2730114
2730126
2730426
2731344
2731568
2731679
2731680
2731681
2731792
2732016
2732345
2732688
2733360
2733696
2733920
2734031
2734032
2734033
2734144
2734368
2734505
2741340
2744612
2750440
2751192
2751840
2752574
2752575
2752576
2755842
2756106
2758248
2758249
2759211
2759569
2762760
2763810
2764914
2764915
2765084
2772671
2773011
2773012
2773013
2773353
2775045
2775046
2775366
2777292
2781135
2786249
2786280
2786311
2797515
2797516
2797836
2807298
2807504
2807659
2807679
2807680
2807681
2807690
2807700
2807701
2807721
2807910
2808950
2817067
2817507
2825468
2829897
2829960
2830023
2831220
2832408
2834654
2834866
2836512
2840208
2842455
2846060
2846224
2846233
2846234
2846235
2846236
2846237
2846238
2846239
2846244
2846247
2846248
2846257
2846347
2850624
2857617
2857680
2857743
2858016
2860110
2860111
2860176
2860431
2864736
2864925
2870703
2871024
2871345
2874880
2876127
2876128
2876129
2876159
2876160
2876161
2876191
2876192
2876193
2878848
2879968
2880495
2881296
2886111
2887395
2889479
2896383
2896704
2896738
2897025
2897855
2897856
2897857
2898463
2898974
2900709
2902410
2905728
2906200
2906605
2906606
2906607
2906616
2911888
2913008
2913792
2915308
2916032
2916430
2916431
2916432
2917554
2921307
2921308
2921309
2922648
2923775
2923776
2923777
2924904
2927377
2927556
2927557
2927736
2927737
2929752
2929753
2929773
2932839
2934225
2941125
2941367
2941377
2941378
2941379
2941389
2941631
2954805
2963520
2964114
2964115
2964435
2965944
2965945
2965968
2966007
2966039
2966040
2966041
2966073
2971206
2976312
2977275
2984016
2988102
2988414
2989795
2990115
2990116
2990117
2990126
2990436
2990437
2990690
2990757
2993646
2993918
3000709
3001029
3004848
3007394
3008292
3008877
3008878
3008879
3008888
3009054
3009062
3012165
3012166
3012168
3014604
3015144
3016116
3016117
3016437
3033666
3042117
3051825
3055920
3064971
3068118
3068119
3068439
3069339
3070914
3073140
3073141
3073161
3085335
3086160
3086790
3086916
3087546
3089373
3090198
3090199
3090213
3090495
3090496
3090497
3091619
3092208
3094119
3101085
3101086
3101116
3102792
3103596
3104640
3113598
3114918
3114919
3114920
3114929
3116239
3116240
3117560
3120120
3120121
3120441
3129449
3130457
3130831
3130841
3130842
3130843
3130853
3131227
3134565
3138345
3138346
3138366
3138408
3143448
3146121
3157035
3158505
3159040
3161280
3161601
3163860
3167307
3170517
3171159
3171160
3171480
3171481
3171512
3171519
3171714
3171801
3171802
3172122
3173727
3174048
3174369
3174690
3175200
3176415
3179008
3179119
3179120
3179121
3179232
3181360
3181361
3181682
3183040
3183705
3183936
3184608
3186624
3186735
3186736
3186737
3186848
3186939
3186957
3186958
3186959
3186960
3186961
3186962
3186963
3186981
3187072
3187074
3187183
3187184
3187185
3187296
3189312
3190880
3192651
3194688
3194799
3194800
3194801
3194912
3197205
3197249
3197259
3197260
3197261
3197271
3197315
3197509
3198720
3198738
3198739
3199728
3199885
3199886
3201119
3201120
3201121
3201122
3201151
3201152
3201153
3202355
3202356
3202476
3203711
3203712
3203713
3204948
3223179
3223187
3223188
3223189
3223197
3224445
3224744
3229902
3235679
3235680
3235681
3244989
3246915
3248199
3248520
3248841
3249962
3250125
3252051
3252840
3254944
3258640
3258792
3261192
3262314
3262315
3262316
3263438
3265920
3269280
3276126
3277615
3278627
3278869
3278879
3278880
3278881
3278891
3279133
3280145
3295971
3298537
3301155
3301156
3301188
3302127
3303828
3309317
3309713
3309723
3309724
3309725
3309735
3310131
3328128
3328129
3328449
3328920
3329235
3329733
3334161
3334162
3336795
3354129
3368064
3370722
3370734
3370740
3370741
3370742
3370743
3370744
3370745
3370746
3370752
3370764
3373734
3373735
3373755
3374007
3380454
3381345
3395538
3395539
3395859
3397878
3402896
3404217
3415020
3415021
3415428
3415429
3415439
3415440
3415441
3415442
3415452
3415453
3415482
3415860
3415861
3423144
3423151
3423571
3423572
3423573
3423805
3423815
3423816
3423817
3423827
3423993
3425353
3435465
3448503
3448504
3448824
3449754
3451392
3483067
3483098
3483129
3487440
3487926
3487927
3487928
3487930
3487937
3498008
3505320
3510135
3524428
3527832
3531033
3543519
3552528
3567915
3567916
3568236
3570804
3578124
3580434
3581310
3581319
3581320
3581321
3581322
3581323
3581324
3581325
3581330
3581333
3581334
3581343
3581433
3595423
3595424
3595425
3595455
3595456
3595457
3595487
3595488
3595489
3603546
3603688
3603867
3604188
3608682
3609003
3609324
3609648
3615094
3620246
3632436
3640140
3654585
3659445
3659446
3659472
3669120
3685080
3696315
3699605
3700047
3700059
3700060
3700061
3700073
3700515
3707439
3707440
3707442
3707550
3707781
3707813
3707814
3707815
3707847
3740766
3740996
3773280
3774960
3820172
3821570
3822038
3822039
3822040
3822041
3822042
3822087
3822088
3822147
3822510
3831011
3831012
3831042
3836646
3836690
3836701
3836711
3836712
3836713
3836723
3836734
3836778
3903408
3906000
3906224
3906335
3906336
3906337
3906448
3906672
3913655
3914777
3914778
3914779
3915901
3926790
3929310
3939463
3939473
3939474
3939475
3939485
3954240
3954561
3954591
3954592
3954593
3954594
3954623
3954624
3954625
3966597
3966598
3966918
3966919
3967239
3967240
3967560
3979276
3979277
3979598
3985527
3989727
3994704
3995083
3995103
4006002
4008704
4010720
4010831
4010832
4010833
4010944
4011035
4011053
4011054
4011055
4011056
4011057
4011058
4011059
4011077
4011168
4011279
4011280
4011281
4011392
4012135
4012155
4012156
4012157
4012166
4012176
4012177
4012197
4012386
4013408
4028431
4028871
4029228
4029229
4029249
4032693
4046301
4066050
4068702
4069247
4069248
4078173
4078174
4078206
4078368
4092480
4093335
4097520
4097742
4099473
4099599
4099872
4103023
4103088
4103343
4103379
4103442
4103505
4106592
4108160
4120704
4124208
4135600
4139408
4139519
4139520
4139521
4139632
4143440
4147371
4150482
4168576
4170432
4170880
4174191
4199958
4200625
4203199
4203209
4203210
4203211
4203221
4205795
4206384
4209345
4213990
4218480
4234104
4234230
4256262
4278288
4289203
4289523
4289524
4289525
4289534
4289844
4289845
4290165
4290187
4293054
4297227
4297572
4297573
4297583
4297584
4297585
4297586
4297596
4297597
4301176
4313919
4314240
4314561
4320734
4325796
4327680
4344769
4346034
4350192
4352880
4354224
4354448
4354559
4354560
4354561
4354672
4354896
4356240
4381962
4394628
4394629
4394649
4396392
4397022
4397148
4397778
4404834
4412067
4420170
4422096
4431395
4431831
4431939
4431940
4431941
4432049
4432485
4438560
4438561
4439881
4447080
4449128
4472622
4472644
4472710
4472721
4472908
4472930
4476024
4476025
4476345
4490640
4494324
4502169
4502170
4502190
4502232
4516470
4516701
4538772
4538940
4541412
4548150
4550174
4550175
4550176
4552642
4553696
4553764
4553765
4553766
4553976
4554144
4554255
4554256
4554257
4554368
4554816
4554888
4556783
4559380
4559940
4561410
4561626
4562748
4562749
4562750
4563872
4564974
4564992
4564993
4564994
4564995
4564996
4564997
4564998
4565016
4566118
4567240
4567241
4567242
4568364
4570610
4572288
4575102
4576176
4576224
4576225
4576226
4577348
4581840
4588578
4598004
4629141
4635297
4650568
4655703
4655715
4655716
4655717
4655729
4662525
4675325
4675785
4675899
4675900
4675901
4676015
4676475
4680180
4680181
4680501
4682910
4685184
4685958
4686279
4686600
4695075
4700878
4703523
4703765
4703775
4703776
4703777
4703787
4704029
4706181
4706823
4710033
4710354
4710675
4713885
4716262
4716263
4716264
4716265
4716266
4725028
4760847
4791567
4808440
4810185
4850769
4853520
4862187
4879225
4879260
4879296
4879297
4952053
4952073
4952074
4952075
4952084
4952094
4952095
4952115
4952304
4954635
4960581
4963266
4966960
5000565
5000566
5001057
5001058
5001179
5001180
5001181
5001182
5001303
5001304
5001795
5001796
5008696
5009311
5009312
5009313
5009928
5025240
5035527
5041220
5041716
5041839
5041840
5041841
5041964
5042460
5046762
5056788
5070195
5148198
5167752
5187875
5187885
5187886
5187887
5187897
5188888
5202120
5209680
5231160
5231889
5231890
5231916
5252576
5258484
5285904
5292560
5292671
5292672
5292673
5292784
5320224
5332768
5367516
5377995
5446518
5447148
5447274
5447904
5448975
5460209
5460210
5460211
5471256
5471445
5611150
5615358
5617904
5617905
5617906
5634090
5645640
5651163
5662377
5662440
5662503
5675016
5675017
5676337
5692470
5692471
5692472
5692474
5692481
5705154
5736284
5738208
5752320
5756184
5759560
5770128
5771808
5773791
5773792
5808495
5813210
5821893
5848584
5855112
5859504
5872167
5884520
5918416
5923825
5928317
5929439
5929440
5929441
5930563
5935055
5974360
5980230
6017754
6051696
6076600
6084235
6084414
6084555
6099075
6099076
6109915
6110235
6110236
6110237
6110246
6110556
6110557
6110877
6113766
6136236
6136237
6136557
6147792
6147934
6154555
6161595
6162237
6180396
6219696
6225384
6229836
6246576
6246800
6246911
6246912
6246913
6247024
6247248
6255327
6255648
6255969
6260870
6261618
6261629
6261639
6261640
6261641
6261651
6261662
6261717
6262410
6275136
6291600
6302205
6302206
6302226
6302268
6304815
6307308
6336279
6336387
6336388
6336389
6336497
6341034
6361936
6363504
6370000
6370245
6373808
6373919
6373920
6373921
6374032
6377840
6394498
6394520
6394586
6394597
6394784
6396246
6420960
6442128
6448248
6455295
6490935
6499320
6499321
6500641
6504416
6505680
6509888
6511008
6511119
6511120
6511121
6511232
6524630
6525752
6525753
6525754
6526876
6527978
6527996
6527997
6527998
6527999
6528000
6528001
6528002
6528020
6529122
6530244
6530245
6530246
6531368
6551582
6552160
6573127
6573567
6579518
6587001
6634749
6637959
6638280
6638601
6641811
6658960
6660864
6667857
6667983
6674976
6685065
6685179
6685180
6685181
6685295
6697735
6700309
6700319
6700320
6700321
6700331
6702905
6708258
6714015
6714036
6714037
6714357
6741485
6741486
6741487
6768657
6900537
6909705
6912285
6914880
6948711
6975817
6975852
6975888
6975889
6984318
7078491
7078554
7078617
7081074
7150113
7150114
7150235
7150236
7150237
7150238
7150275
7150359
7150360
7156270
7162642
7162643
7162644
7162646
7162653
7170660
7170661
7170681
7187733
7190912
7208244
7208367
7208368
7208369
7208492
7273539
7285376
7286160
7286271
7286272
7286273
7286384
7287168
7406847
7427983
7462335
7468065
7549920
7557212
7569181
7569501
7569502
7569503
7569512
7569822
7569823
7570143
7573032
7620480
7725495
7768215
7781829
7785603
7785604
7785624
7785666
7806816
7806817
7865067
7878882
7878893
7878903
7878904
7878905
7878915
7878926
7888137
8008308
8022000
8022111
8022112
8022113
8022224
8024310
8041121
8056818
8137360
8190315
8272825
8273265
8300501
8300511
8300512
8300513
8300523
8322567
8325777
8326098
8326419
8329629
8351362
8352036
8415456
8422449
8422575
8429568
8457384
8532554
8538705
8538706
8559903
8561280
8573040
8579046
8580330
8581552
8596565
8597687
8597688
8597689
8598811
8606331
8620026
8662822
8719815
8719816
8738016
8808240
8811070
8864534
8866341
8898120
8945310
8945311
8945376
9024876
9024877
9024897
9025072
9026631
9090458
9091575
9091576
9091577
9092694
9100350
9107728
9108848
9109632
9111584
9111585
9111586
9111872
9122820
9124375
9128867
9129989
9129990
9129991
9131113
9134034
9134052
9134053
9134054
9134055
9134056
9134057
9134058
9134076
9135605
9136728
9137850
9137851
9137852
9138974
9145290
9156524
9156525
9156526
9167760
9171768
9172895
9172896
9172897
9174024
9197370
9260559
9270594
9270595
9275616
9301136
9304785
9351915
9351916
9351917
9351926
9352490
9369990
9424014
9424015
9425335
9433236
9433237
9438072
9468928
9480366
9500632
9514557
9551052
9551178
9560880
9561216
9567936
9595878
9595879
9621864
9625728
9677199
9758520
9758521
9776949
9816975
9839841
9843120
9882457
9904146
9904860
9920552
10001869
10003098
10003099
10010407
10017447
10030608
10041785
10041786
10043019
10043020
10043021
10043022
10044255
10044256
10049916
10051151
10051152
10051153
10052388
10066239
10066560
10066881
10084424
10097920
10102512
10112229
10156720
10160528
10160639
10160640
10160641
10160752
10164560
10165125
10246446
10257555
10285715
10286727
10286969
10286979
10286980
10286981
10286991
10287233
10288245
10327767
10345509
10404196
10409088
10409089
10478160
10490409
10499895
10499896
10499916
10516968
10582407
10585260
10743963
10743964
10915560
10920420
10920421
10920741
10946208
10946421
10978335
11045099
11235792
11235810
11235811
11235812
11235813
11235814
11235815
11235816
11235834
11324880
11384940
11774280
11815024
11830455
11852925
11864159
11864160
11864161
11873479
11875395
11920704
11954040
11954187
12033168
12220470
12263160
12298608
12309066
12358131
12358132
12358133
12358134
12433232
12616905
12644533
12651573
12789063
12789128
12834192
12834303
12834304
12834305
12834416
12834864
12870495
12870816
12871137
12906768
12910912
13051480
13051481
13052801
13054875
13055997
13055998
13055999
13057121
13062048
13146210
13191255
13235376
13305957
13368520
13370383
13370384
13370385
13370394
13417987
13630974
13660080
13661424
13661648
13661759
13661760
13661761
13661872
13662096
13663440
13672512
13679232
13694985
13701660
13701786
13772472
13794012
13794013
13794333
13824570
13951704
13951705
14038395
14058837
14099265
14170545
14312496
14325284
14418999
14419320
14419641
14464240
14533025
14548465
14552957
14554079
14554080
14554081
14555203
14559695
14560896
14637780
14637781
14668416
14707143
14707385
14707395
14707396
14707397
14707407
14707649
14718898
14719101
14779803
14830867
14831255
14831256
14831257
14852003
14931315
14943513
14943614
14950575
15008895
15014979
15014980
15015000
15044385
15137052
15139002
15207027
15297408
15659112
15695667
15857595
15990615
15990616
15990936
16016616
16101558
16120620
16221735
16324918
16324919
16326239
16341633
16545606
17754240
17781582
18256875
18268109
18268110
18268111
18279345
18402930
18703830
19029115
19087614
19110435
19110436
19110437
19110446
19110672
19110798
19178594
19183615
19191756
19191757
19258344
19273077
19285279
19290894
19384354
19532016
19532240
19532351
19532352
19532353
19532464
19532688
19583997
19764914
19818540
20003760
20004966
20020770
20167608
20226353
20328609
20547531
20575478
20877693
20878815
20878816
20878817
20879939
20888448
20907693
20908014
20908335
20927556
20927557
20973148
20980818
20995968
21018635
21021209
21021219
21021220
21021221
21021231
21023805
21085155
21085156
21085176
21102228
21268497
21447615
21508877
21531279
21597345
21840840
22363275
22471625
22471626
22471627
22671519
22939623
22939624
22939944
23126124
23296896
23581321
23581322
23581323
23581332
23595138
23595264
24537240
25046868
25245045
25267536
25289022
25616115
25743648
25939441
25939451
25939452
25939453
25939463
25952073
25952074
25952094
26740766
26835930
26917251
26965944
27318280
27325536
27402165
27730461
28211085
28653345
28682640
28851159
28851480
28851801
28941360
29069118
29109885
29121119
29121120
29121121
29132355
29204738
29329128
30031155
30673734
30884469
31001538
31308607
31873520
31877328
31877439
31877440
31877441
31877552
31881360
31972655
32111235
32111236
32111556
32137236
32231889
32457915
32891265
33097647
33707439
34154820
34154821
34236141
34264098
34831011
35954591
35954592
35954593
36066597
36066918
36067239
36179276
37001055
37078173
38220870
38367186
39394553
39669501
39669502
39669822
40110672
40110783
40110784
40110785
40110896
41016528
41105169
41426560
42975852
42975853
43681680
44133705
44319945
45540096
45655565
45660057
45661179
45661180
45661181
45662303
45666795
46557173
46759575
47162642
47184753
50012415
50012416
50093736
50419020
52966816
54472803
57332205
59339320
62617170
62664336
63363989
65108288
65281113
65282235
65282236
65282237
65283359
66851915
66926160
67212585
70785603
71502483
71502484
72083804
72863616
78789062
83264511
84232176
86042014
90916878
91329098
91351785
91363019
91363020
91363021
91374255
91730088
95864895
100431435
100431436
100512756
101923920
102871065
112358131
112358132
112358133
118731480
123581321
123581322
128744112
136619280
137087979
145995615
147074213
148424918
191815155
195323856
209440623
210214785
235952073
259394531
292121235
318778320
360669501
401107952
456617415
652823483
913641435
1123581321
