n	expression
1	(1+(1-(2+(3+(5+(8+(1+(3-21))))))))
2	(1*(1+(2+(3+(5+(8+(1+(3-21))))))))
3	(1+(1+(2+(3+(5+(8+(1+(3-21))))))))
4	(1*(1+(2-(3+(5+(8+(1+(3-21))))))))
5	(1-(1+(2+(3+(5+(8+(1-(3+21))))))))
6	(1*(1-(2+(3+(5+(8+(1-(3+21))))))))
7	(1-(1+(2+(3+(5+(8-(1+(3+21))))))))
8	(1*(1-(2+(3+(5+(8-(1+(3+21))))))))
9	(1+(1-(2+(3+(5+(8-(1+(3+21))))))))
10	(1*(1+(2-(3+(5+(8+(1-(3+21))))))))
11	(1-(1-(2-(3+(5+(8-(1+(3+21))))))))
12	(1*(1+(2-(3+(5+(8-(1+(3+21))))))))
13	(1+(1+(2-(3+(5+(8-(1+(3+21))))))))
14	(1*(1-(2-(3-(5+(8-(1+(3+21))))))))
15	(1+(1-(2-(3-(5+(8-(1+(3+21))))))))
16	(1+(1-(2*(3+(5+(8+(1-(3+21))))))))
17	(1-(1-(2+(3-(5+(8-(1+(3+21))))))))
18	(1-(1+(2*(3+(5+(8-(1+(3+21))))))))
19	(1*(1-(2*(3+(5+(8-(1+(3+21))))))))
20	(1+(1-(2*(3+(5+(8-(1+(3+21))))))))
21	(1-(1-(2-(3-(5-(8-(1+(3+21))))))))
22	(1*(1+(2-(3-(5-(8-(1+(3+21))))))))
23	(1-(1+(2+(3+(5-(8+(1+(3+21))))))))
24	(1*(1-(2+(3+(5-(8+(1+(3+21))))))))
25	(1+(1-(2+(3+(5-(8+(1+(3+21))))))))
26	(1-(1-(2*(3-(5+(8+(1-(3+21))))))))
27	(1-(1-(2-(3+(5-(8+(1+(3+21))))))))
28	(1*(1+(2-(3+(5-(8+(1+(3+21))))))))
29	(1+(1+(2-(3+(5-(8+(1+(3+21))))))))
30	(1*(1-(2-(3-(5-(8+(1+(3+21))))))))
31	(1+(1-(2-(3-(5-(8+(1+(3+21))))))))
32	(1+(1+(2*(3-(5+(8-(1+(3+21))))))))
33	(1-(1+(2+(3-(5+(8+(1+(3+21))))))))
34	(1*(1-(2+(3-(5+(8+(1+(3+21))))))))
35	(1+(1-(2+(3-(5+(8+(1+(3+21))))))))
36	(1+(1-(2+(3*(5+(8-(1+(3+21))))))))
37	(1-(1-(2-(3-(5+(8+(1+(3+21))))))))
38	(1*(1+(2-(3-(5+(8+(1+(3+21))))))))
39	(1-(1+(2-(3+(5+(8+(1+(3+21))))))))
40	(1*(1-(2-(3+(5+(8+(1+(3+21))))))))
41	(1+(1-(2-(3+(5+(8+(1+(3+21))))))))
42	(1*(1+(2+(3+(5+(8-(1-(3+21))))))))
43	(1-(1-(2+(3+(5+(8+(1+(3+21))))))))
44	(1*(1+(2+(3+(5+(8+(1+(3+21))))))))
45	(1+(1+(2+(3+(5+(8+(1+(3+21))))))))
46	(1-(1-(2*(3+(5-(8+(1-(3+21))))))))
47	(1*(1+(2*(3+(5-(8+(1-(3+21))))))))
48	(1+(1+(2*(3+(5-(8+(1-(3+21))))))))
49	(1*(1-(2*(3+(5-(8+(1*(3+21))))))))
50	(1-(1+(2*(3+(5-(8+(1+(3+21))))))))
51	(1*(1-(2*(3+(5-(8+(1+(3+21))))))))
52	(1+(1-(2*(3+(5-(8+(1+(3+21))))))))
53	(1+(1-(2-(3-(5*(8+(1*(3-21))))))))
54	(1-(1+(2*(3-(5+(8-(1+(3-21))))))))
55	(1*(1-(2*(3-(5+(8-(1+(3-21))))))))
56	(1+(1-(2*(3-(5+(8-(1+(3-21))))))))
57	(1*(1-(2-(3-(5*(8-(1-(3-21))))))))
58	(1-(1+(2-(3*(5-(8+(1-(3+21))))))))
59	(1*(1-(2-(3*(5-(8+(1-(3+21))))))))
60	(1-(1+(2*(3*(5+(8+(1-(3+21))))))))
61	(1*(1-(2*(3*(5+(8+(1-(3+21))))))))
62	(1-(1-(2*(3-(5-(8+(1+(3+21))))))))
63	(1*(1+(2*(3-(5-(8+(1+(3+21))))))))
64	(1+(1+(2*(3-(5-(8+(1+(3+21))))))))
65	(1*(1-(2-(3*(5-(8-(1+(3+21))))))))
66	(1+(1-(2-(3*(5-(8-(1+(3+21))))))))
67	(1*(1-(2*(3-(5+(8-(1-(3+21))))))))
68	(1-(1-(2+(3*(5-(8-(1+(3+21))))))))
69	(1*(1+(2+(3*(5-(8-(1+(3+21))))))))
70	(1-(1+(2*(3-(5+(8+(1+(3+21))))))))
71	(1*(1-(2*(3-(5+(8+(1+(3+21))))))))
72	(1+(1-(2*(3-(5+(8+(1+(3+21))))))))
73	(1*(1-(2*(3*(5+(8-(1+(3+21))))))))
74	(1+(1-(2*(3*(5+(8-(1+(3+21))))))))
75	(1*(1+(2-(3+(5*(8+(1-(3+21))))))))
76	(1+(1+(2-(3+(5*(8+(1-(3+21))))))))
77	(1*(1-(2-(3-(5*(8+(1-(3+21))))))))
78	(1+(1-(2-(3-(5*(8+(1-(3+21))))))))
79	(1*(1+(2*(3+(5+(8-(1-(3+21))))))))
80	(1-(1+(2+(3+(5*(8-(1+(3+21))))))))
81	(1*(1-(2+(3+(5*(8-(1+(3+21))))))))
82	(1-(1-(2*(3+(5+(8+(1+(3+21))))))))
83	(1*(1+(2*(3+(5+(8+(1+(3+21))))))))
84	(1+(1+(2*(3+(5+(8+(1+(3+21))))))))
85	(1*(1+(2-(3+(5*(8-(1+(3+21))))))))
86	(1-(1-(2-(3*(5-(8+(1+(3+21))))))))
87	(1*(1+(2-(3*(5-(8+(1+(3+21))))))))
88	(1+(1+(2-(3*(5-(8+(1+(3+21))))))))
89	(1*(1-(2-(3*(5+(8-(1+(3-21))))))))
90	(1-(1-(2+(3-(5*(8-(1+(3+21))))))))
91	(1*(1+(2+(3-(5*(8-(1+(3+21))))))))
92	(1+(1+(2+(3-(5*(8-(1+(3+21))))))))
93	(1*(1+(2+(3*(5+(8-(1+(3-21))))))))
94	(1+(1+(2+(3*(5+(8-(1+(3-21))))))))
95	(1*(1-(2-(3*(5+(8+(1-(3-21))))))))
96	(1-(1-(2*(3-(5*(8+(1+(3-21))))))))
97	(1*(1+(2*(3-(5*(8+(1+(3-21))))))))
98	(1+(1+(2*(3-(5*(8+(1+(3-21))))))))
99	(1*(1+(2+(3*(5+(8+(1-(3-21))))))))
100	(1+(1+(2+(3*(5+(8+(1-(3-21))))))))
101	(1*(1-(2*(3-(5+(8*(1*(3+(2+1)))))))))
102	(1+(1-(2*(3-(5+(8*(1*(3+(2+1)))))))))
103	(1-(1+(2+(3*(5+(8*(1-(3+(2+1)))))))))
104	(1-(1+(2*(3+(5*(8-(1-(3-21))))))))
105	(1*(1-(2*(3+(5*(8-(1-(3-21))))))))
106	(1-(1+(2-(3*(5+(8-(1-(3+21))))))))
107	(1*(1-(2-(3*(5+(8-(1-(3+21))))))))
108	(1+(1-(2-(3*(5+(8-(1-(3+21))))))))
109	(1-(1+(2-(3*(5+(8+(1*(3+21))))))))
110	(1-(1-(2+(3*(5+(8-(1-(3+21))))))))
111	(1*(1+(2+(3*(5+(8-(1-(3+21))))))))
112	(1-(1+(2-(3*(5+(8+(1+(3+21))))))))
113	(1*(1-(2-(3*(5+(8+(1+(3+21))))))))
114	(1+(1-(2-(3*(5+(8+(1+(3+21))))))))
115	(1+(1+(2+(3*(5+(8+(1*(3+21))))))))
116	(1-(1-(2+(3*(5+(8+(1+(3+21))))))))
117	(1*(1+(2+(3*(5+(8+(1+(3+21))))))))
118	(1+(1+(2+(3*(5+(8+(1+(3+21))))))))
119	(1*(1-(2-(3*(5*(8*(1+(3-(2+1)))))))))
120	(1-(1-(2*(3*(5-(8+(1-(3+21))))))))
121	(1*(1+(2*(3*(5-(8+(1-(3+21))))))))
122	(1+(1+(2*(3*(5-(8+(1-(3+21))))))))
123	(1*(1+(2+(3*(5*(8*(1+(3-(2+1)))))))))
124	(1-(1-(2-(3-(5*(8-(1+(3-21))))))))
125	(1*(1+(2-(3-(5*(8-(1+(3-21))))))))
126	(1-(1-(2*(3*(5-(8-(1*(3+21))))))))
127	(1*(1+(2*(3*(5-(8-(1*(3+21))))))))
128	(1+(1+(2*(3*(5-(8-(1*(3+21))))))))
129	(1-(1-(2-(3-(5*(8-(1*(3-21))))))))
130	(1-(1-(2+(3+(5*(8-(1+(3-21))))))))
131	(1*(1+(2+(3+(5*(8-(1+(3-21))))))))
132	(1-(1-(2*(3*(5-(8-(1+(3+21))))))))
133	(1*(1+(2*(3*(5-(8-(1+(3+21))))))))
134	(1+(1+(2*(3*(5-(8-(1+(3+21))))))))
135	(1+(1-(2+(3*(5*(8+(1+(3-21))))))))
136	(1-(1-(2+(3-(5+(8*(1+(3-21))))))))
137	(1-(1-(2-(3*(5*(8+(1+(3-21))))))))
138	(1*(1+(2-(3*(5*(8+(1+(3-21))))))))
139	(1+(1+(2-(3*(5*(8+(1+(3-21))))))))
140	(1-(1-(2-(3-(5-(8*(1+(3-21))))))))
141	(1*(1+(2-(3-(5-(8*(1+(3-21))))))))
142	(1-(1+(2-(3+(5-(8*(1+(3-21))))))))
143	(1*(1-(2-(3+(5-(8*(1+(3-21))))))))
144	(1-(1+(2*(3+(5*(8+(1-(3+21))))))))
145	(1*(1-(2*(3+(5*(8+(1-(3+21))))))))
146	(1+(1-(2*(3+(5*(8+(1-(3+21))))))))
147	(1*(1+(2+(3+(5-(8*(1+(3-21))))))))
148	(1+(1+(2+(3+(5-(8*(1+(3-21))))))))
149	(1*(1-(2-(3-(5-(8*(1-(3-21))))))))
150	(1-(1+(2+(3-(5*(8-(1-(3+21))))))))
151	(1*(1-(2+(3-(5*(8-(1-(3+21))))))))
152	(1+(1-(2+(3-(5*(8-(1-(3+21))))))))
153	(1*(1-(2+(3-(5+(8*(1-(3-21))))))))
154	(1-(1-(2-(3-(5*(8-(1-(3+21))))))))
155	(1*(1+(2-(3-(5*(8-(1-(3+21))))))))
156	(1-(1-(2*(3-(5*(8+(1-(3+21))))))))
157	(1*(1+(2*(3-(5*(8+(1-(3+21))))))))
158	(1+(1+(2*(3-(5*(8+(1-(3+21))))))))
159	(1-(1-(2-(3-(5*(8+(1*(3+21))))))))
160	(1-(1+(2+(3-(5*(8+(1+(3+21))))))))
161	(1*(1-(2+(3-(5*(8+(1+(3+21))))))))
162	(1+(1-(2+(3-(5*(8+(1+(3+21))))))))
163	(1*(1-(2*(3*(5-(8+(1*(3+21))))))))
164	(1-(1-(2-(3-(5*(8+(1+(3+21))))))))
165	(1*(1+(2-(3-(5*(8+(1+(3+21))))))))
166	(1-(1+(2-(3+(5*(8+(1+(3+21))))))))
167	(1*(1-(2-(3+(5*(8+(1+(3+21))))))))
168	(1-(1+(2*(3*(5-(8+(1+(3+21))))))))
169	(1*(1-(2*(3*(5-(8+(1+(3+21))))))))
170	(1+(1-(2*(3*(5-(8+(1+(3+21))))))))
171	(1*(1+(2+(3+(5*(8+(1+(3+21))))))))
172	(1+(1+(2+(3+(5*(8+(1+(3+21))))))))
173	(1*(1+(2*(3-(5-(8*(13-(2*1))))))))
174	(1-(1+(2+(3+(5+(8*(1-(3+21))))))))
175	(1*(1-(2+(3+(5+(8*(1-(3+21))))))))
176	(1-(1-(2*(3-(5*(8-(1+(3+21))))))))
177	(1*(1+(2*(3-(5*(8-(1+(3+21))))))))
178	(1+(1+(2*(3-(5*(8-(1+(3+21))))))))
179	(1*(1+(2-(3+(5+(8*(1-(3+21))))))))
180	(1+(1+(2-(3+(5+(8*(1-(3+21))))))))
181	(1*(1-(2-(3-(5+(8*(1-(3+21))))))))
182	(1+(1-(2-(3-(5+(8*(1-(3+21))))))))
183	(1*(1-(2+(3+(5-(8*(1*(3+21))))))))
184	(1-(1-(2+(3-(5+(8*(1-(3+21))))))))
185	(1*(1+(2+(3-(5+(8*(1-(3+21))))))))
186	(1+(1+(2+(3-(5+(8*(1-(3+21))))))))
187	(1*(1+(2-(3+(5-(8*(1*(3+21))))))))
188	(1-(1-(2-(3-(5-(8*(1-(3+21))))))))
189	(1*(1+(2-(3-(5-(8*(1-(3+21))))))))
190	(1-(1+(2+(3+(5-(8*(1+(3+21))))))))
191	(1*(1-(2+(3+(5-(8*(1+(3+21))))))))
192	(1+(1-(2+(3+(5-(8*(1+(3+21))))))))
193	(1*(1-(2+(3-(5+(8*(1*(3+21))))))))
194	(1-(1-(2-(3+(5-(8*(1+(3+21))))))))
195	(1*(1+(2-(3+(5-(8*(1+(3+21))))))))
196	(1+(1+(2-(3+(5-(8*(1+(3+21))))))))
197	(1*(1-(2-(3-(5-(8*(1+(3+21))))))))
198	(1+(1-(2-(3-(5-(8*(1+(3+21))))))))
199	(1*(1-(2-(3+(5+(8*(1*(3+21))))))))
200	(1-(1+(2+(3-(5+(8*(1+(3+21))))))))
201	(1*(1-(2+(3-(5+(8*(1+(3+21))))))))
202	(1+(1-(2+(3-(5+(8*(1+(3+21))))))))
203	(1*(1+(2+(3+(5+(8*(1*(3+21))))))))
204	(1-(1-(2-(3-(5+(8*(1+(3+21))))))))
205	(1*(1+(2-(3-(5+(8*(1+(3+21))))))))
206	(1-(1+(2-(3+(5+(8*(1+(3+21))))))))
207	(1*(1-(2-(3+(5+(8*(1+(3+21))))))))
208	(1+(1-(2-(3+(5+(8*(1+(3+21))))))))
209	(1*(1-(2-(3*(5*(8+(1*(3+(2+1)))))))))
210	(1-(1-(2+(3+(5+(8*(1+(3+21))))))))
211	(1*(1+(2+(3+(5+(8*(1+(3+21))))))))
212	(1+(1+(2+(3+(5+(8*(1+(3+21))))))))
213	(1*(1+(2+(3*(5*(8+(1*(3+(2+1)))))))))
214	(1+(1+(2+(3*(5*(8+(1*(3+(2+1)))))))))
215	(1-(1-(2+(3+(5*(8+(1+(32+1))))))))
216	(1-(1-(2*(3*(5+(8-(1-(3+21))))))))
217	(1*(1+(2*(3*(5+(8-(1-(3+21))))))))
218	(1+(1+(2*(3*(5+(8-(1-(3+21))))))))
219	(1*(1+(2+(3+(5+(8*(13*(2*1))))))))
220	(1-(1-(2*(3-(5-(8*(13+(2-1))))))))
221	(1*(1+(2*(3-(5-(8*(13+(2-1))))))))
222	(1-(1-(2*(3*(5+(8+(1*(3+21))))))))
223	(1-(1+(2+(3*(5*(8+(1-(3+21))))))))
224	(1*(1-(2+(3*(5*(8+(1-(3+21))))))))
225	(1+(1-(2+(3*(5*(8+(1-(3+21))))))))
226	(1-(1+(2-(3*(5+(8+(1*(3*21))))))))
227	(1-(1-(2-(3*(5*(8+(1-(3+21))))))))
228	(1-(1-(2*(3*(5+(8+(1+(3+21))))))))
229	(1*(1+(2*(3*(5+(8+(1+(3+21))))))))
230	(1+(1+(2*(3*(5+(8+(1+(3+21))))))))
231	(1+(1-(2-(3*(5+(8+(1+(3*21))))))))
232	(1+(1+(2+(3*(5+(8+(1*(3*21))))))))
233	(1-(1-(2+(3*(5+(8+(1+(3*21))))))))
234	(1*(1+(2+(3*(5+(8+(1+(3*21))))))))
235	(1+(1+(2+(3*(5+(8+(1+(3*21))))))))
236	(1*(1-(2+(3-(5*(8*(1*(3+(2+1)))))))))
237	(1+(1-(2+(3-(5*(8*(1*(3+(2+1)))))))))
238	(1-(1+(2+(3*(5*(8-(1*(3+21))))))))
239	(1*(1-(2+(3*(5*(8-(1*(3+21))))))))
240	(1+(1-(2+(3*(5*(8-(1*(3+21))))))))
241	(1-(1+(2-(3+(5*(8*(1*(3+(2+1)))))))))
242	(1-(1-(2-(3*(5*(8-(1*(3+21))))))))
243	(1*(1+(2-(3*(5*(8-(1*(3+21))))))))
244	(1+(1+(2-(3*(5*(8-(1*(3+21))))))))
245	(1*(1-(2*(3-(5*(8-(1+(3-21))))))))
246	(1+(1-(2*(3-(5*(8-(1+(3-21))))))))
247	(1+(1+(2+(3+(5*(8*(1*(3+(2+1)))))))))
248	(1+(1+(2*(3-(5*(8*(1-(3+(2-1)))))))))
249	(1*(1-(2+(3-(5+(8*(1*(32-1))))))))
250	(1-(1-(2-(3+(5+(8*(1-(32+1))))))))
251	(1*(1+(2-(3+(5+(8*(1-(32+1))))))))
252	(1+(1+(2-(3+(5+(8*(1-(32+1))))))))
253	(1-(1+(2+(3*(5*(8-(1+(3+21))))))))
254	(1*(1-(2+(3*(5*(8-(1+(3+21))))))))
255	(1+(1-(2+(3*(5*(8-(1+(3+21))))))))
256	(1-(1-(2*(3+(5*(8-(1+(3-21))))))))
257	(1-(1-(2-(3*(5*(8-(1+(3+21))))))))
258	(1*(1+(2-(3*(5*(8-(1+(3+21))))))))
259	(1+(1+(2-(3*(5*(8-(1+(3+21))))))))
260	(1+(1-(2*(3*(5-(8*(1*(3+(2+1)))))))))
261	(1*(1+(2-(3-(5-(8*(1-(32+1))))))))
262	(1-(1+(2+(3+(5-(8*(1+(32+1))))))))
263	(1*(1-(2+(3+(5-(8*(1+(32+1))))))))
264	(1-(1+(2*(3-(5*(8+(1-(3-21))))))))
265	(1*(1-(2*(3-(5*(8+(1-(3-21))))))))
266	(1+(1-(2*(3-(5*(8+(1-(3-21))))))))
267	(1*(1+(2*(3+(5*(8-(1*(3-21))))))))
268	(1-(1-(2*(3-(5+(8*(1+(3-21))))))))
269	(1*(1+(2*(3-(5+(8*(1+(3-21))))))))
270	(1-(1+(2*(3*(5*(8+(1+(3-21))))))))
271	(1*(1-(2*(3*(5*(8+(1+(3-21))))))))
272	(1+(1-(2*(3*(5*(8+(1+(3-21))))))))
273	(1*(1-(2*(3+(5+(8*(1*(3-21))))))))
274	(1+(1-(2*(3+(5+(8*(1*(3-21))))))))
275	(1-(1+(2+(3+(5*(8-(1+(3*21))))))))
276	(1-(1+(2*(3-(5-(8*(1+(3-21))))))))
277	(1*(1-(2*(3-(5-(8*(1+(3-21))))))))
278	(1+(1-(2*(3-(5-(8*(1+(3-21))))))))
279	(1-(1-(2-(3+(5*(8-(1+(3*21))))))))
280	(1*(1+(2-(3+(5*(8-(1+(3*21))))))))
281	(1+(1+(2-(3+(5*(8-(1+(3*21))))))))
282	(1*(1-(2-(3-(5*(8-(1+(3*21))))))))
283	(1+(1-(2-(3-(5*(8-(1+(3*21))))))))
284	(1-(1-(2*(3-(5+(8*(1*(3-21))))))))
285	(1*(1+(2*(3-(5+(8*(1*(3-21))))))))
286	(1+(1+(2*(3-(5+(8*(1*(3-21))))))))
287	(1+(1+(2+(3-(5*(8-(1+(3*21))))))))
288	(1-(1-(2*(3+(5-(8*(1+(3-21))))))))
289	(1*(1+(2*(3+(5-(8*(1+(3-21))))))))
290	(1+(1+(2*(3+(5-(8*(1+(3-21))))))))
291	(1-(1-(2+(3+(5+(8+(13*21)))))))
292	(1-(1+(2*(3-(5-(8*(1*(3-21))))))))
293	(1*(1-(2*(3-(5-(8*(1*(3-21))))))))
294	(1+(1-(2*(3-(5-(8*(1*(3-21))))))))
295	(1*(1-(2*(3*(5+(8+(1-(3*21))))))))
296	(1+(1-(2*(3*(5+(8+(1-(3*21))))))))
297	(1+(1-(2+(3*(5-(8*(13*(2-1))))))))
298	(1-(1+(2-(3*(5*(8+(13-(2-1))))))))
299	(1*(1-(2-(3*(5*(8+(13-(2-1))))))))
300	(1-(1-(2*(3-(5-(8*(1-(3-21))))))))
301	(1*(1+(2*(3-(5-(8*(1-(3-21))))))))
302	(1-(1+(2+(3+(5+(8+(1-321)))))))
303	(1*(1-(2+(3+(5+(8+(1-321)))))))
304	(1-(1+(2+(3+(5+(8-(1+321)))))))
305	(1*(1-(2+(3+(5+(8-(1+321)))))))
306	(1+(1-(2+(3+(5+(8-(1+321)))))))
307	(1*(1+(2-(3+(5+(8+(1-321)))))))
308	(1-(1-(2-(3+(5+(8-(1+321)))))))
309	(1*(1+(2-(3+(5+(8-(1+321)))))))
310	(1+(1+(2-(3+(5+(8-(1+321)))))))
311	(1*(1-(2-(3-(5+(8-(1+321)))))))
312	(1+(1-(2-(3-(5+(8-(1+321)))))))
313	(1*(1+(2+(3-(5+(8+(1-321)))))))
314	(1-(1-(2+(3-(5+(8-(1+321)))))))
315	(1*(1+(2+(3-(5+(8-(1+321)))))))
316	(1+(1+(2+(3-(5+(8-(1+321)))))))
317	(1*(1+(2-(3-(5-(8+(1-321)))))))
318	(1-(1-(2-(3-(5-(8-(1+321)))))))
319	(1*(1+(2-(3-(5-(8-(1+321)))))))
320	(1-(1+(2+(3+(5-(8+(1+321)))))))
321	(1*(1-(2+(3+(5-(8+(1+321)))))))
322	(1+(1-(2+(3+(5-(8+(1+321)))))))
323	(1*(1+(2+(3+(5-(8+(1-321)))))))
324	(1-(1-(2-(3+(5-(8+(1+321)))))))
325	(1*(1+(2-(3+(5-(8+(1+321)))))))
326	(1+(1+(2-(3+(5-(8+(1+321)))))))
327	(1*(1-(2-(3-(5-(8+(1+321)))))))
328	(1+(1-(2-(3-(5-(8+(1+321)))))))
329	(1*(1-(2+(3-(5+(8-(1-321)))))))
330	(1-(1+(2+(3-(5+(8+(1+321)))))))
331	(1*(1-(2+(3-(5+(8+(1+321)))))))
332	(1+(1-(2+(3-(5+(8+(1+321)))))))
333	(1*(1+(2-(3-(5+(8-(1-321)))))))
334	(1-(1-(2-(3-(5+(8+(1+321)))))))
335	(1*(1+(2-(3-(5+(8+(1+321)))))))
336	(1-(1+(2-(3+(5+(8+(1+321)))))))
337	(1*(1-(2-(3+(5+(8+(1+321)))))))
338	(1+(1-(2-(3+(5+(8+(1+321)))))))
339	(1*(1+(2+(3+(5+(8-(1-321)))))))
340	(1-(1-(2+(3+(5+(8+(1+321)))))))
341	(1*(1+(2+(3+(5+(8+(1+321)))))))
342	(1+(1+(2+(3+(5+(8+(1+321)))))))
343	(1-(1+(2+(3*(5*(8-(1*(32-1))))))))
344	(1*(1-(2+(3*(5*(8-(1*(32-1))))))))
345	(1-(1+(2+(3-(5*(8-(1-(3*21))))))))
346	(1*(1-(2+(3-(5*(8-(1-(3*21))))))))
347	(1+(1-(2+(3-(5*(8-(1-(3*21))))))))
348	(1*(1+(2-(3*(5*(8-(1*(32-1))))))))
349	(1-(1-(2-(3-(5*(8-(1-(3*21))))))))
350	(1*(1+(2-(3-(5*(8-(1-(3*21))))))))
351	(1-(1+(2-(3+(5*(8-(1-(3*21))))))))
352	(1-(1+(2*(3+(5+(8*(1-(3+21))))))))
353	(1*(1-(2*(3+(5+(8*(1-(3+21))))))))
354	(1+(1-(2*(3+(5+(8*(1-(3+21))))))))
355	(1-(1+(2+(3-(5*(8+(1+(3*21))))))))
356	(1*(1-(2+(3-(5*(8+(1+(3*21))))))))
357	(1+(1-(2+(3-(5*(8+(1+(3*21))))))))
358	(1+(1-(2-(3+(5*(8+(1*(3*21))))))))
359	(1-(1-(2-(3-(5*(8+(1+(3*21))))))))
360	(1*(1+(2-(3-(5*(8+(1+(3*21))))))))
361	(1-(1+(2-(3+(5*(8+(1+(3*21))))))))
362	(1*(1-(2-(3+(5*(8+(1+(3*21))))))))
363	(1+(1-(2-(3+(5*(8+(1+(3*21))))))))
364	(1-(1-(2*(3-(5+(8*(1-(3+21))))))))
365	(1*(1+(2*(3-(5+(8*(1-(3+21))))))))
366	(1+(1+(2*(3-(5+(8*(1-(3+21))))))))
367	(1+(1+(2+(3+(5*(8+(1+(3*21))))))))
368	(1-(1+(2*(3+(5-(8*(1*(3+21))))))))
369	(1*(1-(2*(3+(5-(8*(1*(3+21))))))))
370	(1+(1-(2*(3+(5-(8*(1*(3+21))))))))
371	(1-(1-(2-(3*(5-(8*(13+(2+1))))))))
372	(1-(1+(2*(3-(5-(8*(1-(3+21))))))))
373	(1*(1-(2*(3-(5-(8*(1-(3+21))))))))
374	(1+(1-(2*(3-(5-(8*(1-(3+21))))))))
375	(1+(1-(2-(3*(5*(8-(1+(3-21))))))))
376	(1+(1-(2*(3-(5*(8-(1-(32-1))))))))
377	(1-(1-(2+(3*(5*(8-(1+(3-21))))))))
378	(1*(1+(2+(3*(5*(8-(1+(3-21))))))))
379	(1+(1+(2+(3*(5*(8-(1+(3-21))))))))
380	(1-(1-(2*(3-(5-(8*(1*(3+21))))))))
381	(1*(1+(2*(3-(5-(8*(1*(3+21))))))))
382	(1+(1+(2*(3-(5-(8*(1*(3+21))))))))
383	(1+(1-(2-(3-(5*(8-((1+3)*21)))))))
384	(1-(1+(2*(3+(5-(8*(1+(3+21))))))))
385	(1*(1-(2*(3+(5-(8*(1+(3+21))))))))
386	(1+(1-(2*(3+(5-(8*(1+(3+21))))))))
387	(1*(1+(2*(3+(5*(8-(1-(32-1))))))))
388	(1-(1+(2*(3-(5+(8*(1*(3+21))))))))
389	(1*(1-(2*(3-(5+(8*(1*(3+21))))))))
390	(1+(1-(2*(3-(5+(8*(1*(3+21))))))))
391	(1-(1+(2+(3*(5+(8*(1+(3-21))))))))
392	(1*(1-(2+(3*(5+(8*(1+(3-21))))))))
393	(1+(1-(2+(3*(5+(8*(1+(3-21))))))))
394	(1+(1+(2+(3*(5*(8-(1*(3-21))))))))
395	(1-(1-(2-(3*(5+(8*(1+(3-21))))))))
396	(1-(1-(2*(3-(5-(8*(1+(3+21))))))))
397	(1*(1+(2*(3-(5-(8*(1+(3+21))))))))
398	(1+(1+(2*(3-(5-(8*(1+(3+21))))))))
399	(1-(1-(2-(3-(5*(8*(1+(3*(2+1)))))))))
400	(1-(1-(2*(3+(5+(8*(1*(3+21))))))))
401	(1*(1+(2*(3+(5+(8*(1*(3+21))))))))
402	(1+(1+(2*(3+(5+(8*(1*(3+21))))))))
403	(1-(1+(2-(3*(5*(8+(1-(3-21))))))))
404	(1-(1+(2*(3-(5+(8*(1+(3+21))))))))
405	(1*(1-(2*(3-(5+(8*(1+(3+21))))))))
406	(1+(1-(2*(3-(5+(8*(1+(3+21))))))))
407	(1-(1-(2+(3*(5*(8+(1-(3-21))))))))
408	(1*(1+(2+(3*(5*(8+(1-(3-21))))))))
409	(1+(1+(2+(3*(5*(8+(1-(3-21))))))))
410	(1-(1-(2-(3*(5-(8+(132+1)))))))
411	(1*(1+(2-(3*(5-(8+(132+1)))))))
412	(1-(1-(2*(3-(5-(8*(13*(2*1))))))))
413	(1*(1+(2*(3-(5-(8*(13*(2*1))))))))
414	(1-(1-(2*(3*(5-(8*(1-(3*(2+1)))))))))
415	(1-(1+(2+(3*(5+(8*(1*(3-21))))))))
416	(1-(1-(2*(3+(5+(8*(1+(3+21))))))))
417	(1*(1+(2*(3+(5+(8*(1+(3+21))))))))
418	(1+(1+(2*(3+(5+(8*(1+(3+21))))))))
419	(1-(1-(2-(3*(5+(8*(1*(3-21))))))))
420	(1*(1+(2-(3*(5+(8*(1*(3-21))))))))
421	(1-(1+(2-(3*(5-(8*(1+(3-21))))))))
422	(1*(1-(2-(3*(5-(8*(1+(3-21))))))))
423	(1+(1-(2-(3*(5-(8*(1+(3-21))))))))
424	(1-(1-(2-(3-(5*(81+(3+(2-1))))))))
425	(1-(1-(2+(3*(5-(8*(1+(3-21))))))))
426	(1*(1+(2+(3*(5-(8*(1+(3-21))))))))
427	(1+(1+(2+(3*(5-(8*(1+(3-21))))))))
428	(1+(1+(2*(3+(5*(8+(1+(32+1))))))))
429	(1*(1+(2*(3-(5-(8*((13*2)+1)))))))
430	(1-(1+(2-(3*(5+(8+(132-1)))))))
431	(1*(1-(2-(3*(5+(8+(132-1)))))))
432	(1-(1-(2*(3+(5+(8*(13*(2*1))))))))
433	(1*(1+(2*(3+(5+(8*(13*(2*1))))))))
434	(1+(1+(2*(3+(5+(8*(13*(2*1))))))))
435	(1-(1+(2+(3-(5*(8*(13-(2*1))))))))
436	(1*(1-(2+(3-(5*(8*(13-(2*1))))))))
437	(1+(1-(2+(3-(5*(8*(13-(2*1))))))))
438	(1+(1-(2-(3*(5+(8+(132+1)))))))
439	(1-(1+(2+(3*(5-(8*(1-(3-21))))))))
440	(1*(1-(2+(3*(5-(8*(1-(3-21))))))))
441	(1+(1-(2+(3*(5-(8*(1-(3-21))))))))
442	(1*(1-(2-(3+(5*(8*(13-(2*1))))))))
443	(1-(1-(2-(3*(5-(8*(1-(3-21))))))))
444	(1*(1+(2-(3*(5-(8*(1-(3-21))))))))
445	(1+(1+(2-(3*(5-(8*(1-(3-21))))))))
446	(1*(1-(2-(3*(5-(8*(1*(3-21))))))))
447	(1+(1-(2-(3*(5-(8*(1*(3-21))))))))
448	(1-(1-(2*(3+(5+(8*((13*2)+1)))))))
449	(1-(1-(2+(3*(5-(8*(1*(3-21))))))))
450	(1-(1+(2*(3*(5*(8+(1-(3+21))))))))
451	(1*(1-(2*(3*(5*(8+(1-(3+21))))))))
452	(1+(1-(2*(3*(5*(8+(1-(3+21))))))))
453	(1+(1-(2-(3+(5*(81+(3*(2+1))))))))
454	(1+(1-(2*(3-(5+((8-1)*(32*1)))))))
455	(1-(1+(2+(3-(5*(8+((1+3)*21)))))))
456	(1-(1-(2*(3*(5+(8+(1*(3*21))))))))
457	(1*(1+(2*(3*(5+(8+(1*(3*21))))))))
458	(1+(1+(2*(3*(5+(8+(1*(3*21))))))))
459	(1-(1-(2-(3-(5*(8+((1+3)*21)))))))
460	(1*(1+(2-(3-(5*(8+((1+3)*21)))))))
461	(1-(1+(2-(3+(5*(8+((1+3)*21)))))))
462	(1-(1-(2*(3*(5+(8+(1+(3*21))))))))
463	(1-(1+(2-(3*(5*(8-(1-(3+21))))))))
464	(1*(1-(2-(3*(5*(8-(1-(3+21))))))))
465	(1+(1-(2-(3*(5*(8-(1-(3+21))))))))
466	(1+(1-(2*(3+(5+(8*(1-(32-1))))))))
467	(1-(1-(2+(3*(5*(8-(1-(3+21))))))))
468	(1*(1+(2+(3*(5*(8-(1-(3+21))))))))
469	(1+(1+(2+(3*(5*(8-(1-(3+21))))))))
470	(1*(1-(2-(3*(5+(8*(1-(3-21))))))))
471	(1+(1-(2-(3*(5+(8*(1-(3-21))))))))
472	(1+(1-(2*(3+(5-(81*(3*(2-1))))))))
473	(1-(1-(2+(3*(5+(8*(1-(3-21))))))))
474	(1*(1+(2+(3*(5+(8*(1-(3-21))))))))
475	(1+(1+(2+(3*(5+(8*(1-(3-21))))))))
476	(1+(1-(2*(3-(5*(8*(1*(3+(2+1)))))))))
477	(1*(1+(2*(3-(5+(8*(1-(32-1))))))))
478	(1-(1+(2-(3*(5*(8+(1*(3+21))))))))
479	(1*(1-(2-(3*(5*(8+(1*(3+21))))))))
480	(1+(1-(2-(3*(5*(8+(1*(3+21))))))))
481	(1*(1-(2*(3*(5*(8-(1*(3+21))))))))
482	(1-(1-(2+(3*(5*(8+(1*(3+21))))))))
483	(1*(1+(2+(3*(5*(8+(1*(3+21))))))))
484	(1+(1+(2+(3*(5*(8+(1*(3+21))))))))
485	(1*(1-(2*(3-(5-(8*(1-(32-1))))))))
486	(1-(1+(2+(3+(5+(8*(1-(3*21))))))))
487	(1*(1-(2+(3+(5+(8*(1-(3*21))))))))
488	(1+(1-(2+(3+(5+(8*(1-(3*21))))))))
489	(1+(1-(2+(3*(5-((8-1)*(3+21)))))))
490	(1-(1-(2-(3+(5+(8*(1-(3*21))))))))
491	(1*(1+(2-(3+(5+(8*(1-(3*21))))))))
492	(1+(1+(2-(3+(5+(8*(1-(3*21))))))))
493	(1-(1+(2-(3*(5*(8+(1+(3+21))))))))
494	(1*(1-(2-(3*(5*(8+(1+(3+21))))))))
495	(1+(1-(2-(3*(5*(8+(1+(3+21))))))))
496	(1-(1-(2+(3-(5+(8*(1-(3*21))))))))
497	(1-(1-(2+(3*(5*(8+(1+(3+21))))))))
498	(1*(1+(2+(3*(5*(8+(1+(3+21))))))))
499	(1+(1+(2+(3*(5*(8+(1+(3+21))))))))
500	(1-(1-(2-(3-(5-(8*(1-(3*21))))))))
501	(1*(1+(2-(3-(5-(8*(1-(3*21))))))))
502	(1-(1+(2+(3+(5-(8*(1+(3*21))))))))
503	(1*(1-(2+(3+(5-(8*(1+(3*21))))))))
504	(1+(1-(2+(3+(5-(8*(1+(3*21))))))))
505	(1*(1-(2+(3-(5+(8*(1*(3*21))))))))
506	(1-(1-(2-(3+(5-(8*(1+(3*21))))))))
507	(1*(1+(2-(3+(5-(8*(1+(3*21))))))))
508	(1+(1+(2-(3+(5-(8*(1+(3*21))))))))
509	(1*(1-(2-(3-(5-(8*(1+(3*21))))))))
510	(1-(1+(2*(3*(5*(8-(1+(3+21))))))))
511	(1*(1-(2*(3*(5*(8-(1+(3+21))))))))
512	(1+(1-(2*(3*(5*(8-(1+(3+21))))))))
513	(1*(1-(2+(3-(5+(8*(1+(3*21))))))))
514	(1+(1-(2+(3-(5+(8*(1+(3*21))))))))
515	(1*(1+(2+(3+(5+(8*(1*(3*21))))))))
516	(1-(1-(2-(3-(5+(8*(1+(3*21))))))))
517	(1*(1+(2-(3-(5+(8*(1+(3*21))))))))
518	(1-(1+(2-(3+(5+(8*(1+(3*21))))))))
519	(1*(1-(2-(3+(5+(8*(1+(3*21))))))))
520	(1+(1-(2-(3+(5+(8*(1+(3*21))))))))
521	(1-(1+(2-(3+(5*(8*(13*(2-1))))))))
522	(1-(1-(2+(3+(5+(8*(1+(3*21))))))))
523	(1*(1+(2+(3+(5+(8*(1+(3*21))))))))
524	(1+(1+(2+(3+(5+(8*(1+(3*21))))))))
525	(1*(1+(2*(3-(5-(8*(1*(32+1))))))))
526	(1+(1+(2*(3-(5-(8*(1*(32+1))))))))
527	(1*(1+(2*(3-(5+(8-(13*21)))))))
528	(1-(1+(2*(3+(5-(8*(1+(32+1))))))))
529	(1*(1-(2*(3+(5-(8*(1+(32+1))))))))
530	(1+(1-(2*(3+(5-(8*(1+(32+1))))))))
531	(1*(1+(2+(3+(5*(81+(3+21)))))))
532	(1-(1+(2*(3-(5+(8*(1*(32+1))))))))
533	(1*(1-(2*(3-(5+(8*(1*(32+1))))))))
534	(1-(1+(2*(3+(5*(8+(1-(3*21))))))))
535	(1-(1+(2+(3*(5+(8*(1-(3+21))))))))
536	(1*(1-(2+(3*(5+(8*(1-(3+21))))))))
537	(1+(1-(2+(3*(5+(8*(1-(3+21))))))))
538	(1-(1+(2-(3*(5*((8+1)*(3+(2-1))))))))
539	(1-(1-(2-(3*(5+(8*(1-(3+21))))))))
540	(1*(1+(2-(3*(5+(8*(1-(3+21))))))))
541	(1+(1+(2-(3*(5+(8*(1-(3+21))))))))
542	(1+(1+(2*(3*(5*(8+(1+(3*(2+1)))))))))
543	(1*(1+(2+(3*(5*((8+1)*(3+(2-1))))))))
544	(1-(1+(2*(3+(5*(8-(1*(3*21))))))))
545	(1*(1-(2*(3+(5*(8-(1*(3*21))))))))
546	(1-(1-(2*(3-(5*(8+(1-(3*21))))))))
547	(1*(1+(2*(3-(5*(8+(1-(3*21))))))))
548	(1+(1+(2*(3-(5*(8+(1-(3*21))))))))
549	(1*(1-(2*(3-(5+(8*(1+(32+1))))))))
550	(1+(1-(2*(3-(5+(8*(1+(32+1))))))))
551	(1-(1-(2+(3-((5+8)*((1-3)*21))))))
552	(1-(1-(2*(3*(5+(81+(3+(2+1))))))))
553	(1*(1+(2*(3*(5+(81+(3+(2+1))))))))
554	(1-(1+(2*(3+(5*(8-(1+(3*21))))))))
555	(1*(1-(2*(3+(5*(8-(1+(3*21))))))))
556	(1+(1-(2*(3+(5*(8-(1+(3*21))))))))
557	(1*(1+(2*(3-(5*(8-(1*(3*21))))))))
558	(1+(1+(2*(3-(5*(8-(1*(3*21))))))))
559	(1-(1+(2+(3*(5-(8*(1*(3+21))))))))
560	(1*(1-(2+(3*(5-(8*(1*(3+21))))))))
561	(1+(1-(2+(3*(5-(8*(1*(3+21))))))))
562	(1+(1+(2*(3+(5+(8*(1+(32+1))))))))
563	(1-(1-(2-(3*(5-(8*(1*(3+21))))))))
564	(1*(1+(2-(3*(5-(8*(1*(3+21))))))))
565	(1-(1+(2-(3*(5-(8*(1-(3+21))))))))
566	(1*(1-(2-(3*(5-(8*(1-(3+21))))))))
567	(1+(1-(2-(3*(5-(8*(1-(3+21))))))))
568	(1+(1+(2*(3-(5*(8-(1+(3*21))))))))
569	(1-(1-(2+(3*(5-(8*(1-(3+21))))))))
570	(1*(1+(2+(3*(5-(8*(1-(3+21))))))))
571	(1+(1+(2+(3*(5-(8*(1-(3+21))))))))
572	(1-(1-(2+(3*(5*(8-(1-(32-1))))))))
573	(1*(1+(2+(3*(5*(8-(1-(32-1))))))))
574	(1+(1+(2+(3*(5*(8-(1-(32-1))))))))
575	(1-(1-(2+(3+(5*(81+(32+1)))))))
576	(1-(1-(2*(3+(5*(81-(3+21)))))))
577	(1*(1+(2*(3+(5*(81-(3+21)))))))
578	(1-(1-(2*(3+(5+(8+(13*21)))))))
579	(1*(1+(2*(3+(5+(8+(13*21)))))))
580	(1+(1+(2*(3+(5+(8+(13*21)))))))
581	(1*(1-(2*(3-(5+((8+1)*(32*1)))))))
582	(1-(1-(2*(3*(5+(8+((1+3)*21)))))))
583	(1-(1+(2+(3*(5-(8*(1+(3+21))))))))
584	(1*(1-(2+(3*(5-(8*(1+(3+21))))))))
585	(1+(1-(2+(3*(5-(8*(1+(3+21))))))))
586	(1-(1-(2*(3-(58*(1-(3+(2+1))))))))
587	(1-(1-(2-(3*(5-(8*(1+(3+21))))))))
588	(1*(1+(2-(3*(5-(8*(1+(3+21))))))))
589	(1+(1+(2-(3*(5-(8*(1+(3+21))))))))
590	(1*(1-(2-(3*(5+(8*(1*(3+21))))))))
591	(1+(1-(2-(3*(5+(8*(1*(3+21))))))))
592	(1+(1+(2*(3-(5-((8+1)*(32+1)))))))
593	(1-(1-(2+(3*(5+(8*(1*(3+21))))))))
594	(1*(1+(2+(3*(5+(8*(1*(3+21))))))))
595	(1+(1+(2+(3*(5+(8*(1*(3+21))))))))
596	(1+(1-(2*(3*(5-(8*(13*(2-1))))))))
597	(1+(1-(2+(3-(5*(8*(13+(2*1))))))))
598	(1-(1+(2+(3*(5*(8*(1-(3+(2+1)))))))))
599	(1*(1-(2+(3*(5*(8*(1-(3+(2+1)))))))))
600	(1+(1-(2+(3*(5*(8*(1-(3+(2+1)))))))))
601	(1*(1+(2*(3*(5*(8+(13-(2-1))))))))
602	(1-(1-(2-(3*(5*(8*(1-(3+(2+1)))))))))
603	(1*(1+(2-(3*(5*(8*(1-(3+(2+1)))))))))
604	(1+(1+(2-(3*(5*(8*(1-(3+(2+1)))))))))
605	(1-(1-(2+(3+(5*(8*(13+(2*1))))))))
606	(1-(1-(2*(3*(5+(8*(13-(2-1))))))))
607	(1*(1+(2*(3*(5+(8*(13-(2-1))))))))
608	(1-(1+(2*(3+(5+(8+(1-321)))))))
609	(1*(1-(2*(3+(5+(8+(1-321)))))))
610	(1+(1-(2*(3+(5+(8+(1-321)))))))
611	(1*(1-(2*(3+(5+(8-(1*321)))))))
612	(1-(1+(2*(3+(5+(8-(1+321)))))))
613	(1*(1-(2*(3+(5+(8-(1+321)))))))
614	(1+(1-(2*(3+(5+(8-(1+321)))))))
615	(1+(1-(2-(3*(5+(8*(1+(3+21))))))))
616	(1+(1+(2-(3+(5*(8-(132-1)))))))
617	(1-(1-(2+(3*(5+(8*(1+(3+21))))))))
618	(1*(1+(2+(3*(5+(8*(1+(3+21))))))))
619	(1+(1+(2+(3*(5+(8*(1+(3+21))))))))
620	(1-(1-(2*(3-(5+(8+(1-321)))))))
621	(1*(1+(2*(3-(5+(8+(1-321)))))))
622	(1+(1+(2*(3-(5+(8+(1-321)))))))
623	(1*(1+(2*(3-(5+(8-(1*321)))))))
624	(1-(1-(2*(3-(5+(8-(1+321)))))))
625	(1*(1+(2*(3-(5+(8-(1+321)))))))
626	(1+(1+(2*(3-(5+(8-(1+321)))))))
627	(1*(1-(2-(3-(5*(8-(132+1)))))))
628	(1-(1+(2*(3-(5-(8+(1-321)))))))
629	(1*(1-(2*(3-(5-(8+(1-321)))))))
630	(1+(1-(2*(3-(5-(8+(1-321)))))))
631	(1*(1-(2*(3-(5-(8-(1*321)))))))
632	(1-(1+(2*(3-(5-(8-(1+321)))))))
633	(1*(1-(2*(3-(5-(8-(1+321)))))))
634	(1+(1-(2*(3-(5-(8-(1+321)))))))
635	(1*(1-(2*(3+(5*(8*(1-(3*(2+1)))))))))
636	(1+(1-(2*(3+(5*(8*(1-(3*(2+1)))))))))
637	(1+(1-(2+(3-(5*(8*(13+(2+1))))))))
638	(1*(1-(2-(3*(5+(8*(13*(2*1))))))))
639	(1-(1-(2-(3-(5*(8*(13+(2+1))))))))
640	(1-(1-(2*(3+(5-(8+(1-321)))))))
641	(1*(1+(2*(3+(5-(8+(1-321)))))))
642	(1+(1+(2*(3+(5-(8+(1-321)))))))
643	(1*(1-(2*(3+(5-(8+(1*321)))))))
644	(1-(1+(2*(3+(5-(8+(1+321)))))))
645	(1*(1-(2*(3+(5-(8+(1+321)))))))
646	(1+(1-(2*(3+(5-(8+(1+321)))))))
647	(1*(1+(2*(3-(5*(8*(1-(3*(2+1)))))))))
648	(1+(1+(2*(3-(5*(8*(1-(3*(2+1)))))))))
649	(1*(1-(2*(3*(5-(81+(32*1)))))))
650	(1+(1-(2*(3*(5-(81+(32*1)))))))
651	(1+(1-(2+(3*(5-((81*3)-21))))))
652	(1-(1-(2*(3-(5-(8-(1-321)))))))
653	(1*(1+(2*(3-(5-(8-(1-321)))))))
654	(1+(1+(2*(3-(5-(8-(1-321)))))))
655	(1*(1+(2*(3-(5-(8+(1*321)))))))
656	(1-(1-(2*(3-(5-(8+(1+321)))))))
657	(1*(1+(2*(3-(5-(8+(1+321)))))))
658	(1+(1+(2*(3-(5-(8+(1+321)))))))
659	(1-(1-(2-(3*(5-((8-1)*(32*1)))))))
660	(1-(1+(2*(3-(5+(8-(1-321)))))))
661	(1*(1-(2*(3-(5+(8-(1-321)))))))
662	(1+(1-(2*(3-(5+(8-(1-321)))))))
663	(1*(1-(2*(3-(5+(8+(1*321)))))))
664	(1-(1+(2*(3-(5+(8+(1+321)))))))
665	(1*(1-(2*(3-(5+(8+(1+321)))))))
666	(1+(1-(2*(3-(5+(8+(1+321)))))))
667	(1*(1+(2-(3+(5-(8*((1+3)*21)))))))
668	(1+(1+(2-(3+(5-(8*((1+3)*21)))))))
669	(1*(1-(2-(3-(5-(8*((1+3)*21)))))))
670	(1+(1-(2-(3-(5-(8*((1+3)*21)))))))
671	(1*(1-(2*(3-((5+8)*(13*(2*1)))))))
672	(1-(1-(2*(3+(5+(8-(1-321)))))))
673	(1*(1+(2*(3+(5+(8-(1-321)))))))
674	(1+(1+(2*(3+(5+(8-(1-321)))))))
675	(1*(1+(2*(3+(5+(8+(1*321)))))))
676	(1-(1-(2*(3+(5+(8+(1+321)))))))
677	(1*(1+(2*(3+(5+(8+(1+321)))))))
678	(1+(1+(2*(3+(5+(8+(1+321)))))))
679	(1-(1-(2-(3+(5*(8*(1+(3-21))))))))
680	(1*(1+(2-(3+(5*(8*(1+(3-21))))))))
681	(1+(1+(2-(3+(5*(8*(1+(3-21))))))))
682	(1*(1-(2-(3-(5*(8*(1+(3-21))))))))
683	(1+(1-(2-(3-(5*(8*(1+(3-21))))))))
684	(1+(1+(2+(3+(5+(8*((1+3)*21)))))))
685	(1-(1-(2+(3-(5*(8*(1+(3-21))))))))
686	(1*(1+(2+(3-(5*(8*(1+(3-21))))))))
687	(1+(1+(2+(3-(5*(8*(1+(3-21))))))))
688	(1-(1-(2*(3+(5-(8*((1-3)*21)))))))
689	(1*(1+(2*(3+(5-(8*((1-3)*21)))))))
690	(1-(1+(2*(3*(5*(8-(1*(32-1))))))))
691	(1*(1-(2*(3*(5*(8-(1*(32-1))))))))
692	(1+(1-(2*(3*(5*(8-(1*(32-1))))))))
693	(1*(1+(2+(3*(5*(((8+1)*(3+2))+1))))))
694	(1-(1+(2*(3-(5*(8-(1-(3*21))))))))
695	(1*(1-(2*(3-(5*(8-(1-(3*21))))))))
696	(1+(1-(2*(3-(5*(8-(1-(3*21))))))))
697	(1*(1-(2-(3+(5*(8+(132-1)))))))
698	(1+(1-(2-(3+(5*(8+(132-1)))))))
699	(1-(1-(2-(3-(5*(8+(132*1)))))))
700	(1-(1+(2+(3-(5*(8+(132+1)))))))
701	(1*(1-(2+(3-(5*(8+(132+1)))))))
702	(1-(1-(2*(3*(5+(8*(13+(2-1))))))))
703	(1-(1+(2+(3*(5+(8*(1-(32-1))))))))
704	(1-(1+(2*(3-(5*(8+(1*(3*21))))))))
705	(1*(1-(2*(3-(5*(8+(1*(3*21))))))))
706	(1-(1-(2*(3+(5*(8-(1-(3*21))))))))
707	(1*(1+(2*(3+(5*(8-(1-(3*21))))))))
708	(1+(1+(2*(3+(5*(8-(1-(3*21))))))))
709	(1+(1+(2-(3*(5+(8*(1-(32-1))))))))
710	(1-(1-(2+(3+(5*(8+(132+1)))))))
711	(1*(1+(2+(3+(5*(8+(132+1)))))))
712	(1+(1+(2+(3+(5*(8+(132+1)))))))
713	(1*(1-(2+(3*(5-(81*(3*(2-1))))))))
714	(1-(1+(2*(3-(5*(8+(1+(3*21))))))))
715	(1-(1+(2+(3+(5*(8*(1*(3-21))))))))
716	(1*(1-(2+(3+(5*(8*(1*(3-21))))))))
717	(1+(1-(2+(3+(5*(8*(1*(3-21))))))))
718	(1+(1+(2*(3+(5*(8+(1*(3*21))))))))
719	(1-(1-(2-(3+(5*(8*(1*(3-21))))))))
720	(1*(1+(2-(3+(5*(8*(1*(3-21))))))))
721	(1+(1+(2-(3+(5*(8*(1*(3-21))))))))
722	(1*(1-(2-(3-(5*(8*(1*(3-21))))))))
723	(1+(1-(2-(3-(5*(8*(1*(3-21))))))))
724	(1+(1+(2+(3*(5*(8*(1*(3+(2+1)))))))))
725	(1-(1-(2+(3-(5*(8*(1*(3-21))))))))
726	(1*(1+(2+(3-(5*(8*(1*(3-21))))))))
727	(1+(1+(2+(3-(5*(8*(1*(3-21))))))))
728	(1+(1+(2*(3+(5*(8+(1+(3*21))))))))
729	(1+(1-(2+(3*(5-(8*(1*(32-1))))))))
730	(1*(1-(2+(3-(5+(81*(3*(2+1))))))))
731	(1-(1-(2-(3*(5-(8*(1*(32-1))))))))
732	(1*(1+(2-(3*(5-(8*(1*(32-1))))))))
733	(1-(1+(2-(3*(5-(8*(1-(32-1))))))))
734	(1*(1-(2-(3*(5-(8*(1-(32-1))))))))
735	(1+(1-(2-(3*(5-(8*(1-(32-1))))))))
736	(1*(1-(2-(3+(5+(81*(3*(2+1))))))))
737	(1-(1-(2+(3*(5-(8*(1-(32-1))))))))
738	(1*(1+(2+(3*(5-(8*(1-(32-1))))))))
739	(1+(1+(2+(3*(5-(8*(1-(32-1))))))))
740	(1+(1-(2*(3*(5-(8*(13+(2+1))))))))
741	(1+(1+(2+(3+(5+(81*(3*(2+1))))))))
742	(1-(1+(2-(3*(5+(81*(3*(2-1))))))))
743	(1*(1-(2-(3*(5+(81*(3*(2-1))))))))
744	(1-(1+(2*(3-(5*(81-(3+(2+1))))))))
745	(1*(1-(2*(3-(5*(81-(3+(2+1))))))))
746	(1+(1-(2*(3-(5*(81-(3+(2+1))))))))
747	(1*(1+(2+(3*(5+(81*(3*(2-1))))))))
748	(1-(1+(2-(3*(5*(8-((1-3)*21)))))))
749	(1*(1-(2-(3*(5*(8-((1-3)*21)))))))
750	(1-(1-(2*(3*(5*(8-(1+(3-21))))))))
751	(1*(1+(2*(3*(5*(8-(1+(3-21))))))))
752	(1+(1+(2*(3*(5*(8-(1+(3-21))))))))
753	(1+(1-(2+(3*(5+(8*(1-(32+1))))))))
754	(1-(1+(2*(3+(5*(8-((1+3)*21)))))))
755	(1-(1+(2+(3-(5*(8*(1-(3-21))))))))
756	(1*(1-(2+(3-(5*(8*(1-(3-21))))))))
757	(1+(1-(2+(3-(5*(8*(1-(3-21))))))))
758	(1*(1-(2-(3*(5+(8*(1*(32-1))))))))
759	(1-(1-(2-(3-(5*(8*(1-(3-21))))))))
760	(1*(1+(2-(3-(5*(8*(1-(3-21))))))))
761	(1-(1+(2-(3+(5*(8*(1-(3-21))))))))
762	(1*(1-(2-(3+(5*(8*(1-(3-21))))))))
763	(1+(1-(2-(3+(5*(8*(1-(3-21))))))))
764	(1-(1+(2*(3-(5*(81-(3+(2-1))))))))
765	(1-(1-(2+(3+(5*(8*(1-(3-21))))))))
766	(1*(1+(2+(3+(5*(8*(1-(3-21))))))))
767	(1+(1+(2+(3+(5*(8*(1-(3-21))))))))
768	(1+(1+(2*(3-(5*(8-((1+3)*21)))))))
769	(1*(1+(2*(3*(5-(8-(132-1)))))))
770	(1+(1+(2*(3*(5-(8-(132-1)))))))
771	(1+(1-(2-(3*(5+((8+(1+3))*21))))))
772	(1-(1+(2+(3*(5-((8*(1+32))-1))))))
773	(1-(1-(2+(3*(5+((8+(1+3))*21))))))
774	(1-(1-(2*(3*(5-(8-(132*1)))))))
775	(1-(1+(2+(3*(5-(8*(1*(32+1))))))))
776	(1*(1-(2+(3*(5-(8*(1*(32+1))))))))
777	(1+(1-(2+(3*(5-(8*(1*(32+1))))))))
778	(1-(1+(2+(3*(5+(8-(13*21)))))))
779	(1-(1-(2-(3*(5-(8*(1*(32+1))))))))
780	(1-(1-(2*(3*(5*(8-(1*(3-21))))))))
781	(1*(1+(2*(3*(5*(8-(1*(3-21))))))))
782	(1+(1+(2*(3*(5*(8-(1*(3-21))))))))
783	(1+(1-(2-(3*(5-(8*(1-(32+1))))))))
784	(1+(1+(2-(3*(5+(8-(13*21)))))))
785	(1-(1-(2+(3*(5-(8*(1-(32+1))))))))
786	(1-(1+(2*(3*(5+(8*(1+(3-21))))))))
787	(1*(1-(2*(3*(5+(8*(1+(3-21))))))))
788	(1+(1-(2*(3*(5+(8*(1+(3-21))))))))
789	(1*(1-(2*(3+(5-(81+321))))))
790	(1+(1-(2*(3+(5-(81+321))))))
791	(1*(1+(2+(3+(5*(((81-3)*2)+1))))))
792	(1-(1+(2+(3-(5+(813-21))))))
793	(1*(1-(2+(3-(5+(813-21))))))
794	(1-(1+(2*(3-(5*(8*(1+(3*(2+1)))))))))
795	(1*(1-(2*(3-(5*(8*(1+(3*(2+1)))))))))
796	(1+(1-(2*(3-(5*(8*(1+(3*(2+1)))))))))
797	(1*(1+(2*(3+(5*(81-(3-(2-1))))))))
798	(1-(1-(2*(3*(5+(8*(13+(2+1))))))))
799	(1-(1+(2+(3*(5-(8*(1+(32+1))))))))
800	(1*(1-(2+(3*(5-(8*(1+(32+1))))))))
801	(1+(1-(2+(3*(5-(8*(1+(32+1))))))))
802	(1+(1+(2*(3-(5-(81+321))))))
803	(1-(1-(2-(3*(5-(8*(1+(32+1))))))))
804	(1*(1+(2-(3*(5-(8*(1+(32+1))))))))
805	(1+(1+(2-(3*(5-(8*(1+(32+1))))))))
806	(1-(1-(2*(3+(5*(8*(1+(3*(2+1)))))))))
807	(1*(1+(2*(3+(5*(8*(1+(3*(2+1)))))))))
808	(1-(1+(2+(3*(5*(8+(1-(3*21))))))))
809	(1*(1-(2+(3*(5*(8+(1-(3*21))))))))
810	(1-(1-(2*(3*(5*(8+(1-(3-21))))))))
811	(1*(1+(2*(3*(5*(8+(1-(3-21))))))))
812	(1+(1+(2*(3*(5*(8+(1-(3-21))))))))
813	(1*(1+(2-(3*(5*(8+(1-(3*21))))))))
814	(1+(1+(2-(3*(5*(8+(1-(3*21))))))))
815	(1-(1-(2+(3+(5*(81*(3-(2-1))))))))
816	(1-(1+(2*(3*(5-(8+(132+1)))))))
817	(1*(1-(2*(3*(5-(8+(132+1)))))))
818	(1+(1-(2*(3*(5-(8+(132+1)))))))
819	(1*(1+(2-(3-(5+(813+(2-1)))))))
820	(1-(1-(2*(3+(5+(81+321))))))
821	(1*(1+(2*(3+(5+(81+321))))))
822	(1+(1+(2*(3+(5+(81+321))))))
823	(1-(1+(2+(3*(5*(8-(1*(3*21))))))))
824	(1*(1-(2+(3*(5*(8-(1*(3*21))))))))
825	(1+(1-(2+(3*(5*(8-(1*(3*21))))))))
826	(1-(1+(2+(3*(5-(8+(13*21)))))))
827	(1-(1-(2-(3*(5*(8-(1*(3*21))))))))
828	(1*(1+(2-(3*(5*(8-(1*(3*21))))))))
829	(1+(1+(2-(3*(5*(8-(1*(3*21))))))))
830	(1*(1-(2-(3*(5+(8*(1+(32+1))))))))
831	(1+(1-(2-(3*(5+(8*(1+(32+1))))))))
832	(1+(1+(2-(3*(5-(8+(13*21)))))))
833	(1-(1-(2+(3*(5+(8*(1+(32+1))))))))
834	(1-(1+(2*(3*(5+(8*(1*(3-21))))))))
835	(1*(1-(2*(3*(5+(8*(1*(3-21))))))))
836	(1+(1-(2*(3*(5+(8*(1*(3-21))))))))
837	(1*(1+(2*(3+(5*(81+(3-(2-1))))))))
838	(1-(1+(2+(3*(5*(8-(1+(3*21))))))))
839	(1*(1-(2+(3*(5*(8-(1+(3*21))))))))
840	(1+(1-(2+(3*(5*(8-(1+(3*21))))))))
841	(1-(1+(2-(3+(5*((8-1)*(3+21)))))))
842	(1-(1-(2-(3*(5*(8-(1+(3*21))))))))
843	(1*(1+(2-(3*(5*(8-(1+(3*21))))))))
844	(1+(1+(2-(3*(5*(8-(1+(3*21))))))))
845	(1*(1-(2*(3-(5*(81+(3+(2-1))))))))
846	(1-(1-(2*(3*(5-(8*(1+(3-21))))))))
847	(1*(1+(2*(3*(5-(8*(1+(3-21))))))))
848	(1+(1+(2*(3*(5-(8*(1+(3-21))))))))
849	(1+(1-(2+(3*(5-((8+1)*(32*1)))))))
850	(1-(1+(2-(3*(5+((8+1)*(32-1)))))))
851	(1*(1-(2-(3*(5+((8+1)*(32-1)))))))
852	(1+(1-(2-(3*(5+((8+1)*(32-1)))))))
853	(1-(1+(2-(3*(5*(81-(3+21)))))))
854	(1*(1-(2-(3*(5*(81-(3+21)))))))
855	(1+(1-(2-(3*(5*(81-(3+21)))))))
856	(1-(1+(2-(3*(5+(8+(13*21)))))))
857	(1*(1-(2-(3*(5+(8+(13*21)))))))
858	(1+(1-(2-(3*(5+(8+(13*21)))))))
859	(1+(1+(2+(3*(5*(81-(3+21)))))))
860	(1-(1-(2+(3*(5+(8+(13*21)))))))
861	(1*(1+(2+(3*(5+(8+(13*21)))))))
862	(1+(1+(2+(3*(5+(8+(13*21)))))))
863	(1*(1-(2*(3-((5+(8+1))*(32-1))))))
864	(1-(1-(2*(3*(5+(8+(132-1)))))))
865	(1*(1+(2*(3*(5+(8+(132-1)))))))
866	(1+(1+(2*(3*(5+(8+(132-1)))))))
867	(1*(1+(2*(3+(5*(81+(3+(2*1))))))))
868	(1+(1+(2*(3+(5*(81+(3+(2*1))))))))
869	(1*(1-(2+(3*(58*(1-(3+(2+1))))))))
870	(1-(1-(2*(3*(5+(8+(132*1)))))))
871	(1*(1+(2*(3*(5+(8+(132*1)))))))
872	(1+(1+(2*(3*(5+(8+(132*1)))))))
873	(1*(1+(2-(3*(58*(1-(3+(2+1))))))))
874	(1-(1+(2*(3-(5*(8*(13-(2*1))))))))
875	(1*(1-(2*(3-(5*(8*(13-(2*1))))))))
876	(1+(1-(2*(3-(5*(8*(13-(2*1))))))))
877	(1*(1+(2*(3*(5+(8+(132+1)))))))
878	(1+(1+(2*(3*(5+(8+(132+1)))))))
879	(1*(1+(2-(3*(5-((8+1)*(32+1)))))))
880	(1+(1+(2-(3*(5-((8+1)*(32+1)))))))
881	(1-(1-(2+(3*(5+((8+1)*(32*1)))))))
882	(1-(1+(2*(3*(5-(8*(1-(3-21))))))))
883	(1*(1-(2*(3*(5-(8*(1-(3-21))))))))
884	(1+(1-(2*(3*(5-(8*(1-(3-21))))))))
885	(1*(1-(2*(3-(5*((8*(13-2))+1))))))
886	(1-(1-(2*(3+(5*(8*(13-(2*1))))))))
887	(1*(1+(2*(3+(5*(8*(13-(2*1))))))))
888	(1+(1+(2*(3+(5*(8*(13-(2*1))))))))
889	(1+(1+(2+(3+((5+(8+1))*(3*21))))))
890	(1-(1-(2*(3+((5+8)*(1+(32+1)))))))
891	(1*(1+(2*(3+((5+8)*(1+(32+1)))))))
892	(1+(1+(2*(3+((5+8)*(1+(32+1)))))))
893	(1-(1-(2-(3*((5-(8*13))*(2+1))))))
894	(1-(1-(2*(3*(5-(8*(1*(3-21))))))))
895	(1*(1+(2*(3*(5-(8*(1*(3-21))))))))
896	(1+(1+(2*(3*(5-(8*(1*(3-21))))))))
897	(1*(1+(2*(3+(5*((8*(13-2))+1))))))
898	(1-(1-(2*(3+(5+((8-1)*(3*21)))))))
899	(1*(1+(2*(3+(5+((8-1)*(3*21)))))))
900	(1+(1+(2*(3+(5+((8-1)*(3*21)))))))
901	(1*(1+(2*(3*(5*((8*(1+3))-(2*1)))))))
902	(1+(1+(2*(3*(5*((8*(1+3))-(2*1)))))))
903	(1-(1+(2-(3+(581+321)))))
904	(1-(1+(2-(3*(5+((8+1)*(32+1)))))))
905	(1*(1-(2-(3*(5+((8+1)*(32+1)))))))
906	(1-(1-(2*(3+(5*(81+(3*(2+1))))))))
907	(1*(1+(2*(3+(5*(81+(3*(2+1))))))))
908	(1+(1+(2*(3+(5*(81+(3*(2+1))))))))
909	(1*(1+(2+(3*(5+((8+1)*(32+1)))))))
910	(1+(1+(2+(3*(5+((8+1)*(32+1)))))))
911	(1*(1-(2+(3*((5-81)*(3+(2-1)))))))
912	(1-(1+(2*(3*(5-(((81-3)*2)+1))))))
913	(1*(1-(2*(3*(5-(((81-3)*2)+1))))))
914	(1-(1+(2*(3-(5*(8+((1+3)*21)))))))
915	(1-(1+(2+(3+(5*(8*(1-(3+21))))))))
916	(1*(1-(2+(3+(5*(8*(1-(3+21))))))))
917	(1+(1-(2+(3+(5*(8*(1-(3+21))))))))
918	(1-(1-(2*(3-((5-81)*(3+(2+1)))))))
919	(1-(1+(2+(3*(5+(8+(1-321)))))))
920	(1*(1-(2+(3*(5+(8+(1-321)))))))
921	(1+(1-(2+(3*(5+(8+(1-321)))))))
922	(1-(1+(2+(3*(5+(8-(1*321)))))))
923	(1-(1-(2-(3*(5+(8+(1-321)))))))
924	(1*(1+(2-(3*(5+(8+(1-321)))))))
925	(1-(1+(2+(3*(5+(8-(1+321)))))))
926	(1*(1-(2+(3*(5+(8-(1+321)))))))
927	(1+(1-(2+(3*(5+(8-(1+321)))))))
928	(1+(1+(2-(3*(5+(8-(1*321)))))))
929	(1-(1-(2-(3*(5+(8-(1+321)))))))
930	(1*(1+(2-(3*(5+(8-(1+321)))))))
931	(1+(1+(2-(3*(5+(8-(1+321)))))))
932	(1+(1+(2*(3*(5*(8-(1-(3+21))))))))
933	(1-(1-(2+(3+(58*(13+(2+1)))))))
934	(1-(1-(2*(3-(58*(1-(3*(2+1))))))))
935	(1*(1+(2*(3-(58*(1-(3*(2+1))))))))
936	(1+(1+(2*(3-(58*(1-(3*(2+1))))))))
937	(1*(1+(2*(3*((5+8)*(13-(2-1)))))))
938	(1-(1-(2+(3*((5+8)*(1*(3+21)))))))
939	(1*(1+(2+(3*((5+8)*(1*(3+21)))))))
940	(1+(1+(2+(3*((5+8)*(1*(3+21)))))))
941	(1-(1-(2+(3*((5*8)+(13*21))))))
942	(1-(1-(2*(3*(5+(8*(1-(3-21))))))))
943	(1*(1+(2*(3*(5+(8*(1-(3-21))))))))
944	(1+(1+(2*(3*(5+(8*(1-(3-21))))))))
945	(1+(1-(2-(3*(5*(81+(3-21)))))))
946	(1-(1+(2*(3+((5-(81*3))*(2*1))))))
947	(1-(1-(2+(3*(5*(81+(3-21)))))))
948	(1*(1+(2+(3*(5*(81+(3-21)))))))
949	(1-(1+(2-(3*(5-(8+(1-321)))))))
950	(1*(1-(2-(3*(5-(8+(1-321)))))))
951	(1+(1-(2-(3*(5-(8+(1-321)))))))
952	(1-(1+(2-(3*(5-(8-(1*321)))))))
953	(1-(1-(2+(3*(5-(8+(1-321)))))))
954	(1*(1+(2+(3*(5-(8+(1-321)))))))
955	(1-(1+(2-(3*(5-(8-(1+321)))))))
956	(1*(1-(2-(3*(5-(8-(1+321)))))))
957	(1+(1-(2-(3*(5-(8-(1+321)))))))
958	(1+(1+(2+(3*(5-(8-(1*321)))))))
959	(1-(1-(2+(3*(5-(8-(1+321)))))))
960	(1*(1+(2+(3*(5-(8-(1+321)))))))
961	(1+(1+(2+(3*(5-(8-(1+321)))))))
962	(1+(1+(2*(3*(5*(8+(1*(3+21))))))))
963	(1+(1-(2-(3+(5*(8*(1*(3+21))))))))
964	(1+(1+(2-(3*(5*(8*(1-(3*(2+1)))))))))
965	(1-(1-(2+(3+(5*(8*(1*(3+21))))))))
966	(1*(1+(2+(3+(5*(8*(1*(3+21))))))))
967	(1-(1+(2+(3*(5-(8-(1-321)))))))
968	(1*(1-(2+(3*(5-(8-(1-321)))))))
969	(1+(1-(2+(3*(5-(8-(1-321)))))))
970	(1-(1+(2+(3*(5-(8+(1*321)))))))
971	(1-(1-(2-(3*(5-(8-(1-321)))))))
972	(1*(1+(2-(3*(5-(8-(1-321)))))))
973	(1-(1+(2+(3*(5-(8+(1+321)))))))
974	(1*(1-(2+(3*(5-(8+(1+321)))))))
975	(1+(1-(2+(3*(5-(8+(1+321)))))))
976	(1+(1+(2-(3*(5-(8+(1*321)))))))
977	(1-(1-(2-(3*(5-(8+(1+321)))))))
978	(1*(1+(2-(3*(5-(8+(1+321)))))))
979	(1+(1+(2-(3*(5-(8+(1+321)))))))
980	(1+(1-(2*(3*(5-((8-1)*(3+21)))))))
981	(1-(1+(2+(3+(58*(1+(3-21)))))))
982	(1*(1-(2+(3+(58*(1+(3-21)))))))
983	(1+(1-(2+(3+(58*(1+(3-21)))))))
984	(1-(1+(2*(3-(5*(81-(3-21)))))))
985	(1*(1-(2*(3-(5*(81-(3-21)))))))
986	(1+(1-(2*(3-(5*(81-(3-21)))))))
987	(1+(1-(2-(3*(5+(81*(3+(2-1))))))))
988	(1-(1-(2*(3-(5+(8*(1-(3*21))))))))
989	(1*(1+(2*(3-(5+(8*(1-(3*21))))))))
990	(1-(1-(2*(3*(5*(8+(1+(3+21))))))))
991	(1*(1+(2*(3*(5*(8+(1+(3+21))))))))
992	(1+(1+(2*(3*(5*(8+(1+(3+21))))))))
993	(1*(1-(2*(3+(5-(8*(1*(3*21))))))))
994	(1+(1-(2*(3+(5-(8*(1*(3*21))))))))
995	(1-(1+(2+(3-(5*(8*(1+(3+21))))))))
996	(1*(1-(2+(3-(5*(8*(1+(3+21))))))))
997	(1-(1+(2-(3*(5+(8-(1-321)))))))
998	(1*(1-(2-(3*(5+(8-(1-321)))))))
999	(1+(1-(2-(3*(5+(8-(1-321)))))))
1000	(1-(1+(2-(3*(5+(8+(1*321)))))))
1001	(1-(1-(2+(3*(5+(8-(1-321)))))))
1002	(1*(1+(2+(3*(5+(8-(1-321)))))))
1003	(1-(1+(2-(3*(5+(8+(1+321)))))))
1004	(1*(1-(2-(3*(5+(8+(1+321)))))))
1005	(1+(1-(2-(3*(5+(8+(1+321)))))))
1006	(1+(1+(2+(3*(5+(8+(1*321)))))))
1007	(1-(1-(2+(3*(5+(8+(1+321)))))))
1008	(1*(1+(2+(3*(5+(8+(1+321)))))))
1009	(1+(1+(2+(3*(5+(8+(1+321)))))))
1010	(1+(1-(2*(3+(5-(8*(1+(3*21))))))))
1011	(1*(1+(2+(3*((5+(8+1))*(3+21))))))
1012	(1-(1+(2*(3-(5+(8*(1*(3*21))))))))
1013	(1*(1-(2*(3-(5+(8*(1*(3*21))))))))
1014	(1+(1-(2*(3-(5+(8*(1*(3*21))))))))
1015	(1*(1-(2*(3-(5*((8*13)-(2*1)))))))
1016	(1-(1-(2*(3+(5*((8*13)-(2+1)))))))
1017	(1*(1+(2*(3+(5*((8*13)-(2+1)))))))
1018	(1+(1+(2*(3+(5*((8*13)-(2+1)))))))
1019	(1-(1-(2+(3*(((5+8)*(13*2))+1)))))
1020	(1-(1-(2*(3-(5-(8*(1+(3*21))))))))
1021	(1*(1+(2*(3-(5-(8*(1+(3*21))))))))
1022	(1+(1+(2*(3-(5-(8*(1+(3*21))))))))
1023	(1+(1-(2-(3*(5-(8*((1-3)*21)))))))
1024	(1-(1-(2*(3+(5+(8*(1*(3*21))))))))
1025	(1*(1+(2*(3+(5+(8*(1*(3*21))))))))
1026	(1+(1+(2*(3+(5+(8*(1*(3*21))))))))
1027	(1+(1+(2+(3*(5-(8*((1-3)*21)))))))
1028	(1-(1+(2*(3-(5+(8*(1+(3*21))))))))
1029	(1*(1-(2*(3-(5+(8*(1+(3*21))))))))
1030	(1+(1-(2*(3-(5+(8*(1+(3*21))))))))
1031	(1*(1-(2+(3-(5*((8*(13*2))-1))))))
1032	(1+(1-(2+(3-(5*((8*(13*2))-1))))))
1033	(1*(1+(2*(3*(5+(((81+3)*2)-1))))))
1034	(1-(1+(2*(3-(5*(8*(13*(2-1))))))))
1035	(1*(1-(2*(3-(5*(8*(13*(2-1))))))))
1036	(1+(1-(2*(3-(5*(8*(13*(2-1))))))))
1037	(1+(1-(2+(3-(5*(8*(13*(2*1))))))))
1038	(1-(1+(2+(3+(5-(8*(132-1)))))))
1039	(1-(1-(2-(3-(5*(8*(13*(2*1))))))))
1040	(1-(1-(2*(3+(5+(8*(1+(3*21))))))))
1041	(1*(1+(2*(3+(5+(8*(1+(3*21))))))))
1042	(1+(1+(2*(3+(5+(8*(1+(3*21))))))))
1043	(1+(1-(2-(3+(5*(8*(13*(2*1))))))))
1044	(1+(1+(2-(3+(5-(8*(132-1)))))))
1045	(1-(1-(2+(3+(5*(8*(13*(2*1))))))))
1046	(1-(1-(2*(3+(5*(8*(13*(2-1))))))))
1047	(1*(1+(2*(3+(5*(8*(13*(2-1))))))))
1048	(1-(1+(2-(3*(5*(8-(1-(3*21))))))))
1049	(1*(1-(2-(3*(5*(8-(1-(3*21))))))))
1050	(1+(1-(2-(3*(5*(8-(1-(3*21))))))))
1051	(1*(1+(2-(3+(5-(8*(132*1)))))))
1052	(1-(1-(2+(3*(5*(8-(1-(3*21))))))))
1053	(1*(1+(2+(3*(5*(8-(1-(3*21))))))))
1054	(1+(1+(2+(3*(5*(8-(1-(3*21))))))))
1055	(1*(1-(2+(3+(5-(8*(132+1)))))))
1056	(1+(1-(2+(3+(5-(8*(132+1)))))))
1057	(1*(1-(2+(3-(5+(8*(132*1)))))))
1058	(1-(1-(2-(3+(5-(8*(132+1)))))))
1059	(1*(1+(2-(3+(5-(8*(132+1)))))))
1060	(1+(1+(2-(3+(5-(8*(132+1)))))))
1061	(1*(1-(2-(3-(5-(8*(132+1)))))))
1062	(1+(1-(2-(3-(5-(8*(132+1)))))))
1063	(1-(1+(2-(3*(5*(8+(1*(3*21))))))))
1064	(1*(1-(2-(3*(5*(8+(1*(3*21))))))))
1065	(1+(1-(2-(3*(5*(8+(1*(3*21))))))))
1066	(1+(1-(2+(3-(5+(8*(132+1)))))))
1067	(1-(1-(2+(3*(5*(8+(1*(3*21))))))))
1068	(1*(1+(2+(3*(5*(8+(1*(3*21))))))))
1069	(1+(1+(2+(3*(5*(8+(1*(3*21))))))))
1070	(1-(1+(2-(3+(5+(8*(132+1)))))))
1071	(1*(1-(2-(3+(5+(8*(132+1)))))))
1072	(1+(1-(2-(3+(5+(8*(132+1)))))))
1073	(1-(1-(2+(3*((5+(8+(1+3)))*21)))))
1074	(1-(1+(2*(3*(5+(8*(1-(3+21))))))))
1075	(1*(1-(2*(3*(5+(8*(1-(3+21))))))))
1076	(1+(1-(2*(3*(5+(8*(1-(3+21))))))))
1077	(1+(1-(2+(3-(5*(8*((13*2)+1)))))))
1078	(1-(1+(2-(3*(5*(8+(1+(3*21))))))))
1079	(1*(1-(2-(3*(5*(8+(1+(3*21))))))))
1080	(1+(1-(2-(3*(5*(8+(1+(3*21))))))))
1081	(1-(1+(2-(3+(5*(8*((13*2)+1)))))))
1082	(1-(1-(2+(3*(5*(8+(1+(3*21))))))))
1083	(1*(1+(2+(3*(5*(8+(1+(3*21))))))))
1084	(1+(1+(2+(3*(5*(8+(1+(3*21))))))))
1085	(1-(1-(2+(3+(5*(8*((13*2)+1)))))))
1086	(1*(1+(2+(3+(5*(8*((13*2)+1)))))))
1087	(1+(1+(2+(3+(5*(8*((13*2)+1)))))))
1088	(1+(1-(2-(3+(5*((8-1)*(32-1)))))))
1089	(1+(1-(2+(3-((5+8)*((1+3)*21))))))
1090	(1-(1-(2+(3+(5*((8-1)*(32-1)))))))
1091	(1*(1+(2+(3+(5*((8-1)*(32-1)))))))
1092	(1+(1+(2+(3+(5*((8-1)*(32-1)))))))
1093	(1*(1+(2*(3*((5+8)*(13+(2-1)))))))
1094	(1+(1+(2*(3*((5+8)*(13+(2-1)))))))
1095	(1+(1-(2-(3+((5+8)*((1+3)*21))))))
1096	(1+(1-(2*(3-(581-(32-1))))))
1097	(1-(1+(2+(3-(58*(1-(3-21)))))))
1098	(1*(1-(2+(3-(58*(1-(3-21)))))))
1099	(1+(1-(2+(3-(58*(1-(3-21)))))))
1100	(1+(1+(2*(3-((5+8)*((1-3)*21))))))
1101	(1-(1-(2-(3-(58*(1-(3-21)))))))
1102	(1*(1+(2-(3-(58*(1-(3-21)))))))
1103	(1-(1+(2-(3+(58*(1-(3-21)))))))
1104	(1*(1-(2-(3+(58*(1-(3-21)))))))
1105	(1-(1+(2+(3-(5*((81*3)-21))))))
1106	(1*(1-(2+(3-(5*((81*3)-21))))))
1107	(1+(1-(2+(3-(5*((81*3)-21))))))
1108	(1-(1+(2-(3*(5*(81-((3*2)+1)))))))
1109	(1*(1-(2-(3*(5*(81-((3*2)+1)))))))
1110	(1+(1-(2-(3*(5*(81-((3*2)+1)))))))
1111	(1*(1-(2*(3*(5*((8*(1-3))-21))))))
1112	(1-(1-(2+(3*(5*(81-((3*2)+1)))))))
1113	(1*(1+(2+(3*(5*(81-((3*2)+1)))))))
1114	(1-(1+(2*(3-(5*(8*(13+(2-1))))))))
1115	(1*(1-(2*(3-(5*(8*(13+(2-1))))))))
1116	(1+(1-(2*(3-(5*(8*(13+(2-1))))))))
1117	(1+(1-(2+(3-(5*((8-1)*(32*1)))))))
1118	(1-(1+(2*(3+(5-(81*((3*2)+1)))))))
1119	(1*(1-(2*(3+(5-(81*((3*2)+1)))))))
1120	(1+(1-(2*(3+(5-(81*((3*2)+1)))))))
1121	(1-(1+(2-(3+(5*((8-1)*(32*1)))))))
1122	(1-(1+(2*(3*(5-(8*(1*(3+21))))))))
1123	(1*(1-(2*(3*(5-(8*(1*(3+21))))))))
1124	(1+(1-(2*(3*(5-(8*(1*(3+21))))))))
1125	(1+(1-(2-(3*(5*(81-(3+(2+1))))))))
1126	(1-(1-(2*(3+(5*(8*(13+(2-1))))))))
1127	(1*(1+(2*(3+(5*(8*(13+(2-1))))))))
1128	(1+(1+(2*(3+(5*(8*(13+(2-1))))))))
1129	(1+(1+(2+(3*(5*(81-(3+(2+1))))))))
1130	(1-(1-(2*(3-(5-(81*((3*2)+1)))))))
1131	(1*(1+(2*(3-(5-(81*((3*2)+1)))))))
1132	(1+(1+(2*(3-(5-(81*((3*2)+1)))))))
1133	(1*(1-(2-(3*(58-(1-321))))))
1134	(1-(1-(2*(3*(5-(8*(1-(3+21))))))))
1135	(1*(1+(2*(3*(5-(8*(1-(3+21))))))))
1136	(1+(1+(2*(3*(5-(8*(1-(3+21))))))))
1137	(1*(1+(2*(3+(5*(81+(32*1)))))))
1138	(1-(1+(2+(3*(5*(8-((1+3)*21)))))))
1139	(1*(1-(2+(3*(5*(8-((1+3)*21)))))))
1140	(1-(1-(2*(3*(5*(8-(1-(32-1))))))))
1141	(1*(1+(2*(3*(5*(8-(1-(32-1))))))))
1142	(1+(1+(2*(3*(5*(8-(1-(32-1))))))))
1143	(1*(1+(2-(3*(5*(8-((1+3)*21)))))))
1144	(1+(1+(2-(3*(5*(8-((1+3)*21)))))))
1145	(1*(1-(2*(3-(581-(3+(2+1)))))))
1146	(1-(1-(2*(3+(5*(81+(32+1)))))))
1147	(1*(1+(2*(3+(5*(81+(32+1)))))))
1148	(1+(1+(2*(3+(5*(81+(32+1)))))))
1149	(1*(1-(2*(3-(581-(3+(2-1)))))))
1150	(1-(1-(2*(3+(5+(81*((3*2)+1)))))))
1151	(1*(1+(2*(3+(5+(81*((3*2)+1)))))))
1152	(1+(1+(2*(3+(5+(81*((3*2)+1)))))))
1153	(1-(1+(2-(3*(5*(81-(3+(2-1))))))))
1154	(1*(1-(2-(3*(5*(81-(3+(2-1))))))))
1155	(1+(1-(2-(3*(5*(81-(3+(2-1))))))))
1156	(1-(1+(2-(3+(5*((8-1)*(32+1)))))))
1157	(1-(1-(2+(3*(5*(81-(3+(2-1))))))))
1158	(1*(1+(2+(3*(5*(81-(3+(2-1))))))))
1159	(1+(1+(2+(3*(5*(81-(3+(2-1))))))))
1160	(1-(1-(2+(3+(5*((8-1)*(32+1)))))))
1161	(1*(1+(2+(3+(5*((8-1)*(32+1)))))))
1162	(1+(1+(2+(3+(5*((8-1)*(32+1)))))))
1163	(1-(1+(2-(3+(581*(3-(2-1)))))))
1164	(1-(1+(2*(3-(581+(3+(2-1)))))))
1165	(1-(1+(2+(3-(5*((81-3)*(2+1)))))))
1166	(1*(1-(2+(3-(5*((81-3)*(2+1)))))))
1167	(1+(1-(2+(3-(5*((81-3)*(2+1)))))))
1168	(1-(1+(2-(3*(5*(81-(3*(2-1))))))))
1169	(1*(1-(2-(3*(5*(81-(3*(2-1))))))))
1170	(1-(1+(2*(3*(5-(8*(1+(3+21))))))))
1171	(1*(1-(2*(3*(5-(8*(1+(3+21))))))))
1172	(1+(1-(2*(3*(5-(8*(1+(3+21))))))))
1173	(1*(1+(2+(3*(5*(81-(3*(2-1))))))))
1174	(1+(1+(2+(3*(5*(81-(3*(2-1))))))))
1175	(1-(1-(2+(3+(5*((81-3)*(2+1)))))))
1176	(1*(1+(2+(3+(5*((81-3)*(2+1)))))))
1177	(1+(1+(2+(3+(5*((81-3)*(2+1)))))))
1178	(1*(1-(2+(3*((5-8)*(132-1))))))
1179	(1+(1-(2+(3*((5-8)*(132-1))))))
1180	(1-(1-(2*(3+(581+(3+(2+1)))))))
1181	(1-(1-(2-(3*((5-8)*(132-1))))))
1182	(1-(1-(2*(3*(5+(8*(1*(3+21))))))))
1183	(1*(1+(2*(3*(5+(8*(1*(3+21))))))))
1184	(1+(1+(2*(3*(5+(8*(1*(3+21))))))))
1185	(1+(1-(2-(3*(5*(81-(3-(2-1))))))))
1186	(1+(1-(2*(3-(5*((8*(13+2))-1))))))
1187	(1-(1-(2+(3*(5*(81-(3-(2-1))))))))
1188	(1*(1+(2+(3*(5*(81-(3-(2-1))))))))
1189	(1-(1+(2+(3*(5-(81+321))))))
1190	(1*(1-(2+(3*(5-(81+321))))))
1191	(1+(1-(2+(3*(5-(81+321))))))
1192	(1+(1+(2-(3*((5-8)*(132*1))))))
1193	(1-(1-(2-(3*(5-(81+321))))))
1194	(1-(1+(2*(3-(5*(8*(13+(2*1))))))))
1195	(1-(1+(2+(3+(5*(8*(1-(32-1))))))))
1196	(1*(1-(2+(3+(5*(8*(1-(32-1))))))))
1197	(1+(1-(2+(3+(5*(8*(1-(32-1))))))))
1198	(1-(1+(2-(3*(5*(8*(1+(3*(2+1)))))))))
1199	(1*(1-(2-(3*(5*(8*(1+(3*(2+1)))))))))
1200	(1-(1+(2*(3*(5*(8*(1-(3+(2+1)))))))))
1201	(1*(1-(2*(3*(5*(8*(1-(3+(2+1)))))))))
1202	(1+(1-(2*(3*(5*(8*(1-(3+(2+1)))))))))
1203	(1*(1+(2+(3*(5*(8*(1+(3*(2+1)))))))))
1204	(1+(1+(2+(3*(5*(8*(1+(3*(2+1)))))))))
1205	(1-(1-(2+(3-(5*(8*(1-(32-1))))))))
1206	(1*(1+(2+(3-(5*(8*(1-(32-1))))))))
1207	(1+(1+(2+(3-(5*(8*(1-(32-1))))))))
1208	(1+(1+(2*(3+(5*(8*(13+(2*1))))))))
1209	(1-(1-(2-(3-(5*((81*3)-(2-1)))))))
1210	(1-(1+(2+(3-(5*(81*(3*(2-1))))))))
1211	(1*(1-(2+(3-(5*(81*(3*(2-1))))))))
1212	(1+(1-(2+(3-(5*(81*(3*(2-1))))))))
1213	(1-(1+(2-(3*(5*(81+(3-(2+1))))))))
1214	(1*(1-(2-(3*(5*(81+(3-(2+1))))))))
1215	(1+(1-(2-(3*(5*(81+(3-(2+1))))))))
1216	(1-(1+(2-(3+(5*(81*(3*(2-1))))))))
1217	(1-(1-(2+(3*(5*(81+(3-(2+1))))))))
1218	(1-(1+(2*(3*(5-(8*(13*(2*1))))))))
1219	(1*(1-(2*(3*(5-(8*(13*(2*1))))))))
1220	(1+(1-(2*(3*(5-(8*(13*(2*1))))))))
1221	(1+(1-(2-(3*(5+(81+321))))))
1222	(1+(1+(2+(3+(5*(81*(3*(2-1))))))))
1223	(1-(1-(2+(3*(5+(81+321))))))
1224	(1-(1+(2*(3+(5*(8-(132-1)))))))
1225	(1*(1-(2*(3+(5*(8-(132-1)))))))
1226	(1+(1-(2*(3+(5*(8-(132-1)))))))
1227	(1+(1-(2+(3-(5*((81*3)+(2+1)))))))
1228	(1-(1+(2-(3*(5+(81*(3+(2*1))))))))
1229	(1*(1-(2-(3*(5+(81*(3+(2*1))))))))
1230	(1-(1-(2*(3*(5+(8*(1+(3+21))))))))
1231	(1*(1+(2*(3*(5+(8*(1+(3+21))))))))
1232	(1+(1+(2*(3*(5+(8*(1+(3+21))))))))
1233	(1*(1+(2+(3*(5+(81*(3+(2*1))))))))
1234	(1-(1+(2*(3+(5*(8-(132*1)))))))
1235	(1-(1+(2+(3-(5*(8*(1*(32-1))))))))
1236	(1*(1-(2+(3-(5*(8*(1*(32-1))))))))
1237	(1+(1-(2+(3-(5*(8*(1*(32-1))))))))
1238	(1+(1+(2*(3-(5*(8-(132-1)))))))
1239	(1-(1-(2-(3-(5*(8*(1*(32-1))))))))
1240	(1*(1+(2-(3-(5*(8*(1*(32-1))))))))
1241	(1-(1+(2-(3+(5*(8*(1*(32-1))))))))
1242	(1*(1-(2-(3+(5*(8*(1*(32-1))))))))
1243	(1+(1-(2-(3+(5*(8*(1*(32-1))))))))
1244	(1-(1+(2*(3+(5*(8-(132+1)))))))
1245	(1-(1-(2+(3+(5*(8*(1*(32-1))))))))
1246	(1*(1+(2+(3+(5*(8*(1*(32-1))))))))
1247	(1+(1+(2+(3+(5*(8*(1*(32-1))))))))
1248	(1+(1+(2*(3-(5*(8-(132*1)))))))
1249	(1+(1+(2+(3*(5*(81+(3-(2-1))))))))
1250	(1-(1-(2+(3-(5*((8*(1-32))-1))))))
1251	(1*(1+(2+(3-(5*((8*(1-32))-1))))))
1252	(1+(1+(2+(3-(5*((8*(1-32))-1))))))
1253	(1-(1-(2+(3+(((5*8)-1)*(32*1))))))
1254	(1-(1+(2*(3+(5*((8-1)*(3-21)))))))
1255	(1*(1-(2*(3+(5*((8-1)*(3-21)))))))
1256	(1-(1-(2*(3-(5*(8-(132+1)))))))
1257	(1*(1+(2*(3-(5*(8-(132+1)))))))
1258	(1+(1+(2*(3-(5*(8-(132+1)))))))
1259	(1*(1-(2-(3*(5*(81+(3*(2-1))))))))
1260	(1-(1-(2*(3*(5*(8+(1+(32+1))))))))
1261	(1*(1+(2*(3*(5*(8+(1+(32+1))))))))
1262	(1+(1+(2*(3*(5*(8+(1+(32+1))))))))
1263	(1*(1+(2+(3*(5*(81+(3*(2-1))))))))
1264	(1+(1+(2+(3*(5*(81+(3*(2-1))))))))
1265	(1-(1-(2+(3+(5*((8+(1+3))*21))))))
1266	(1-(1+(2*(3*(5-(8*((13*2)+1)))))))
1267	(1*(1-(2*(3*(5-(8*((13*2)+1)))))))
1268	(1+(1-(2*(3*(5-(8*((13*2)+1)))))))
1269	(1*(1+(2+(3-(58-1321)))))
1270	(1-(1+(2+(3-(5*((8*(1*32))-1))))))
1271	(1*(1-(2+(3-(5*((8*(1*32))-1))))))
1272	(1-(1+(2*(3*(5-((8-1)*(32-1)))))))
1273	(1-(1+(2-(3*(5*(81+(3+(2-1))))))))
1274	(1-(1+(2*(3-(5*(8*(13+(2+1))))))))
1275	(1-(1+(2+(3+(5*(8*(1-(32+1))))))))
1276	(1*(1-(2+(3+(5*(8*(1-(32+1))))))))
1277	(1+(1-(2+(3+(5*(8*(1-(32+1))))))))
1278	(1-(1-(2*(3*(5+(8*(13*(2*1))))))))
1279	(1-(1-(2-(3+(5*(8*(1-(32+1))))))))
1280	(1*(1+(2-(3+(5*(8*(1-(32+1))))))))
1281	(1+(1+(2-(3+(5*(8*(1-(32+1))))))))
1282	(1*(1-(2-(3-(5*(8*(1-(32+1))))))))
1283	(1+(1-(2-(3-(5*(8*(1-(32+1))))))))
1284	(1-(1-(2-(3-(5*((8*(1*32))+1))))))
1285	(1-(1-(2+(3-(5*(8*(1-(32+1))))))))
1286	(1*(1+(2+(3-(5*(8*(1-(32+1))))))))
1287	(1+(1+(2+(3-(5*(8*(1-(32+1))))))))
1288	(1+(1+(2*(3+(5*(8*(13+(2+1))))))))
1289	(1*(1-(2-(3*(5*(81+(3+(2*1))))))))
1290	(1+(1-(2-(3*(5*(81+(3+(2*1))))))))
1291	(1*(1+(2*(3*(5+((8-(1-3))*21))))))
1292	(1-(1-(2+(3*(5*(81+(3+(2*1))))))))
1293	(1*(1+(2+(3*(5*(81+(3+(2*1))))))))
1294	(1+(1+(2+(3*(5*(81+(3+(2*1))))))))
1295	(1*(1+(2*(3+(581+(3*21))))))
1296	(1+(1+(2*(3+(581+(3*21))))))
1297	(1*(1-(2*(3*((5+(8-1))*(3-21))))))
1298	(1+(1-(2*(3*((5+(8-1))*(3-21))))))
1299	(1+(1-(2+(3-((58+(1+3))*21)))))
1300	(1-(1+(2-(3*((5+(8+1))*(32-1))))))
1301	(1*(1-(2-(3*((5+(8+1))*(32-1))))))
1302	(1-(1+(2*(3*(5-((81*3)-21))))))
1303	(1-(1+(2+(3+(5+(8-1321))))))
1304	(1*(1-(2+(3+(5+(8-1321))))))
1305	(1+(1-(2+(3+(5+(8-1321))))))
1306	(1-(1+(2+(3*(5-((8-1)*(3*21)))))))
1307	(1-(1-(2-(3+(5+(8-1321))))))
1308	(1*(1+(2-(3+(5+(8-1321))))))
1309	(1+(1+(2-(3+(5+(8-1321))))))
1310	(1*(1-(2-(3-(5+(8-1321))))))
1311	(1+(1-(2-(3-(5+(8-1321))))))
1312	(1+(1+(2-(3*(5-((8-1)*(3*21)))))))
1313	(1-(1-(2+(3-(5+(8-1321))))))
1314	(1*(1+(2+(3-(5+(8-1321))))))
1315	(1+(1+(2+(3-(5+(8-1321))))))
1316	(1*(1-(2+(3-(5*(8*(1*(32+1))))))))
1317	(1-(1-(2-(3-(5-(8-1321))))))
1318	(1*(1+(2-(3-(5-(8-1321))))))
1319	(1-(1+(2+(3+(5-(8+1321))))))
1320	(1*(1-(2+(3+(5-(8+1321))))))
1321	(1+(1-(2+(3+(5-(8+1321))))))
1322	(1*(1-(2-(3+(5*(8*(1*(32+1))))))))
1323	(1-(1-(2-(3+(5-(8+1321))))))
1324	(1*(1+(2-(3+(5-(8+1321))))))
1325	(1+(1+(2-(3+(5-(8+1321))))))
1326	(1*(1-(2-(3-(5-(8+1321))))))
1327	(1+(1-(2-(3-(5-(8+1321))))))
1328	(1+(1-(2-(3-(5*(8-(13*21)))))))
1329	(1-(1+(2+(3-(5+(8+1321))))))
1330	(1*(1-(2+(3-(5+(8+1321))))))
1331	(1+(1-(2+(3-(5+(8+1321))))))
1332	(1+(1+(2+(3-(5*(8-(13*21)))))))
1333	(1-(1-(2-(3-(5+(8+1321))))))
1334	(1*(1+(2-(3-(5+(8+1321))))))
1335	(1-(1+(2-(3+(5+(8+1321))))))
1336	(1*(1-(2-(3+(5+(8+1321))))))
1337	(1+(1-(2-(3+(5+(8+1321))))))
1338	(1+(1-(2-(3*(5+((8-1)*(3*21)))))))
1339	(1-(1-(2+(3+(5+(8+1321))))))
1340	(1*(1+(2+(3+(5+(8+1321))))))
1341	(1+(1+(2+(3+(5+(8+1321))))))
1342	(1+(1+(2*(3-(5-(8*((1+3)*21)))))))
1343	(1*(1-(2-(3*((5+(8+1))*(32*1))))))
1344	(1+(1-(2-(3*((5+(8+1))*(32*1))))))
1345	(1*(1+(2*(3*((5*((8+1)*(3+2)))-1)))))
1346	(1-(1-(2+(3*((5+(8+1))*(32*1))))))
1347	(1*(1+(2+(3*((5+(8+1))*(32*1))))))
1348	(1-(1+(2*(3-(5+(8*((1+3)*21)))))))
1349	(1*(1-(2*(3-(5+(8*((1+3)*21)))))))
1350	(1+(1-(2*(3-(5+(8*((1+3)*21)))))))
1351	(1*(1+(2*(3*(5*((8+1)*(3+(2*1))))))))
1352	(1-(1-(2+(3*(5*(81+(3*(2+1))))))))
1353	(1*(1+(2+(3*(5*(81+(3*(2+1))))))))
1354	(1-(1+(2*(3+(5*(8*(1+(3-21))))))))
1355	(1*(1-(2*(3+(5*(8*(1+(3-21))))))))
1356	(1+(1-(2*(3+(5*(8*(1+(3-21))))))))
1357	(1+(1-(2+(3-(5*(8*(1+(32+1))))))))
1358	(1+(1-(2*(3*(5-((8-1)*(32+1)))))))
1359	(1-(1-(2-(3-(5*(8*(1+(32+1))))))))
1360	(1*(1+(2-(3-(5*(8*(1+(32+1))))))))
1361	(1-(1+(2-(3+(5*(8*(1+(32+1))))))))
1362	(1*(1-(2-(3+(5*(8*(1+(32+1))))))))
1363	(1+(1-(2-(3+(5*(8*(1+(32+1))))))))
1364	(1+(1+(2*(3*(5+((81*3)-21))))))
1365	(1-(1-(2+(3+(5*(8*(1+(32+1))))))))
1366	(1-(1-(2*(3-(5*(8*(1+(3-21))))))))
1367	(1*(1+(2*(3-(5*(8*(1+(3-21))))))))
1368	(1+(1+(2*(3-(5*(8*(1+(3-21))))))))
1369	(1*(1+(2*(3*(5+(((8-1)*32)-1))))))
1370	(1+(1+(2*(3*(5+(((8-1)*32)-1))))))
1371	(1+(1-(2-(3+((5-81)*(3-21))))))
1372	(1+(1+(2-(3*((5-81)*(3+(2+1)))))))
1373	(1-(1-(2+(3+((5-81)*(3-21))))))
1374	(1-(1-(2*(3*(5+((8-1)*(32*1)))))))
1375	(1*(1+(2*(3*(5+((8-1)*(32*1)))))))
1376	(1+(1+(2*(3*(5+((8-1)*(32*1)))))))
1377	(1*(1+(2*((3+5)*(81+(3+(2*1)))))))
1378	(1-(1+(2-(3*(5*(8+((1+3)*21)))))))
1379	(1*(1-(2-(3*(5*(8+((1+3)*21)))))))
1380	(1+(1-(2-(3*(5*(8+((1+3)*21)))))))
1381	(1*(1+(2*(3*(5*(((8+1)*(3+2))+1))))))
1382	(1-(1-(2+(3*(5*(8+((1+3)*21)))))))
1383	(1*(1+(2+(3*(5*(8+((1+3)*21)))))))
1384	(1+(1+(2+(3*(5*(8+((1+3)*21)))))))
1385	(1*(1-(2*(3-(5*(8+(132-1)))))))
1386	(1+(1-(2*(3-(5*(8+(132-1)))))))
1387	(1-(1+(2+(3-(58*(1*(3+21)))))))
1388	(1*(1-(2+(3-(58*(1*(3+21)))))))
1389	(1+(1-(2+(3-(58*(1*(3+21)))))))
1390	(1-(1+(2+(3-(5*((8+1)*(32-1)))))))
1391	(1*(1-(2+(3-(5*((8+1)*(32-1)))))))
1392	(1+(1-(2+(3-(5*((8+1)*(32-1)))))))
1393	(1-(1+(2-(3+(58*(1*(3+21)))))))
1394	(1-(1+(2*(3-(5*(8+(132*1)))))))
1395	(1*(1-(2*(3-(5*(8+(132*1)))))))
1396	(1-(1-(2*(3+(5*(8+(132-1)))))))
1397	(1*(1+(2*(3+(5*(8+(132-1)))))))
1398	(1+(1+(2*(3+(5*(8+(132-1)))))))
1399	(1+(1+(2+(3+(58*(1*(3+21)))))))
1400	(1-(1+(2+(3-(5*(8+(13*21)))))))
1401	(1*(1-(2+(3-(5*(8+(13*21)))))))
1402	(1+(1-(2+(3-(5*(8+(13*21)))))))
1403	(1*(1-(2-(3*((5*81)+(3*21))))))
1404	(1-(1-(2-(3-(5*(8+(13*21)))))))
1405	(1*(1+(2-(3-(5*(8+(13*21)))))))
1406	(1-(1+(2-(3+(5*(8+(13*21)))))))
1407	(1*(1-(2-(3+(5*(8+(13*21)))))))
1408	(1+(1-(2-(3+(5*(8+(13*21)))))))
1409	(1*(1+(2*(3+((5*(8+132))+1)))))
1410	(1-(1+(2*(3*(5+(8*(1-(32-1))))))))
1411	(1*(1-(2*(3*(5+(8*(1-(32-1))))))))
1412	(1+(1-(2*(3*(5+(8*(1-(32-1))))))))
1413	(1+(1-(2+(3-((58+1)*(3+21))))))
1414	(1-(1-(2*(35+(8*((1+3)*21))))))
1415	(1-(1-(2-(3-((58+1)*(3+21))))))
1416	(1-(1-(2*(3+(5*(8+(132+1)))))))
1417	(1*(1+(2*(3+(5*(8+(132+1)))))))
1418	(1+(1+(2*(3+(5*(8+(132+1)))))))
1419	(1+(1-(2-(3+((58+1)*(3+21))))))
1420	(1-(1+(2-((3*581)-321))))
1421	(1-(1-(2+(3+((58+1)*(3+21))))))
1422	(1-(1+(2*(3*(5-((81*3)-(2-1)))))))
1423	(1*(1-(2*(3*(5-((81*3)-(2-1)))))))
1424	(1+(1-(2*(3*(5-((81*3)-(2-1)))))))
1425	(1+(1-(2+(3*(((5-(81*3))*2)+1)))))
1426	(1-(1+(2+(3*((5-(81*3))*(2*1))))))
1427	(1*(1-(2+(3*((5-(81*3))*(2*1))))))
1428	(1-(1+(2*(3*(5-(81*(3*(2-1))))))))
1429	(1*(1-(2*(3*(5-(81*(3*(2-1))))))))
1430	(1+(1-(2*(3*(5-(81*(3*(2-1))))))))
1431	(1*(1-(2+(3-(5*(((8+1)*32)-1))))))
1432	(1+(1-(2+(3-(5*(((8+1)*32)-1))))))
1433	(1-(1-(2-(3*(((5-(81*3))*2)-1)))))
1434	(1-(1+(2*(3+(5*(8*(1*(3-21))))))))
1435	(1*(1-(2*(3+(5*(8*(1*(3-21))))))))
1436	(1+(1-(2*(3+(5*(8*(1*(3-21))))))))
1437	(1+(1-(2+(3-(5*((8+1)*(32*1)))))))
1438	(1-(1+(2-(3*(5*(8*(13-(2-1))))))))
1439	(1*(1-(2-(3*(5*(8*(13-(2-1))))))))
1440	(1-(1-(2*(3*(5*(8*(1*(3+(2+1)))))))))
1441	(1*(1+(2*(3*(5*(8*(1*(3+(2+1)))))))))
1442	(1+(1+(2*(3*(5*(8*(1*(3+(2+1)))))))))
1443	(1*(1+(2+(3*(5*(8*(13-(2-1))))))))
1444	(1+(1+(2+(3*(5*(8*(13-(2-1))))))))
1445	(1-(1-(2-(3*(5-(81*(3+(2+1))))))))
1446	(1-(1-(2*(3-(5*(8*(1*(3-21))))))))
1447	(1*(1+(2*(3-(5*(8*(1*(3-21))))))))
1448	(1+(1+(2*(3-(5*(8*(1*(3-21))))))))
1449	(1*(1-(2+(3+(5+(81*(3-21)))))))
1450	(1+(1-(2+(3+(5+(81*(3-21)))))))
1451	(1*(1+(2+(3+(5*(((8+1)*32)+1))))))
1452	(1-(1-(2-(3+(5+(81*(3-21)))))))
1453	(1*(1+(2-(3+(5+(81*(3-21)))))))
1454	(1+(1+(2-(3+(5+(81*(3-21)))))))
1455	(1*(1-(2-(3-(5+(81*(3-21)))))))
1456	(1+(1-(2-(3-(5+(81*(3-21)))))))
1457	(1+(1+(2+(3+(58*(1+(3+21)))))))
1458	(1-(1+(2*(3*(5-(8*(1*(32-1))))))))
1459	(1*(1-(2*(3*(5-(8*(1*(32-1))))))))
1460	(1+(1-(2*(3*(5-(8*(1*(32-1))))))))
1461	(1*(1-(2*(3-((58*13)-21)))))
1462	(1-(1-(2-(3-(5-(81*(3-21)))))))
1463	(1*(1+(2-(3-(5-(81*(3-21)))))))
1464	(1-(1+(2-(3+(5-(81*(3-21)))))))
1465	(1*(1-(2-(3+(5-(81*(3-21)))))))
1466	(1+(1-(2-(3+(5-(81*(3-21)))))))
1467	(1*(1+(2+((3+58)*(1*(3+21))))))
1468	(1-(1-(2+(3+(5-(81*(3-21)))))))
1469	(1*(1+(2+(3+(5-(81*(3-21)))))))
1470	(1-(1-(2*(3*(5-(8*(1-(32-1))))))))
1471	(1-(1+(2+(3*(5+(8*(1-(3*21))))))))
1472	(1*(1-(2+(3*(5+(8*(1-(3*21))))))))
1473	(1+(1-(2+(3*(5+(8*(1-(3*21))))))))
1474	(1-(1-(2*(3+(5+(81*(3*(2+1))))))))
1475	(1-(1-(2-(3*(5+(8*(1-(3*21))))))))
1476	(1*(1+(2-(3*(5+(8*(1-(3*21))))))))
1477	(1+(1+(2-(3*(5+(8*(1-(3*21))))))))
1478	(1+(1+(2*(3*(5+((81*3)-(2*1)))))))
1479	(1*(1+(2+(3*(5+((81*(3*2))+1))))))
1480	(1-(1+(2+(3-(5*((8+1)*(32+1)))))))
1481	(1*(1-(2+(3-(5*((8+1)*(32+1)))))))
1482	(1+(1-(2+(3-(5*((8+1)*(32+1)))))))
1483	(1-(1+(2-(3*(5*(81-(3-21)))))))
1484	(1*(1-(2-(3*(5*(81-(3-21)))))))
1485	(1+(1-(2-(3*(5*(81-(3-21)))))))
1486	(1-(1+(2-(3+(5*((8+1)*(32+1)))))))
1487	(1-(1-(2+(3*(5*(81-(3-21)))))))
1488	(1*(1+(2+(3*(5*(81-(3-21)))))))
1489	(1+(1+(2+(3*(5*(81-(3-21)))))))
1490	(1+(1+(2*(3*(5+(81*(3*(2-1))))))))
1491	(1*(1+(2+(3+(5*((8+1)*(32+1)))))))
1492	(1+(1+(2+(3+(5*((8+1)*(32+1)))))))
1493	(1*(1-(2-(3+((58+13)*21)))))
1494	(1-(1-(2*(3*(5+((81*3)+(2-1)))))))
1495	(1-(1+(2+(3*(5-(8*(1*(3*21))))))))
1496	(1*(1-(2+(3*(5-(8*(1*(3*21))))))))
1497	(1+(1-(2+(3*(5-(8*(1*(3*21))))))))
1498	(1+(1+(2+(3+((58+13)*21)))))
1499	(1-(1-(2-(3*(5-(8*(1*(3*21))))))))
1500	(1*(1+(2-(3*(5-(8*(1*(3*21))))))))
1501	(1-(1+(2-(3*(5-(8*(1-(3*21))))))))
1502	(1*(1-(2-(3*(5-(8*(1-(3*21))))))))
1503	(1+(1-(2-(3*(5-(8*(1-(3*21))))))))
1504	(1+(1-(2*(3-(58*(13*(2-1)))))))
1505	(1-(1-(2+(3*(5-(8*(1-(3*21))))))))
1506	(1*(1+(2+(3*(5-(8*(1-(3*21))))))))
1507	(1+(1+(2+(3*(5-(8*(1-(3*21))))))))
1508	(1+(1-(2*(3*(5+(8*(1-(32+1))))))))
1509	(1-(1+(2-(3+(58*(13*(2*1)))))))
1510	(1*(1-(2-(3+(58*(13*(2*1)))))))
1511	(1+(1-(2-(3+(58*(13*(2*1)))))))
1512	(1-(1-(2*(3*(5-((8*(1-32))+1))))))
1513	(1-(1+(2-(3*(5*((8*13)-(2+1)))))))
1514	(1-(1+(2*(3-(5*(8*(1-(3-21))))))))
1515	(1*(1-(2*(3-(5*(8*(1-(3-21))))))))
1516	(1+(1-(2*(3-(5*(8*(1-(3-21))))))))
1517	(1-(1-(2+(3*(5*((8*13)-(2+1)))))))
1518	(1-(1-(2*(3*(5+(8*(1*(32-1))))))))
1519	(1-(1+(2+(3*(5-(8*(1+(3*21))))))))
1520	(1*(1-(2+(3*(5-(8*(1+(3*21))))))))
1521	(1+(1-(2+(3*(5-(8*(1+(3*21))))))))
1522	(1+(1+(2*(3+((58*13)+(2+1))))))
1523	(1-(1-(2-(3*(5-(8*(1+(3*21))))))))
1524	(1*(1+(2-(3*(5-(8*(1+(3*21))))))))
1525	(1+(1+(2-(3*(5-(8*(1+(3*21))))))))
1526	(1-(1-(2*(3+(5*(8*(1-(3-21))))))))
1527	(1*(1+(2*(3+(5*(8*(1-(3-21))))))))
1528	(1+(1+(2*(3+(5*(8*(1-(3-21))))))))
1529	(1-(1-(2+(3*(5+(8*(1*(3*21))))))))
1530	(1*(1+(2+(3*(5+(8*(1*(3*21))))))))
1531	(1+(1+(2+(3*(5+(8*(1*(3*21))))))))
1532	(1-(1-(2+(3*(5*((8*13)-(2*1)))))))
1533	(1*(1+(2+(3*(5*((8*13)-(2*1)))))))
1534	(1+(1+(2+(3*(5*((8*13)-(2*1)))))))
1535	(1*(1-(2-(3-((5-(81-3))*21)))))
1536	(1+(1-(2-(3-((5-(81-3))*21)))))
1537	(1-(1+(2-(3*((58-1)*(3*(2+1)))))))
1538	(1*(1-(2-(3*((58-1)*(3*(2+1)))))))
1539	(1+(1-(2-(3*((58-1)*(3*(2+1)))))))
1540	(1+(1+(2+(3-((5-(81-3))*21)))))
1541	(1-(1-(2+(3*((58-1)*(3*(2+1)))))))
1542	(1-(1-(2*(3*(5+((8+(1+3))*21))))))
1543	(1-(1+(2-(3*(5*((8*13)-(2-1)))))))
1544	(1*(1-(2-(3*(5*((8*13)-(2-1)))))))
1545	(1+(1-(2-(3*(5*((8*13)-(2-1)))))))
1546	(1+(1-(2*(3-(5*(((81-3)*2)-1))))))
1547	(1-(1-(2+(3*(5*((8*13)-(2-1)))))))
1548	(1*(1+(2+(3*(5*((8*13)-(2-1)))))))
1549	(1-(1+(2-(3*(5+(8*(1+(3*21))))))))
1550	(1*(1-(2-(3*(5+(8*(1+(3*21))))))))
1551	(1+(1-(2-(3*(5+(8*(1+(3*21))))))))
1552	(1-(1+(2-(3*(581-(3*21))))))
1553	(1-(1-(2+(3*(5+(8*(1+(3*21))))))))
1554	(1*(1+(2+(3*(5+(8*(1+(3*21))))))))
1555	(1-(1+(2+(3+(5*(8+(1-321)))))))
1556	(1*(1-(2+(3+(5*(8+(1-321)))))))
1557	(1+(1-(2+(3+(5*(8+(1-321)))))))
1558	(1-(1+(2-(3*(5*(8*(13*(2-1))))))))
1559	(1-(1-(2-(3+(5*(8+(1-321)))))))
1560	(1*(1+(2-(3+(5*(8+(1-321)))))))
1561	(1+(1+(2-(3+(5*(8+(1-321)))))))
1562	(1*(1-(2-(3-(5*(8+(1-321)))))))
1563	(1+(1-(2-(3-(5*(8+(1-321)))))))
1564	(1-(1-(2-(3+(5*(8-(1*321)))))))
1565	(1-(1+(2+(3+(5*(8-(1+321)))))))
1566	(1*(1-(2+(3+(5*(8-(1+321)))))))
1567	(1+(1-(2+(3+(5*(8-(1+321)))))))
1568	(1+(1-(2-(3-(5*(8-(1*321)))))))
1569	(1-(1-(2-(3+(5*(8-(1+321)))))))
1570	(1*(1+(2-(3+(5*(8-(1+321)))))))
1571	(1+(1+(2-(3+(5*(8-(1+321)))))))
1572	(1*(1-(2-(3-(5*(8-(1+321)))))))
1573	(1+(1-(2-(3-(5*(8-(1+321)))))))
1574	(1*(1-(2-(3*(5*(81+(3+21)))))))
1575	(1-(1-(2+(3-(5*(8-(1+321)))))))
1576	(1*(1+(2+(3-(5*(8-(1+321)))))))
1577	(1+(1+(2+(3-(5*(8-(1+321)))))))
1578	(1*(1+(2+(3*(5*(81+(3+21)))))))
1579	(1+(1+(2+(3*(5*(81+(3+21)))))))
1580	(1-(1-(2*(3-(5-(813-21))))))
1581	(1*(1+(2*(3-(5-(813-21))))))
1582	(1+(1+(2*(3-(5-(813-21))))))
1583	(1*(1-(2+((3-5)*(813-21)))))
1584	(1-(1+(2*(3*(58-(1+321))))))
1585	(1*(1-(2*(3*(58-(1+321))))))
1586	(1+(1-(2*(3*(58-(1+321))))))
1587	(1+(1-(2-(3*((5*((8*13)+2))-1)))))
1588	(1-(1+(2*(3-(5+(813-21))))))
1589	(1*(1-(2*(3-(5+(813-21))))))
1590	(1+(1-(2*(3-(5+(813-21))))))
1591	(1*(1+(2*(3*(5*((8*(1+3))+21))))))
1592	(1-(1-(2+(3*(5*((8*13)+(2*1)))))))
1593	(1*(1+(2+(3*(5*((8*13)+(2*1)))))))
1594	(1+(1+(2+(3*(5*((8*13)+(2*1)))))))
1595	(1*(1-(2+(3*((5-81)*((3*2)+1))))))
1596	(1+(1-(2+(3*((5-81)*((3*2)+1))))))
1597	(1+(1+(2+(3*((58+1)*(3*(2+1)))))))
1598	(1-(1-(2-(3*((5-81)*((3*2)+1))))))
1599	(1*(1+(2-(3*((5-81)*((3*2)+1))))))
1600	(1-(1-(2*(3+(5+(813-21))))))
1601	(1*(1+(2*(3+(5+(813-21))))))
1602	(1-(1+(2*(3*(5-(8*(1+(32+1))))))))
1603	(1*(1-(2*(3*(5-(8*(1+(32+1))))))))
1604	(1+(1-(2*(3*(5-(8*(1+(32+1))))))))
1605	(1*(1-(2*(3+(5-(813-(2+1)))))))
1606	(1+(1-(2*(3+(5-(813-(2+1)))))))
1607	(1*(1-(2*(3+(5-(813-(2*1)))))))
1608	(1-(1+(2*(3+(5-(813-(2-1)))))))
1609	(1*(1-(2*(3+(5-(813-(2-1)))))))
1610	(1+(1-(2*(3+(5-(813-(2-1)))))))
1611	(1*(1-(2*(3+(5-(813*(2-1)))))))
1612	(1-(1+(2*(3+(5-(813+(2-1)))))))
1613	(1*(1-(2*(3+(5-(813+(2-1)))))))
1614	(1-(1-(2*(3*(5+(8*(1*(32+1))))))))
1615	(1*(1+(2*(3*(5+(8*(1*(32+1))))))))
1616	(1+(1+(2*(3*(5+(8*(1*(32+1))))))))
1617	(1+(1-(2+(3-(5*(81*(3+(2-1))))))))
1618	(1+(1-(2*(3+(5-(813+(2+1)))))))
1619	(1-(1-(2-(3-(5*(81*(3+(2-1))))))))
1620	(1-(1+(2*(3*(5*(8+(1-(3*21))))))))
1621	(1*(1-(2*(3*(5*(8+(1-(3*21))))))))
1622	(1+(1-(2*(3*(5*(8+(1-(3*21))))))))
1623	(1+(1-(2-(3+(5*(81*(3+(2-1))))))))
1624	(1-(1+(2*(3-(5+(813-(2+1)))))))
1625	(1-(1-(2+(3+(5*(81*(3+(2-1))))))))
1626	(1*(1+(2+(3+(5*(81*(3+(2-1))))))))
1627	(1+(1+(2+(3+(5*(81*(3+(2-1))))))))
1628	(1+(1+(2*(3+(5*(81*(3-(2-1))))))))
1629	(1*(1+(2*(3-(5-(813+(2+1)))))))
1630	(1+(1+(2*(3-(5-(813+(2+1)))))))
1631	(1*(1-(2*(3-(5+(813*(2-1)))))))
1632	(1-(1+(2*(3-(5+(813+(2-1)))))))
1633	(1*(1-(2*(3-(5+(813+(2-1)))))))
1634	(1+(1-(2*(3-(5+(813+(2-1)))))))
1635	(1-(1+(2+(3-(5*(8-(1-321)))))))
1636	(1*(1-(2+(3-(5*(8-(1-321)))))))
1637	(1+(1-(2+(3-(5*(8-(1-321)))))))
1638	(1+(1-(2*(3-(5+(813+(2+1)))))))
1639	(1-(1-(2-(3-(5*(8-(1-321)))))))
1640	(1*(1+(2-(3-(5*(8-(1-321)))))))
1641	(1-(1+(2-(3+(5*(8-(1-321)))))))
1642	(1*(1-(2-(3+(5*(8-(1-321)))))))
1643	(1+(1-(2-(3+(5*(8-(1-321)))))))
1644	(1-(1-(2-(3-(5*(8+(1*321)))))))
1645	(1-(1+(2+(3-(5*(8+(1+321)))))))
1646	(1*(1-(2+(3-(5*(8+(1+321)))))))
1647	(1+(1-(2+(3-(5*(8+(1+321)))))))
1648	(1+(1-(2-(3+(5*(8+(1*321)))))))
1649	(1-(1-(2-(3-(5*(8+(1+321)))))))
1650	(1*(1+(2-(3-(5*(8+(1+321)))))))
1651	(1-(1+(2-(3+(5*(8+(1+321)))))))
1652	(1*(1-(2-(3+(5*(8+(1+321)))))))
1653	(1+(1-(2-(3+(5*(8+(1+321)))))))
1654	(1+(1-(2*(3+(5-(813+21))))))
1655	(1-(1-(2+(3+(5*(8+(1+321)))))))
1656	(1*(1+(2+(3+(5*(8+(1+321)))))))
1657	(1+(1+(2+(3+(5*(8+(1+321)))))))
1658	(1+(1-(2*(3*(5-(8+(13*21)))))))
1659	(1*(1-(2*(3-((5+8)*(1+(3*21)))))))
1660	(1+(1-(2*(3-((5+8)*(1+(3*21)))))))
1661	(1*(1-(2-(3-((5-(81+3))*21)))))
1662	(1-(1-(2*(3*(5+(8*(1+(32+1))))))))
1663	(1*(1+(2*(3*(5+(8*(1+(32+1))))))))
1664	(1+(1+(2*(3*(5+(8*(1+(32+1))))))))
1665	(1*(1+(2*(3-(5-(813+21))))))
1666	(1+(1+(2*(3-(5-(813+21))))))
1667	(1*(1+(2+((3+5)*(8*(13*(2*1)))))))
1668	(1+(1+(2+((3+5)*(8*(13*(2*1)))))))
1669	(1-(1+(2-(3*(581-(3+21))))))
1670	(1-(1-(2*(3+((5+8)*(1+(3*21)))))))
1671	(1*(1+(2*(3+((5+8)*(1+(3*21)))))))
1672	(1-(1+(2*(3-(5+(813+21))))))
1673	(1*(1-(2*(3-(5+(813+21))))))
1674	(1-(1+(2*(3-(5*((8-1)*(3+21)))))))
1675	(1-(1+(2+(3+(5*(8*((1-3)*21)))))))
1676	(1*(1-(2+(3+(5*(8*((1-3)*21)))))))
1677	(1+(1-(2+(3+(5*(8*((1-3)*21)))))))
1678	(1-(1+(2-(3*(5*(8*(13+(2-1))))))))
1679	(1*(1-(2-(3*(5*(8*(13+(2-1))))))))
1680	(1-(1+(2*(3*(5*(8-(1+(3*21))))))))
1681	(1*(1-(2*(3*(5*(8-(1+(3*21))))))))
1682	(1+(1-(2*(3*(5*(8-(1+(3*21))))))))
1683	(1*(1+(2+(3*(5*(8*(13+(2-1))))))))
1684	(1+(1+(2+(3*(5*(8*(13+(2-1))))))))
1685	(1-(1-(2+(3-(5*(8*((1-3)*21)))))))
1686	(1*(1+(2+(3-(5*(8*((1-3)*21)))))))
1687	(1+(1+(2+(3-(5*(8*((1-3)*21)))))))
1688	(1-(1-(2-(3*(5-(81*((3*2)+1)))))))
1689	(1*(1+(2-(3*(5-(81*((3*2)+1)))))))
1690	(1+(1+(2-(3*(5-(81*((3*2)+1)))))))
1691	(1-(1-(2+(3*(581+(3-21))))))
1692	(1-(1+(2*(3*(5-(((8+1)*32)-1))))))
1693	(1-(1+(2-(3*(5*(81+(32*1)))))))
1694	(1*(1-(2-(3*(5*(81+(32*1)))))))
1695	(1+(1-(2-(3*(5*(81+(32*1)))))))
1696	(1-(1-(2*(3+(5*(((81+3)*2)+1))))))
1697	(1-(1-(2+(3*(5*(81+(32*1)))))))
1698	(1*(1+(2+(3*(5*(81+(32*1)))))))
1699	(1+(1+(2+(3*(5*(81+(32*1)))))))
1700	(1+(1-(2*(3*(5-((8+1)*(32*1)))))))
1701	(1+(1-(2+(3*((5-(8*(1+3)))*21)))))
1702	(1-(1-(2-(3-((5+8)*(132-1))))))
1703	(1*(1+(2-(3-((5+8)*(132-1))))))
1704	(1-(1-(2*(3*(5+((8+1)*(32-1)))))))
1705	(1*(1+(2*(3*(5+((8+1)*(32-1)))))))
1706	(1+(1+(2*(3*(5+((8+1)*(32-1)))))))
1707	(1-(1-(2-((3-58)*(1*(32-1))))))
1708	(1-(1+(2-(3*(5*(81+(32+1)))))))
1709	(1*(1-(2-(3*(5*(81+(32+1)))))))
1710	(1-(1-(2*(3*(5*(81-(3+21)))))))
1711	(1*(1+(2*(3*(5*(81-(3+21)))))))
1712	(1+(1+(2*(3*(5*(81-(3+21)))))))
1713	(1*(1+(2+(3*(5*(81+(32+1)))))))
1714	(1+(1+(2+(3*(5*(81+(32+1)))))))
1715	(1*(1-(2-(3*(5+(81*((3*2)+1)))))))
1716	(1-(1-(2*(3*(5+(8+(13*21)))))))
1717	(1*(1+(2*(3*(5+(8+(13*21)))))))
1718	(1+(1+(2*(3*(5+(8+(13*21)))))))
1719	(1*(1+(2+(3*(5+(81*((3*2)+1)))))))
1720	(1+(1+(2+(3*(5+(81*((3*2)+1)))))))
1721	(1-(1-(2+(3+((5+8)*(132*1))))))
1722	(1*(1+(2+(3+((5+8)*(132*1))))))
1723	(1+(1+(2+(3+((5+8)*(132*1))))))
1724	(1-(1+(2+(3-((5+8)*(132+1))))))
1725	(1*(1-(2+(3-((5+8)*(132+1))))))
1726	(1+(1-(2+(3-((5+8)*(132+1))))))
1727	(1-(1-(2+(3*(581-(3+(2+1)))))))
1728	(1-(1-(2-(3-((5+8)*(132+1))))))
1729	(1*(1+(2-(3-((5+8)*(132+1))))))
1730	(1-(1+(2-(3+((5+8)*(132+1))))))
1731	(1*(1-(2-(3+((5+8)*(132+1))))))
1732	(1+(1-(2-(3+((5+8)*(132+1))))))
1733	(1-(1-(2+(3*(581-(3+(2-1)))))))
1734	(1-(1+(2*(3-(58*(13+(2*1)))))))
1735	(1-(1+(2+(3+(58*(1-(32-1)))))))
1736	(1*(1-(2+(3+(58*(1-(32-1)))))))
1737	(1+(1-(2+(3+(58*(1-(32-1)))))))
1738	(1-(1+(2-(3*(58*(1+(3*(2+1))))))))
1739	(1*(1-(2-(3*(58*(1+(3*(2+1))))))))
1740	(1-(1+(2*(3*(58*(1-(3+(2+1))))))))
1741	(1*(1-(2*(3*(58*(1-(3+(2+1))))))))
1742	(1+(1-(2*(3*(58*(1-(3+(2+1))))))))
1743	(1*(1+(2+(3*(58*(1+(3*(2+1))))))))
1744	(1+(1+(2+(3*(58*(1+(3*(2+1))))))))
1745	(1-(1-(2+(3-(58*(1-(32-1)))))))
1746	(1*(1+(2+(3-(58*(1-(32-1)))))))
1747	(1+(1+(2+(3-(58*(1-(32-1)))))))
1748	(1+(1+(2*(3+(58*(13+(2*1)))))))
1749	(1+(1-(2-(3*(581+(3-(2-1)))))))
1750	(1-(1+(2-(3*(581+(3*(2-1)))))))
1751	(1-(1-(2+(3*(581+(3-(2-1)))))))
1752	(1-(1+(2*(3*(5-((8+1)*(32+1)))))))
1753	(1*(1-(2*(3*(5-((8+1)*(32+1)))))))
1754	(1+(1-(2*(3*(5-((8+1)*(32+1)))))))
1755	(1*(1-(2+(3+(5-((81+3)*21))))))
1756	(1+(1-(2+(3+(5-((81+3)*21))))))
1757	(1-(1-(2+(3*(581+(3+(2-1)))))))
1758	(1-(1-(2*(3*(5+((8+1)*(32*1)))))))
1759	(1*(1+(2*(3*(5+((8+1)*(32*1)))))))
1760	(1+(1+(2*(3*(5+((8+1)*(32*1)))))))
1761	(1*(1-(2-(3-(5-((81+3)*21))))))
1762	(1+(1-(2-(3-(5-((81+3)*21))))))
1763	(1-(1-(2+(3*(581+(3+(2+1)))))))
1764	(1-(1+(2+(3-(5+((81+3)*21))))))
1765	(1*(1-(2+(3-(5+((81+3)*21))))))
1766	(1+(1-(2+(3-(5+((81+3)*21))))))
1767	(1*(1+(2+(3*(581+((3*2)+1))))))
1768	(1-(1-(2-(3-(5+((81+3)*21))))))
1769	(1*(1+(2-(3-(5+((81+3)*21))))))
1770	(1-(1+(2-(3+(5+((81+3)*21))))))
1771	(1*(1-(2-(3+(5+((81+3)*21))))))
1772	(1+(1-(2-(3+(5+((81+3)*21))))))
1773	(1*(1+(2+(3*(581+(3*(2+1)))))))
1774	(1-(1-(2+(3+(5+((81+3)*21))))))
1775	(1*(1+(2+(3+(5+((81+3)*21))))))
1776	(1+(1+(2+(3+(5+((81+3)*21))))))
1777	(1*(1+(2*(3*(((58+1)*(3+2))+1)))))
1778	(1+(1+(2*(3*(((58+1)*(3+2))+1)))))
1779	(1*(1+(2+((3+5)*((81*3)-21)))))
1780	(1+(1+(2+((3+5)*((81*3)-21)))))
1781	(1-(1-(2+((3*5)+((81+3)*21)))))
1782	(1-(1+(2*(3*((5-(8*13))*(2+1))))))
1783	(1-(1+(2-(3*(5*((8*(13+2))-1))))))
1784	(1*(1-(2-(3*(5*((8*(13+2))-1))))))
1785	(1+(1-(2-(3*(5*((8*(13+2))-1))))))
1786	(1-(1-(2+((3+5)*(((8-1)*32)-1)))))
1787	(1-(1-(2+(3*(5*((8*(13+2))-1))))))
1788	(1*(1+(2+(3*(5*((8*(13+2))-1))))))
1789	(1+(1+(2+(3*(5*((8*(13+2))-1))))))
1790	(1-(1+(2-((3+5)*((8-1)*(32*1))))))
1791	(1*(1-(2-((3+5)*((8-1)*(32*1))))))
1792	(1-(1+(2+(3+((58*(1-32))+1)))))
1793	(1-(1+(2+(3-(58*(1*(32-1)))))))
1794	(1*(1-(2+(3-(58*(1*(32-1)))))))
1795	(1+(1-(2+(3-(58*(1*(32-1)))))))
1796	(1+(1-(2*(3*((5+8)*(1-(3+21)))))))
1797	(1-(1-(2-(3-(58*(1*(32-1)))))))
1798	(1-(1+(2-(3*(5*(8*(13+(2*1))))))))
1799	(1*(1-(2-(3*(5*(8*(13+(2*1))))))))
1800	(1+(1-(2-(3*(5*(8*(13+(2*1))))))))
1801	(1+(1-(2-(3+(58*(1*(32-1)))))))
1802	(1-(1-(2+(3*(5*(8*(13+(2*1))))))))
1803	(1*(1+(2+(3*(5*(8*(13+(2*1))))))))
1804	(1+(1+(2+(3*(5*(8*(13+(2*1))))))))
1805	(1+(1+(2+(3+(58*(1*(32-1)))))))
1806	(1+(1-(2-(3*((5+81)*((3*2)+1))))))
1807	(1+(1+(2+(3*((5*(8*(13+2)))+1)))))
1808	(1-(1-(2+(3*((5+81)*((3*2)+1))))))
1809	(1*(1+(2+(3*((5+81)*((3*2)+1))))))
1810	(1-(1-(2*(3+(581+321)))))
1811	(1*(1+(2*(3+(581+321)))))
1812	(1-(1-(2*(3*(5+((8+1)*(32+1)))))))
1813	(1*(1+(2*(3*(5+((8+1)*(32+1)))))))
1814	(1+(1+(2*(3*(5+((8+1)*(32+1)))))))
1815	(1+(1-(2-(3*(5*((8*(13+2))+1))))))
1816	(1-(1-(2-(((3-58)*(1+32))+1))))
1817	(1-(1-(2+(3*(5*((8*(13+2))+1))))))
1818	(1*(1+(2+(3*(5*((8*(13+2))+1))))))
1819	(1+(1+(2+(3*(5*((8*(13+2))+1))))))
1820	(1*(1-(2+(3+((5-81)*(3+21))))))
1821	(1+(1-(2+(3+((5-81)*(3+21))))))
1822	(1+(1-(2+(3-(((58-1)*32)+1)))))
1823	(1-(1-(2-(3+((5-81)*(3+21))))))
1824	(1*(1+(2-(3+((5-81)*(3+21))))))
1825	(1+(1+(2-(3+((5-81)*(3+21))))))
1826	(1*(1-(2-(3-((5-81)*(3+21))))))
1827	(1+(1-(2-(3-((5-81)*(3+21))))))
1828	(1-(1-(2-(3-((58+1)*(32-1))))))
1829	(1-(1-(2+(3-((5-81)*(3+21))))))
1830	(1*(1+(2+(3-((5-81)*(3+21))))))
1831	(1+(1+(2+(3-((5-81)*(3+21))))))
1832	(1+(1-(2-(3+((58+1)*(32-1))))))
1833	(1*(1+(2-((3+58)*(1-(32-1))))))
1834	(1-(1+(2*(3+(5*(8*(1-(3+21))))))))
1835	(1*(1-(2*(3+(5*(8*(1-(3+21))))))))
1836	(1+(1-(2*(3+(5*(8*(1-(3+21))))))))
1837	(1-(1+(2-(3*(581+(32*1))))))
1838	(1-(1-(2+(3*(581+(32-1))))))
1839	(1*(1+(2+(3*(581+(32-1))))))
1840	(1-(1+(2-(3*(581+(32+1))))))
1841	(1*(1-(2-(3*(581+(32+1))))))
1842	(1-(1+(2*(3*(5+(8+(1-321)))))))
1843	(1*(1-(2*(3*(5+(8+(1-321)))))))
1844	(1+(1-(2*(3*(5+(8+(1-321)))))))
1845	(1+(1-(2+(3*(5*(8-(132-1)))))))
1846	(1-(1-(2*(3-(5*(8*(1-(3+21))))))))
1847	(1*(1+(2*(3-(5*(8*(1-(3+21))))))))
1848	(1-(1+(2*(3*(5+(8-(1*321)))))))
1849	(1*(1-(2*(3*(5+(8-(1*321)))))))
1850	(1+(1-(2*(3*(5+(8-(1*321)))))))
1851	(1-(1+(2+(3+(58*(1-(32+1)))))))
1852	(1*(1-(2+(3+(58*(1-(32+1)))))))
1853	(1+(1-(2+(3+(58*(1-(32+1)))))))
1854	(1-(1+(2*(3*(5+(8-(1+321)))))))
1855	(1*(1-(2*(3*(5+(8-(1+321)))))))
1856	(1+(1-(2*(3*(5+(8-(1+321)))))))
1857	(1+(1+(2-(3+(58*(1-(32+1)))))))
1858	(1-(1+(2+(3*(5*(8-(132*1)))))))
1859	(1*(1-(2+(3*(5*(8-(132*1)))))))
1860	(1+(1-(2+(3*(5*(8-(132*1)))))))
1861	(1-(1-(2+(3-(58*(1-(32+1)))))))
1862	(1-(1-(2-(3*(5*(8-(132*1)))))))
1863	(1*(1+(2-(3*(5*(8-(132*1)))))))
1864	(1+(1+(2-(3*(5*(8-(132*1)))))))
1865	(1*(1-(2+(3-((5+(81+3))*21)))))
1866	(1-(1+(2*(3-(((5*8)-1)*(3+21))))))
1867	(1*(1-(2*(3-(((5*8)-1)*(3+21))))))
1868	(1+(1-(2*(3-(((5*8)-1)*(3+21))))))
1869	(1*(1+(2-(3-((5+(81+3))*21)))))
1870	(1-(1+(2-(3+((5+(81+3))*21)))))
1871	(1*(1-(2-(3+((5+(81+3))*21)))))
1872	(1-(1-(2*(3*((5+8)*(1*(3+21)))))))
1873	(1-(1+(2+(3*(5*(8-(132+1)))))))
1874	(1*(1-(2+(3*(5*(8-(132+1)))))))
1875	(1+(1-(2+(3*(5*(8-(132+1)))))))
1876	(1-(1+(2+(3-((58-1)*(32+1))))))
1877	(1-(1-(2-(3*(5*(8-(132+1)))))))
1878	(1*(1+(2-(3*(5*(8-(132+1)))))))
1879	(1+(1+(2-(3*(5*(8-(132+1)))))))
1880	(1+(1+(2*(3*((5*8)+(13*21))))))
1881	(1*(1+(2-(3-((58-1)*(32+1))))))
1882	(1-(1+(2-(3+((58-1)*(32+1))))))
1883	(1-(1+(2+(3-((58+1)*(32*1))))))
1884	(1*(1-(2+(3-((58+1)*(32*1))))))
1885	(1+(1-(2+(3-((58+1)*(32*1))))))
1886	(1-(1-(2+(3+((58-1)*(32+1))))))
1887	(1-(1-(2-(3-((58+1)*(32*1))))))
1888	(1-(1+(2+(3*(5*((8-1)*(3-21)))))))
1889	(1*(1-(2+(3*(5*((8-1)*(3-21)))))))
1890	(1-(1-(2*(3*(5*(81+(3-21)))))))
1891	(1*(1+(2*(3*(5*(81+(3-21)))))))
1892	(1+(1+(2*(3*(5*(81+(3-21)))))))
1893	(1*(1+(2-(3*(5*((8-1)*(3-21)))))))
1894	(1+(1+(2-(3*(5*((8-1)*(3-21)))))))
1895	(1+(1+(2+(3+((58+1)*(32*1))))))
1896	(1-(1-(2*(3+((58-13)*21)))))
1897	(1*(1+(2*(3+((58-13)*21)))))
1898	(1+(1+(2*(3+((58-13)*21)))))
1899	(1*(1+(2+((3-(5-81))*(3+21)))))
1900	(1+(1+(2+((3-(5-81))*(3+21)))))
1901	(1*(1-((2+3)*(5*(8-((1+3)*21))))))
1902	(1-(1-(2*(3*(5-(8+(1-321)))))))
1903	(1*(1+(2*(3*(5-(8+(1-321)))))))
1904	(1+(1+(2*(3*(5-(8+(1-321)))))))
1905	(1*(1+(2*((3+5)*((8*(13+2))-1)))))
1906	(1+(1+(2*((3+5)*((8*(13+2))-1)))))
1907	(1-(1+(2+(35-(81*(3+21))))))
1908	(1-(1-(2*(3*(5-(8-(1*321)))))))
1909	(1*(1+(2*(3*(5-(8-(1*321)))))))
1910	(1+(1+(2*(3*(5-(8-(1*321)))))))
1911	(1+(1-(2+(3-(58*(1*(32+1)))))))
1912	(1-(1+(2-(3*(58*(13-(2*1)))))))
1913	(1-(1-(2-(3-(58*(1*(32+1)))))))
1914	(1-(1-(2*(3*(5-(8-(1+321)))))))
1915	(1*(1+(2*(3*(5-(8-(1+321)))))))
1916	(1+(1+(2*(3*(5-(8-(1+321)))))))
1917	(1+(1-(2-(3+(58*(1*(32+1)))))))
1918	(1-(1+(2-(3*(5*(8*(13+(2+1))))))))
1919	(1*(1-(2-(3*(5*(8*(13+(2+1))))))))
1920	(1-(1+(2*(3*(5*(8*(1-(3*(2+1)))))))))
1921	(1*(1-(2*(3*(5*(8*(1-(3*(2+1)))))))))
1922	(1+(1-(2*(3*(5*(8*(1-(3*(2+1)))))))))
1923	(1*(1+(2+(3*(5*(8*(13+(2+1))))))))
1924	(1+(1+(2+(3*(5*(8*(13+(2+1))))))))
1925	(1*(1-(2+(3*((5-(8-1))*321)))))
1926	(1-(1-(2*(3+(5*(8*(1*(3+21))))))))
1927	(1*(1+(2*(3+(5*(8*(1*(3+21))))))))
1928	(1+(1+(2*(3+(5*(8*(1*(3+21))))))))
1929	(1*(1+(2-(3*((5-(8-1))*321)))))
1930	(1-(1+(2-(3*(581+(3*21))))))
1931	(1*(1-(2-(3*(581+(3*21))))))
1932	(1-(1-(2*(3-((5-8)*(1*321))))))
1933	(1*(1+(2*(3-((5-8)*(1*321))))))
1934	(1-(1+(2+(3+(5-(81*(3+21)))))))
1935	(1*(1-(2+(3+(5-(81*(3+21)))))))
1936	(1+(1-(2+(3+(5-(81*(3+21)))))))
1937	(1*(1+(2*((3+5)*((8*(13+2))+1)))))
1938	(1-(1+(2*(3*(5-(8-(1-321)))))))
1939	(1*(1-(2*(3*(5-(8-(1-321)))))))
1940	(1+(1-(2*(3*(5-(8-(1-321)))))))
1941	(1*(1-(2-(3-(5-(81*(3+21)))))))
1942	(1+(1-(2-(3-(5-(81*(3+21)))))))
1943	(1*(1-(2+(3-((58+1)*(32+1))))))
1944	(1-(1+(2*(3*(5-(8+(1*321)))))))
1945	(1*(1-(2*(3*(5-(8+(1*321)))))))
1946	(1+(1-(2*(3*(5-(8+(1*321)))))))
1947	(1*(1+(2-(3-((58+1)*(32+1))))))
1948	(1-(1-(2-(3-(5+(81*(3+21)))))))
1949	(1*(1+(2-(3-(5+(81*(3+21)))))))
1950	(1-(1+(2*(3*(5-(8+(1+321)))))))
1951	(1*(1-(2*(3*(5-(8+(1+321)))))))
1952	(1+(1-(2*(3*(5-(8+(1+321)))))))
1953	(1*(1+(2+(3+((58+1)*(32+1))))))
1954	(1-(1-(2+(3+(5+(81*(3+21)))))))
1955	(1*(1+(2+(3+(5+(81*(3+21)))))))
1956	(1+(1+(2+(3+(5+(81*(3+21)))))))
1957	(1-(1+(2-((3*5)+(81*(3+21))))))
1958	(1-(1+(2+(35*(8-(1+(3*21)))))))
1959	(1*(1-(2+(35*(8-(1+(3*21)))))))
1960	(1+(1-(2+(35*(8-(1+(3*21)))))))
1961	(1*(1+(2*(35*((8-1)*(3+(2-1)))))))
1962	(1-(1+(2*(3-(((5*8)+1)*(3+21))))))
1963	(1*(1-(2*(3-(((5*8)+1)*(3+21))))))
1964	(1+(1-(2*(3-(((5*8)+1)*(3+21))))))
1965	(1-(1+(2-(((35*8)+1)*((3*2)+1)))))
1966	(1-(1+(2*(3+(58*(1+(3-21)))))))
1967	(1*(1-(2*(3+(58*(1+(3-21)))))))
1968	(1+(1-(2*(3+(58*(1+(3-21)))))))
1969	(1+(1-(2+(3-(58*(1+(32+1)))))))
1970	(1+(1-(2*((3+5)*(8-(132-1))))))
1971	(1-(1-(2-(3-(58*(1+(32+1)))))))
1972	(1*(1+(2-(3-(58*(1+(32+1)))))))
1973	(1-(1+(2-(3+(58*(1+(32+1)))))))
1974	(1-(1-(2*(3*(5+(81*(3+(2-1))))))))
1975	(1*(1+(2*(3*(5+(81*(3+(2-1))))))))
1976	(1+(1+(2*(3*(5+(81*(3+(2-1))))))))
1977	(1-(1-(2+(3+(58*(1+(32+1)))))))
1978	(1-(1-(2*(3-(58*(1+(3-21)))))))
1979	(1*(1+(2*(3-(58*(1+(3-21)))))))
1980	(1+(1+(2*(3-(58*(1+(3-21)))))))
1981	(1-(1-(2+(35+(81*(3+21))))))
1982	(1*(1+(2+(35+(81*(3+21))))))
1983	(1+(1+(2+(35+(81*(3+21))))))
1984	(1+(1-(2-((3+5)*(8*(1*(32-1)))))))
1985	(1*(1-(2*((3+5)*(8-(132*1))))))
1986	(1-(1+(2*(3*(5+(8*((1-3)*21)))))))
1987	(1*(1-(2*(3*(5+(8*((1-3)*21)))))))
1988	(1+(1-(2*(3*(5+(8*((1-3)*21)))))))
1989	(1+(1+(2-(((3+5)*(8*(1-32)))-1))))
1990	(1-(1+(2+((3+5)*((8*(1-32))-1)))))
1991	(1*(1-(2+((3+5)*((8*(1-32))-1)))))
1992	(1+(1-(2+((3+5)*((8*(1-32))-1)))))
1993	(1-(1+(2-(35*(81-(3+21))))))
1994	(1-(1+(2*(3-(5*(8*(1+(3+21))))))))
1995	(1*(1-(2*(3-(5*(8*(1+(3+21))))))))
1996	(1+(1-(2*(3-(5*(8*(1+(3+21))))))))
1997	(1-(1-(2+(35*(81-(3+21))))))
1998	(1-(1-(2*(3*(5+(8-(1-321)))))))
1999	(1*(1+(2*(3*(5+(8-(1-321)))))))
2000	(1+(1+(2*(3*(5+(8-(1-321)))))))
2001	(1+(1-(2+(3*(5-(8*((1+3)*21)))))))
2002	(1+(1-(2*((3+5)*(8-(132+1))))))
2003	(1-(1-(2-(3*(5-(8*((1+3)*21)))))))
2004	(1-(1-(2*(3*(5+(8+(1*321)))))))
2005	(1*(1+(2*(3*(5+(8+(1*321)))))))
2006	(1+(1+(2*(3*(5+(8+(1*321)))))))
2007	(1*(1+(2*(3+(5*(8*(1+(3+21))))))))
2008	(1+(1+(2*(3+(5*(8*(1+(3+21))))))))
2009	(1-(1-(2-(3-(5*(81+321))))))
2010	(1-(1-(2*(3*(5+(8+(1+321)))))))
2011	(1*(1+(2*(3*(5+(8+(1+321)))))))
2012	(1+(1+(2*(3*(5+(8+(1+321)))))))
2013	(1+(1-(2-(3+(5*(81+321))))))
2014	(1-(1+(2-(3*((5+((8+1)*3))*21)))))
2015	(1-(1-(2+(3+(5*(81+321))))))
2016	(1*(1+(2+(3+(5*(81+321))))))
2017	(1+(1+(2+(3+(5*(81+321))))))
2018	(1+(1+(2*(3*((5+(8+1))*(3+21))))))
2019	(1-(1-(2-(3-(5*((81*(3+2))-1))))))
2020	(1-(1+(2+(3-(5*(81*(3+(2*1))))))))
2021	(1*(1-(2+(3-(5*(81*(3+(2*1))))))))
2022	(1+(1-(2+(3-(5*(81*(3+(2*1))))))))
2023	(1+(1-(2-(3+(5*((81*(3+2))-1))))))
2024	(1-(1-(2-(3-(5*(81*(3+(2*1))))))))
2025	(1*(1+(2-(3-(5*(81*(3+(2*1))))))))
2026	(1-(1+(2-(3+(5*(81*(3+(2*1))))))))
2027	(1*(1-(2-(3+(5*(81*(3+(2*1))))))))
2028	(1+(1-(2-(3+(5*(81*(3+(2*1))))))))
2029	(1-(1+(2-(3*(5+(8*((1+3)*21)))))))
2030	(1*(1-(2-(3*(5+(8*((1+3)*21)))))))
2031	(1+(1-(2-(3*(5+(8*((1+3)*21)))))))
2032	(1+(1+(2+(3+(5*(81*(3+(2*1))))))))
2033	(1-(1-(2+(3*(5+(8*((1+3)*21)))))))
2034	(1*(1+(2+(3*(5+(8*((1+3)*21)))))))
2035	(1+(1+(2+(3*(5+(8*((1+3)*21)))))))
2036	(1*(1+(2+(3+(5*((81*(3+2))+1))))))
2037	(1+(1+(2+(3+(5*((81*(3+2))+1))))))
2038	(1-(1+(2+(3*(5*(8*(1+(3-21))))))))
2039	(1*(1-(2+(3*(5*(8*(1+(3-21))))))))
2040	(1+(1-(2+(3*(5*(8*(1+(3-21))))))))
2041	(1*(1-(2*(35-((8*132)-1)))))
2042	(1-(1-(2-(3*(5*(8*(1+(3-21))))))))
2043	(1*(1+(2-(3*(5*(8*(1+(3-21))))))))
2044	(1+(1+(2-(3*(5*(8*(1+(3-21))))))))
2045	(1*(1-(2*(35-((8*132)+1)))))
2046	(1-(1-(2*(3*(5-(8*((1-3)*21)))))))
2047	(1*(1+(2*(3*(5-(8*((1-3)*21)))))))
2048	(1+(1+(2*(3*(5-(8*((1-3)*21)))))))
2049	(1*(1+(2*((3+5)*(8*(13+(2+1)))))))
2050	(1-(1+(2+(3*((5-81)*(3*(2+1)))))))
2051	(1*(1-(2+(3*((5-81)*(3*(2+1)))))))
2052	(1+(1-(2+(3*((5-81)*(3*(2+1)))))))
2053	(1*(1+(2*(3*((5*81)-(3*21))))))
2054	(1-(1-(2-(3*((5-81)*(3*(2+1)))))))
2055	(1*(1+(2-(3*((5-81)*(3*(2+1)))))))
2056	(1+(1+(2-(3*((5-81)*(3*(2+1)))))))
2057	(1*(1-(23+((5-(8*13))*21))))
2058	(1-(1-(2*(3-((58-1)*(3-21))))))
2059	(1-(1+(2+(3-((5+81)*(3+21))))))
2060	(1*(1-(2+(3-((5+81)*(3+21))))))
2061	(1+(1-(2+(3-((5+81)*(3+21))))))
2062	(1-(1+(2-((3*581)+321))))
2063	(1-(1-(2-(3-((5+81)*(3+21))))))
2064	(1-(1+(2*(3-(5*((8*(13*2))-1))))))
2065	(1*(1-(2*(3-(5*((8*(13*2))-1))))))
2066	(1+(1-(2*(3-(5*((8*(13*2))-1))))))
2067	(1+(1-(2-(3+((5+81)*(3+21))))))
2068	(1+(1-(2*((3*5)-(8*(132-1))))))
2069	(1-(1-(2+(3+((5+81)*(3+21))))))
2070	(1*(1+(2+(3+((5+81)*(3+21))))))
2071	(1+(1+(2+(3+((5+81)*(3+21))))))
2072	(1-(1+(2*(3-((5*(8*(13*2)))-1)))))
2073	(1*(1-(2*(3-((5*(8*(13*2)))-1)))))
2074	(1-(1+(2*(3-(5*(8*(13*(2*1))))))))
2075	(1*(1-(2*(3-(5*(8*(13*(2*1))))))))
2076	(1+(1-(2*(3-(5*(8*(13*(2*1))))))))
2077	(1*(1+(2*(3+(5*((8*(13*2))-1))))))
2078	(1+(1+(2*(3+(5*((8*(13*2))-1))))))
2079	(1*(1+(2-(3+((5-(8*13))*21)))))
2080	(1-(1+(2*(3+(5-(8*(132-1)))))))
2081	(1*(1-(2*(3+(5-(8*(132-1)))))))
2082	(1+(1-(2*(3+(5-(8*(132-1)))))))
2083	(1-(1+(2-(3*(5*(8+(132-1)))))))
2084	(1*(1-(2-(3*(5*(8+(132-1)))))))
2085	(1+(1-(2-(3*(5*(8+(132-1)))))))
2086	(1-(1-(2*(3+(5*(8*(13*(2*1))))))))
2087	(1*(1+(2*(3+(5*(8*(13*(2*1))))))))
2088	(1+(1+(2*(3+(5*(8*(13*(2*1))))))))
2089	(1+(1+(2+(3*(5*(8+(132-1)))))))
2090	(1+(1+(2*(3*(58*(1*(3+(2+1))))))))
2091	(1*(1+(2+(3*(58*(13-(2-1)))))))
2092	(1-(1-(2*(3-(5-(8*(132-1)))))))
2093	(1*(1+(2*(3-(5-(8*(132-1)))))))
2094	(1+(1+(2*(3-(5-(8*(132-1)))))))
2095	(1*(1-(2*(3-(5*((8-(1-3))*21))))))
2096	(1-(1+(2*(3+(5-(8*(132*1)))))))
2097	(1*(1-(2*(3+(5-(8*(132*1)))))))
2098	(1-(1+(2-(3*(5*(8+(132*1)))))))
2099	(1*(1-(2-(3*(5*(8+(132*1)))))))
2100	(1-(1-(2*(3*(5*(8-(1-(3*21))))))))
2101	(1*(1+(2*(3*(5*(8-(1-(3*21))))))))
2102	(1+(1+(2*(3*(5*(8-(1-(3*21))))))))
2103	(1*(1+(2+(3*(5*(8+(132*1)))))))
2104	(1+(1+(2+(3*(5*(8+(132*1)))))))
2105	(1*(1-(2+(3*(((5*8)-1)*(3-21))))))
2106	(1-(1-(2*(3+(5*((8-(1-3))*21))))))
2107	(1*(1+(2*(3+(5*((8-(1-3))*21))))))
2108	(1-(1-(2*(3-(5-(8*(132*1)))))))
2109	(1*(1+(2*(3-(5-(8*(132*1)))))))
2110	(1+(1+(2*(3-(5-(8*(132*1)))))))
2111	(1*(1+(2*(3-(5-((8*132)+1))))))
2112	(1-(1+(2*(3+(5-(8*(132+1)))))))
2113	(1-(1+(2-(3*(5*(8+(132+1)))))))
2114	(1*(1-(2-(3*(5*(8+(132+1)))))))
2115	(1+(1-(2-(3*(5*(8+(132+1)))))))
2116	(1-(1+(2*(3-(5+(8*(132*1)))))))
2117	(1-(1-(2+(3*(5*(8+(132+1)))))))
2118	(1*(1+(2+(3*(5*(8+(132+1)))))))
2119	(1+(1+(2+(3*(5*(8+(132+1)))))))
2120	(1+(1-(2*(3-(5+((8*132)+1))))))
2121	(1-(1-((235*(8+1))+(3+(2+1)))))
2122	(1-(1-(2-((3+5)*(8-(13*21))))))
2123	(1*(1+(2-((3+5)*(8-(13*21))))))
2124	(1-(1-(2*(3-(5-(8*(132+1)))))))
2125	(1*(1+(2*(3-(5-(8*(132+1)))))))
2126	(1+(1+(2*(3-(5-(8*(132+1)))))))
2127	(1*(1+(2*(3+(5+((8*132)-1))))))
2128	(1-(1-(2*(3+(5+(8*(132*1)))))))
2129	(1*(1+(2*(3+(5+(8*(132*1)))))))
2130	(1-(1-(2*(3*(5*(8+(1*(3*21))))))))
2131	(1*(1+(2*(3*(5*(8+(1*(3*21))))))))
2132	(1+(1+(2*(3*(5*(8+(1*(3*21))))))))
2133	(1*(1-(2*(3-(5+(8*(132+1)))))))
2134	(1+(1-(2*(3-(5+(8*(132+1)))))))
2135	(1*(1-(2-((3+(5+81))*(3+21)))))
2136	(1-(1-(2*(3*((5*(8-1))+321)))))
2137	(1*(1+(2*(3*((5*(8-1))+321)))))
2138	(1+(1+(2*(3*((5*(8-1))+321)))))
2139	(1*(1+(2+((3+(5+81))*(3+21)))))
2140	(1-(1+(2+(3*((5-(81*3))*(2+1))))))
2141	(1*(1-(2+(3*((5-(81*3))*(2+1))))))
2142	(1-(1-(2*(3*((5+(8+(1+3)))*21)))))
2143	(1*(1+(2*(3*((5+(8+(1+3)))*21)))))
2144	(1-(1-(2*(3+(5+(8*(132+1)))))))
2145	(1*(1+(2*(3+(5+(8*(132+1)))))))
2146	(1+(1+(2*(3+(5+(8*(132+1)))))))
2147	(1-(1+(2+(35-(8*(13*21))))))
2148	(1*(1-(2+(35-(8*(13*21))))))
2149	(1+(1-(2+(35-(8*(13*21))))))
2150	(1-(1-(2+(358*(1*(3+(2+1)))))))
2151	(1-(1-(2-(35-(8*(13*21))))))
2152	(1*(1+(2-(35-(8*(13*21))))))
2153	(1+(1+(2-(35-(8*(13*21))))))
2154	(1-(1+(2*(3-(5*(8*((13*2)+1)))))))
2155	(1*(1-(2*(3-(5*(8*((13*2)+1)))))))
2156	(1+(1-(2*(3-(5*(8*((13*2)+1)))))))
2157	(1*(1+(2+((358+1)*(3+(2+1))))))
2158	(1-(1+(2+(3*(5*(8*(1*(3-21))))))))
2159	(1*(1-(2+(3*(5*(8*(1*(3-21))))))))
2160	(1+(1-(2+(3*(5*(8*(1*(3-21))))))))
2161	(1*(1+(2*(3*(5*(8+(1+(3*21))))))))
2162	(1-(1-(2-(3*(5*(8*(1*(3-21))))))))
2163	(1*(1+(2-(3*(5*(8*(1*(3-21))))))))
2164	(1+(1+(2-(3*(5*(8*(1*(3-21))))))))
2165	(1*(1-(2*(3-(5*((8-1)*(32-1)))))))
2166	(1-(1-(2*(3+(5*(8*((13*2)+1)))))))
2167	(1*(1+(2*(3+(5*(8*((13*2)+1)))))))
2168	(1+(1+(2*(3+(5*(8*((13*2)+1)))))))
2169	(1+(1-(2+((3*5)-(8*(13*21))))))
2170	(1-(1+(2+(3*(5-(81*(3*(2+1))))))))
2171	(1*(1-(2+(3*(5-(81*(3*(2+1))))))))
2172	(1+(1-(2+(3*(5-(81*(3*(2+1))))))))
2173	(1*(1+(2*(3*((5*8)+(1+321))))))
2174	(1-(1+(2+(3+(5-(8*(13*21)))))))
2175	(1*(1-(2+(3+(5-(8*(13*21)))))))
2176	(1+(1-(2+(3+(5-(8*(13*21)))))))
2177	(1*(1+(2*(3+(5*((8-1)*(32-1)))))))
2178	(1-(1-(2-(3+(5-(8*(13*21)))))))
2179	(1*(1+(2-(3+(5-(8*(13*21)))))))
2180	(1+(1+(2-(3+(5-(8*(13*21)))))))
2181	(1*(1-(2-(3-(5-(8*(13*21)))))))
2182	(1+(1-(2-(3-(5-(8*(13*21)))))))
2183	(1*(1+(2*(35+(8*(132*1))))))
2184	(1-(1+(2+(3-(5+(8*(13*21)))))))
2185	(1*(1-(2+(3-(5+(8*(13*21)))))))
2186	(1+(1-(2+(3-(5+(8*(13*21)))))))
2187	(1+(1+(23*(5*(8+(13-(2*1)))))))
2188	(1-(1-(2-(3-(5+(8*(13*21)))))))
2189	(1*(1+(2-(3-(5+(8*(13*21)))))))
2190	(1-(1+(2-(3+(5+(8*(13*21)))))))
2191	(1*(1-(2-(3+(5+(8*(13*21)))))))
2192	(1+(1-(2-(3+(5+(8*(13*21)))))))
2193	(1+(1-((2-(35*(8+1)))*((3*2)+1))))
2194	(1-(1-(2+(3+(5+(8*(13*21)))))))
2195	(1*(1+(2+(3+(5+(8*(13*21)))))))
2196	(1+(1+(2+(3+(5+(8*(13*21)))))))
2197	(1*(1+(2*(3*((5*(8+1))+321)))))
2198	(1-(1+(2*(3-(58*(1-(3-21)))))))
2199	(1*(1-(2*(3-(58*(1-(3-21)))))))
2200	(1-(1+(2-(3*(5+(81*(3*(2+1))))))))
2201	(1*(1-(2-(3*(5+(81*(3*(2+1))))))))
2202	(1+(1-(2-(3*(5+(81*(3*(2+1))))))))
2203	(1+(1+(2+(3*((58*13)-21)))))
2204	(1-(1-(2+(3*(5+(81*(3*(2+1))))))))
2205	(1*(1+(2+(3*(5+(81*(3*(2+1))))))))
2206	(1+(1+(2+(3*(5+(81*(3*(2+1))))))))
2207	(1*(1-(2-(3+(5*((8-1)*(3*21)))))))
2208	(1+(1-(2-(3+(5*((8-1)*(3*21)))))))
2209	(1+(1+(2+(35*(81+(3-21))))))
2210	(1-(1-(2+(3+(5*((8-1)*(3*21)))))))
2211	(1*(1+(2+(3+(5*((8-1)*(3*21)))))))
2212	(1+(1+(2+(3+(5*((8-1)*(3*21)))))))
2213	(1*(1-(2+(3*(((5*8)+1)*(3-21))))))
2214	(1-(1+(2*(3-(5*((81*3)-21))))))
2215	(1*(1-(2*(3-(5*((81*3)-21))))))
2216	(1+(1-(2*(3-(5*((81*3)-21))))))
2217	(1*(1+(2-(3*(((5*8)+1)*(3-21))))))
2218	(1+(1+(2-(3*(((5*8)+1)*(3-21))))))
2219	(1+(1-(2-(35+(8*(13*21))))))
2220	(1-(1-(2*(3*(5*(81-((3*2)+1)))))))
2221	(1*(1+(2*(3*(5*(81-((3*2)+1)))))))
2222	(1+(1+(2*(3*(5*(81-((3*2)+1)))))))
2223	(1+(1+(2+(35+(8*(13*21))))))
2224	(1-(1+(2*(3-(5*(((8-1)*32)-1))))))
2225	(1*(1-(2*(3-(5*(((8-1)*32)-1))))))
2226	(1-(1-(2*(3+(5*((81*3)-21))))))
2227	(1*(1+(2*(3+(5*((81*3)-21))))))
2228	(1+(1+(2*(3+(5*((81*3)-21))))))
2229	(1*(1+(2-((3-(5+(8*13)))*21))))
2230	(1-(1+(2-(3*((5+(81*3))*(2+1))))))
2231	(1*(1-(2-(3*((5+(81*3))*(2+1))))))
2232	(1-(1-(2*(3*((5*81)-(32+1))))))
2233	(1*(1+(2*(3*((5*81)-(32+1))))))
2234	(1-(1+(2*(3-(5*((8-1)*(32*1)))))))
2235	(1*(1-(2*(3-(5*((8-1)*(32*1)))))))
2236	(1+(1-(2*(3-(5*((8-1)*(32*1)))))))
2237	(1-(1+(2+(3+(5-((8-1)*321))))))
2238	(1*(1-(2+(3+(5-((8-1)*321))))))
2239	(1+(1-(2+(3+(5-((8-1)*321))))))
2240	(1+(1+(2*(3*((5*81)-(32*1))))))
2241	(1-(1-(2-(3+(5-((8-1)*321))))))
2242	(1*(1+(2-(3+(5-((8-1)*321))))))
2243	(1+(1+(2-(3+(5-((8-1)*321))))))
2244	(1*(1-(2-(3-(5-((8-1)*321))))))
2245	(1+(1-(2-(3-(5-((8-1)*321))))))
2246	(1-(1-(2*(3+(5*((8-1)*(32*1)))))))
2247	(1-(1+(2+(3-(5+((8-1)*321))))))
2248	(1*(1-(2+(3-(5+((8-1)*321))))))
2249	(1+(1-(2+(3-(5+((8-1)*321))))))
2250	(1-(1-(2*(3*(5*(81-(3+(2+1))))))))
2251	(1*(1+(2*(3*(5*(81-(3+(2+1))))))))
2252	(1+(1+(2*(3*(5*(81-(3+(2+1))))))))
2253	(1-(1+(2-(3+(5+((8-1)*321))))))
2254	(1*(1-(2-(3+(5+((8-1)*321))))))
2255	(1+(1-(2-(3+(5+((8-1)*321))))))
2256	(1-(1-(2*(3+(5*(((8-1)*32)+1))))))
2257	(1-(1-(2+(3+(5+((8-1)*321))))))
2258	(1*(1+(2+(3+(5+((8-1)*321))))))
2259	(1+(1+(2+(3+(5+((8-1)*321))))))
2260	(1-(1+(2-(3*(58*(13*(2-1)))))))
2261	(1-(1-(2-(3-(58*(13*(2+1)))))))
2262	(1*(1+(2-(3-(58*(13*(2+1)))))))
2263	(1-(1+(2-(3+(58*(13*(2+1)))))))
2264	(1*(1-(2-(3+(58*(13*(2+1)))))))
2265	(1+(1-(2-(3+(58*(13*(2+1)))))))
2266	(1+(1+(2+(3*(58*(13*(2-1)))))))
2267	(1-(1-(2+(3+(58*(13*(2+1)))))))
2268	(1-(1-(2*(3*(58-(1-321))))))
2269	(1*(1+(2*(3*(58-(1-321))))))
2270	(1+(1+(2*(3*(58-(1-321))))))
2271	(1*(1+(2+(3*((5+(8-1))*(3*21))))))
2272	(1+(1+(2+(3*((5+(8-1))*(3*21))))))
2273	(1-(1-(2+(3*((58*13)+(2+1))))))
2274	(1-(1-(2*(3*(58+(1*321))))))
2275	(1*(1+(2*(3*(58+(1*321))))))
2276	(1+(1+(2*(3*(58+(1*321))))))
2277	(1-(1-(2+(35*((8*((1+3)*2))+1)))))
2278	(1-(1+(2-(3*(5*(8*(1-(3-21))))))))
2279	(1*(1-(2-(3*(5*(8*(1-(3-21))))))))
2280	(1+(1-(2-(3*(5*(8*(1-(3-21))))))))
2281	(1*(1-(2*(3*(5*(8-((1+3)*21)))))))
2282	(1-(1-(2+(3*(5*(8*(1-(3-21))))))))
2283	(1*(1+(2+(3*(5*(8*(1-(3-21))))))))
2284	(1+(1+(2+(3*(5*(8*(1-(3-21))))))))
2285	(1*(1-(2+(3-((5+(8*13))*21)))))
2286	(1-(1-(2*(3*((5*81)-(3+21))))))
2287	(1*(1+(2*(3*((5*81)-(3+21))))))
2288	(1+(1+(2*(3*((5*81)-(3+21))))))
2289	(1*(1+(2-(3-((5+(8*13))*21)))))
2290	(1-(1+(2-(3+((5+(8*13))*21)))))
2291	(1*(1-(2-(3+((5+(8*13))*21)))))
2292	(1+(1-(2-(3+((5+(8*13))*21)))))
2293	(1*(1-(2-((3-(5*8))*(1-(3*21))))))
2294	(1-(1-(2+(3+((5+(8*13))*21)))))
2295	(1*(1+(2+(3+((5+(8*13))*21)))))
2296	(1+(1+(2+(3+((5+(8*13))*21)))))
2297	(1*(1+(2+((3-(5*8))*(1-(3*21))))))
2298	(1-(1-(2*(3*(((5+(8-1))*32)-1)))))
2299	(1*(1+(2*(3*(((5+(8-1))*32)-1)))))
2300	(1+(1+(2*(3*(((5+(8-1))*32)-1)))))
2301	(1*(1-(2*((3-(581-3))*(2*1)))))
2302	(1-(1+(2-((3+5)*((8+1)*(32*1))))))
2303	(1*(1-(2-((3+5)*((8+1)*(32*1))))))
2304	(1-(1+(2*(3-(5*((8-1)*(32+1)))))))
2305	(1*(1-(2*(3-(5*((8-1)*(32+1)))))))
2306	(1+(1-(2*(3-(5*((8-1)*(32+1)))))))
2307	(1*(1-(2*(3-((581-3)*(2*1))))))
2308	(1+(1-(2*(3-((581-3)*(2*1))))))
2309	(1*(1-(2*(3-(((581-3)*2)+1)))))
2310	(1-(1-(2*(3*(5*(81-(3+(2-1))))))))
2311	(1*(1+(2*(3*(5*(81-(3+(2-1))))))))
2312	(1+(1+(2*(3*(5*(81-(3+(2-1))))))))
2313	(1*(1+(2+((3-58)*((1-3)*21)))))
2314	(1-(1-(2+((3+5)*(((8+1)*32)+1)))))
2315	(1*(1+(2+((3+5)*(((8+1)*32)+1)))))
2316	(1-(1-(2*(3+(5*((8-1)*(32+1)))))))
2317	(1*(1+(2*(3+(5*((8-1)*(32+1)))))))
2318	(1+(1+(2*(3+(5*((8-1)*(32+1)))))))
2319	(1-(1+(2+(3-(581*(3+(2-1)))))))
2320	(1*(1-(2+(3-(581*(3+(2-1)))))))
2321	(1+(1-(2+(3-(581*(3+(2-1)))))))
2322	(1+(1-(2-(3*((5+81)*(3*(2+1)))))))
2323	(1-(1+(2-(3*(5*(((81-3)*2)-1))))))
2324	(1*(1-(2-(3*(5*(((81-3)*2)-1))))))
2325	(1+(1-(2-(3*(5*(((81-3)*2)-1))))))
2326	(1*(1-(2-(3+(581*(3+(2-1)))))))
2327	(1-(1-(2+(3*(5*(((81-3)*2)-1))))))
2328	(1*(1+(2+(3*(5*(((81-3)*2)-1))))))
2329	(1+(1+(2+(3*(5*(((81-3)*2)-1))))))
2330	(1*(1+(2+(3+(581*(3+(2-1)))))))
2331	(1+(1+(2+(3+(581*(3+(2-1)))))))
2332	(1+(1+(2*(3+(581*(3-(2-1)))))))
2333	(1-(1-(2+(3*((5+(8*(1+3)))*21)))))
2334	(1-(1+(2*(3-(5*((81-3)*(2+1)))))))
2335	(1*(1-(2*(3-(5*((81-3)*(2+1)))))))
2336	(1+(1-(2*(3-(5*((81-3)*(2+1)))))))
2337	(1+(1-(2-(3*((5*((81-3)*2))-1)))))
2338	(1-(1+(2-(3*(5*((81-3)*(2*1)))))))
2339	(1*(1-(2-(3*(5*((81-3)*(2*1)))))))
2340	(1-(1-(2*(3*(5*(81-(3*(2-1))))))))
2341	(1*(1+(2*(3*(5*(81-(3*(2-1))))))))
2342	(1+(1+(2*(3*(5*(81-(3*(2-1))))))))
2343	(1*(1+(2+(3*(5*((81-3)*(2*1)))))))
2344	(1+(1+(2+(3*(5*((81-3)*(2*1)))))))
2345	(1-(1-(2+(3*((5*((81-3)*2))+1)))))
2346	(1-(1-(2*(3+(5*((81-3)*(2+1)))))))
2347	(1*(1+(2*(3+(5*((81-3)*(2+1)))))))
2348	(1+(1+(2*(3+(5*((81-3)*(2+1)))))))
2349	(1*(1+(2*((3+(581+3))*(2*1)))))
2350	(1-(1+(2-((3+(5+(8*13)))*21))))
2351	(1-(1+(2+(3+((5-81)*(32-1))))))
2352	(1*(1-(2+(3+((5-81)*(32-1))))))
2353	(1-(1+(2-(3*(5*(((81-3)*2)+1))))))
2354	(1*(1-(2-(3*(5*(((81-3)*2)+1))))))
2355	(1+(1-(2-(3*(5*(((81-3)*2)+1))))))
2356	(1*(1+(2-(3+((5-81)*(32-1))))))
2357	(1-(1-(2+(3*(5*(((81-3)*2)+1))))))
2358	(1*(1+(2+(3*(5*(((81-3)*2)+1))))))
2359	(1-(1+(2+(3*(5-(813-21))))))
2360	(1*(1-(2+(3*(5-(813-21))))))
2361	(1+(1-(2+(3*(5-(813-21))))))
2362	(1*(1+(2+(3-((5-81)*(32-1))))))
2363	(1-(1-(2-(3*(5-(813-21))))))
2364	(1*(1+(2-(3*(5-(813-21))))))
2365	(1+(1+(2-(3*(5-(813-21))))))
2366	(1-(1+(2+((3-(5*8))*(1+(3*21))))))
2367	(1*(1-(2+((3-(5*8))*(1+(3*21))))))
2368	(1+(1-(2+((3-(5*8))*(1+(3*21))))))
2369	(1*(1+(2*((3-(5*8))*(1-(32+1))))))
2370	(1-(1-(2*(3*(5*(81-(3-(2-1))))))))
2371	(1*(1+(2*(3*(5*(81-(3-(2-1))))))))
2372	(1+(1+(2*(3*(5*(81-(3-(2-1))))))))
2373	(1+(1-(2+((3+(58*(1-3)))*21))))
2374	(1-(1+(2-((3+5)*((8+1)*(32+1))))))
2375	(1*(1-(2-((3+5)*((8+1)*(32+1))))))
2376	(1-(1+(2*(3*((5-8)*(132*1))))))
2377	(1*(1-(2*(3*((5-8)*(132*1))))))
2378	(1+(1-(2*(3*((5-8)*(132*1))))))
2379	(1*(1+(2+((3+5)*((8+1)*(32+1))))))
2380	(1-(1-(2*(35*(8+(13*(2*1)))))))
2381	(1*(1+(2*(35*(8+(13*(2*1)))))))
2382	(1-(1+(2*(3*(5-(81+321))))))
2383	(1*(1-(2*(3*(5-(81+321))))))
2384	(1+(1-(2*(3*(5-(81+321))))))
2385	(1-(1+((2+3)*(((5-(81*3))*2)-1))))
2386	(1*(1-((2+3)*(((5-(81*3))*2)-1))))
2387	(1+(1-((2+3)*(((5-(81*3))*2)-1))))
2388	(1-(1-(2*(3*((5*81)-((3*2)+1))))))
2389	(1-(1+(2-(3*(5+(813-21))))))
2390	(1*(1-(2-(3*(5+(813-21))))))
2391	(1+(1-(2-(3*(5+(813-21))))))
2392	(1-(1+(2-(3*(((5*8)+(1-3))*21)))))
2393	(1-(1-(2+(3*(5+(813-21))))))
2394	(1-(1+(2*(3+(5*(8*(1-(32-1))))))))
2395	(1*(1-(2*(3+(5*(8*(1-(32-1))))))))
2396	(1+(1-(2*(3+(5*(8*(1-(32-1))))))))
2397	(1*(1+(2+(3*(((5*8)+(1-3))*21)))))
2398	(1+(1+(2+(3*(((5*8)+(1-3))*21)))))
2399	(1*(1-(2*((3*(5-(81*(3+2))))+1))))
2400	(1-(1-(2*(3*(5*(8*(1+(3*(2+1)))))))))
2401	(1*(1+(2*(3*(5*(8*(1+(3*(2+1)))))))))
2402	(1+(1+(2*(3*(5*(8*(1+(3*(2+1)))))))))
2403	(1*(1-(2*(3-((5*((81*3)-2))-1)))))
2404	(1-(1+(2*(3-(5*((81*3)-(2*1)))))))
2405	(1*(1-(2*(3-(5*((81*3)-(2*1)))))))
2406	(1-(1-(2*(3-(5*(8*(1-(32-1))))))))
2407	(1*(1+(2*(3-(5*(8*(1-(32-1))))))))
2408	(1+(1+(2*(3-(5*(8*(1-(32-1))))))))
2409	(1+(1-(2-(3*((((5*81)-3)*2)-1)))))
2410	(1-(1+(2-(3*(((5*81)-3)*(2*1))))))
2411	(1*(1-(2-(3*(((5*81)-3)*(2*1))))))
2412	(1-(1-(2*(3*((5*81)-(3*(2-1)))))))
2413	(1-(1+(2+(3*(5-(813-(2+1)))))))
2414	(1*(1-(2+(3*(5-(813-(2+1)))))))
2415	(1+(1-(2+(3*(5-(813-(2+1)))))))
2416	(1-(1+(2+(3*(5-(813-(2*1)))))))
2417	(1-(1-(2-(3*(5-(813-(2+1)))))))
2418	(1*(1+(2-(3*(5-(813-(2+1)))))))
2419	(1+(1+(2-(3*(5-(813-(2+1)))))))
2420	(1*(1-(2+(3*(5-(813-(2-1)))))))
2421	(1+(1-(2+(3*(5-(813-(2-1)))))))
2422	(1-(1+(2+(3*(5-(813*(2-1)))))))
2423	(1-(1-(2-(3*(5-(813-(2-1)))))))
2424	(1-(1+(2*(3-(5*(81*(3*(2-1))))))))
2425	(1-(1+(2+(3-(5*(81*(3+(2+1))))))))
2426	(1*(1-(2+(3-(5*(81*(3+(2+1))))))))
2427	(1+(1-(2+(3-(5*(81*(3+(2+1))))))))
2428	(1-(1+(2-(3*(5*(81*(3-(2-1))))))))
2429	(1-(1-(2-(3-(5*(81*(3+(2+1))))))))
2430	(1*(1+(2-(3-(5*(81*(3+(2+1))))))))
2431	(1-(1+(2-(3+(5*(81*(3+(2+1))))))))
2432	(1*(1-(2-(3+(5*(81*(3+(2+1))))))))
2433	(1+(1-(2-(3+(5*(81*(3+(2+1))))))))
2434	(1+(1+(2+(3*(5*(81*(3-(2-1))))))))
2435	(1-(1-(2+(3+(5*(81*(3+(2+1))))))))
2436	(1*(1+(2+(3+(5*(81*(3+(2+1))))))))
2437	(1+(1+(2+(3+(5*(81*(3+(2+1))))))))
2438	(1+(1+(2*(3+(5*(81*(3*(2-1))))))))
2439	(1-(1+(2+(3-(5+(813*(2+1)))))))
2440	(1*(1-(2+(3-(5+(813*(2+1)))))))
2441	(1+(1-(2+(3-(5+(813*(2+1)))))))
2442	(1-(1-(2*(3*(5+(81+321))))))
2443	(1*(1+(2*(3*(5+(81+321))))))
2444	(1+(1+(2*(3*(5+(81+321))))))
2445	(1+(1-(2-(3*(5+(813-(2+1)))))))
2446	(1*(1-(2-(3+(5+(813*(2+1)))))))
2447	(1-(1-(2+(3*(5+(813-(2+1)))))))
2448	(1*(1+(2+(3*(5+(813-(2+1)))))))
2449	(1+(1+(2+(3*(5+(813-(2+1)))))))
2450	(1*(1+(2+(3+(5+(813*(2+1)))))))
2451	(1+(1+(2+(3+(5+(813*(2+1)))))))
2452	(1-(1+(2-(3*(5+(813*(2-1)))))))
2453	(1-(1-(2+(3*(5+(813-(2-1)))))))
2454	(1*(1+(2+(3*(5+(813-(2-1)))))))
2455	(1-(1+(2-(3*(5+(813+(2-1)))))))
2456	(1*(1-(2-(3*(5+(813+(2-1)))))))
2457	(1+(1-(2-(3*(5+(813+(2-1)))))))
2458	(1+(1+(2+(3*(5+(813*(2-1)))))))
2459	(1-(1-(2+(3*(5+(813+(2-1)))))))
2460	(1-(1-(2*(3*(5+(81*(3+(2*1))))))))
2461	(1*(1+(2*(3*(5+(81*(3+(2*1))))))))
2462	(1+(1+(2*(3*(5+(81*(3+(2*1))))))))
2463	(1+(1-(2-(3*(5+(813+(2+1)))))))
2464	(1+(1+(2+(3*(5+(813+(2*1)))))))
2465	(1-(1-(2+(3*(5+(813+(2+1)))))))
2466	(1*(1+(2+(3*(5+(813+(2+1)))))))
2467	(1+(1+(2+(3*(5+(813+(2+1)))))))
2468	(1+(1+(2*(3+(5*((81*3)+(2+1)))))))
2469	(1*(1+(2*((3*((5*81)+(3*2)))+1))))
2470	(1+(1+(2*((3*((5*81)+(3*2)))+1))))
2471	(1*(1-((2+(3+5))*((8*(1-32))+1))))
2472	(1-(1-(2*(3*((5*81)+((3*2)+1))))))
2473	(1*(1+(2*(3*((5*81)+((3*2)+1))))))
2474	(1-(1+(2*(3-(5*(8*(1*(32-1))))))))
2475	(1-(1+(2+(3+(5*(8*(1-(3*21))))))))
2476	(1*(1-(2+(3+(5*(8*(1-(3*21))))))))
2477	(1+(1-(2+(3+(5*(8*(1-(3*21))))))))
2478	(1+(1+(2*(3-(5*((8*(1-32))+1))))))
2479	(1-(1-(2-(3+(5*(8*(1-(3*21))))))))
2480	(1*(1+(2-(3+(5*(8*(1-(3*21))))))))
2481	(1+(1+(2-(3+(5*(8*(1-(3*21))))))))
2482	(1*(1-(2-(3-(5*(8*(1-(3*21))))))))
2483	(1+(1-(2-(3-(5*(8*(1-(3*21))))))))
2484	(1-(1+(2*(3+(5*((8*(1-32))-1))))))
2485	(1-(1-(2+(3-(5*(8*(1-(3*21))))))))
2486	(1*(1+(2+(3-(5*(8*(1-(3*21))))))))
2487	(1+(1+(2+(3-(5*(8*(1-(3*21))))))))
2488	(1+(1+(2*(3+(5*(8*(1*(32-1))))))))
2489	(1-(1-(2-(3*(5-(813+21))))))
2490	(1-(1-(2*(3*(5*(81+(3-(2-1))))))))
2491	(1*(1+(2*(3*(5*(81+(3-(2-1))))))))
2492	(1+(1+(2*(3*(5*(81+(3-(2-1))))))))
2493	(1*(1-(2*(3-((((5*8)-1)*32)+1)))))
2494	(1-(1+(2-(3*((5+8)*(1+(3*21)))))))
2495	(1*(1-(2-(3*((5+8)*(1+(3*21)))))))
2496	(1-(1-(2*(3-(5*((8*(1-32))-1))))))
2497	(1*(1+(2*(3-(5*((8*(1-32))-1))))))
2498	(1+(1+(2*(3-(5*((8*(1-32))-1))))))
2499	(1*(1+(2+(3*((5+8)*(1+(3*21)))))))
2500	(1+(1+(2+(3*((5+8)*(1+(3*21)))))))
2501	(1-(1+(2+(3+(5-(81*(32-1)))))))
2502	(1*(1-(2+(3+(5-(81*(32-1)))))))
2503	(1+(1-(2+(3+(5-(81*(32-1)))))))
2504	(1*(1-(2-(3*(5*(((81+3)*2)-1))))))
2505	(1-(1-(2-(3+(5-(81*(32-1)))))))
2506	(1*(1+(2-(3+(5-(81*(32-1)))))))
2507	(1+(1+(2-(3+(5-(81*(32-1)))))))
2508	(1*(1-(2-(3-(5-(81*(32-1)))))))
2509	(1+(1-(2-(3-(5-(81*(32-1)))))))
2510	(1*(1-(2-(3-((5-81)*(32+1))))))
2511	(1-(1+(2+(3-(5+(81*(32-1)))))))
2512	(1*(1-(2+(3-(5+(81*(32-1)))))))
2513	(1+(1-(2+(3-(5+(81*(32-1)))))))
2514	(1-(1+(2*(3-(5*((8+(1+3))*21))))))
2515	(1-(1+(2+(3-(5*(8*(1*(3*21))))))))
2516	(1*(1-(2+(3-(5*(8*(1*(3*21))))))))
2517	(1+(1-(2+(3-(5*(8*(1*(3*21))))))))
2518	(1*(1-(2-(3+(5+(81*(32-1)))))))
2519	(1-(1-(2-(3-(5*(8*(1*(3*21))))))))
2520	(1*(1+(2-(3-(5*(8*(1*(3*21))))))))
2521	(1-(1+(2-(3+(5*(8*(1*(3*21))))))))
2522	(1*(1-(2-(3+(5*(8*(1*(3*21))))))))
2523	(1+(1-(2-(3+(5*(8*(1*(3*21))))))))
2524	(1+(1+(2+(3*(5*((8-1)*(3+21)))))))
2525	(1-(1-(2+(3+(5*(8*(1*(3*21))))))))
2526	(1*(1+(2+(3+(5*(8*(1*(3*21))))))))
2527	(1+(1+(2+(3+(5*(8*(1*(3*21))))))))
2528	(1+(1+(2*(3+(5*((8+(1+3))*21))))))
2529	(1+(1+(2-(35+(8*(1-321))))))
2530	(1+(1+(2+((3*5)+(81*(32-1))))))
2531	(1-(1+(2+(35-(8*(1*321))))))
2532	(1-(1-(2*(3-(58-1321)))))
2533	(1-(1+(2-(3*(5*(((81+3)*2)+1))))))
2534	(1*(1-(2-(3*(5*(((81+3)*2)+1))))))
2535	(1+(1-(2-(3*(5*(((81+3)*2)+1))))))
2536	(1-(1+(2*(3-(((5*8)+1)*(32-1))))))
2537	(1-(1-(2+(3*(5*(((81+3)*2)+1))))))
2538	(1*(1+(2+(3*(5*(((81+3)*2)+1))))))
2539	(1+(1+(2+(3*(5*(((81+3)*2)+1))))))
2540	(1+(1+(2*(3*((5*81)-(3-21))))))
2541	(1+(1-(2+(35-(8*(1+321))))))
2542	(1-(1+(2-((35+813)*(2+1)))))
2543	(1-(1-(2-(35-(8*(1+321))))))
2544	(1-(1+(2*(3-(5*((8*(1*32))-1))))))
2545	(1*(1-(2*(3-(5*((8*(1*32))-1))))))
2546	(1+(1-(2*(3-(5*((8*(1*32))-1))))))
2547	(1-(1-(2-((3*5)+(8*(1-321))))))
2548	(1-(1-(2*(3+(((5*8)+1)*(32-1))))))
2549	(1*(1+(2*(3+(((5*8)+1)*(32-1))))))
2550	(1-(1+(2+(3+(5+(8*(1-321)))))))
2551	(1*(1-(2+(3+(5+(8*(1-321)))))))
2552	(1+(1-(2+(3+(5+(8*(1-321)))))))
2553	(1*(1-(2*(3-((5*(8*(1*32)))-1)))))
2554	(1-(1-(2-(3+(5+(8*(1-321)))))))
2555	(1*(1+(2-(3+(5+(8*(1-321)))))))
2556	(1+(1+(2-(3+(5+(8*(1-321)))))))
2557	(1*(1-(2-(3-(5+(8*(1-321)))))))
2558	(1+(1-(2-(3-(5+(8*(1-321)))))))
2559	(1*(1-(2+(3+(5-(8*(1*321)))))))
2560	(1-(1-(2+(3-(5+(8*(1-321)))))))
2561	(1*(1+(2+(3-(5+(8*(1-321)))))))
2562	(1+(1+(2+(3-(5+(8*(1-321)))))))
2563	(1*(1+(2-(3+(5-(8*(1*321)))))))
2564	(1-(1-(2-(3-(5-(8*(1-321)))))))
2565	(1*(1+(2-(3-(5-(8*(1-321)))))))
2566	(1-(1+(2+(3+(5-(8*(1+321)))))))
2567	(1*(1-(2+(3+(5-(8*(1+321)))))))
2568	(1+(1-(2+(3+(5-(8*(1+321)))))))
2569	(1*(1-(2+(3-(5+(8*(1*321)))))))
2570	(1-(1-(2-(3+(5-(8*(1+321)))))))
2571	(1*(1+(2-(3+(5-(8*(1+321)))))))
2572	(1+(1+(2-(3+(5-(8*(1+321)))))))
2573	(1*(1-(2-(3-(5-(8*(1+321)))))))
2574	(1+(1-(2-(3-(5-(8*(1+321)))))))
2575	(1*(1-(2-(3+(5+(8*(1*321)))))))
2576	(1-(1+(2+(3-(5+(8*(1+321)))))))
2577	(1*(1-(2+(3-(5+(8*(1+321)))))))
2578	(1+(1-(2+(3-(5+(8*(1+321)))))))
2579	(1*(1+(2+(3+(5+(8*(1*321)))))))
2580	(1-(1-(2-(3-(5+(8*(1+321)))))))
2581	(1*(1+(2-(3-(5+(8*(1+321)))))))
2582	(1-(1+(2-(3+(5+(8*(1+321)))))))
2583	(1*(1-(2-(3+(5+(8*(1+321)))))))
2584	(1+(1-(2-(3+(5+(8*(1+321)))))))
2585	(1+(1-(2+(3+(5-((81*32)+1))))))
2586	(1-(1-(2+(3+(5+(8*(1+321)))))))
2587	(1*(1+(2+(3+(5+(8*(1+321)))))))
2588	(1+(1+(2+(3+(5+(8*(1+321)))))))
2589	(1*(1-(2-(3-(5-(81*(32*1)))))))
2590	(1+(1-(2-(3-(5-(81*(32*1)))))))
2591	(1+(1-(2-(3-(5-((81*32)+1))))))
2592	(1-(1+(2+(3-(5+(81*(32*1)))))))
2593	(1*(1-(2+(3-(5+(81*(32*1)))))))
2594	(1+(1-(2+(3-(5+(81*(32*1)))))))
2595	(1+(1-(2+(3-(5+((81*32)+1))))))
2596	(1-(1-(2-(3-(5+(81*(32*1)))))))
2597	(1*(1+(2-(3-(5+(81*(32*1)))))))
2598	(1-(1+(2-(3+(5+(81*(32*1)))))))
2599	(1*(1-(2-(3+(5+(81*(32*1)))))))
2600	(1+(1-(2-(3+(5+(81*(32*1)))))))
2601	(1+(1-(2-(3+(5+((81*32)+1))))))
2602	(1-(1-(2+(3+(5+(81*(32*1)))))))
2603	(1*(1+(2+(3+(5+(81*(32*1)))))))
2604	(1+(1+(2+(3+(5+(81*(32*1)))))))
2605	(1+(1+(2+(3+(5+((81*32)+1))))))
2606	(1+(1+(2*(3*((5+(8+1))*(32-1))))))
2607	(1+(1-(2-(3*((58*(13+2))-1)))))
2608	(1-(1+(2-(3*(58*(13+(2*1)))))))
2609	(1*(1-(2-(3*(58*(13+(2*1)))))))
2610	(1-(1+(2*(3+(5+(8-1321))))))
2611	(1*(1-(2*(3+(5+(8-1321))))))
2612	(1+(1-(2*(3+(5+(8-1321))))))
2613	(1*(1+(2+(3*(58*(13+(2*1)))))))
2614	(1+(1+(2+(3*(58*(13+(2*1)))))))
2615	(1-(1-(2+(3*((58*(13+2))+1)))))
2616	(1-(1+(2*(3*(5-((8-1)*(3*21)))))))
2617	(1*(1-(2*(3*(5-((8-1)*(3*21)))))))
2618	(1+(1-(2*(3*(5-((8-1)*(3*21)))))))
2619	(1*(1-(2*(3-(((5*8)+1)*(32*1))))))
2620	(1+(1-(2*(3-(((5*8)+1)*(32*1))))))
2621	(1*(1-(2*(3-((((5*8)+1)*32)+1)))))
2622	(1-(1-(2*(3-(5+(8-1321))))))
2623	(1*(1+(2*(3-(5+(8-1321))))))
2624	(1+(1+(2*(3-(5+(8-1321))))))
2625	(1*(1-(2*(3-(5*((8*(1+32))-1))))))
2626	(1+(1-(2*(3-(5*((8*(1+32))-1))))))
2627	(1-(1-(2+(35*(81-(3+(2+1)))))))
2628	(1-(1-(2*(3*((5*81)+(32+1))))))
2629	(1*(1+(2*(3*((5*81)+(32+1))))))
2630	(1-(1+(2*(3-(5-(8-1321))))))
2631	(1*(1-(2*(3-(5-(8-1321))))))
2632	(1+(1-(2*(3-(5-(8-1321))))))
2633	(1*(1-(2*(3-((5*(8*(1+32)))-1)))))
2634	(1-(1+(2*(3-(5*(8*(1*(32+1))))))))
2635	(1*(1-(2*(3-(5*(8*(1*(32+1))))))))
2636	(1+(1-(2*(3-(5*(8*(1*(32+1))))))))
2637	(1*(1+(2*(3+(5*((8*(1+32))-1))))))
2638	(1+(1+(2*(3+(5*((8*(1+32))-1))))))
2639	(1*(1-(2-((3+5)*(8+(1+321))))))
2640	(1-(1-(2*(3*(5*(8*(13-(2*1))))))))
2641	(1*(1+(2*(3*(5*(8*(13-(2*1))))))))
2642	(1-(1+(2*(3+(5-(8+1321))))))
2643	(1*(1-(2*(3+(5-(8+1321))))))
2644	(1+(1-(2*(3+(5-(8+1321))))))
2645	(1*(1-(2*(3+(5*(8-(13*21)))))))
2646	(1-(1-(2*(3+(5*(8*(1*(32+1))))))))
2647	(1*(1+(2*(3+(5*(8*(1*(32+1))))))))
2648	(1+(1+(2*(3+(5*(8*(1*(32+1))))))))
2649	(1*(1+(2+(3*((5+(8+1))*(3*21))))))
2650	(1+(1+(2+(3*((5+(8+1))*(3*21))))))
2651	(1*(1+((2+3)*(5*((8*13)+(2*1))))))
2652	(1-(1-(2*(3*((5+8)*(1+(32+1)))))))
2653	(1*(1+(2*(3*((5+8)*(1+(32+1)))))))
2654	(1-(1-(2*(3-(5-(8+1321))))))
2655	(1*(1+(2*(3-(5-(8+1321))))))
2656	(1+(1+(2*(3-(5-(8+1321))))))
2657	(1*(1+(2*(3-(5*(8-(13*21)))))))
2658	(1+(1+(2*(3-(5*(8-(13*21)))))))
2659	(1*(1-(2+(35*(8-((1+3)*21))))))
2660	(1-(1-(2*(35*(8-(1-(32-1)))))))
2661	(1-(1+(2+(3-((5+81)*(32-1))))))
2662	(1-(1+(2*(3-(5+(8+1321))))))
2663	(1*(1-(2*(3-(5+(8+1321))))))
2664	(1+(1-(2*(3-(5+(8+1321))))))
2665	(1+(1-(2+(3+(5-(81*(32+1)))))))
2666	(1*(1+(2-(3-((5+81)*(32-1))))))
2667	(1-(1-(2-(3+(5-(81*(32+1)))))))
2668	(1*(1+(2-(3+(5-(81*(32+1)))))))
2669	(1+(1+(2-(3+(5-(81*(32+1)))))))
2670	(1*(1-(2-(3-(5-(81*(32+1)))))))
2671	(1+(1-(2-(3-(5-(81*(32+1)))))))
2672	(1+(1+(2*(3*(5*((8*(13-2))+1))))))
2673	(1-(1+(2+(3-(5+(81*(32+1)))))))
2674	(1-(1-(2*(3+(5+(8+1321))))))
2675	(1*(1+(2*(3+(5+(8+1321))))))
2676	(1+(1+(2*(3+(5+(8+1321))))))
2677	(1-(1-(2-(3-(5+(81*(32+1)))))))
2678	(1*(1+(2-(3-(5+(81*(32+1)))))))
2679	(1-(1+(2-(3+(5+(81*(32+1)))))))
2680	(1*(1-(2-(3+(5+(81*(32+1)))))))
2681	(1+(1-(2-(3+(5+(81*(32+1)))))))
2682	(1-(1-(2*(3*(((5+(8+1))*32)-1)))))
2683	(1-(1-(2+(3+(5+(81*(32+1)))))))
2684	(1*(1+(2+(3+(5+(81*(32+1)))))))
2685	(1+(1+(2+(3+(5+(81*(32+1)))))))
2686	(1-(1+(2+((3+5)*(8*((1-3)*21))))))
2687	(1*(1-(2+((3+5)*(8*((1-3)*21))))))
2688	(1-(1-(2*(3*((5+(8+1))*(32*1))))))
2689	(1*(1+(2*(3*((5+(8+1))*(32*1))))))
2690	(1+(1+(2*(3*((5+(8+1))*(32*1))))))
2691	(1*(1+(2-((3+5)*(8*((1-3)*21))))))
2692	(1+(1+(2-((3+5)*(8*((1-3)*21))))))
2693	(1-(1+(2-(35*(81-(3+(2-1)))))))
2694	(1-(1-(2*(3*(((5+(8+1))*32)+1)))))
2695	(1*(1+(2*(3*(((5+(8+1))*32)+1)))))
2696	(1+(1+(2*(3*(((5+(8+1))*32)+1)))))
2697	(1*(1+(2*(35-(8-1321)))))
2698	(1+(1+(2*(35-(8-1321)))))
2699	(1+(1+(2+(35*(81-(3+(2-1)))))))
2700	(1-(1-(2*(3*(5*(81+(3*(2+1))))))))
2701	(1*(1+(2*(3*(5*(81+(3*(2+1))))))))
2702	(1+(1+(2*(3*(5*(81+(3*(2+1))))))))
2703	(1+(1+(23+(5+(81*(32+1))))))
2704	(1-(1+(2-(3*(581+321)))))
2705	(1*(1-(2-(3*(581+321)))))
2706	(1+(1-(2-(3*(581+321)))))
2707	(1-(1+(2-(3*(((5*8)+(1*3))*21)))))
2708	(1-(1-(2+(3*(581+321)))))
2709	(1*(1+(2+(3*(581+321)))))
2710	(1+(1+(2+(3*(581+321)))))
2711	(1-(1-(2+(3*(((5*8)+(1*3))*21)))))
2712	(1-(1-(2*(3+(((5*8)+1)*(32+1))))))
2713	(1*(1+(2*(3+(((5*8)+1)*(32+1))))))
2714	(1-(1+(2*(3-(5*(8*(1+(32+1))))))))
2715	(1*(1-(2*(3-(5*(8*(1+(32+1))))))))
2716	(1+(1-(2*(3-(5*(8*(1+(32+1))))))))
2717	(1*(1-(2*(3-((5*8)+1321)))))
2718	(1+(1-(2*(3-((5*8)+1321)))))
2719	(1+(1-((2-(3*5))*((8*(13*2))+1))))
2720	(1-(1-(2*((3*(5+8))+1321))))
2721	(1*(1+(2*((3*(5+8))+1321))))
2722	(1+(1+(2*((3*(5+8))+1321))))
2723	(1+(1+(((23*(5*8))-13)*(2+1))))
2724	(1-(1-((235-8)*(13-(2-1)))))
2725	(1-(1+(2-((35*(81-3))-(2+1)))))
2726	(1-(1-(2*(3+(5*(8*(1+(32+1))))))))
2727	(1*(1+(2*(3+(5*(8*(1+(32+1))))))))
2728	(1+(1+(2*(3+(5*(8*(1+(32+1))))))))
2729	(1*(1+(2*(3+((5*8)+1321)))))
2730	(1+(1+(2*(3+((5*8)+1321)))))
2731	(1*(1-(2*(3-((5-81)*(3-21))))))
2732	(1+(1-(2*(3-((5-81)*(3-21))))))
2733	(1*(1+(2+(35*(81-(3*(2-1)))))))
2734	(1+(1+(2+(35*(81-(3*(2-1)))))))
2735	(1-(1-(2+((35*(81-3))+(2+1)))))
2736	(1-(1+(2*(3*((5-81)*(3+(2+1)))))))
2737	(1*(1-(2*(3*((5-81)*(3+(2+1)))))))
2738	(1+(1-(2*(3*((5-81)*(3+(2+1)))))))
2739	(1+(1-(2+((3-(5+81))*(32+1)))))
2740	(1+(1-(2*((3*((5-81)*(3*2)))-1))))
2741	(1-(1-(2-((3-(5+81))*(32+1)))))
2742	(1-(1-(2*(3+((5-81)*(3-21))))))
2743	(1*(1+(2*(3+((5-81)*(3-21))))))
2744	(1+(1+(2*(3+((5-81)*(3-21))))))
2745	(1-(1-((2+3)*(581-(32*1)))))
2746	(1-(1+(2+(3-(((5+81)*32)-1)))))
2747	(1-(1+(2+(3-((5+81)*(32*1))))))
2748	(1*(1-(2+(3-((5+81)*(32*1))))))
2749	(1+(1-(2+(3-((5+81)*(32*1))))))
2750	(1+(1-(2+(3-(((5+81)*32)+1)))))
2751	(1-(1-(2-(3-((5+81)*(32*1))))))
2752	(1-(1+(2*(3-(58+1321)))))
2753	(1*(1-(2*(3-(58+1321)))))
2754	(1+(1-(2*(3-(58+1321)))))
2755	(1+(1-(2-(3+((5+81)*(32*1))))))
2756	(1+(1-(2-(3+(((5+81)*32)+1)))))
2757	(1-(1-(2+(3+((5+81)*(32*1))))))
2758	(1-(1+(2+(3*(5*(8*(1-(3+21))))))))
2759	(1*(1-(2+(3*(5*(8*(1-(3+21))))))))
2760	(1+(1-(2+(3*(5*(8*(1-(3+21))))))))
2761	(1*(1+(2*(3*(5*(8+((1+3)*21)))))))
2762	(1-(1-(2-(3*(5*(8*(1-(3+21))))))))
2763	(1*(1+(2-(3*(5*(8*(1-(3+21))))))))
2764	(1+(1+(2-(3*(5*(8*(1-(3+21))))))))
2765	(1*(1+(2*(3+(58+1321)))))
2766	(1+(1+(2*(3+(58+1321)))))
2767	(1-(1-(2+(35*(81-(3-(2-1)))))))
2768	(1*(1+(2+(35*(81-(3-(2-1)))))))
2769	(1+(1+(2+(35*(81-(3-(2-1)))))))
2770	(1-(1+(2-(3*(((5*8)+(1+3))*21)))))
2771	(1*(1-(2-(3*(((5*8)+(1+3))*21)))))
2772	(1-(1-(2*(3*((5+(8+1))*(32+1))))))
2773	(1*(1+(2*(3*((5+(8+1))*(32+1))))))
2774	(1+(1+(2*(3*((5+(8+1))*(32+1))))))
2775	(1*(1+(2+(3*(((5*8)+(1+3))*21)))))
2776	(1+(1+(2+(3*(((5*8)+(1+3))*21)))))
2777	(1+(1+(23+((5+81)*(32*1)))))
2778	(1-(1+(2*(3-(58*(1*(3+21)))))))
2779	(1*(1-(2*(3-(58*(1*(3+21)))))))
2780	(1+(1-(2*(3-(58*(1*(3+21)))))))
2781	(1*(1-((2-(35*8))*(1+(3*(2+1))))))
2782	(1-(1+(2-(3*(58*(13+(2+1)))))))
2783	(1*(1-(2-(3*(58*(13+(2+1)))))))
2784	(1-(1+(2*(3-(5*((8+1)*(32-1)))))))
2785	(1*(1-(2*(3-(5*((8+1)*(32-1)))))))
2786	(1+(1-(2*(3-(5*((8+1)*(32-1)))))))
2787	(1*(1+(2+(3*(58*(13+(2+1)))))))
2788	(1+(1+(2+(3*(58*(13+(2+1)))))))
2789	(1*(1+(2*((((35*8)-1)*(3+2))-1))))
2790	(1-(1-(2*(3+(58*(1*(3+21)))))))
2791	(1*(1+(2*(3+(58*(1*(3+21)))))))
2792	(1+(1+(2*(3+(58*(1*(3+21)))))))
2793	(1+(1-(2-(((3*(5*8))+13)*21))))
2794	(1+(1+(2*((((35*8)-1)*(3+2))+1))))
2795	(1-(1-(2+(((3*(5*8))+13)*21))))
2796	(1-(1-(2*(3+(5*((8+1)*(32-1)))))))
2797	(1*(1+(2*(3+(5*((8+1)*(32-1)))))))
2798	(1+(1+(2*(3+(5*((8+1)*(32-1)))))))
2799	(1*(1-(2-(35*(8*(1+(3*(2+1))))))))
2800	(1-(1+(2*(35*(8*(1-(3+(2+1))))))))
2801	(1*(1-(2*(35*(8*(1-(3+(2+1))))))))
2802	(1+(1-(2*(35*(8*(1-(3+(2+1))))))))
2803	(1*(1+(2+(35*(8*(1+(3*(2+1))))))))
2804	(1-(1+(2*(3-(5*(8+(13*21)))))))
2805	(1*(1-(2*(3-(5*(8+(13*21)))))))
2806	(1+(1-(2*(3-(5*(8+(13*21)))))))
2807	(1*(1-(2-(3*(((5*8)-1)*(3+21))))))
2808	(1-(1-(2*(3*((5*81)+(3*21))))))
2809	(1*(1+(2*(3*((5*81)+(3*21))))))
2810	(1+(1+(2*(3*((5*81)+(3*21))))))
2811	(1*(1+(2+(3*(((5*8)-1)*(3+21))))))
2812	(1+(1+(2+(3*(((5*8)-1)*(3+21))))))
2813	(1*(1-(2+((3-(5*81))*((3*2)+1)))))
2814	(1+(1-(2+((3-(5*81))*((3*2)+1)))))
2815	(1+(1+(2+((35*81)-(3+21)))))
2816	(1-(1-(2*(3+(5*(8+(13*21)))))))
2817	(1*(1+(2*(3+(5*(8+(13*21)))))))
2818	(1+(1+(2*(3+(5*(8+(13*21)))))))
2819	(1-(1-(2+((35*81)+(3-21)))))
2820	(1*(1+(2+((35*81)+(3-21)))))
2821	(1+(1+(2+((35*81)+(3-21)))))
2822	(1-(1-(2*((358*(1+3))-21))))
2823	(1*(1+(2*((358*(1+3))-21))))
2824	(1-(1+(2-((35*81)-(3*(2+1))))))
2825	(1*(1-(2-((35*81)-(3*(2+1))))))
2826	(1-(1+(2*(3-((58+1)*(3+21))))))
2827	(1*(1-(2*(3-((58+1)*(3+21))))))
2828	(1+(1-(2*(3-((58+1)*(3+21))))))
2829	(1+(1-(2-((35*81)-(3+(2+1))))))
2830	(1-(1+(2+(3-(5*(81*((3*2)+1)))))))
2831	(1*(1-(2+(3-(5*(81*((3*2)+1)))))))
2832	(1+(1-(2+(3-(5*(81*((3*2)+1)))))))
2833	(1-(1+(2+(3-((5+81)*(32+1))))))
2834	(1-(1-(2-(3-(5*(81*((3*2)+1)))))))
2835	(1*(1+(2-(3-(5*(81*((3*2)+1)))))))
2836	(1-(1+(2-(3+(5*(81*((3*2)+1)))))))
2837	(1*(1-(2-(3+(5*(81*((3*2)+1)))))))
2838	(1+(1-(2-(3+(5*(81*((3*2)+1)))))))
2839	(1-(1+(2-(3+((5+81)*(32+1))))))
2840	(1-(1-(2+(3+(5*(81*((3*2)+1)))))))
2841	(1*(1+(2+(3+(5*(81*((3*2)+1)))))))
2842	(1+(1+(2+(3+(5*(81*((3*2)+1)))))))
2843	(1-(1-(2+(3+((5+81)*(32+1))))))
2844	(1*(1+(2+(3+((5+81)*(32+1))))))
2845	(1+(1+(2+(3+((5+81)*(32+1))))))
2846	(1-(1+(2*(35+(81*(3-21))))))
2847	(1*(1-(2*(35+(81*(3-21))))))
2848	(1+(1-(2*(35+(81*(3-21))))))
2849	(1+(1-(2-(((3+(5+81))*32)+1))))
2850	(1-(1+(2*(3*(((5-(81*3))*2)+1)))))
2851	(1*(1-(2*(3*(((5-(81*3))*2)+1)))))
2852	(1+(1-(2*(3*(((5-(81*3))*2)+1)))))
2853	(1*(1-(2+(35-((8+1)*321)))))
2854	(1+(1-(2+(35-((8+1)*321)))))
2855	(1*(1-(2-((3+(5*81))*((3*2)+1)))))
2856	(1-(1+(2*(3*((5-(81*3))*(2*1))))))
2857	(1*(1-(2*(3*((5-(81*3))*(2*1))))))
2858	(1+(1-(2*(3*((5-(81*3))*(2*1))))))
2859	(1*(1+(2+((3+(5*81))*((3*2)+1)))))
2860	(1-(1+(2*((3-58)*(13*(2*1))))))
2861	(1*(1-(2*((3-58)*(13*(2*1))))))
2862	(1-(1+(2*(3*(((5-(81*3))*2)-1)))))
2863	(1*(1-(2*(3*(((5-(81*3))*2)-1)))))
2864	(1-(1+(2*(3-(5*(((8+1)*32)-1))))))
2865	(1*(1-(2*(3-(5*(((8+1)*32)-1))))))
2866	(1+(1-(2*(3-(5*(((8+1)*32)-1))))))
2867	(1*(1+(2-(358*(1-(3*(2+1)))))))
2868	(1-(1+(2-(35*(81+(3-(2*1)))))))
2869	(1*(1-(2-(35*(81+(3-(2*1)))))))
2870	(1-(1-(2*(35*(8+(1*(32+1)))))))
2871	(1*(1+(2*(35*(8+(1*(32+1)))))))
2872	(1-(1+(2*(3-((5*((8+1)*32))-1)))))
2873	(1*(1-(2*(3-((5*((8+1)*32))-1)))))
2874	(1-(1+(2*(3-(5*((8+1)*(32*1)))))))
2875	(1*(1-(2*(3-(5*((8+1)*(32*1)))))))
2876	(1+(1-(2*(3-(5*((8+1)*(32*1)))))))
2877	(1*(1+(2*(3+(5*(((8+1)*32)-1))))))
2878	(1-(1+(2-(3*(5*(8*(1*(3+21))))))))
2879	(1*(1-(2-(3*(5*(8*(1*(3+21))))))))
2880	(1+(1-(2-(3*(5*(8*(1*(3+21))))))))
2881	(1*(1+(2*(3*(5*(8*(13-(2-1))))))))
2882	(1-(1-(2+(3*(5*(8*(1*(3+21))))))))
2883	(1*(1+(2+(3*(5*(8*(1*(3+21))))))))
2884	(1+(1+(2+(3*(5*(8*(1*(3+21))))))))
2885	(1+(1+(2-(3+(5-((8+1)*321))))))
2886	(1-(1+(2*(3*(5-(81*(3+(2+1))))))))
2887	(1*(1-(2*(3*(5-(81*(3+(2+1))))))))
2888	(1+(1-(2*(3*(5-(81*(3+(2+1))))))))
2889	(1-(1+(2+(3-(5+((8+1)*321))))))
2890	(1*(1-(2+(3-(5+((8+1)*321))))))
2891	(1+(1-(2+(3-(5+((8+1)*321))))))
2892	(1-(1+(2*(3*(5-((81*(3*2))+1))))))
2893	(1-(1-(2-(3-(5+((8+1)*321))))))
2894	(1*(1+(2-(3-(5+((8+1)*321))))))
2895	(1-(1+(2-(3+(5+((8+1)*321))))))
2896	(1*(1-(2-(3+(5+((8+1)*321))))))
2897	(1+(1-(2-(3+(5+((8+1)*321))))))
2898	(1+(1+(2*(3+(5*(((8+1)*32)+1))))))
2899	(1-(1-(2+(3+(5+((8+1)*321))))))
2900	(1-(1+(2*(3+(5+(81*(3-21)))))))
2901	(1*(1-(2*(3+(5+(81*(3-21)))))))
2902	(1+(1-(2*(3+(5+(81*(3-21)))))))
2903	(1+(1-(2+(3-((581*(3+2))+1)))))
2904	(1-(1-(2-(3-(581*(3+(2*1)))))))
2905	(1*(1+(2-(3-(581*(3+(2*1)))))))
2906	(1-(1-(2*(3+(58*(1+(3+21)))))))
2907	(1*(1+(2*(3+(58*(1+(3+21)))))))
2908	(1+(1+(2*(3+(58*(1+(3+21)))))))
2909	(1+(1-(2-(3+((581*(3+2))+1)))))
2910	(1-(1-(2+(3+(581*(3+(2*1)))))))
2911	(1*(1+(2+(3+(581*(3+(2*1)))))))
2912	(1-(1-(2*(3-(5+(81*(3-21)))))))
2913	(1*(1+(2*(3-(5+(81*(3-21)))))))
2914	(1+(1+(2*(3-(5+(81*(3-21)))))))
2915	(1*(1-(2-((3-5)*(81*(3-21))))))
2916	(1+(1-(2-((3-5)*(81*(3-21))))))
2917	(1*(1-(2*((3-5)*(81*(3*(2+1)))))))
2918	(1-(1-(2+((3-5)*(81*(3-21))))))
2919	(1*(1+(2+((3-5)*(81*(3-21))))))
2920	(1-(1+(2*(3-(5-(81*(3-21)))))))
2921	(1*(1-(2*(3-(5-(81*(3-21)))))))
2922	(1+(1-(2*(3-(5-(81*(3-21)))))))
2923	(1*(1-(2-(35+((8+1)*321)))))
2924	(1+(1-(2-(35+((8+1)*321)))))
2925	(1*(1+(2*((3+(5*8))*(1+(32+1))))))
2926	(1-(1-(2+(35+((8+1)*321)))))
2927	(1*(1+(2+(35+((8+1)*321)))))
2928	(1+(1+(2+(35+((8+1)*321)))))
2929	(1*(1+(2*((3+58)*(1*(3+21))))))
2930	(1+(1+(2*((3+58)*(1*(3+21))))))
2931	(1+(1+(23+((581*(3+2))+1))))
2932	(1-(1-(2*(3+(5-(81*(3-21)))))))
2933	(1*(1+(2*(3+(5-(81*(3-21)))))))
2934	(1+(1+(2*(3+(5-(81*(3-21)))))))
2935	(1-(1+(2-((3+(5+81))*(32+1)))))
2936	(1*(1-(2-((3+(5+81))*(32+1)))))
2937	(1+(1-(2-((3+(5+81))*(32+1)))))
2938	(1-(1+(2-(35*(81+(3*(2-1)))))))
2939	(1*(1-(2-(35*(81+(3*(2-1)))))))
2940	(1-(1-(2*(3*(5+((81*(3*2))-1))))))
2941	(1*(1+(2*(3*(5+((81*(3*2))-1))))))
2942	(1+(1+(2*(3*(5+((81*(3*2))-1))))))
2943	(1*(1+(2+(35*(81+(3*(2-1)))))))
2944	(1+(1+(2+(35*(81+(3*(2-1)))))))
2945	(1*(1-(2*((3+5)*(8*(1-(3+21)))))))
2946	(1-(1+(2*(3*(5+(8*(1-(3*21))))))))
2947	(1*(1-(2*(3*(5+(8*(1-(3*21))))))))
2948	(1+(1-(2*(3*(5+(8*(1-(3*21))))))))
2949	(1*(1+(2*((3*(5+(81*(3*2))))+1))))
2950	(1-(1+(2-(3*(((5*8)+1)*(3+21))))))
2951	(1*(1-(2-(3*(((5*8)+1)*(3+21))))))
2952	(1-(1-(2*(3*(5+((81*(3*2))+1))))))
2953	(1*(1+(2*(3*(5+((81*(3*2))+1))))))
2954	(1+(1+(2*(3*(5+((81*(3*2))+1))))))
2955	(1*(1+(2+(3*(((5*8)+1)*(3+21))))))
2956	(1-(1+(2+(3*(58*(1+(3-21)))))))
2957	(1*(1-(2+(3*(58*(1+(3-21)))))))
2958	(1+(1-(2+(3*(58*(1+(3-21)))))))
2959	(1-(1+(2-((35*(81+3))+21))))
2960	(1-(1-(2-(3*(58*(1+(3-21)))))))
2961	(1*(1+(2-(3*(58*(1+(3-21)))))))
2962	(1+(1+(2-(3*(58*(1+(3-21)))))))
2963	(1-(1-(2+((35*(81+3))+21))))
2964	(1-(1+(2*(3-(5*((8+1)*(32+1)))))))
2965	(1*(1-(2*(3-(5*((8+1)*(32+1)))))))
2966	(1+(1-(2*(3-(5*((8+1)*(32+1)))))))
2967	(1-(1-(23*(5-(8-(132*1))))))
2968	(1*(1+(23*(5-(8-(132*1))))))
2969	(1+(1+(23*(5-(8-(132*1))))))
2970	(1-(1-(2*(3*(5*(81-(3-21)))))))
2971	(1*(1+(2*(3*(5*(81-(3-21)))))))
2972	(1+(1+(2*(3*(5*(81-(3-21)))))))
2973	(1-(1+(2-(35*(81+(3+(2-1)))))))
2974	(1*(1-(2-(35*(81+(3+(2-1)))))))
2975	(1+(1-(2-(35*(81+(3+(2-1)))))))
2976	(1-(1-(2*(3+(5*((8+1)*(32+1)))))))
2977	(1*(1+(2*(3+(5*((8+1)*(32+1)))))))
2978	(1+(1+(2*(3+(5*((8+1)*(32+1)))))))
2979	(1+(1+(2+(35*(81+(3+(2-1)))))))
2980	(1+(1+(2+(((3*5)+81)*(32-1)))))
2981	(1+(1+(((2+35)*81)+(3-21))))
2982	(1-(1-(2*(3*(((5+(81*3))*2)+1)))))
2983	(1*(1+(2*(3*(((5+(81*3))*2)+1)))))
2984	(1+(1+(2*(3*(((5+(81*3))*2)+1)))))
2985	(1*((12+3)*((5*(8+(1*32)))-1)))
2986	(1-(1-(2*(35-(81*(3-21))))))
2987	(1*(1+(2*(35-(81*(3-21))))))
2988	(1-(1-(2*(3+((58+13)*21)))))
2989	(1*(1+(2*(3+((58+13)*21)))))
2990	(1+(1+(2*(3+((58+13)*21)))))
2991	(1*(1+(2*((3*58)+1321))))
2992	(1+(1+(2*((3*58)+1321))))
2993	(1*(1+(((2*3)+5)*(8*(1+(32+1))))))
2994	(1-(1+(2*(3*(5-(8*(1*(3*21))))))))
2995	(1*(1-(2*(3*(5-(8*(1*(3*21))))))))
2996	(1+(1-(2*(3*(5-(8*(1*(3*21))))))))
2997	(1+(1+((2+3)*(581-(3-21)))))
2998	(1-(1+(2-(3*(5*(8*(1+(3+21))))))))
2999	(1*(1-(2-(3*(5*(8*(1+(3+21))))))))
3000	(1+(1-(2-(3*(5*(8*(1+(3+21))))))))
3001	(1*(1+((2+3)*(5*(8*(13+(2*1)))))))
3002	(1-(1-(2+(3*(5*(8*(1+(3+21))))))))
3003	(1*(1+(2+(3*(5*(8*(1+(3+21))))))))
3004	(1+(1+(2+(3*(5*(8*(1+(3+21))))))))
3005	(1*(1-(2*((3-(58*13))*(2*1)))))
3006	(1-(1-(2*(3*(5-(8*(1-(3*21))))))))
3007	(1*(1+(2*(3*(5-(8*(1-(3*21))))))))
3008	(1+(1+(2*(3*(5-(8*(1-(3*21))))))))
3009	(1*(1-(2*(3-((58*(13*2))-1)))))
3010	(1-(1+(2*(3-(58*(13*(2*1)))))))
3011	(1*(1-(2*(3-(58*(13*(2*1)))))))
3012	(1+(1-(2*(3-(58*(13*(2*1)))))))
3013	(1*(1-(2*(3-((58*(13*2))+1)))))
3014	(1+(1-(2*(3-((58*(13*2))+1)))))
3015	(1-(1-(2+(((3*5)+8)*(132-1)))))
3016	(1*(1+(2+(((3*5)+8)*(132-1)))))
3017	(1+(1+(2+(((3*5)+8)*(132-1)))))
3018	(1+(123+(5+((8+1)*321))))
3019	(1-(1-(((23+581)*(3+2))-1)))
3020	(1-(1-(2*(3+((58*(13*2))-1)))))
3021	(1*(1+(2*(3+((58*(13*2))-1)))))
3022	(1-(1-(2*(3+(58*(13*(2*1)))))))
3023	(1*(1+(2*(3+(58*(13*(2*1)))))))
3024	(1+(1+(2*(3+(58*(13*(2*1)))))))
3025	(1*(1+(2*(3+((58*(13*2))+1)))))
3026	(1-(1-(2+(3*(((5*(8+1))+3)*21)))))
3027	(1*(1+(2+(3*(((5*(8+1))+3)*21)))))
3028	(1+(1+(2+(3*(((5*(8+1))+3)*21)))))
3029	(1*(1+(2*((3+(58*13))*(2*1)))))
3030	(1-(1-(2*(3*(5*((8*13)-(2+1)))))))
3031	(1*(1+(2*(3*(5*((8*13)-(2+1)))))))
3032	(1+(1+(2*(3*(5*((8*13)-(2+1)))))))
3033	(1-(1+(2-((((3*5)+8)*132)-1))))
3034	(1-(1+(2-(((3*5)+8)*(132*1)))))
3035	(1*(1-(2-(((3*5)+8)*(132*1)))))
3036	(1+(1-(2-(((3*5)+8)*(132*1)))))
3037	(1*(1-(2*((35-81)*(32+1)))))
3038	(1-(1-(2+(((3*5)+8)*(132*1)))))
3039	(1*(1+(2+(((3*5)+8)*(132*1)))))
3040	(1+(1+(2+(((3*5)+8)*(132*1)))))
3041	(1+(1+(2+((((3*5)+8)*132)+1))))
3042	(1-(1+(2*(3*(5-(8*(1+(3*21))))))))
3043	(1*(1-(2*(3*(5-(8*(1+(3*21))))))))
3044	(1+(1-(2*(3*(5-(8*(1+(3*21))))))))
3045	(1+(1-(2-(35*(81+(3+(2+1)))))))
3046	(1+(1-(2-((35*(81+(3*2)))+1))))
3047	(1-(1-(2+(35*(81+(3+(2+1)))))))
3048	(1*(1+(2+(35*(81+(3+(2+1)))))))
3049	(1+(1+(2+(35*(81+(3+(2+1)))))))
3050	(1-(1-(2*((3+58)*(1+(3+21))))))
3051	(1*(1+(2*((3+58)*(1+(3+21))))))
3052	(1+(1+(2*((3+58)*(1+(3+21))))))
3053	(1-((1+(2*3))*(5-((8-1)*(3*21)))))
3054	(1-(1-(2*(3*(5+(8*(1*(3*21))))))))
3055	(1*(1+(2*(3*(5+(8*(1*(3*21))))))))
3056	(1+(1+(2*(3*(5+(8*(1*(3*21))))))))
3057	(1-(1+(2-(((3*5)+8)*(132+1)))))
3058	(1*(1-(2-(((3*5)+8)*(132+1)))))
3059	(1+(1-(2-(((3*5)+8)*(132+1)))))
3060	(1-(1-(2*(3*(5*((8*13)-(2*1)))))))
3061	(1*(1+(2*(3*(5*((8*13)-(2*1)))))))
3062	(1+(1+(2*(3*(5*((8*13)-(2*1)))))))
3063	(1+(1+(2+(((3*5)+8)*(132+1)))))
3064	(1+(1+(2*((3*(5*((8*13)-2)))+1))))
3065	(1-(1-((2+3)*(581+(32*1)))))
3066	(1-(1-(2*(3*((5*((8*13)-2))+1)))))
3067	(1*(1+(2*(3*((5*((8*13)-2))+1)))))
3068	(1+(1+(2*(3*((5*((8*13)-2))+1)))))
3069	(1-(1+(2-((((3*5)+81)*32)-1))))
3070	(1-(1+(2-(((3*5)+81)*(32*1)))))
3071	(1*(1-(2-(((3*5)+81)*(32*1)))))
3072	(1-(1-(2*(3-((5-(81-3))*21)))))
3073	(1*(1+(2*(3-((5-(81-3))*21)))))
3074	(1+(1+(2*(3-((5-(81-3))*21)))))
3075	(1*(1+(2+(((3*5)+81)*(32*1)))))
3076	(1-(1+(2+(3*((58-1)*(3-21))))))
3077	(1*(1-(2+(3*((58-1)*(3-21))))))
3078	(1+(1-(2+(3*((58-1)*(3-21))))))
3079	(1*(1+(2*(3*((58-1)*(3*(2+1)))))))
3080	(1-(1-(2-(3*((58-1)*(3-21))))))
3081	(1*(1+(2-(3*((58-1)*(3-21))))))
3082	(1+(1+(2-(3*((58-1)*(3-21))))))
3083	(1*(1+(2+(35*(8*(13-(2*1)))))))
3084	(1+(1+(2+(35*(8*(13-(2*1)))))))
3085	(1+(1+(2+((35*(8*(13-2)))+1))))
3086	(1+(1+((23*(5*((8+1)*3)))-21)))
3087	(1-(1+((((2-(3+5))*8)-1)*(3*21))))
3088	(1*(1-((((2-(3+5))*8)-1)*(3*21))))
3089	(1+(1-((((2-(3+5))*8)-1)*(3*21))))
3090	(1-(1-(2*(3*(5*((8*13)-(2-1)))))))
3091	(1*(1+(2*(3*(5*((8*13)-(2-1)))))))
3092	(1+(1+(2*(3*(5*((8*13)-(2-1)))))))
3093	(1+(1+(((2*3)+5)*(8+(13*21)))))
3094	(1-(1-(2*((3*((5+81)*(3*2)))-1))))
3095	(1*(1+(2*((3*((5+81)*(3*2)))-1))))
3096	(1-(1-(2*(3*((5+81)*(3+(2+1)))))))
3097	(1*(1+(2*(3*((5+81)*(3+(2+1)))))))
3098	(1+(1+(2*(3*((5+81)*(3+(2+1)))))))
3099	(1*(1+(2*((3*((5+81)*(3*2)))+1))))
3100	(1+(1+(2*((3*((5+81)*(3*2)))+1))))
3101	(1*(1-((2+3)*(5*(8-(132*1))))))
3102	(1-(1-(2*(3*(5+(8*(1+(3*21))))))))
3103	(1*(1+(2*(3*(5+(8*(1+(3*21))))))))
3104	(1+(1+(2*(3*(5+(8*(1+(3*21))))))))
3105	(1+(1-(2-(3*(5*((8*(13*2))-1))))))
3106	(1-(1+(2+((3-(5*8))*((1+3)*21)))))
3107	(1-(1-(2+(3*(5*((8*(13*2))-1))))))
3108	(1*(1+(2+(3*(5*((8*(13*2))-1))))))
3109	(1+(1+(2+(3*(5*((8*(13*2))-1))))))
3110	(1+(1+(2*(3*(581-(3*21))))))
3111	(1*(1+(2-((3-(5*8))*((1+3)*21)))))
3112	(1+(1+(2-((3-(5*8))*((1+3)*21)))))
3113	(1-(1+(2-(35*((8*(13-2))+1)))))
3114	(1-(1+(2*(3+(5*(8+(1-321)))))))
3115	(1*(1-(2*(3+(5*(8+(1-321)))))))
3116	(1+(1-(2*(3+(5*(8+(1-321)))))))
3117	(1+(1-(2-(3*((5*(8*(13*2)))-1)))))
3118	(1-(1+(2-(3*(5*(8*(13*(2*1))))))))
3119	(1*(1-(2-(3*(5*(8*(13*(2*1))))))))
3120	(1-(1-(2*(3*(5*(8*(13*(2-1))))))))
3121	(1*(1+(2*(3*(5*(8*(13*(2-1))))))))
3122	(1+(1+(2*(3*(5*(8*(13*(2-1))))))))
3123	(1*(1+(2+(3*(5*(8*(13*(2*1))))))))
3124	(1-(1+(2*(3+(5*(8-(1*321)))))))
3125	(1*(1-(2*(3+(5*(8-(1*321)))))))
3126	(1-(1-(2*(3-(5*(8+(1-321)))))))
3127	(1*(1+(2*(3-(5*(8+(1-321)))))))
3128	(1+(1+(2*(3-(5*(8+(1-321)))))))
3129	(1+(1-(2+(3*(5-(8*(132-1)))))))
3130	(1-(1+(2+(3*(58*(1*(3-21)))))))
3131	(1-(1-(2-(3*(5-(8*(132-1)))))))
3132	(1*(1+(2-(3*(5-(8*(132-1)))))))
3133	(1+(1+(2-(3*(5-(8*(132-1)))))))
3134	(1-(1+(2*(3+(5*(8-(1+321)))))))
3135	(1*(1-(2*(3+(5*(8-(1+321)))))))
3136	(1+(1-(2*(3+(5*(8-(1+321)))))))
3137	(1*(1+(2*(3-(5*(8-(1*321)))))))
3138	(1+(1+(2*(3-(5*(8-(1*321)))))))
3139	(1+(1+(2+(3*(5*((8*(13*2))+1))))))
3140	(1+(1+(2*(3+(58*((13*2)+1))))))
3141	(1*(1-((2+(3+5))*(8-(1+321)))))
3142	(1+(1-((2+(3+5))*(8-(1+321)))))
3143	(1+(1+(((2*(3*58))+1)*(3*(2+1)))))
3144	(1-(1-(((2*(3+5))+8)*(132-1))))
3145	(1-(1-((2+35)*(81+(3+(2-1))))))
3146	(1-(1-(2*(3-(5*(8-(1+321)))))))
3147	(1*(1+(2*(3-(5*(8-(1+321)))))))
3148	(1+(1+(2*(3-(5*(8-(1+321)))))))
3149	(1*(1-(2-(3*(5*((8-(1-3))*21))))))
3150	(1-(1-(2*(3*(5*(81+(3+21)))))))
3151	(1-(1+(2+(3*(5-(8*(132*1)))))))
3152	(1*(1-(2+(3*(5-(8*(132*1)))))))
3153	(1+(1-(2+(3*(5-(8*(132*1)))))))
3154	(1+(1+(2+(3*(5*((8-(1-3))*21))))))
3155	(1-(1-(2-(3*(5-(8*(132*1)))))))
3156	(1*(1+(2-(3*(5-(8*(132*1)))))))
3157	(1-(1+(2-(3*(5+(8*(132-1)))))))
3158	(1*(1-(2-(3*(5+(8*(132-1)))))))
3159	(1+(1-(2-(3*(5+(8*(132-1)))))))
3160	(1+(1+(2-(3*(5-((8*132)+1))))))
3161	(1-(1-(2+(3*(5+(8*(132-1)))))))
3162	(1*(1+(2+(3*(5+(8*(132-1)))))))
3163	(1+(1+(2+(3*(5+(8*(132-1)))))))
3164	(1+(1+(2*((3*(5*(8*13)))+21))))
3165	(1*(1+((23+5)*(81+(32*1)))))
3166	(1-(1+(2-(((3*5)+81)*(32+1)))))
3167	(1*(1-(2-(((3*5)+81)*(32+1)))))
3168	(1-(1+(2*((3-5)*(813-21)))))
3169	(1*(1-(2*((3-5)*(813-21)))))
3170	(1+(1-(2*((3-5)*(813-21)))))
3171	(1*(1+(2+(((3*5)+81)*(32+1)))))
3172	(1-(1-(2*((3+58)*(13*(2*1))))))
3173	(1*(1+(2*((3+58)*(13*(2*1))))))
3174	(1-(1-(2*(3*((5*((8*13)+2))-1)))))
3175	(1-(1+(2+(3*(5-(8*(132+1)))))))
3176	(1*(1-(2+(3*(5-(8*(132+1)))))))
3177	(1+(1-(2+(3*(5-(8*(132+1)))))))
3178	(1-(1+(2-(3*(5+((8*132)-1))))))
3179	(1-(1-(2-(3*(5-(8*(132+1)))))))
3180	(1*(1+(2-(3*(5-(8*(132+1)))))))
3181	(1+(1+(2-(3*(5-(8*(132+1)))))))
3182	(1*(1-(2-(3*(5+(8*(132*1)))))))
3183	(1+(1-(2-(3*(5+(8*(132*1)))))))
3184	(1-(1+(2-(3*(5+((8*132)+1))))))
3185	(1-(1-(2+(3*(5+(8*(132*1)))))))
3186	(1*(1+(2+(3*(5+(8*(132*1)))))))
3187	(1+(1+(2+(3*(5+(8*(132*1)))))))
3188	(1-(1-(2+(3*(5+((8*132)+1))))))
3189	(1*(1+(2+(3*(5+((8*132)+1))))))
3190	(1+(1+(2+(3*(5+((8*132)+1))))))
3191	(1*(1-(2*((((3*5)-813)*2)+1))))
3192	(1-(1+(2*(3*((5-81)*((3*2)+1))))))
3193	(1*(1-(2*(3*((5-81)*((3*2)+1))))))
3194	(1+(1-(2*(3*((5-81)*((3*2)+1))))))
3195	(1*(1-(2*((((3*5)-813)*2)-1))))
3196	(1+(1-(2*((((3*5)-813)*2)-1))))
3197	(1-(1+(23*(5+(8*(1*(3-21)))))))
3198	(1-(1+(2-((3-(5+8))*(1-321)))))
3199	(1*(1-(2-((3-(5+8))*(1-321)))))
3200	(1-(1-(2*((3+5)*(8*(1+(3+21)))))))
3201	(1*(1+(2*((3+5)*(8*(1+(3+21)))))))
3202	(1+(1+(2*((3+5)*(8*(1+(3+21)))))))
3203	(1*(1+(2+((3-(5+8))*(1-321)))))
3204	(1+(1+(2+((3-(5+8))*(1-321)))))
3205	(1-(1+(2-(3*(5+(8*(132+1)))))))
3206	(1*(1-(2-(3*(5+(8*(132+1)))))))
3207	(1+(1-(2-(3*(5+(8*(132+1)))))))
3208	(1+(1-(2*(35-((81-3)*21)))))
3209	(1-(1-(2+(3*(5+(8*(132+1)))))))
3210	(1*(1+(2+(3*(5+(8*(132+1)))))))
3211	(1+(1+(2+(3*(5+(8*(132+1)))))))
3212	(1+(1+(2*(3*(5*((8*13)+(2+1)))))))
3213	(1*(1+(2-((3-(5+8))*(1*321)))))
3214	(1-(1+(2-((3+5)*(81+321)))))
3215	(1*(1-(2-((3+5)*(81+321)))))
3216	(1+(1-(2-((3+5)*(81+321)))))
3217	(1*(1-(2*((3-(5*81))*(3+(2-1))))))
3218	(1-(1+(2-(35*(8+((1+3)*21))))))
3219	(1*(1-(2-(35*(8+((1+3)*21))))))
3220	(1+(1-(2-(35*(8+((1+3)*21))))))
3221	(1*(1+(2*(35*(((8+1)*(3+2))+1)))))
3222	(1-(1-(2+(35*(8+((1+3)*21))))))
3223	(1*(1+(2+(35*(8+((1+3)*21))))))
3224	(1-(1+(2*(3+(((5-813)*2)+1)))))
3225	(1*(1-(2*(3+(((5-813)*2)+1)))))
3226	(1-(1+(2*(3+((5-813)*(2*1))))))
3227	(1*(1-(2*(3+((5-813)*(2*1))))))
3228	(1+(1-(2*(3+((5-813)*(2*1))))))
3229	(1*(1-(2*(3+(((5-813)*2)-1)))))
3230	(1+(1-(2*(3+(((5-813)*2)-1)))))
3231	(1*(1-(2-((3+5)*((81*(3+2))-1)))))
3232	(1+(1-(2-((3+5)*((81*(3+2))-1)))))
3233	(1-(1-(2+((358+1)*(3*(2+1))))))
3234	(1-(1+(2*(3-(5*(81*(3+(2-1))))))))
3235	(1*(1-(2*(3-(5*(81*(3+(2-1))))))))
3236	(1+(1-(2*(3-(5*(81*(3+(2-1))))))))
3237	(1*(1-(2*(3+(5-(813*(2*1)))))))
3238	(1-(1+(2-(3*(5*(8*((13*2)+1)))))))
3239	(1*(1-(2-(3*(5*(8*((13*2)+1)))))))
3240	(1+(1-(2-(3*(5*(8*((13*2)+1)))))))
3241	(1*(1+(2*(3-(((5-813)*2)-1)))))
3242	(1-(1-(2+(3*(5*(8*((13*2)+1)))))))
3243	(1*(1+(2+(3*(5*(8*((13*2)+1)))))))
3244	(1+(1+(2+(3*(5*(8*((13*2)+1)))))))
3245	(1*(1-(2*((3-5)*(813-(2*1))))))
3246	(1-(1-(2*(3+(5*(81*(3+(2-1))))))))
3247	(1*(1+(2*(3+(5*(81*(3+(2-1))))))))
3248	(1+(1+(2*(3+(5*(81*(3+(2-1))))))))
3249	(1*(1+(2*(3-(5-(813*(2*1)))))))
3250	(1+(1+(2*(3-(5-(813*(2*1)))))))
3251	(1*(1+(2*(3-(5-((813*2)+1))))))
3252	(1+(1+(2*(3-(5-((813*2)+1))))))
3253	(1-(1+(2-(3*(5*((8-1)*(32-1)))))))
3254	(1*(1-(2-(3*(5*((8-1)*(32-1)))))))
3255	(1+(1-(2-(3*(5*((8-1)*(32-1)))))))
3256	(1-(1+(2*(3-(5+(813*(2*1)))))))
3257	(1-(1-(2+(3*(5*((8-1)*(32-1)))))))
3258	(1*(1+(2+(3*(5*((8-1)*(32-1)))))))
3259	(1+(1+(2+(3*(5*((8-1)*(32-1)))))))
3260	(1-(1+(2*(3+(5-((81-3)*21))))))
3261	(1*(1-(2*(3+(5-((81-3)*21))))))
3262	(1+(1-(2*(3+(5-((81-3)*21))))))
3263	(1*(1+(2+(3581-321))))
3264	(1-(1+(2*(3-(((5+813)*2)-1)))))
3265	(1*(1-(2*(3-(((5+813)*2)-1)))))
3266	(1-(1-(2*(3+(5+((813*2)-1))))))
3267	(1*(1+(2*(3+(5+((813*2)-1))))))
3268	(1-(1-(2*(3+(5+(813*(2*1)))))))
3269	(1*(1+(2*(3+(5+(813*(2*1)))))))
3270	(1+(1+(2*(3+(5+(813*(2*1)))))))
3271	(1*(1+(2*(3+(5+((813*2)+1))))))
3272	(1-(1-(2*(3-(5-((81-3)*21))))))
3273	(1*(1+(2*(3-(5-((81-3)*21))))))
3274	(1-(1+(2*(3-(5*(8-(1-321)))))))
3275	(1*(1-(2*(3-(5*(8-(1-321)))))))
3276	(1+(1-(2*(3-(5*(8-(1-321)))))))
3277	(1*(1-(2*(3*((5+8)*((1-3)*21))))))
3278	(1-(1-(2+(3*((5+8)*((1+3)*21))))))
3279	(1*(1+(2+(3*((5+8)*((1+3)*21))))))
3280	(1-(1+(2*(3-(5+((81-3)*21))))))
3281	(1*(1-(2*(3-(5+((81-3)*21))))))
3282	(1+(1-(2*(3-(5+((81-3)*21))))))
3283	(1*(1+(2*((3*5)+(813*(2*1))))))
3284	(1-(1+(2*(3-(5*(8+(1*321)))))))
3285	(1*(1-(2*(3-(5*(8+(1*321)))))))
3286	(1-(1-(2*(3+(5*(8-(1-321)))))))
3287	(1*(1+(2*(3+(5*(8-(1-321)))))))
3288	(1+(1+(2*(3+(5*(8-(1-321)))))))
3289	(1*(1+(2*(3*(581-(32+1))))))
3290	(1+(1+(2*(3*(581-(32+1))))))
3291	(1*(1+(2*(35*(8+(13*(2+1)))))))
3292	(1-(1-(2*(3+(5+((81-3)*21))))))
3293	(1*(1+(2*(3+(5+((81-3)*21))))))
3294	(1-(1+(2*(3-(5*(8+(1+321)))))))
3295	(1*(1-(2*(3-(5*(8+(1+321)))))))
3296	(1+(1-(2*(3-(5*(8+(1+321)))))))
3297	(1*(1+(2*(3+(5*(8+(1*321)))))))
3298	(1+(1+(2*(3+(5*(8+(1*321)))))))
3299	(1-(1-(2-((3-(5*(8*(1+3))))*21))))
3300	(1-(1-(2*(3*(581-(32-1))))))
3301	(1*(1+(2*(3*(581-(32-1))))))
3302	(1+(1+(2*(3*(581-(32-1))))))
3303	(1+(1-(((2-(35-8))*132)-1)))
3304	(1-(1+(2-(3*(58*(1-(3-21)))))))
3305	(1*(1-(2-(3*(58*(1-(3-21)))))))
3306	(1-(1-(2*(3+(5*(8+(1+321)))))))
3307	(1*(1+(2*(3+(5*(8+(1+321)))))))
3308	(1+(1+(2*(3+(5*(8+(1+321)))))))
3309	(1*(1+(2+(3*(58*(1-(3-21)))))))
3310	(1+(1+(2+(3*(58*(1-(3-21)))))))
3311	(1*(1+(2*((((3*5)+813)*2)-1))))
3312	(1-(1+(2*(3+((5-(81+3))*21)))))
3313	(1*(1-(2*(3+((5-(81+3))*21)))))
3314	(1+(1-(2*(3+((5-(81+3))*21)))))
3315	(1*(1+(2*((((3*5)+813)*2)+1))))
3316	(1+(1+(2*((((3*5)+813)*2)+1))))
3317	(1+(1-((2-(3*5))*((8*(1*32))-1))))
3318	(1*(1+(((23*5)-8)*(1*(32-1)))))
3319	(1+(1+(((23*5)-8)*(1*(32-1)))))
3320	(1-(1-(2*(35+((813*2)-1)))))
3321	(1*(1+(2*(35+((813*2)-1)))))
3322	(1-(1-(2*(35+(813*(2*1))))))
3323	(1*(1+(2*(35+(813*(2*1))))))
3324	(1-(1-(2*(3-((5-(81+3))*21)))))
3325	(1*(1+(2*(3-((5-(81+3))*21)))))
3326	(1+(1+(2*(3-((5-(81+3))*21)))))
3327	(1*(1+(2*(((3+5)*(8*(13*2)))-1))))
3328	(1-(1+(2-(3*(5*((81*3)-21))))))
3329	(1*(1-(2-(3*(5*((81*3)-21))))))
3330	(1+(1-(2-(3*(5*((81*3)-21))))))
3331	(1*(1+(2*(((3+5)*(8*(13*2)))+1))))
3332	(1-(1-(2+(3*(5*((81*3)-21))))))
3333	(1*(1+(2+(3*(5*((81*3)-21))))))
3334	(1+(1+(2+(3*(5*((81*3)-21))))))
3335	(1-(1-(23*(5+(8+(132*1))))))
3336	(1-(1+(2*((3-5)*(813+21)))))
3337	(1-(1+(2-(3*(((5*8)+13)*21)))))
3338	(1*(1-(2-(3*(((5*8)+13)*21)))))
3339	(1+(1-(2-(3*(((5*8)+13)*21)))))
3340	(1*(1-((2+(3-58))*(1*(3*21)))))
3341	(1-(1-(2+(3*(((5*8)+13)*21)))))
3342	(1-(1-(2*(3*(581-(3+21))))))
3343	(1-(1+(2-(3*(5*(((8-1)*32)-1))))))
3344	(1*(1-(2-(3*(5*(((8-1)*32)-1))))))
3345	(1+(1-(2-(3*(5*(((8-1)*32)-1))))))
3346	(1-(1-(2*(35+((81-3)*21)))))
3347	(1-(1-(2+(3*(5*(((8-1)*32)-1))))))
3348	(1*(1+(2+(3*(5*(((8-1)*32)-1))))))
3349	(1+(1+(2+(3*(5*(((8-1)*32)-1))))))
3350	(1+(1-(2*((35-8)*(1-(3*21))))))
3351	(1*(1+(2*((((35*8)-1)*(3*2))+1))))
3352	(1+(1+(2*((((35*8)-1)*(3*2))+1))))
3353	(1-(1-((((2*(35*8))-1)*(3*2))-1)))
3354	(1-(1+(2*(3+(5*(8*((1-3)*21)))))))
3355	(1-(1+(2+(3-(5*(8*((1+3)*21)))))))
3356	(1*(1-(2+(3-(5*(8*((1+3)*21)))))))
3357	(1+(1-(2+(3-(5*(8*((1+3)*21)))))))
3358	(1-(1+(2-(3*(5*((8-1)*(32*1)))))))
3359	(1-(1-(2-(3-(5*(8*((1+3)*21)))))))
3360	(1-(1-(2*(3*(5*(8*(13+(2-1))))))))
3361	(1*(1+(2*(3*(5*(8*(13+(2-1))))))))
3362	(1+(1+(2*(3*(5*(8*(13+(2-1))))))))
3363	(1+(1-(2-(3+(5*(8*((1+3)*21)))))))
3364	(1+(1+(2+(3*(5*((8-1)*(32*1)))))))
3365	(1-(1-(2+(3+(5*(8*((1+3)*21)))))))
3366	(1*(1+(2+(3+(5*(8*((1+3)*21)))))))
3367	(1+(1+(2+(3+(5*(8*((1+3)*21)))))))
3368	(1+(1+(2*(3-(5*(8*((1-3)*21)))))))
3369	(1+(1-(((2-35)*((8*13)-2))-1)))
3370	(1-(1-(2*((((35*8)+1)*(3*2))-1))))
3371	(1*(1+(2*((((35*8)+1)*(3*2))-1))))
3372	(1-(1+(2*(3*(5-(81*((3*2)+1)))))))
3373	(1*(1-(2*(3*(5-(81*((3*2)+1)))))))
3374	(1+(1-(2*(3*(5-(81*((3*2)+1)))))))
3375	(1+(1-(2-(3*(5*(((8-1)*32)+1))))))
3376	(1+(1+(2*((((35*8)+1)*(3*2))+1))))
3377	(1-(1-(2+(3*(5*(((8-1)*32)+1))))))
3378	(1*(1+(2+(3*(5*(((8-1)*32)+1))))))
3379	(1+(1+(2+(3*(5*(((8-1)*32)+1))))))
3380	(1+(1+(2*(3*(581+(3-21))))))
3381	(1+(1-(2-(((3*58)-13)*21))))
3382	(1*(1-(23*(5-(8*(1-(3-21)))))))
3383	(1-(1-(2+(((3*58)-13)*21))))
3384	(1-(1-(2*(3*((5*(81+32))-1)))))
3385	(1*(1+(2*(3*((5*(81+32))-1)))))
3386	(1+(1+(2*(3*((5*(81+32))-1)))))
3387	(1+(1+((2+3)*(5+(8*((1+3)*21))))))
3388	(1-(1-(2*((3*(5*(81+32)))-1))))
3389	(1*(1+(2*((3*(5*(81+32)))-1))))
3390	(1-(1-(2*(3*(5*(81+(32*1)))))))
3391	(1*(1+(2*(3*(5*(81+(32*1)))))))
3392	(1+(1+(2*(3*(5*(81+(32*1)))))))
3393	(1*(1+(2*((35+813)*(2*1)))))
3394	(1+(1+(2*((35+813)*(2*1)))))
3395	(1*(1+(2*(((35+813)*2)+1))))
3396	(1-(1-(2*(3*((5*(81+32))+1)))))
3397	(1*(1+(2*(3*((5*(81+32))+1)))))
3398	(1+(1+(2*(3*((5*(81+32))+1)))))
3399	(1-(1+((2-35)*((8*13)-(2-1)))))
3400	(1-(1+(2*(3-((5+8)*(132-1))))))
3401	(1*(1-(2*(3-((5+8)*(132-1))))))
3402	(1+(1-(2*(3-((5+8)*(132-1))))))
3403	(1*(1-(2*(3*((5-(8*(1+3)))*21)))))
3404	(1+(1-(2*(3*((5-(8*(1+3)))*21)))))
3405	(1*(1+(2+(3*((58-(1+3))*21)))))
3406	(1+(1+(2+(3*((58-(1+3))*21)))))
3407	(1*(1+((23-(5-8))*(132-1))))
3408	(1-(1+(2-((3-58)*(1-(3*21))))))
3409	(1*(1-(2-((3-58)*(1-(3*21))))))
3410	(1+(1-(2-((3-58)*(1-(3*21))))))
3411	(1*(1-(2*((3-58)*(1*(32-1))))))
3412	(1-(1-(2*(3+((5+8)*(132-1))))))
3413	(1*(1+(2*(3+((5+8)*(132-1))))))
3414	(1+(1+(2*(3+((5+8)*(132-1))))))
3415	(1+(12+(3*((58-(1+3))*21))))
3416	(1*((1-(2-(3*5)))*((81*3)+(2-1))))
3417	(1*((1+2)*((3*(5*(81-(3+2))))-1)))
3418	(1+((1+2)*((3*(5*(81-(3+2))))-1)))
3419	(1-(1+((2-(3*5))*((8*(1+32))-1))))
3420	(1-(1-(2*(3*(5*(81+(32+1)))))))
3421	(1*(1+(2*(3*(5*(81+(32+1)))))))
3422	(1+(1+(2*(3*(5*(81+(32+1)))))))
3423	(1*(1+(2*((3*581)-(32*1)))))
3424	(1-(1+(2*(3-(((5+8)*132)-1)))))
3425	(1*(1-(2*(3-(((5+8)*132)-1)))))
3426	(1-(1+(2*(3-((5+8)*(132*1))))))
3427	(1*(1-(2*(3-((5+8)*(132*1))))))
3428	(1+(1-(2*(3-((5+8)*(132*1))))))
3429	(1*(1-(2*(3-(((5+8)*132)+1)))))
3430	(1+(1-(2*(3-(((5+8)*132)+1)))))
3431	(1*(1+(2*(35*(81-(32*1))))))
3432	(1-(1-(2*(3*(5+(81*((3*2)+1)))))))
3433	(1*(1+(2*(3*(5+(81*((3*2)+1)))))))
3434	(1+(1+(2*(3*(5+(81*((3*2)+1)))))))
3435	(1-(1+(((2-35)*(8*13))-(2+1))))
3436	(1-(1-(2*(3+(((5+8)*132)-1)))))
3437	(1*(1+(2*(3+(((5+8)*132)-1)))))
3438	(1-(1-(2*(3+((5+8)*(132*1))))))
3439	(1*(1+(2*(3+((5+8)*(132*1))))))
3440	(1+(1+(2*(3+((5+8)*(132*1))))))
3441	(1*(1+(2*(3+(((5+8)*132)+1)))))
3442	(1+(1+(2*(3+(((5+8)*132)+1)))))
3443	(1-(1+(((2*3)+5)*(8-(1*321)))))
3444	(1-(1-(2*(3*(581-((3*2)+1))))))
3445	(1*(1+(2*(3*(581-((3*2)+1))))))
3446	(1+(1+(2*(3*(581-((3*2)+1))))))
3447	(1+(1+((2-(3*5))*(8-(13*21)))))
3448	(1-(1-(2*((3*(581-(3*2)))-1))))
3449	(1*(1+(2*((3*(581-(3*2)))-1))))
3450	(1-(1-(2*(3*(581-(3+(2+1)))))))
3451	(1*(1+(2*(3*(581-(3+(2+1)))))))
3452	(1-(1+(2*(3-((5+8)*(132+1))))))
3453	(1*(1-(2*(3-((5+8)*(132+1))))))
3454	(1+(1-(2*(3-((5+8)*(132+1))))))
3455	(1*(1+(2*((3*(581-(3+2)))-1))))
3456	(1-(1-(2*(3*(581-(3+(2*1)))))))
3457	(1*(1+(2*(3*(581-(3+(2*1)))))))
3458	(1+(1+(2*(3*(581-(3+(2*1)))))))
3459	(1*(1-(2*(35-((81+3)*21)))))
3460	(1+(1-(2*(35-((81+3)*21)))))
3461	(1+(1-((2*(3-(581*3)))+21)))
3462	(1-(1-(2*(3*(581-(3+(2-1)))))))
3463	(1-(1+(2-(3*(5*((8-1)*(32+1)))))))
3464	(1*(1-(2-(3*(5*((8-1)*(32+1)))))))
3465	(1+(1-(2-(3*(5*((8-1)*(32+1)))))))
3466	(1+(1+(2*(3+((5+8)*(132+1))))))
3467	(1-(1-(2+(3*(5*((8-1)*(32+1)))))))
3468	(1*(1+(2+(3*(5*((8-1)*(32+1)))))))
3469	(1+(1+(2+(3*(5*((8-1)*(32+1)))))))
3470	(1+(1+(2*(3*(581-(3*(2-1)))))))
3471	(1*(1+(2+(3*((581-3)*(2*1))))))
3472	(1+(1+(2+(3*((581-3)*(2*1))))))
3473	(1-(1-(2+(3*(((581-3)*2)+1)))))
3474	(1-(1+(2*(3+(58*(1-(32-1)))))))
3475	(1*(1-(2*(3+(58*(1-(32-1)))))))
3476	(1+(1-(2*(3+(58*(1-(32-1)))))))
3477	(1*(1-(2*(3-((581*3)-(2*1))))))
3478	(1-(1+(2*(3-((581*3)-(2-1))))))
3479	(1*(1-(2*(3-((581*3)-(2-1))))))
3480	(1-(1-(2*(3*(58*(1+(3*(2+1))))))))
3481	(1*(1+(2*(3*(58*(1+(3*(2+1))))))))
3482	(1+(1+(2*(3*(58*(1+(3*(2+1))))))))
3483	(1+(1-(2+(3-(581*(3+(2+1)))))))
3484	(1-(1+(2-(3*(581*(3-(2-1)))))))
3485	(1-(1-(2-(3-(581*(3+(2+1)))))))
3486	(1-(1-(2*(3-(58*(1-(32-1)))))))
3487	(1*(1+(2*(3-(58*(1-(32-1)))))))
3488	(1+(1+(2*(3-(58*(1-(32-1)))))))
3489	(1+(1-(2-(3+(581*(3+(2+1)))))))
3490	(1+(1+(2+(3*(581*(3-(2-1)))))))
3491	(1-(1-(2+(3+(581*(3+(2+1)))))))
3492	(1*(1+(2+(3+(581*(3+(2+1)))))))
3493	(1+(1+(2+(3+(581*(3+(2+1)))))))
3494	(1+(1+(2*(3+(581*(3*(2-1)))))))
3495	(1*(1+(2*(3+((581*3)+(2-1))))))
3496	(1+(1+(2*(3+((581*3)+(2-1))))))
3497	(1*(1+(2*(3+((581*3)+(2*1))))))
3498	(1-(1-(2*(3*(581+(3-(2-1)))))))
3499	(1*(1+(2*(3*(581+(3-(2-1)))))))
3500	(1+(1+(2*(3*(581+(3-(2-1)))))))
3501	(1+(1-(2-(3*(((581+3)*2)-1)))))
3502	(1-(1+(2-(3*((581+3)*(2*1))))))
3503	(1*(1-(2-(3*((581+3)*(2*1))))))
3504	(1-(1-(2*(3*(581+(3*(2-1)))))))
3505	(1*(1+(2*(3*(581+(3*(2-1)))))))
3506	(1+(1+(2*(3*(581+(3*(2-1)))))))
3507	(1*(1+(2+(3*((581+3)*(2*1))))))
3508	(1-(1+(2-(3*(5*((81-3)*(2+1)))))))
3509	(1*(1-(2-(3*(5*((81-3)*(2+1)))))))
3510	(1+(1-(2-(3*(5*((81-3)*(2+1)))))))
3511	(1*(1+(2*(3*(581+(3+(2-1)))))))
3512	(1-(1+(2*(3+(5-((81+3)*21))))))
3513	(1*(1-(2*(3+(5-((81+3)*21))))))
3514	(1+(1-(2*(3+(5-((81+3)*21))))))
3515	(1*(1+(2*((3*(581+(3+2)))-1))))
3516	(1-(1-(2*(3*(581+(3+(2*1)))))))
3517	(1*(1+(2*(3*(581+(3+(2*1)))))))
3518	(1+(1+(2*(3*(581+(3+(2*1)))))))
3519	(1*(1-(2+((3-58)*(1+(3*21))))))
3520	(1+(1-(2+((3-58)*(1+(3*21))))))
3521	(1*(1+(2*((3-58)*(1-(32+1))))))
3522	(1-(1-(2*(3*(581+(3+(2+1)))))))
3523	(1*(1+(2*(3*(581+(3+(2+1)))))))
3524	(1-(1-(2*(3-(5-((81+3)*21))))))
3525	(1*(1+(2*(3-(5-((81+3)*21))))))
3526	(1+(1+(2*(3-(5-((81+3)*21))))))
3527	(1*(1-(2-(3*((58+(1-3))*21)))))
3528	(1-(1-(2*(3*(581+((3*2)+1))))))
3529	(1*(1+(2*(3*(581+((3*2)+1))))))
3530	(1+(1+(2*(3*(581+((3*2)+1))))))
3531	(1*(1+(2+(3*((58+(1-3))*21)))))
3532	(1-(1+(2*(3-(5+((81+3)*21))))))
3533	(1*(1-(2*(3-(5+((81+3)*21))))))
3534	(1+(1-(2*(3-(5+((81+3)*21))))))
3535	(1*(1+(2*(3+((581*3)+21)))))
3536	(1+(1+(2*(3+((581*3)+21)))))
3537	(1-(1-(2+(35*((8*13)-(2+1))))))
3538	(1*(1+(2+(35*((8*13)-(2+1))))))
3539	(1+(1+(2+(35*((8*13)-(2+1))))))
3540	(1-(1-(2*(3*(581+(3*(2+1)))))))
3541	(1*(1+(2*(3*(581+(3*(2+1)))))))
3542	(1+(1+(2*(3*(581+(3*(2+1)))))))
3543	(1-(1+((2*3)-((5+8)*(13*21)))))
3544	(1-(1-(2*(3+(5+((81+3)*21))))))
3545	(1*(1+(2*(3+(5+((81+3)*21))))))
3546	(1+(1+(2*(3+(5+((81+3)*21))))))
3547	(1*(1-(2-(3581-(32+1)))))
3548	(1-(1-(2-(3-((5+8)*(13*21))))))
3549	(1*(1+(2-(3-((5+8)*(13*21))))))
3550	(1-(1+(2-(3+((5+8)*(13*21))))))
3551	(1*(1-(2-(3+((5+8)*(13*21))))))
3552	(1+(1-(2-(3+((5+8)*(13*21))))))
3553	(1*(1+(2*((3+5)*((81*3)-21)))))
3554	(1-(1-(2+(3+((5+8)*(13*21))))))
3555	(1*(1+(2+(3+((5+8)*(13*21))))))
3556	(1+(1+(2+(3+((5+8)*(13*21))))))
3557	(1+(1-(2-(3581-(3+21)))))
3558	(1-(1-(2*((3*5)+((81+3)*21)))))
3559	(1*(1+(2*((3*5)+((81+3)*21)))))
3560	(1+(1+(2*((3*5)+((81+3)*21)))))
3561	(1+(1+(2+(3581-(3+21)))))
3562	(1-(1+(2-((35-8)*(132*1)))))
3563	(1*(1-(2-((35-8)*(132*1)))))
3564	(1+(1-(2-((35-8)*(132*1)))))
3565	(1-(1-(2+(3581+(3-21)))))
3566	(1-(1-(2+((35-8)*(132*1)))))
3567	(1*(1+(2+((35-8)*(132*1)))))
3568	(1-(1+(2-(35*((8*13)-(2*1))))))
3569	(1*(1-(2-(35*((8*13)-(2*1))))))
3570	(1-(1-(2*(3*(5*((8*(13+2))-1))))))
3571	(1*(1+(2*(3*(5*((8*(13+2))-1))))))
3572	(1+(1+(2*(3*(5*((8*(13+2))-1))))))
3573	(1*(1+(2+(35*((8*13)-(2*1))))))
3574	(1+(1+(2+(35*((8*13)-(2*1))))))
3575	(1+(1-(2-(3581-(3+(2+1))))))
3576	(1+(1+(2+(3581-(3*(2+1))))))
3577	(1-(1-(2+(3581-(3+(2+1))))))
3578	(1-(1+(2-(358*(1+(3*(2+1)))))))
3579	(1*(1-(2-(358*(1+(3*(2+1)))))))
3580	(1-(1+(2-(3*((5*(81*3))-21)))))
3581	(1*(1-(2-(3*((5*(81*3))-21)))))
3582	(1+(1-(2-(3*((5*(81*3))-21)))))
3583	(1*(1+(2+(358*(1+(3*(2+1)))))))
3584	(1-(1-(2+(3*((5*(81*3))-21)))))
3585	(1*(1+(2+(3*((5*(81*3))-21)))))
3586	(1-(1+(2+(3-((58-1)*(3*21))))))
3587	(1*(1-(2+(3-((58-1)*(3*21))))))
3588	(1+(1-(2+(3-((58-1)*(3*21))))))
3589	(1*(1-(2*(3+((58*(1-32))+1)))))
3590	(1-(1+(2*(3-(58*(1*(32-1)))))))
3591	(1-(1+(2+(3+(58*(1-(3*21)))))))
3592	(1*(1-(2+(3+(58*(1-(3*21)))))))
3593	(1+(1-(2+(3+(58*(1-(3*21)))))))
3594	(1-(1-(2*(3*(581-(3-21))))))
3595	(1-(1-(2-(3+(58*(1-(3*21)))))))
3596	(1*(1+(2-(3+(58*(1-(3*21)))))))
3597	(1+(1+(2-(3+(58*(1-(3*21)))))))
3598	(1-(1+(2+(3*(5*(8*(1-(32-1))))))))
3599	(1*(1-(2+(3*(5*(8*(1-(32-1))))))))
3600	(1+(1-(2+(3*(5*(8*(1-(32-1))))))))
3601	(1*(1+(2*(3*(5*(8*(13+(2*1))))))))
3602	(1-(1-(2-(3*(5*(8*(1-(32-1))))))))
3603	(1*(1+(2-(3*(5*(8*(1-(32-1))))))))
3604	(1+(1+(2-(3*(5*(8*(1-(32-1))))))))
3605	(1*(1+(2*(3-((58*(1-32))-1)))))
3606	(1-(1-(2*(3*((5*(8*(13+2)))+1)))))
3607	(1*(1+(2*(3*((5*(8*(13+2)))+1)))))
3608	(1+(1+(2*(3*((5*(8*(13+2)))+1)))))
3609	(1+(1+(2+(35*((8*13)-(2-1))))))
3610	(1-(1+(2-(3*((5*((81*3)-2))-1)))))
3611	(1*(1-(2-(3*((5*((81*3)-2))-1)))))
3612	(1-(1-(2*(3*((5+81)*((3*2)+1))))))
3613	(1-(1+(2-(3*(5*((81*3)-(2*1)))))))
3614	(1*(1-(2-(3*(5*((81*3)-(2*1)))))))
3615	(1+(1-(2-(3*(5*((81*3)-(2*1)))))))
3616	(1-(1+(2-(3*(((5*81)-3)*(2+1))))))
3617	(1-(1-(2+(3*(5*((81*3)-(2*1)))))))
3618	(1*(1+(2+(3*(5*((81*3)-(2*1)))))))
3619	(1+(1+(2+(3*(5*((81*3)-(2*1)))))))
3620	(1-(1-(2+(3*(((5*81)-3)*(2+1))))))
3621	(1*(1+(2+(3*(((5*81)-3)*(2+1))))))
3622	(1+(1+(2+(3*(((5*81)-3)*(2+1))))))
3623	(1*(1-(2-((3*(5*(81*3)))-21))))
3624	(1+(1-(2-((3*(5*(81*3)))-21))))
3625	(1-(1+(2-(3*(((5*8)-1)*(32-1))))))
3626	(1*(1-(2-(3*(((5*8)-1)*(32-1))))))
3627	(1+(1-(2-(3*(((5*8)-1)*(32-1))))))
3628	(1-(1+(2-(3*(5*((81*3)-(2-1)))))))
3629	(1*(1-(2-(3*(5*((81*3)-(2-1)))))))
3630	(1+(1-(2-(3*(5*((81*3)-(2-1)))))))
3631	(1*(1+(2*(3*(5*((8*(13+2))+1))))))
3632	(1-(1-(2+(3*(5*((81*3)-(2-1)))))))
3633	(1*(1+(2+(3*(5*((81*3)-(2-1)))))))
3634	(1+(1+(2+(3*(5*((81*3)-(2-1)))))))
3635	(1*(1-(2-(3*((5*(81*3))-(2+1))))))
3636	(1+(1-(2-(3*((5*(81*3))-(2+1))))))
3637	(1-(1+(2-(3*((5*(81*3))-(2*1))))))
3638	(1-(1-(2+(3*((5*(81*3))-(2+1))))))
3639	(1*(1+(2+(3*((5*(81*3))-(2+1))))))
3640	(1-(1+(2+(3-(5*(81*(3*(2+1))))))))
3641	(1*(1-(2+(3-(5*(81*(3*(2+1))))))))
3642	(1+(1-(2+(3-(5*(81*(3*(2+1))))))))
3643	(1-(1+(2-(3*(5*(81*(3*(2-1))))))))
3644	(1-(1-(2-(3-(5*(81*(3*(2+1))))))))
3645	(1*(1+(2-(3-(5*(81*(3*(2+1))))))))
3646	(1-(1+(2-(3+(5*(81*(3*(2+1))))))))
3647	(1*(1-(2-(3+(5*(81*(3*(2+1))))))))
3648	(1+(1-(2-(3+(5*(81*(3*(2+1))))))))
3649	(1+(1+(2+(3*(5*(81*(3*(2-1))))))))
3650	(1-(1-(2+(3+(5*(81*(3*(2+1))))))))
3651	(1*(1+(2+(3+(5*(81*(3*(2+1))))))))
3652	(1+(1+(2+(3+(5*(81*(3*(2+1))))))))
3653	(1-(1-(2-(3-(58*(1*(3*21)))))))
3654	(1*(1+(2-(3-(58*(1*(3*21)))))))
3655	(1-(1+(2-(3+(58*(1*(3*21)))))))
3656	(1*(1-(2-(3+(58*(1*(3*21)))))))
3657	(1+(1-(2-(3+(58*(1*(3*21)))))))
3658	(1-(1+(2-(3*(5*((81*3)+(2-1)))))))
3659	(1*(1-(2-(3*(5*((81*3)+(2-1)))))))
3660	(1+(1-(2-(3*(5*((81*3)+(2-1)))))))
3661	(1+(1+(2+(3+(58*(1*(3*21)))))))
3662	(1-(1-(2+(3*(5*((81*3)+(2-1)))))))
3663	(1*(1+(2+(3*(5*((81*3)+(2-1)))))))
3664	(1+(1+(2+(3*(5*((81*3)+(2-1)))))))
3665	(1*(1+(2*(3+((58+1)*(32-1))))))
3666	(1+(1+(2*(3+((58+1)*(32-1))))))
3667	(1+(1+((2+3)*((58*13)-21))))
3668	(1-(1-(2+((3*(5*(81*3)))+21))))
3669	(1*(1+(2+((3*(5*(81*3)))+21))))
3670	(1-(1+(2-(3*(((5*81)+3)*(2+1))))))
3671	(1*(1-(2-(3*(((5*81)+3)*(2+1))))))
3672	(1-(1-(2*(3*(581+(32-1))))))
3673	(1-(1+(2-(3*(5*((81*3)+(2*1)))))))
3674	(1*(1-(2-(3*(5*((81*3)+(2*1)))))))
3675	(1+(1-(2-(3*(5*((81*3)+(2*1)))))))
3676	(1+(1+(2+(3*(((5*81)+3)*(2+1))))))
3677	(1-(1-(2+(3*(5*((81*3)+(2*1)))))))
3678	(1*(1+(2+(3*(5*((81*3)+(2*1)))))))
3679	(1+(1+(2+(3*(5*((81*3)+(2*1)))))))
3680	(1+(1+(2*(3*(581+(32*1))))))
3681	(1*(1+(2+(3*((5*((81*3)+2))+1)))))
3682	(1+(1+(2+(3*((5*((81*3)+2))+1)))))
3683	(1-(1-((23*(5*(8*(1+3))))+(2+1))))
3684	(1-(1-(2*(3*(581+(32+1))))))
3685	(1*(1+(2*(3*(581+(32+1))))))
3686	(1+(1+(2*(3*(581+(32+1))))))
3687	(1-(1+(2-(((3*(5*8))-1)*(32-1)))))
3688	(1-(1+(2-(3*(5*((81*3)+(2+1)))))))
3689	(1*(1-(2-(3*(5*((81*3)+(2+1)))))))
3690	(1-(1+(2*(3*(5*(8-(132-1)))))))
3691	(1*(1-(2*(3*(5*(8-(132-1)))))))
3692	(1+(1-(2*(3*(5*(8-(132-1)))))))
3693	(1*(1+(2+(3*(5*((81*3)+(2+1)))))))
3694	(1+(1+(2+(3*(5*((81*3)+(2+1)))))))
3695	(1*(1-(2-(((3*58)-(1-3))*21))))
3696	(1-(1-(2*((3+5)*((8-1)*(32+1))))))
3697	(1*(1+(2*((3+5)*((8-1)*(32+1))))))
3698	(1+(1+(2*((3+5)*((8-1)*(32+1))))))
3699	(1*(1+(2+(((3*58)-(1-3))*21))))
3700	(1+(1+(2+(((3*58)-(1-3))*21))))
3701	(1+(1+(((2*3)+(5*81))*(3*(2+1)))))
3702	(1*(1+((23*(5*(8*(1+3))))+21)))
3703	(1-(1+(2+(3*(5*((8*(1-32))+1))))))
3704	(1*(1-(2+(3*(5*((8*(1-32))+1))))))
3705	(1+(1-(2+(3*(5*((8*(1-32))+1))))))
3706	(1-(1+(2*(3+(58*(1-(32+1)))))))
3707	(1-(1-(2-(3*(5*((8*(1-32))+1))))))
3708	(1*(1+(2-(3*(5*((8*(1-32))+1))))))
3709	(1+(1+(2-(3*(5*((8*(1-32))+1))))))
3710	(1-(1-(2+(3*((5*(81*3))+21)))))
3711	(1-(1-(2-(3-(58*(1+(3*21)))))))
3712	(1*(1+(2-(3-(58*(1+(3*21)))))))
3713	(1-(1+(2-(3+(58*(1+(3*21)))))))
3714	(1*(1-(2-(3+(58*(1+(3*21)))))))
3715	(1+(1-(2-(3+(58*(1+(3*21)))))))
3716	(1-(1-(2-(3-((58+1)*(3*21))))))
3717	(1-(1-(2+(3+(58*(1+(3*21)))))))
3718	(1-(1+(2-(3*(5*(8*(1*(32-1))))))))
3719	(1*(1-(2-(3*(5*(8*(1*(32-1))))))))
3720	(1+(1-(2-(3*(5*(8*(1*(32-1))))))))
3721	(1*(1-(2*(3*(5*(8-(132*1)))))))
3722	(1-(1-(2+(3*(5*(8*(1*(32-1))))))))
3723	(1*(1+(2+(3*(5*(8*(1*(32-1))))))))
3724	(1+(1+(2+(3*(5*(8*(1*(32-1))))))))
3725	(1-(1-(2-(3*((5*(8*(1-32)))-1)))))
3726	(1-(1+(2*(3*((5*(8-132))-1)))))
3727	(1*(1-(2*(3*((5*(8-132))-1)))))
3728	(1+(1-(2*(3*((5*(8-132))-1)))))
3729	(1-(1+((2-35)*(81+(32*1)))))
3730	(1*(1-((2-35)*(81+(32*1)))))
3731	(1+(1-((2-35)*(81+(32*1)))))
3732	(1-(1+(2*(3-((5+(81+3))*21)))))
3733	(1-(1+(2+(3*(5*((8*(1-32))-1))))))
3734	(1*(1-(2+(3*(5*((8*(1-32))-1))))))
3735	(1+(1-(2+(3*(5*((8*(1-32))-1))))))
3736	(1-(1+(2-(((3*58)+(1+3))*21))))
3737	(1-(1-(2-(3*(5*((8*(1-32))-1))))))
3738	(1*(1+(2-(3*(5*((8*(1-32))-1))))))
3739	(1+(1+(2-(3*(5*((8*(1-32))-1))))))
3740	(1*(1-(2-(3*((((5*8)-1)*32)-1)))))
3741	(1+(1-(2-(3*((((5*8)-1)*32)-1)))))
3742	(1-(1+(2-(3*(((5*8)-1)*(32*1))))))
3743	(1*(1-(2-(3*(((5*8)-1)*(32*1))))))
3744	(1+(1-(2-(3*(((5*8)-1)*(32*1))))))
3745	(1*(1+(2*(3+((5+(81+3))*21)))))
3746	(1-(1-(2+(3*(((5*8)-1)*(32*1))))))
3747	(1*(1+(2+(3*(((5*8)-1)*(32*1))))))
3748	(1+(1+(2+(3*(((5*8)-1)*(32*1))))))
3749	(1-(1-(2+(3*((((5*8)-1)*32)+1)))))
3750	(1-(1+(2*(3*(5*(8-(132+1)))))))
3751	(1*(1-(2*(3*(5*(8-(132+1)))))))
3752	(1+(1-(2*(3*(5*(8-(132+1)))))))
3753	(1-(1-(2+(((3*(5*8))+1)*(32-1)))))
3754	(1*(1+(2+(((3*(5*8))+1)*(32-1)))))
3755	(1+(1+(2+(((3*(5*8))+1)*(32-1)))))
3756	(1-(1+(2*(3-((58-1)*(32+1))))))
3757	(1*(1-(2*(3-((58-1)*(32+1))))))
3758	(1+(1-(2*(3-((58-1)*(32+1))))))
3759	(1+(1-((2-(3*5))*(((8+1)*32)+1))))
3760	(1-(1-((2+3)*((58*13)-(2*1)))))
3761	(1*(1+((2+3)*((58*13)-(2*1)))))
3762	(1+(1+((2+3)*((58*13)-(2*1)))))
3763	(1*(1-((2-35)*(81+(32+1)))))
3764	(1+(1-((2-35)*(81+(32+1)))))
3765	(1-(1-((2+3)*((58*13)-(2-1)))))
3766	(1*(1+((2+3)*((58*13)-(2-1)))))
3767	(1+(1+((2+3)*((58*13)-(2-1)))))
3768	(1-(1-(2*(3+((58-1)*(32+1))))))
3769	(1*(1+(2*(3+((58-1)*(32+1))))))
3770	(1-(1+(2*(3-((58+1)*(32*1))))))
3771	(1*(1-(2*(3-((58+1)*(32*1))))))
3772	(1+(1-(2*(3-((58+1)*(32*1))))))
3773	(1*(1-(2*(3-(((58+1)*32)+1)))))
3774	(1+(1-(2*(3-(((58+1)*32)+1)))))
3775	(1-(1-((2+3)*((58*13)+(2-1)))))
3776	(1*(1+((2+3)*((58*13)+(2-1)))))
3777	(1+(1+((2+3)*((58*13)+(2-1)))))
3778	(1-(1+(2-(3*(5*((8+(1+3))*21))))))
3779	(1*(1-(2-(3*(5*((8+(1+3))*21))))))
3780	(1-(1+(2*(3*(5*((8-1)*(3-21)))))))
3781	(1*(1-(2*(3*(5*((8-1)*(3-21)))))))
3782	(1+(1-(2*(3*(5*((8-1)*(3-21)))))))
3783	(1*(1+(2+(3*(5*((8+(1+3))*21))))))
3784	(1+(1+(2+(3*(5*((8+(1+3))*21))))))
3785	(1*(1+(2*(3+(((58+1)*32)+1)))))
3786	(1+(1+(2*(3+(((58+1)*32)+1)))))
3787	(1-(1+(2+(3*(58-1321)))))
3788	(1*(1-(2+(3*(58-1321)))))
3789	(1+(1-(2+(3*(58-1321)))))
3790	(1+((1+2)*(3+(5*((8+(1+3))*21)))))
3791	(1-(1-(2-(3*(58-1321)))))
3792	(1*(1+(2-(3*(58-1321)))))
3793	(1+(1+(2-(3*(58-1321)))))
3794	(1+(1+(2*((3-(5-81))*(3+21)))))
3795	(1-(1-(23*(5*(8+(1+(3+21)))))))
3796	(1*(1+(23*(5*(8+(1+(3+21)))))))
3797	(1+(1+(23*(5*(8+(1+(3+21)))))))
3798	(1-(12-((((3*(5*8))-1)*32)+1)))
3799	(1-(1-((2+(35-8))*(132-1))))
3800	(1-(1-((2+3)*(5*(8*(1-(3-21)))))))
3801	(1*(1+((2+3)*(5*(8*(1-(3-21)))))))
3802	(1+(1+((2+3)*(5*(8*(1-(3-21)))))))
3803	(1+(1-((2-(3*(58+(1*3))))*21)))
3804	(1*(12*((35*(8+1))+(3-(2-1)))))
3805	(1-(1+(2-((((3*(5*8))-1)*32)-1))))
3806	(1-(1+(2-(((3*(5*8))-1)*(32*1)))))
3807	(1*(1-(2-(((3*(5*8))-1)*(32*1)))))
3808	(1+(1-(2-(((3*(5*8))-1)*(32*1)))))
3809	(1+(1-(2-((((3*(5*8))-1)*32)+1))))
3810	(1-(1-(2+(((3*(5*8))-1)*(32*1)))))
3811	(1-(1+(2-(3*(((5*8)+1)*(32-1))))))
3812	(1*(1-(2-(3*(((5*8)+1)*(32-1))))))
3813	(1+(1-(2-(3*(((5*8)+1)*(32-1))))))
3814	(1*(1+(((23*5)+8)*(1*(32-1)))))
3815	(1-(1-(2+(3*(((5*8)+1)*(32-1))))))
3816	(1*(1+(2+(3*(((5*8)+1)*(32-1))))))
3817	(1+(1+(2+(3*(((5*8)+1)*(32-1))))))
3818	(1-(1+(2*(35-(81*(3+21))))))
3819	(1*(1-(2*(35-(81*(3+21))))))
3820	(1-(1+(2*(3-((58*(1+32))-1)))))
3821	(1*(1-(2*(3-((58*(1+32))-1)))))
3822	(1-(1+(2*(3-(58*(1*(32+1)))))))
3823	(1-(1+(2-(3*(5*((8*(1*32))-1))))))
3824	(1*(1-(2-(3*(5*((8*(1*32))-1))))))
3825	(1+(1-(2-(3*(5*((8*(1*32))-1))))))
3826	(1+(1-(2*(3-((58*(1+32))+1)))))
3827	(1-(1-(2+(3*(5*((8*(1*32))-1))))))
3828	(1*(1+(2+(3*(5*((8*(1*32))-1))))))
3829	(1+(1+(2+(3*(5*((8*(1*32))-1))))))
3830	(1+(1+(2*(3*(58*(13-(2*1)))))))
3831	(1*(1+(2+((35+81)*(32+1)))))
3832	(1-(1-(2*(3+((58*(1+32))-1)))))
3833	(1*(1+(2*(3+((58*(1+32))-1)))))
3834	(1-(1-(2*(3+(58*(1*(32+1)))))))
3835	(1*(1+(2*(3+(58*(1*(32+1)))))))
3836	(1+(1+(2*(3+(58*(1*(32+1)))))))
3837	(1+(1-(2-(3*((5*(8*(1*32)))-1)))))
3838	(1-(1+(2+(3*(5*(8*(1-(32+1))))))))
3839	(1*(1-(2+(3*(5*(8*(1-(32+1))))))))
3840	(1+(1-(2+(3*(5*(8*(1-(32+1))))))))
3841	(1*(1+(2*(3*(5*(8*(13+(2+1))))))))
3842	(1-(1-(2-(3*(5*(8*(1-(32+1))))))))
3843	(1*(1+(2-(3*(5*(8*(1-(32+1))))))))
3844	(1+(1+(2-(3*(5*(8*(1-(32+1))))))))
3845	(1-(1-(2-(3*((5*8)-1321)))))
3846	(1*(1+(2-(3*((5*8)-1321)))))
3847	(1+(1+(2-(3*((5*8)-1321)))))
3848	(1*(1-(2+(3-((5+(8-1))*321)))))
3849	(1+(1-(2+(3-((5+(8-1))*321)))))
3850	(1-(1+(2+(3*((5-(8+1))*321)))))
3851	(1*(1-(2+(3*((5-(8+1))*321)))))
3852	(1+(1-(2+(3*((5-(8+1))*321)))))
3853	(1-(1+(2-(3*(5*((8*(1*32))+1))))))
3854	(1*(1-(2-(3*(5*((8*(1*32))+1))))))
3855	(1+(1-(2-(3*(5*((8*(1*32))+1))))))
3856	(1+(1+(2-(3*((5-(8+1))*321)))))
3857	(1-(1-(2+(3*(5*((8*(1*32))+1))))))
3858	(1*(1+(2+(3*(5*((8*(1*32))+1))))))
3859	(1+(1+(2+(3*(5*((8*(1*32))+1))))))
3860	(1*(1-(2-(3*(((5*8)-1)*(32+1))))))
3861	(1+(1-(2-(3*(((5*8)-1)*(32+1))))))
3862	(1*(1-((2-(3*5))*((8+1)*(32+1)))))
3863	(1-(1-(2+(3*(((5*8)-1)*(32+1))))))
3864	(1-(1-(2*(3*(581+(3*21))))))
3865	(1*(1+(2*(3*(581+(3*21))))))
3866	(1+(1+(2*(3*(581+(3*21))))))
3867	(1-(1-((2*((3+5)*(81*3)))-21)))
3868	(1*(1+((2*((3+5)*(81*3)))-21)))
3869	(1-(1+(2-((((3*(5*8))+1)*32)-1))))
3870	(1-(1+(2-(((3*(5*8))+1)*(32*1)))))
3871	(1*(1-(2-(((3*(5*8))+1)*(32*1)))))
3872	(1-(1+(2*(3+(5-(81*(3+21)))))))
3873	(1*(1-(2*(3+(5-(81*(3+21)))))))
3874	(1+(1-(2*(3+(5-(81*(3+21)))))))
3875	(1*(1+(2+(((3*(5*8))+1)*(32*1)))))
3876	(1+(1+(2+(((3*(5*8))+1)*(32*1)))))
3877	(1+(1+(2+((((3*(5*8))+1)*32)+1))))
3878	(1-(1+(2-((3+5)*((81*(3*2))-1)))))
3879	(1*(1-(2-((3+5)*((81*(3*2))-1)))))
3880	(1+(1-(2-((3+5)*((81*(3*2))-1)))))
3881	(1+(1+(((2*((3+5)*81))-3)*(2+1))))
3882	(1-(1-(2+((3+5)*((81*(3*2))-1)))))
3883	(1*(1+(2+((3+5)*((81*(3*2))-1)))))
3884	(1-(1-(2*(3-(5-(81*(3+21)))))))
3885	(1*(1+(2*(3-(5-(81*(3+21)))))))
3886	(1+(1+(2*(3-(5-(81*(3+21)))))))
3887	(1*(1-(2-((3+5)*(81*(3+(2+1)))))))
3888	(1-(1+(2*(3-((58+1)*(32+1))))))
3889	(1*(1-(2*(3-((58+1)*(32+1))))))
3890	(1+(1-(2*(3-((58+1)*(32+1))))))
3891	(1*(1+(2+((3+5)*(81*(3+(2+1)))))))
3892	(1-(1+(2*(3-(5+(81*(3+21)))))))
3893	(1*(1-(2*(3-(5+(81*(3+21)))))))
3894	(1+(1-(2*(3-(5+(81*(3+21)))))))
3895	(1*(1-(2-((3+5)*((81*(3*2))+1)))))
3896	(1+(1-(2-((3+5)*((81*(3*2))+1)))))
3897	(1+(1+((2+3)*((5*((81-3)*2))-1))))
3898	(1-(1-(2+((3+5)*((81*(3*2))+1)))))
3899	(1*(1+(2+((3+5)*((81*(3*2))+1)))))
3900	(1-(1-(2*(3+((58+1)*(32+1))))))
3901	(1*(1+(2*(3+((58+1)*(32+1))))))
3902	(1+(1+(2*(3+((58+1)*(32+1))))))
3903	(1*(1-(2-((3+58)*(1+(3*21))))))
3904	(1-(1-(2*(3+(5+(81*(3+21)))))))
3905	(1*(1+(2*(3+(5+(81*(3+21)))))))
3906	(1+(1+(2*(3+(5+(81*(3+21)))))))
3907	(1*(1+(2+((3+58)*(1+(3*21))))))
3908	(1-(1-(2+(3*((58+(1+3))*21)))))
3909	(1*(1+(2+(3*((58+(1+3))*21)))))
3910	(1+(1+(2+(3*((58+(1+3))*21)))))
3911	(1*(1+(23*(5*(8+(13*(2*1)))))))
3912	(1+(1+(23*(5*(8+(13*(2*1)))))))
3913	(1-(1-(((2*(35*8))-1)*((3*2)+1))))
3914	(1*(1+(((2*(35*8))-1)*((3*2)+1))))
3915	(1+(1+(((2*(35*8))-1)*((3*2)+1))))
3916	(1-(1+((2-358)*(13-(2*1)))))
3917	(1*(1-((2-358)*(13-(2*1)))))
3918	(1-(1+(2-(35*(8*(13+(2-1)))))))
3919	(1*(1-(2-(35*(8*(13+(2-1)))))))
3920	(1-(1+(2*(35*(8-(1+(3*21)))))))
3921	(1*(1-(2*(35*(8-(1+(3*21)))))))
3922	(1-(1+(2+(3*(5+(8-1321))))))
3923	(1*(1-(2+(3*(5+(8-1321))))))
3924	(1+(1-(2+(3*(5+(8-1321))))))
3925	(1-(1+(2-(((3*(5*8))-1)*(32+1)))))
3926	(1-(1-(2-(3*(5+(8-1321))))))
3927	(1*(1+(2-(3*(5+(8-1321))))))
3928	(1+(1+(2-(3*(5+(8-1321))))))
3929	(1-(1-(2+(((3*(5*8))-1)*(32+1)))))
3930	(1*(1+(2+(((3*(5*8))-1)*(32+1)))))
3931	(1-(1+(2-(3*((((5*8)+1)*32)-1)))))
3932	(1*(1-(2-(3*((((5*8)+1)*32)-1)))))
3933	(1+(1-(2-(3*((((5*8)+1)*32)-1)))))
3934	(1-(1+(2-(3*(((5*8)+1)*(32*1))))))
3935	(1*(1-(2-(3*(((5*8)+1)*(32*1))))))
3936	(1+(1-(2-(3*(((5*8)+1)*(32*1))))))
3937	(1-(1+(2-(3*((((5*8)+1)*32)+1)))))
3938	(1-(1+(2*(3-(58*(1+(32+1)))))))
3939	(1*(1-(2*(3-(58*(1+(32+1)))))))
3940	(1+(1-(2*(3-(58*(1+(32+1)))))))
3941	(1-(1-(2+(3*((((5*8)+1)*32)+1)))))
3942	(1*(1+(2+(3*((((5*8)+1)*32)+1)))))
3943	(1-(1+(2-(3*(5*((8*(1+32))-1))))))
3944	(1*(1-(2-(3*(5*((8*(1+32))-1))))))
3945	(1+(1-(2-(3*(5*((8*(1+32))-1))))))
3946	(1-(12+(3-(5*(813-21)))))
3947	(1-(1-(2+(3*(5*((8*(1+32))-1))))))
3948	(1*(1+(2+(3*(5*((8*(1+32))-1))))))
3949	(1+(1+(2+(3*(5*((8*(1+32))-1))))))
3950	(1-(1-(2*(3+(58*(1+(32+1)))))))
3951	(1*(1+(2*(3+(58*(1+(32+1)))))))
3952	(1-(1+(2-(3*(5-(8-1321))))))
3953	(1*(1-(2-(3*(5-(8-1321))))))
3954	(1+(1-(2-(3*(5-(8-1321))))))
3955	(1-(1+(2+(3-(5*(813-21))))))
3956	(1-(1-(2+(3*(5-(8-1321))))))
3957	(1*(1+(2+(3*(5-(8-1321))))))
3958	(1+(1+(2+(3*(5-(8-1321))))))
3959	(1*(1-(2-(3*(5*(8*(1*(32+1))))))))
3960	(1+(1-(2-(3*(5*(8*(1*(32+1))))))))
3961	(1-(1+(2-(3+(5*(813-21))))))
3962	(1-(1-(2+(3*(5*(8*(1*(32+1))))))))
3963	(1*(1+(2+(3*(5*(8*(1*(32+1))))))))
3964	(1+(1+(2+(3*(5*(8*(1*(32+1))))))))
3965	(1-(1-(2+(3+(5*(813-21))))))
3966	(1*(1+(2+(3+(5*(813-21))))))
3967	(1+(1+(2+(3+(5*(813-21))))))
3968	(1-(1-(2+(3-((5-8)*1321)))))
3969	(1*(1+(2+(3-((5-8)*1321)))))
3970	(1-(1+(2+(3*(5-(8+1321))))))
3971	(1*(1-(2+(3*(5-(8+1321))))))
3972	(1+(1-(2+(3*(5-(8+1321))))))
3973	(1-(1+(2+(3*(5*(8-(13*21)))))))
3974	(1-(1-(2-(3*(5-(8+1321))))))
3975	(1*(1+(2-(3*(5-(8+1321))))))
3976	(1+(1+(2-(3*(5-(8+1321))))))
3977	(1-(1-(2-(3*(5*(8-(13*21)))))))
3978	(1*(1+(2-(3*(5*(8-(13*21)))))))
3979	(1+(1+(2-(3*(5*(8-(13*21)))))))
3980	(1*(1+(23*(5+((8-1)*(3+21))))))
3981	(1+(1+(23*(5+((8-1)*(3+21))))))
3982	(1*(1+((23*(58*(1*3)))-21)))
3983	(1-(1-(23+(5*(813-21)))))
3984	(1-(1+(2*((3+5)*((8*(1-32))-1)))))
3985	(1*(1-(2*((3+5)*((8*(1-32))-1)))))
3986	(1+(1-(2*((3+5)*((8*(1-32))-1)))))
3987	(1*(1+(23-((5-8)*1321))))
3988	(1-(1+(2-(35*(81+(32+1))))))
3989	(1*(1-(2-(35*(81+(32+1))))))
3990	(1-(1-(2*(35*(81-(3+21))))))
3991	(1*(1+(2*(35*(81-(3+21))))))
3992	(1+(1+(2*(35*(81-(3+21))))))
3993	(1*(1+(2+(35*(81+(32+1))))))
3994	(1+(1+(2+(35*(81+(32+1))))))
3995	(1-(1-(2+(((3*(5*8))+1)*(32+1)))))
3996	(1*(1+(2+(((3*(5*8))+1)*(32+1)))))
3997	(1+(1+(2+(((3*(5*8))+1)*(32+1)))))
3998	(1+(1+((23-5)*((81*3)-21))))
3999	(1-(1-(((2*((3+5)*8))+1)*(32-1))))
4000	(1-(1+(2-(3*(5+(8+1321))))))
4001	(1*(1-(2-(3*(5+(8+1321))))))
4002	(1+(1-(2-(3*(5+(8+1321))))))
4003	(1*(1-(2*(3*(5-(8*((1+3)*21)))))))
4004	(1-(1-(2+(3*(5+(8+1321))))))
4005	(1*(1+(2+(3*(5+(8+1321))))))
4006	(1+(1+(2+(3*(5+(8+1321))))))
4007	(1+(1+(((23*58)+1)*(3*(2-1)))))
4008	(1-(1-(((23*58)-(1-3))*(2+1))))
4009	(1*(1+(((23*58)-(1-3))*(2+1))))
4010	(1+(1+(((23*58)-(1-3))*(2+1))))
4011	(1-(1-((2+((((3+5)*8)-1)*3))*21)))
4012	(1-(1+((2-(3*(5*8)))*(1+(32+1)))))
4013	(1*(1-((2-(3*(5*8)))*(1+(32+1)))))
4014	(1-(1+(2*(3-(5*(81+321))))))
4015	(1*(1-(2*(3-(5*(81+321))))))
4016	(1+(1-(2*(3-(5*(81+321))))))
4017	(1+(1+((2+3)*((((5*81)-3)*2)-1))))
4018	(1-(1+(2*(((3-(5*81))*(3+2))+1))))
4019	(1*(1-(2*(((3-(5*81))*(3+2))+1))))
4020	(1-(1+(2*((3-(5*81))*(3+(2*1))))))
4021	(1*(1-(2*((3-(5*81))*(3+(2*1))))))
4022	(1+(1-(2*((3-(5*81))*(3+(2*1))))))
4023	(1*(1-(2*(((3-(5*81))*(3+2))-1))))
4024	(1-(1-(2*(((3+58)*(1+32))-1))))
4025	(1*(1+(2*(((3+58)*(1+32))-1))))
4026	(1-(1-(2*(3+(5*(81+321))))))
4027	(1*(1+(2*(3+(5*(81+321))))))
4028	(1+(1+(2*(3+(5*(81+321))))))
4029	(1*(1+(2*(((3+58)*(1+32))+1))))
4030	(1-(1+(2-((3+5)*(8*(1*(3*21)))))))
4031	(1*(1-(2-((3+5)*(8*(1*(3*21)))))))
4032	(1-(1-(2*(3*((5+((8+1)*3))*21)))))
4033	(1*(1+(2*(3*((5+((8+1)*3))*21)))))
4034	(1-(1+(2*(3-(5*((81*(3+2))-1))))))
4035	(1*(1-(2*(3-(5*((81*(3+2))-1))))))
4036	(1+(1-(2*(3-(5*((81*(3+2))-1))))))
4037	(1-(1+(23-(5*(813-(2-1))))))
4038	(1*(1-(23-(5*(813-(2-1))))))
4039	(1-(1+(2+(3-((5*813)-21)))))
4040	(1*(1-(2+(3-((5*813)-21)))))
4041	(1+(1-(2+(3-((5*813)-21)))))
4042	(1-(1+(2*(3-((5*(81*(3+2)))-1)))))
4043	(1-(1-(2-(3-((5*813)-21)))))
4044	(1-(1+(2*(3-(5*(81*(3+(2*1))))))))
4045	(1*(1-(2*(3-(5*(81*(3+(2*1))))))))
4046	(1+(1-(2*(3-(5*(81*(3+(2*1))))))))
4047	(1+(1-(2+(3-(5*(813-(2+1)))))))
4048	(1+(1+(2*(3+(5*((81*(3+2))-1))))))
4049	(1-(1-(2-(3-(5*(813-(2+1)))))))
4050	(1*(1+(2-(3-(5*(813-(2+1)))))))
4051	(1-(1+(2-(3+(5*(813-(2+1)))))))
4052	(1*(1-(2-(3+(5*(813-(2+1)))))))
4053	(1+(1-(2-(3+(5*(813-(2+1)))))))
4054	(1-(1-(2-(3-(5*(813-(2*1)))))))
4055	(1-(1-(2+(3+(5*(813-(2+1)))))))
4056	(1-(1-(2*(3+(5*(81*(3+(2*1))))))))
4057	(1*(1+(2*(3+(5*(81*(3+(2*1))))))))
4058	(1+(1+(2*(3+(5*(81*(3+(2*1))))))))
4059	(1-(1-(2-(3-(5*(813-(2-1)))))))
4060	(1*(1+(2-(3-(5*(813-(2-1)))))))
4061	(1-(1+(2-(3+(5*(813-(2-1)))))))
4062	(1-(1-(2*(3*(5+(8*((1+3)*21)))))))
4063	(1*(1+(2*(3*(5+(8*((1+3)*21)))))))
4064	(1+(1+(2*(3*(5+(8*((1+3)*21)))))))
4065	(1-(1+(2+(3-(5*(813+(2-1)))))))
4066	(1*(1-(2+(3-(5*(813+(2-1)))))))
4067	(1+(1-(2+(3-(5*(813+(2-1)))))))
4068	(1+(1-(2-(3+(5*(813*(2-1)))))))
4069	(1-(1-(2-(3-(5*(813+(2-1)))))))
4070	(1*(1+(2-(3-(5*(813+(2-1)))))))
4071	(1-(1+(2-(3+(5*(813+(2-1)))))))
4072	(1*(1-(2-(3+(5*(813+(2-1)))))))
4073	(1+(1-(2-(3+(5*(813+(2-1)))))))
4074	(1-(1-(2-(3-(5*(813+(2*1)))))))
4075	(1-(1+(2+(3-(5*(813+(2+1)))))))
4076	(1*(1-(2+(3-(5*(813+(2+1)))))))
4077	(1+(1-(2+(3-(5*(813+(2+1)))))))
4078	(1-(1+(2-(3*(5*(8*(1+(32+1))))))))
4079	(1*(1-(2-(3*(5*(8*(1+(32+1))))))))
4080	(1-(1+(2*(3*(5*(8*(1+(3-21))))))))
4081	(1*(1-(2*(3*(5*(8*(1+(3-21))))))))
4082	(1+(1-(2*(3*(5*(8*(1+(3-21))))))))
4083	(1*(1+(2+(3*(5*(8*(1+(32+1))))))))
4084	(1+(1+(2+(3*(5*(8*(1+(32+1))))))))
4085	(1-(1-(2+(3+(5*(813+(2+1)))))))
4086	(1*(1+(2+(3+(5*(813+(2+1)))))))
4087	(1+(1+(2+(3+(5*(813+(2+1)))))))
4088	(1*(1-(2-(3+((5*813)+21)))))
4089	(1+(1-(2-(3+((5*813)+21)))))
4090	(1-(1-(2+((3+581)*((3*2)+1)))))
4091	(1-(1-(2+(3+((5*813)+21)))))
4092	(1*(1+(2+(3+((5*813)+21)))))
4093	(1+(1+(2+(3+((5*813)+21)))))
4094	(1-(1+(2-((3+5)*(8*(1+(3*21)))))))
4095	(1*(1-(2-((3+5)*(8*(1+(3*21)))))))
4096	(1+(1-(2-((3+5)*(8*(1+(3*21)))))))
4097	(1*(1-(2*((3+5)*(8*(1-(32+1)))))))
4098	(1-(1-(2+((3+5)*(8*(1+(3*21)))))))
4099	(1*(1+(2+((3+5)*(8*(1+(3*21)))))))
4100	(1+(1+(2+((3+5)*(8*(1+(3*21)))))))
4101	(1+(1+(23+((5*(813+2))+1))))
4102	(1-(1+(2-(3*((5-81)*(3-21))))))
4103	(1*(1-(2-(3*((5-81)*(3-21))))))
4104	(1+(1-(2-(3*((5-81)*(3-21))))))
4105	(1*(1-(2*(3*((5-81)*(3*(2+1)))))))
4106	(1-(1-(2+(3*((5-81)*(3-21))))))
4107	(1*(1+(2+(3*((5-81)*(3-21))))))
4108	(1+(1+(2+(3*((5-81)*(3-21))))))
4109	(1-(1-(23+((5*813)+21))))
4110	(1*(1+(23+((5*813)+21))))
4111	(1+(1+(23+((5*813)+21))))
4112	(1-(1-(2*((3+5)*((8*(1*32))+1)))))
4113	(1*(1+(2*((3+5)*((8*(1*32))+1)))))
4114	(1+(1+(2*((3+5)*((8*(1*32))+1)))))
4115	(1*(1+((2+(3*5))*((81*3)-(2-1)))))
4116	(1+(1+((2+(3*5))*((81*3)-(2-1)))))
4117	(1-(1+(23*(5+(8*(1-(3+21)))))))
4118	(1*(1-(23*(5+(8*(1-(3+21)))))))
4119	(1+(1-(23*(5+(8*(1-(3+21)))))))
4120	(1+(1+((23*(((58+1)*3)+2))+1)))
4121	(1+(((12*35)-8)*(1+(3*(2+1)))))
4122	(1-(1+(2*(3-((5+81)*(3+21))))))
4123	(1*(1-(2*(3-((5+81)*(3+21))))))
4124	(1+(1-(2*(3-((5+81)*(3+21))))))
4125	(1-(1-((2-35)*(8-(132+1)))))
4126	(1*(1+((2-35)*(8-(132+1)))))
4127	(1+(1+((2-35)*(8-(132+1)))))
4128	(1-(1-(2*((3*581)+321))))
4129	(1*(1+(2*((3*581)+321))))
4130	(1+(1+(2*((3*581)+321))))
4131	(1-(1-((2+(3*5))*(81*(3*(2-1))))))
4132	(1*(1+((2+(3*5))*(81*(3*(2-1))))))
4133	(1+(1+((2+(3*5))*(81*(3*(2-1))))))
4134	(1-(1-(2*(3+((5+81)*(3+21))))))
4135	(1-(1+(2-(3*(58+1321)))))
4136	(1*(1-(2-(3*(58+1321)))))
4137	(1+(1-(2-(3*(58+1321)))))
4138	(1*(1-(23+((5+8)*(1-321)))))
4139	(1-(1-(2+(3*(58+1321)))))
4140	(1*(1+(2+(3*(58+1321)))))
4141	(1+(1+(2+(3*(58+1321)))))
4142	(1+(1+(23*(5*((8+1)*(3+(2-1)))))))
4143	(1*((1+(23*(5*(8+(1+3)))))*(2+1)))
4144	(1-(1-((2+35)*(8*(13+(2-1))))))
4145	(1-(1+((2+3)*(5-(813+21)))))
4146	(1*(1-((2+3)*(5-(813+21)))))
4147	(1-(1+(23-(5*(813+21)))))
4148	(1-(1-(2*((3+58)*(1+(32+1))))))
4149	(1*(1+(2*((3+58)*(1+(32+1))))))
4150	(1+(1+(2*((3+58)*(1+(32+1))))))
4151	(1*(1-(2-(((3*58)-1)*(3+21)))))
4152	(1-(1+(2*(3+((5-(8*13))*21)))))
4153	(1*(1-(2*(3+((5-(8*13))*21)))))
4154	(1+(1-(2*(3+((5-(8*13))*21)))))
4155	(1-(1+(2+(3+((5+8)*(1-321))))))
4156	(1*(1-(2+(3+((5+8)*(1-321))))))
4157	(1+(1-(2+(3+((5+8)*(1-321))))))
4158	(1+(1-(2+(((3*5)-81)*(3*21)))))
4159	(1-(1-(2-(3+((5+8)*(1-321))))))
4160	(1*(1+(2-(3+((5+8)*(1-321))))))
4161	(1+(1+(2-(3+((5+8)*(1-321))))))
4162	(1*(1-(2-(3-((5+8)*(1-321))))))
4163	(1+(1-(2-(3-((5+8)*(1-321))))))
4164	(1-(1-(2*(3-((5-(8*13))*21)))))
4165	(1-(1+(2+(3-(5*(813+21))))))
4166	(1*(1-(2+(3-(5*(813+21))))))
4167	(1+(1-(2+(3-(5*(813+21))))))
4168	(1-(1+(2+(3-((5+8)*(1*321))))))
4169	(1-(1-(2-(3-(5*(813+21))))))
4170	(1-(1-(2*(3*(5*(8+(132-1)))))))
4171	(1*(1+(2*(3*(5*(8+(132-1)))))))
4172	(1+(1+(2*(3*(5*(8+(132-1)))))))
4173	(1+(1-(2-(3+(5*(813+21))))))
4174	(1-(1+(2-(3*(58*(1*(3+21)))))))
4175	(1-(1-(2+(3+(5*(813+21))))))
4176	(1*(1+(2+(3+(5*(813+21))))))
4177	(1+(1+(2+(3+(5*(813+21))))))
4178	(1-(1-(2+(3*(58*(1*(3+21)))))))
4179	(1*(1+(2+(3*(58*(1*(3+21)))))))
4180	(1+(1+(2+(3*(58*(1*(3+21)))))))
4181	(1-(1+(2+(3-((5+8)*(1+321))))))
4182	(1*(1-(2+(3-((5+8)*(1+321))))))
4183	(1-(1+(2-(3*(5*((8+1)*(32-1)))))))
4184	(1*(1-(2-(3*(5*((8+1)*(32-1)))))))
4185	(1+(1-(2-(3*(5*((8+1)*(32-1)))))))
4186	(1*(1+(2-(3-((5+8)*(1+321))))))
4187	(1-(1-(2+(3*(5*((8+1)*(32-1)))))))
4188	(1*(1+(2+(3*(5*((8+1)*(32-1)))))))
4189	(1+(1+(2+(3*(5*((8+1)*(32-1)))))))
4190	(1-(12-((35*(8*(13+2)))+1)))
4191	(1-(1-(2+(3+((5+8)*(1+321))))))
4192	(1*(1+(2+(3+((5+8)*(1+321))))))
4193	(1+(1+(2+(3+((5+8)*(1+321))))))
4194	(1-(1-(2*(3*((5*(8+132))-1)))))
4195	(1*(1+(2*(3*((5*(8+132))-1)))))
4196	(1+(1+(2*(3*((5*(8+132))-1)))))
4197	(1-(1+(2-((35*(8*(13+2)))-1))))
4198	(1-(1+(2-(35*(8*(13+(2*1)))))))
4199	(1*(1-(2-(35*(8*(13+(2*1)))))))
4200	(1-(1-(2*(3*(5*(8+(132*1)))))))
4201	(1*(1+(2*(3*(5*(8+(132*1)))))))
4202	(1+(1+(2*(3*(5*(8+(132*1)))))))
4203	(1*(1+(2+(35*(8*(13+(2*1)))))))
4204	(1+(1+(2+(35*(8*(13+(2*1)))))))
4205	(1+(1+(2+((35*(8*(13+2)))+1))))
4206	(1-(1-(2*(3*((5*(8+132))+1)))))
4207	(1*(1+(2*(3*((5*(8+132))+1)))))
4208	(1+(1+(2*(3*((5*(8+132))+1)))))
4209	(1*(1+(2*((3+5)*((8*(1+32))-1)))))
4210	(1+(1+(2*((3+5)*((8*(1+32))-1)))))
4211	(1+(1+(23+((5+8)*(1+321)))))
4212	(1-(1+(2*(3*(((5*8)-1)*(3-21))))))
4213	(1-(1+(2-(3*(5*(8+(13*21)))))))
4214	(1*(1-(2-(3*(5*(8+(13*21)))))))
4215	(1+(1-(2-(3*(5*(8+(13*21)))))))
4216	(1-(1-((2+(3*5))*(8*(1*(32-1))))))
4217	(1-(1-(2+(3*(5*(8+(13*21)))))))
4218	(1*(1+(2+(3*(5*(8+(13*21)))))))
4219	(1+(1+(2+(3*(5*(8+(13*21)))))))
4220	(1-(1+(2*((3-5)*((8*132)-1)))))
4221	(1*(1-(2*((3-5)*((8*132)-1)))))
4222	(1+(1-(2*((3-5)*((8*132)-1)))))
4223	(1*(1+(2*(((3+5)*(8*(1+32)))-1))))
4224	(1-(1-(2*((3+5)*(8*(1*(32+1)))))))
4225	(1*(1+(2*((3+5)*(8*(1*(32+1)))))))
4226	(1+(1+(2*((3+5)*(8*(1*(32+1)))))))
4227	(1*(1+(2*(((3+5)*(8*(1+32)))+1))))
4228	(1-(1+(2*((3-5)*((8*132)+1)))))
4229	(1*(1-(2*((3-5)*((8*132)+1)))))
4230	(1-(1-(2*(3*(5*(8+(132+1)))))))
4231	(1*(1+(2*(3*(5*(8+(132+1)))))))
4232	(1+(1+(2*(3*(5*(8+(132+1)))))))
4233	(1-(1+(2-(35*((8*(13+2))+1)))))
4234	(1*(1-(2-(35*((8*(13+2))+1)))))
4235	(1+(1-(2-(35*((8*(13+2))+1)))))
4236	(1-(1-(((235*(8+1))+3)*(2*1))))
4237	(1-(1-(2+(35*((8*(13+2))+1)))))
4238	(1*(1+(2+(35*((8*(13+2))+1)))))
4239	(1+(1+(2+(35*((8*(13+2))+1)))))
4240	(1-(1+(2*((3+5)*(8-(13*21))))))
4241	(1*(1-(2*((3+5)*(8-(13*21))))))
4242	(1+(1-(2*((3+5)*(8-(13*21))))))
4243	(1*(1+((((2+3)*(5*8))-(1-3))*21)))
4244	(1+(1+((((2+3)*(5*8))-(1-3))*21)))
4245	(1-((1-(2+3))*(5+(8*(132*1)))))
4246	(1-(1+(2-(3*((58+1)*(3+21))))))
4247	(1*(1-(2-(3*((58+1)*(3+21))))))
4248	(1+(1-(2-(3*((58+1)*(3+21))))))
4249	(1+(1+((2+(3*(5*(8+1))))*(32-1))))
4250	(1-(1-(2+(3*((58+1)*(3+21))))))
4251	(1*(1+(2+(3*((58+1)*(3+21))))))
4252	(1+(1+(2+(3*((58+1)*(3+21))))))
4253	(1*((12*(358-1))-(32-1)))
4254	(1*((1+2)*(((3+(5*8))*(1+32))-1)))
4255	(1-(1+(23*(5*((8*(1-3))-21)))))
4256	(1-(1+(2*((3-5)*(8*(132+1))))))
4257	(1*(1-(2*((3-5)*(8*(132+1))))))
4258	(1+(1-(2*((3-5)*(8*(132+1))))))
4259	(1+(1+(((2*((3+5)*8))+1)*(32+1))))
4260	(1*(12+(3*((58+1)*(3+21)))))
4261	(1+(12+(3*((58+1)*(3+21)))))
4262	(1*((12*358)-(1+(32+1))))
4263	(1-(1-((235-(8*(1+3)))*21)))
4264	(1-(1+((2-(3*5))*(8-(1-321)))))
4265	(1*(1-((2-(3*5))*(8-(1-321)))))
4266	(1+(1-((2-(3*5))*(8-(1-321)))))
4267	(1+((1+2)*((3*581)-321)))
4268	(1+((((12*3)+5)*(8*13))+(2+1)))
4269	(1-((1-23)*((5*(8-(1-32)))-1)))
4270	(1-((1+2)*(35+(81*(3-21)))))
4271	(1*((12*358)-(1+(3+21))))
4272	(1-(1-(2*((3+(5+81))*(3+21)))))
4273	(1*(1+(2*((3+(5+81))*(3+21)))))
4274	(1+(1+(2*((3+(5+81))*(3+21)))))
4275	(1*((12+3)*(5*(81-(3+21)))))
4276	(1-((1+2)*(3*(((5-(81*3))*2)+1))))
4277	(1-(1+((2-(3*5))*(8+(1*321)))))
4278	(1-(1-(23*((5-8)*(1-(3*21))))))
4279	(1*(1+(23*((5-8)*(1-(3*21))))))
4280	(1+(1+(23*((5-8)*(1-(3*21))))))
4281	(1+((12*358)-(13+(2+1))))
4282	(1-(1-(2*(((358-1)*(3*2))-1))))
4283	(1*(1+(2*(((358-1)*(3*2))-1))))
4284	(1-(1+(2*(3*((5-(81*3))*(2+1))))))
4285	(1*(1-(2*(3*((5-(81*3))*(2+1))))))
4286	(1+(1-(2*(3*((5-(81*3))*(2+1))))))
4287	(1*(1+(2*(((358-1)*(3*2))+1))))
4288	(1+(1+(2*(((358-1)*(3*2))+1))))
4289	(1-(1-((((2*358)-1)*(3*2))-1)))
4290	(1-(1+(2*((3-58)*(13*(2+1))))))
4291	(1*(1-(2*((3-58)*(13*(2+1))))))
4292	(1+(1-(2*((3-58)*(13*(2+1))))))
4293	(1+(1+((((2*358)-1)*(3*2))+1)))
4294	(1-(1+(2-(358*(13-(2-1))))))
4295	(1*(1-(2-(358*(13-(2-1))))))
4296	(1-(1-(2*(358*(1*(3+(2+1)))))))
4297	(1*(1+(2*(358*(1*(3+(2+1)))))))
4298	(1-(1+(2*(35-(8*(13*21))))))
4299	(1*(1-(2*(35-(8*(13*21))))))
4300	(1+(1-(2*(35-(8*(13*21))))))
4301	(1-(1+(23*(5-(8*(1*(3+21)))))))
4302	(1*(1-(23*(5-(8*(1*(3+21)))))))
4303	(1-(1+(2-(3*(5*(((8+1)*32)-1))))))
4304	(1*(1-(2-(3*(5*(((8+1)*32)-1))))))
4305	(1+(1-(2-(3*(5*(((8+1)*32)-1))))))
4306	(1-(1-(2*(((358+1)*(3*2))-1))))
4307	(1-(1-(2+(3*(5*(((8+1)*32)-1))))))
4308	(1*(1+(2+(3*(5*(((8+1)*32)-1))))))
4309	(1+(1+(2+(3*(5*(((8+1)*32)-1))))))
4310	(1+(1+(2*((358+1)*(3+(2+1))))))
4311	(1*(1+(2*(((358+1)*(3*2))+1))))
4312	(1+(1+(2*(((358+1)*(3*2))+1))))
4313	(1-(1-((235-8)*(1-(3-21)))))
4314	(1*(1+((235-8)*(1-(3-21)))))
4315	(1-(1+(2-(3*((5*((8+1)*32))-1)))))
4316	(1*(1-(2-(3*((5*((8+1)*32))-1)))))
4317	(1+(1-(2-(3*((5*((8+1)*32))-1)))))
4318	(1-(1+(2-(3*(5*((8+1)*(32*1)))))))
4319	(1*(1-(2-(3*(5*((8+1)*(32*1)))))))
4320	(1-(1+(2*(3*(5*(8*(1*(3-21))))))))
4321	(1*(1-(2*(3*(5*(8*(1*(3-21))))))))
4322	(1+(1-(2*(3*(5*(8*(1*(3-21))))))))
4323	(1*(1+(2+(3*(5*((8+1)*(32*1)))))))
4324	(1+(1+(2+(3*(5*((8+1)*(32*1)))))))
4325	(1-(1-(2+(3*((5*((8+1)*32))+1)))))
4326	(1*(1+(2+(3*((5*((8+1)*32))+1)))))
4327	(1+(1+(2+(3*((5*((8+1)*32))+1)))))
4328	(1+(1-((2+(35-(81*3)))*21)))
4329	(1*(12+(3*((5*((8+1)*32))-1))))
4330	(1+(12+(3*((5*((8+1)*32))-1))))
4331	(1*(12+((3*(5*((8+1)*32)))-1)))
4332	(1*(12+(3*(5*((8+1)*(32*1))))))
4333	(1-(1+(2-(3*(5*(((8+1)*32)+1))))))
4334	(1*(1-(2-(3*(5*(((8+1)*32)+1))))))
4335	(1+(1-(2-(3*(5*(((8+1)*32)+1))))))
4336	(1*(1+((2+(3*5))*((8*(1*32))-1))))
4337	(1-(1-(2+(3*(5*(((8+1)*32)+1))))))
4338	(1*(1+(2+(3*(5*(((8+1)*32)+1))))))
4339	(1+(1+(2+(3*(5*(((8+1)*32)+1))))))
4340	(1+(1-(2+(35*(8-(132*1))))))
4341	(1-(1-(2-((35*(8-132))+1))))
4342	(1-(1-(2-(35*(8-(132*1))))))
4343	(1*(1+(2-(35*(8-(132*1))))))
4344	(1-(1+(2*(3*(5-(81*(3*(2+1))))))))
4345	(1*(1-(2*(3*(5-(81*(3*(2+1))))))))
4346	(1+(1-(2*(3*(5-(81*(3*(2+1))))))))
4347	(1-(1-(23*(5-(8*(1-(3+21)))))))
4348	(1-(1+(2-(3*(58*(1+(3+21)))))))
4349	(1*(1-(2-(3*(58*(1+(3+21)))))))
4350	(1+(1-(2-(3*(58*(1+(3+21)))))))
4351	(1*(1+((2+3)*(58*(13+(2*1))))))
4352	(1-(1+(2*(3+(5-(8*(13*21)))))))
4353	(1*(1-(2*(3+(5-(8*(13*21)))))))
4354	(1+(1-(2*(3+(5-(8*(13*21)))))))
4355	(1-(1-((2+3)*((58*(13+2))+1))))
4356	(1-(1-(2*(3*((5*81)+321)))))
4357	(1-(1+(2+(3*(5+(81*(3-21)))))))
4358	(1*(1-(2+(3*(5+(81*(3-21)))))))
4359	(1+(1-(2+(3*(5+(81*(3-21)))))))
4360	(1+((1+2)*(3+(58*(1+(3+21))))))
4361	(1-(1-(2-(3*(5+(81*(3-21)))))))
4362	(1*(1+(2-(3*(5+(81*(3-21)))))))
4363	(1+(1+(2-(3*(5+(81*(3-21)))))))
4364	(1-(1-(2*(3-(5-(8*(13*21)))))))
4365	(1*(1+(2*(3-(5-(8*(13*21)))))))
4366	(1+(1+(2*(3-(5-(8*(13*21)))))))
4367	(1*(1-(2+((3-5)*(8*(13*21))))))
4368	(1+(1-(2+((3-5)*(8*(13*21))))))
4369	(1-(1-((2+(3*5))*((8*(1*32))+1))))
4370	(1-(1-(2-((3-5)*(8*(13*21))))))
4371	(1*(1+(2-((3-5)*(8*(13*21))))))
4372	(1-(1+(2*(3-(5+(8*(13*21)))))))
4373	(1*(1-(2*(3-(5+(8*(13*21)))))))
4374	(1+(1-(2*(3-(5+(8*(13*21)))))))
4375	(1+(1-(2+(35*(8-(132+1))))))
4376	(1+(1-((2-(3+5))*(81*(3*(2+1))))))
4377	(1-(1-(2-(35*(8-(132+1))))))
4378	(1*(1+(2-(35*(8-(132+1))))))
4379	(1+(1+(2-(35*(8-(132+1))))))
4380	(1*(12*(3+((5*8)+(1+321)))))
4381	(1+(12*(3+((5*8)+(1+321)))))
4382	(1+((12*(358+(1+(3*2))))+1))
4383	(1-(1-((((23-5)*81)+3)*(2+1))))
4384	(1-(1-(2*(3+(5+(8*(13*21)))))))
4385	(1*(1+(2*(3+(5+(8*(13*21)))))))
4386	(1+(1+(2*(3+(5+(8*(13*21)))))))
4387	(1-(1+(2-(3*(5-(81*(3-21)))))))
4388	(1*(1-(2-(3*(5-(81*(3-21)))))))
4389	(1+(1-(2-(3*(5-(81*(3-21)))))))
4390	(1*(1+((((2+3)*5)+8)*(132+1))))
4391	(1-(1-(2+(3*(5-(81*(3-21)))))))
4392	(1*(1+(2+(3*(5-(81*(3-21)))))))
4393	(1+(1+(2+(3*(5-(81*(3-21)))))))
4394	(1*(1+(23*(58+(132+1)))))
4395	(1+(1+(23*(58+(132+1)))))
4396	(1-(1-((23+5)*(((81-3)*2)+1))))
4397	(1*(1+((23+5)*(((81-3)*2)+1))))
4398	(1-(1-(2*(3*((58*13)-21)))))
4399	(1*(1+(2*(3*((58*13)-21)))))
4400	(1+(1+(2*(3*((58*13)-21)))))
4401	(1*(1+((2+(3*58))*(1+(3+21)))))
4402	(1+(1+((2+(3*58))*(1+(3+21)))))
4403	(1-(1-((2+35)*((8*(13+2))-1))))
4404	(1-(1-(2*(3*(5+(81*(3*(2+1))))))))
4405	(1*(1+(2*(3*(5+(81*(3*(2+1))))))))
4406	(1+(1+(2*(3*(5+(81*(3*(2+1))))))))
4407	(1*((1+2)*((35*((8-1)*(3*2)))-1)))
4408	(1-(1+(2+(35*((8-1)*(3-21))))))
4409	(1*(1-(2+(35*((8-1)*(3-21))))))
4410	(1-(1-(2*(35*(81+(3-21))))))
4411	(1*(1+(2*(35*(81+(3-21))))))
4412	(1+(1+(2*(35*(81+(3-21))))))
4413	(1*(1+(2-(35*((8-1)*(3-21))))))
4414	(1+(1+(2-(35*((8-1)*(3-21))))))
4415	(1*(((1+(2+(3*(5*(8+1)))))*32)-1))
4416	(1-(1-(2*(3+(5*((8-1)*(3*21)))))))
4417	(1*(1+(2*(3+(5*((8-1)*(3*21)))))))
4418	(1+(1+(2*(3+(5*((8-1)*(3*21)))))))
4419	(1*((1+2)*(3*(5+(81*(3+(2+1)))))))
4420	(1-((1+2)*(3*(5+(8*(1-(3*21)))))))
4421	(1+(((1+2)*(3*(5+(81*(3*2)))))+1))
4422	(1-(1-(((2*3)+5)*(81+321))))
4423	(1*(1+(((2*3)+5)*(81+321))))
4424	(1-(1+(2*(35-((8-1)*321)))))
4425	(1*(1-(2*(35-((8-1)*321)))))
4426	(1+(1-(2*(35-((8-1)*321)))))
4427	(1*((12*358)+(132-1)))
4428	(1-(1+(2*(3*(((5*8)+1)*(3-21))))))
4429	(1*(1-(2*(3*(((5*8)+1)*(3-21))))))
4430	(1+(1-(2*(3*(((5*8)+1)*(3-21))))))
4431	(1-(1+((2-(3*(58+13)))*21)))
4432	(1*(1-((2-(3*(58+13)))*21)))
4433	(1-(1-((((23-5)*8)-1)*(32-1))))
4434	(1*(1+((((23-5)*8)-1)*(32-1))))
4435	(1+(1+((((23-5)*8)-1)*(32-1))))
4436	((1123-(5+(8+1)))*(3+(2-1)))
4437	(1*(((12*(3*((5*8)+1)))+3)*(2+1)))
4438	(1-(1-(2*(35+(8*(13*21))))))
4439	(1*(1+(2*(35+(8*(13*21))))))
4440	(1+(1+(2*(35+(8*(13*21))))))
4441	(1*(1+((2+35)*(8*(13+(2*1))))))
4442	(1+(1+((2+35)*(8*(13+(2*1))))))
4443	(1+(1+(((2+35)*(8*(13+2)))+1)))
4444	(1-(1-(((2*3)+5)*((81*(3+2))-1))))
4445	(1*(1+(((2*3)+5)*((81*(3+2))-1))))
4446	(1-(1+((23-5)*((8*(1-32))+1))))
4447	(1*(1-((23-5)*((8*(1-32))+1))))
4448	(1+(1-((23-5)*((8*(1-32))+1))))
4449	(1*(1-((2-(35*8))*(13+(2+1)))))
4450	(1+(1-((2-(35*8))*(13+(2+1)))))
4451	(1-((1-(((2*3)+5)*81))*(3+(2*1))))
4452	(1-(1+(2*((3-(5+(8*13)))*21))))
4453	(1-(1+(2-(3*(5*((8+1)*(32+1)))))))
4454	(1*(1-(2-(3*(5*((8+1)*(32+1)))))))
4455	(1+(1-(2-(3*(5*((8+1)*(32+1)))))))
4456	(1*(1+(((2*3)+5)*(81*(3+(2*1))))))
4457	(1-(1-(2+(3*(5*((8+1)*(32+1)))))))
4458	(1*(1+(2+(3*(5*((8+1)*(32+1)))))))
4459	(1+(1+(2+(3*(5*((8+1)*(32+1)))))))
4460	(1+((1+(2*3))*((58*(13-2))-1)))
4461	(1*((1+2)*((3*((5+(81*3))*2))-1)))
4462	(1-(1-(23*((5*(8-(1-32)))-1))))
4463	(1*(1+(23*((5*(8-(1-32)))-1))))
4464	(1-(1-(2*(3*((5+(81*3))*(2+1))))))
4465	(1*(1+(2*(3*((5+(81*3))*(2+1))))))
4466	(1+(1+(2*(3*((5+(81*3))*(2+1))))))
4467	(1+(1+(235*(8+(13-(2*1))))))
4468	(1+(1+(((2*3)+5)*((81*(3+2))+1))))
4469	(1-(12-(35*(8*(13+(2+1))))))
4470	(1-(((1-(23*(5+8)))*(13+2))+1))
4471	(1-(1+(2-(3*((58+13)*21)))))
4472	(1*(1-(2-(3*((58+13)*21)))))
4473	(1+(1-(2-(3*((58+13)*21)))))
4474	(1+(1-((2-(3*58))*(13*(2*1)))))
4475	(1-(1-(2+(3*((58+13)*21)))))
4476	(1*(1+(2+(3*((58+13)*21)))))
4477	(1+(1+(2+(3*((58+13)*21)))))
4478	(1-(1+(2*(3+(5-((8-1)*321))))))
4479	(1*(1-(2*(3+(5-((8-1)*321))))))
4480	(1+(1-(2*(3+(5-((8-1)*321))))))
4481	(1*(1-(2*(35*(8*(1-(3*(2+1))))))))
4482	(1+(1-(2*(35*(8*(1-(3*(2+1))))))))
4483	(1*(1+(2+(35*(8*(13+(2+1)))))))
4484	(1+(1+(2+(35*(8*(13+(2+1)))))))
4485	(1-(1+(23*(5-(8*(1+(3+21)))))))
4486	(1*(1-(23*(5-(8*(1+(3+21)))))))
4487	(1+(1-(23*(5-(8*(1+(3+21)))))))
4488	(1-(1+((2*3)-((5+(8+1))*321))))
4489	(1-(1+(2+(3-((5+(8+1))*321)))))
4490	(1-(1-(2*(3-(5-((8-1)*321))))))
4491	(1*(1+(2*(3-(5-((8-1)*321))))))
4492	(1+(1+(2*(3-(5-((8-1)*321))))))
4493	(1-(1-(2-(3-((5+(8+1))*321)))))
4494	(1*(1+(2-(3-((5+(8+1))*321)))))
4495	(1-(1+(2-(3+((5+(8+1))*321)))))
4496	(1*(1-(2-(3+((5+(8+1))*321)))))
4497	(1+(1-(2-(3+((5+(8+1))*321)))))
4498	(1-(1+(2*(3-(5+((8-1)*321))))))
4499	(1*(1-(2*(3-(5+((8-1)*321))))))
4500	(1+(1-(2*(3-(5+((8-1)*321))))))
4501	(1+(1+(2+(3+((5+(8+1))*321)))))
4502	(1+(1+((2*3)+((5+(8+1))*321))))
4503	(1-(1-((2*(3*(58*13)))-21)))
4504	(1*(1+((2*(3*(58*13)))-21)))
4505	(1-(1+((2+(3*5))*(8-(13*21)))))
4506	(1-(1-(2*(3*((58*13)-(2+1))))))
4507	(1*(1+(2*(3*((58*13)-(2+1))))))
4508	(1+(1+(2*(3*((58*13)-(2+1))))))
4509	(1*(1+(2*(((3*5)-8)*(1+321)))))
4510	(1-(1-(2*(3+(5+((8-1)*321))))))
4511	(1*(1+(2*(3+(5+((8-1)*321))))))
4512	(1+(1+(2*(3+(5+((8-1)*321))))))
4513	(1*(1+(2*(3*((58*13)-(2*1))))))
4514	(1+(1+(2*(3*((58*13)-(2*1))))))
4515	(1*(1+(2*((3*((58*13)-2))+1))))
4516	(1+(1+(2*((3*((58*13)-2))+1))))
4517	(1-(1-(23+((5+(8+1))*321))))
4518	(1-(1+(2*(3-(58*(13*(2+1)))))))
4519	(1*(1-(2*(3-(58*(13*(2+1)))))))
4520	(1+(1-(2*(3-(58*(13*(2+1)))))))
4521	(1+(1-(2-(3*((58*(13*2))-1)))))
4522	(1-(1+(2-(3*(58*(13*(2*1)))))))
4523	(1*(1-(2-(3*(58*(13*(2*1)))))))
4524	(1-(1-(2*(3*(58*(13*(2-1)))))))
4525	(1*(1+(2*(3*(58*(13*(2-1)))))))
4526	(1+(1+(2*(3*(58*(13*(2-1)))))))
4527	(1*(1+(2+(3*(58*(13*(2*1)))))))
4528	(1+(1+(2+(3*(58*(13*(2*1)))))))
4529	(1-(1-(2+(3*((58*(13*2))+1)))))
4530	(1-(1-(2*(3+(58*(13*(2+1)))))))
4531	(1*(1+(2*(3+(58*(13*(2+1)))))))
4532	(1+(1+(2*(3+(58*(13*(2+1)))))))
4533	(1+(1+(23*(5+(8*(1*(3+21)))))))
4534	(1-(1+(2-((3+5)*(81*((3*2)+1))))))
4535	(1*(1-(2-((3+5)*(81*((3*2)+1))))))
4536	(1-(1-(2*(3*((5+(8-1))*(3*21))))))
4537	(1*(1+(2*(3*((5+(8-1))*(3*21))))))
4538	(1+(1+(2*(3*((5+(8-1))*(3*21))))))
4539	(1*(1+(2+((3+5)*(81*((3*2)+1))))))
4540	(1+(1+(2+((3+5)*(81*((3*2)+1))))))
4541	(1-(1-(((((23+5)*81)+3)*2)-1)))
4542	(1-(1-(2*(3*((58*13)+(2+1))))))
4543	(1*(1+(2*(3*((58*13)+(2+1))))))
4544	(1+(1+(2*(3*((58*13)+(2+1))))))
4545	(1-(1-((2*(3*(58*13)))+21)))
4546	(1*(1+((2*(3*(58*13)))+21)))
4547	(1+(1+((2*(3*(58*13)))+21)))
4548	(1*(12*(3+((5*(81-(3*2)))+1))))
4549	(1+(12*(3+((5*(81-(3*2)))+1))))
4550	(1-(1-(2*(35*((8*((1+3)*2))+1)))))
4551	(1*(1+(2*(35*((8*((1+3)*2))+1)))))
4552	(1+(1+(2*(35*((8*((1+3)*2))+1)))))
4553	(1+(1-((2+35)*(8-(132-1)))))
4554	(1-(1+(23*((5-(8*13))*(2*1)))))
4555	(1*(1-(23*((5-(8*13))*(2*1)))))
4556	(1+(1-(23*((5-(8*13))*(2*1)))))
4557	(1-(1+((2+(3*(5-(81-3))))*21)))
4558	(1*(1-((2+(3*(5-(81-3))))*21)))
4559	(1+(1-((2+(3*(5-(81-3))))*21)))
4560	(1-(1-(2*(3*(5*(8*(1-(3-21))))))))
4561	(1*(1+(2*(3*(5*(8*(1-(3-21))))))))
4562	(1+(1+(2*(3*(5*(8*(1-(3-21))))))))
4563	(1*((1+2)*(3*((5+8)*(13*(2+1))))))
4564	(1-(1-(2*(35+((8-1)*321)))))
4565	(1*(1+(2*(35+((8-1)*321)))))
4566	(1+(1+(2*(35+((8-1)*321)))))
4567	(1*(1+(2*((3*(58*13))+21))))
4568	(1+(1+(2*((3*(58*13))+21))))
4569	(1*((12*358)+(13*21)))
4570	(1+((12*358)+(13*21)))
4571	(11+(2*(3*(5*(8*(1-(3-21)))))))
4572	(1-(1+(2*(3-((5+(8*13))*21)))))
4573	(1*(1-(2*(3-((5+(8*13))*21)))))
4574	(1+(1-(2*(3-((5+(8*13))*21)))))
4575	(1-(1-(((2+(3*58))*(13*2))-1)))
4576	(1-(1-((2+(3*58))*(13*(2*1)))))
4577	(1-(1-(23*((5*(8+(1*32)))-1))))
4578	(1*(1+(23*((5*(8+(1*32)))-1))))
4579	(1+(1+(23*((5*(8+(1*32)))-1))))
4580	(1+(1+((2+((3+5)*((8+1)*3)))*21)))
4581	(1*((1+2)*(3*(5+(8*(1*(3*21)))))))
4582	(1+((1+2)*(3*(5+(8*(1*(3*21)))))))
4583	(11-(2*(3-((5+(8*13))*21))))
4584	(1-(1-(2*(3+((5+(8*13))*21)))))
4585	(1*(1+(2*(3+((5+(8*13))*21)))))
4586	(1+(1+(2*(3+((5+(8*13))*21)))))
4587	(1-(1+((2-35)*(8+(132-1)))))
4588	(1-(1-(2*((3-(5*8))*(1-(3*21))))))
4589	(1*(1+(2*((3-(5*8))*(1-(3*21))))))
4590	(1+(1+(2*((3-(5*8))*(1-(3*21))))))
4591	(1*(1+((23-5)*((8*(1*32))-1))))
4592	(1-(1-(2*((3+5)*(((8+1)*32)-1)))))
4593	(1*(1+(2*((3+5)*(((8+1)*32)-1)))))
4594	(1+(1+(2*((3+5)*(((8+1)*32)-1)))))
4595	(1-(1-(((23*(5*8))-1)*(3+(2*1)))))
4596	(1*(1+(((23*(5*8))-1)*(3+(2*1)))))
4597	(1-(1+(2+(3*((5-(81-3))*21)))))
4598	(1*(1-(2+(3*((5-(81-3))*21)))))
4599	(1+(1-(2+(3*((5-(81-3))*21)))))
4600	(1-(1+(23*(5*(8*(1-(3+(2+1))))))))
4601	(1-(1-(2-(3*((5-(81-3))*21)))))
4602	(1*(1+(2-(3*((5-(81-3))*21)))))
4603	(1+(1+(2-(3*((5-(81-3))*21)))))
4604	(1+(1-((2-(3*(5*8)))*(13*(2+1)))))
4605	(1-(1-(((23*(5*8))+1)*(3+(2*1)))))
4606	(1-(1-(2*(((3+5)*((8+1)*32))-1))))
4607	(1*(1+(2*(((3+5)*((8+1)*32))-1))))
4608	(1-(1-(2*((3+5)*((8+1)*(32*1))))))
4609	(1*(1+(2*((3+5)*((8+1)*(32*1))))))
4610	(1+(1+(2*((3+5)*((8+1)*(32*1))))))
4611	(1*(1+(2*(((3+5)*((8+1)*32))+1))))
4612	(1+(1+(2*(((3+5)*((8+1)*32))+1))))
4613	(1-(((1+(2-358))*13)+(2+1)))
4614	(1-(((12*(3-58))+1)*((3*2)+1)))
4615	(1*((1+(2*35))*((8*((1+3)*2))+1)))
4616	(1+((1+(2*35))*((8*((1+3)*2))+1)))
4617	(1-(1-((235+8)*(1-(3-21)))))
4618	(1-(1+(2+((3-58)*((1+3)*21)))))
4619	(1*(1-(2+((3-58)*((1+3)*21)))))
4620	(1+(1-(2+((3-58)*((1+3)*21)))))
4621	(1*(1+(2*((3-58)*((1-3)*21)))))
4622	(1-(1-(2-((3-58)*((1+3)*21)))))
4623	(1*(1+(2-((3-58)*((1+3)*21)))))
4624	(1-(1-(2*((3+5)*(((8+1)*32)+1)))))
4625	(1*(1+(2*((3+5)*(((8+1)*32)+1)))))
4626	(1+(1+(2*((3+5)*(((8+1)*32)+1)))))
4627	(1+(1-((2+35)*(8-(132+1)))))
4628	(1+(1+((23-5)*((8*(1*32))+1))))
4629	(1*(1-((2-358)*(13*(2-1)))))
4630	(1+(1-((2-358)*(13*(2-1)))))
4631	(1-(1+(2-((358*13)-21))))
4632	(1*(1-(2-((358*13)-21))))
4633	(1+(1-(2-((358*13)-21))))
4634	(1-((1-2)*((358*13)-21)))
4635	(1-(1-(2+((358*13)-21))))
4636	(1*(1+(2+((358*13)-21))))
4637	(1+(1+(2+((358*13)-21))))
4638	(1*(((1+(23-5))*(81*3))+21))
4639	(1-(1-(((((23-5)*8)+1)*32)-1)))
4640	(1-(1-((2+3)*(58*(13+(2+1))))))
4641	(1*(1+((2+3)*(58*(13+(2+1))))))
4642	(1-(1+(2*(3-(581*(3+(2-1)))))))
4643	(1*(1-(2*(3-(581*(3+(2-1)))))))
4644	(1+(1-(2*(3-(581*(3+(2-1)))))))
4645	(1*(1+(2*(3*((5+81)*(3*(2+1)))))))
4646	(1-(1-(2-(3*((5+81)*(3-21))))))
4647	(1*(1+(2-(3*((5+81)*(3-21))))))
4648	(1+(1+(2-(3*((5+81)*(3-21))))))
4649	(1-(1+(2-((358*13)-(2+1)))))
4650	(1-(1-(2*(3*(5*(((81-3)*2)-1))))))
4651	(1*(1+(2*(3*(5*(((81-3)*2)-1))))))
4652	(1+(1+(2*(3*(5*(((81-3)*2)-1))))))
4653	(1*(1-(2-(358*(13*(2-1))))))
4654	(1-(1-(2*(3+(581*(3+(2-1)))))))
4655	(1*(1+(2*(3+(581*(3+(2-1)))))))
4656	(1+(1+(2*(3+(581*(3+(2-1)))))))
4657	(1*(1+(2+(358*(13*(2-1))))))
4658	(1+(1+(2+(358*(13*(2-1))))))
4659	(1-(1-(2+((358*13)+(2+1)))))
4660	(1*(1+(2+((358*13)+(2+1)))))
4661	(1+(1+(2+((358*13)+(2+1)))))
4662	(1-(1-(2*(3*((5+(8*(1+3)))*21)))))
4663	(1*(1+(2*(3*((5+(8*(1+3)))*21)))))
4664	(1+(1+(2*(3*((5+(8*(1+3)))*21)))))
4665	(1*(12+((358*13)-(2-1))))
4666	(1*(12+(358*(13*(2-1)))))
4667	(1+(12+(358*(13*(2-1)))))
4668	(1-(1+(2*((35-813)*(2+1)))))
4669	(1*(1-(2*((35-813)*(2+1)))))
4670	(1+(1-(2*((35-813)*(2+1)))))
4671	(1*(1-(2*(((3+(5-81))*32)+1))))
4672	(1-(1-(2*((3+581)*(3+(2-1))))))
4673	(1*(1+(2*((3+581)*(3+(2-1))))))
4674	(1-(1-(2*(3*((5*((81-3)*2))-1)))))
4675	(1*(1+(2*(3*((5*((81-3)*2))-1)))))
4676	(1+(1+(2*(3*((5*((81-3)*2))-1)))))
4677	(1-(1-(2+((358*13)+21))))
4678	(1-(1+(2+(3*(5*(8+(1-321)))))))
4679	(1*(1-(2+(3*(5*(8+(1-321)))))))
4680	(1+(1-(2+(3*(5*(8+(1-321)))))))
4681	(1*(1+(2*(3*(5*((81-3)*(2*1)))))))
4682	(1-(1-(2-(3*(5*(8+(1-321)))))))
4683	(1*(1+(2-(3*(5*(8+(1-321)))))))
4684	(1+(1+(2-(3*(5*(8+(1-321)))))))
4685	(1+(1-((2+(3+((5-81)*3)))*21)))
4686	(1-(1-(2*(3*((5*((81-3)*2))+1)))))
4687	(1*(1+(2*(3*((5*((81-3)*2))+1)))))
4688	(1+(1+(2*(3*((5*((81-3)*2))+1)))))
4689	(1-(1-(((2358-13)*2)-1)))
4690	(1-(1-((2358-13)*(2*1))))
4691	(1*(1+((2358-13)*(2*1))))
4692	(1-(1+(23*(5-((8*(13*2))+1)))))
4693	(1-(1+(2+(3*(5*(8-(1*321)))))))
4694	(1*(1-(2+(3*(5*(8-(1*321)))))))
4695	(1+(1-(2+(3*(5*(8-(1*321)))))))
4696	(1-(1+(2-(3*(58*((13*2)+1))))))
4697	(1-(1-(2-(3*(5*(8-(1*321)))))))
4698	(1*(1+(2-(3*(5*(8-(1*321)))))))
4699	(1+(1+(2-(3*(5*(8-(1*321)))))))
4700	(1-(1-(2+(3*(58*((13*2)+1))))))
4701	(1*(1+(2+(3*(58*((13*2)+1))))))
4702	(1+(1+(2+(3*(58*((13*2)+1))))))
4703	(1+(1+(((2+358)*13)+21)))
4704	(1-(1-(2*((3+(5+(8*13)))*21))))
4705	(1*(1+(2*((3+(5+(8*13)))*21))))
4706	(1-(1+(2*(3+((5-81)*(32-1))))))
4707	(1*(1-(2*(3+((5-81)*(32-1))))))
4708	(1-(1+(2+(3*(5*(8-(1+321)))))))
4709	(1*(1-(2+(3*(5*(8-(1+321)))))))
4710	(1+(1-(2+(3*(5*(8-(1+321)))))))
4711	(1*(1+(2*(3*(5*(((81-3)*2)+1))))))
4712	(1-(1-(2-(3*(5*(8-(1+321)))))))
4713	(1*(1+(2-(3*(5*(8-(1+321)))))))
4714	(1+(1+(2-(3*(5*(8-(1+321)))))))
4715	(1-(1-(23*(5+(8*(1+(3+21)))))))
4716	(1*(1+(23*(5+(8*(1+(3+21)))))))
4717	(1+(1+(23*(5+(8*(1+(3+21)))))))
4718	(1-(1-(2*(3-((5-81)*(32-1))))))
4719	(1*(1+(2*(3-((5-81)*(32-1))))))
4720	(1+(1+(2*(3-((5-81)*(32-1))))))
4721	(1+(1+((((23-5)*8)-1)*(32+1))))
4722	(1-(1+(2*(3*(5-(813-21))))))
4723	(1*(1-(2*(3*(5-(813-21))))))
4724	(1+(1-(2*(3*(5-(813-21))))))
4725	(1+(1-(2+((3+((5-81)*3))*21))))
4726	(1*(1+((2+3)*((58-13)*21))))
4727	(1-(1-(2-((3+((5-81)*3))*21))))
4728	(1*(1+(2-((3+((5-81)*3))*21))))
4729	(1+(1+(2-((3+((5-81)*3))*21))))
4730	(1*((1-23)*(58-(13*21))))
4731	(1-((1-23)*(5+((8-(1-3))*21))))
4732	(1-(1-((23+5)*(((81+3)*2)+1))))
4733	(1*(1+((23+5)*(((81+3)*2)+1))))
4734	(1+(1+((23+5)*(((81+3)*2)+1))))
4735	(1*(1+((23-5)*((8*(1+32))-1))))
4736	(1-(1+(2*((3-(5*8))*(1+(3*21))))))
4737	(1*(1-(2*((3-(5*8))*(1+(3*21))))))
4738	(1+(1-(2*((3-(5*8))*(1+(3*21))))))
4739	(1*(1+(23*((5*(8+(1+32)))+1))))
4740	(1+(1+(23*((5*(8+(1+32)))+1))))
4741	(1-(1-(((2358+13)*2)-1)))
4742	(1-(1-((2358+13)*(2*1))))
4743	(1-(1-((2+(3*5))*((8+1)*(32-1)))))
4744	(1*(1+((2+(3*5))*((8+1)*(32-1)))))
4745	(1+(1+((2+(3*5))*((8+1)*(32-1)))))
4746	(1-(1+(2*((3+(58*(1-3)))*21))))
4747	(1*(1-(2*((3+(58*(1-3)))*21))))
4748	(1+(1-(2*((3+(58*(1-3)))*21))))
4749	(1-(12+(35*(8*(1+(3-21))))))
4750	(1-(123-(58*((1+3)*21))))
4751	(1-(1-(((23-5)*(8*(1+32)))-1)))
4752	(1-(1-(2*((3+5)*((8+1)*(32+1))))))
4753	(1*(1+(2*((3+5)*((8+1)*(32+1))))))
4754	(1+(1+(2*((3+5)*((8+1)*(32+1))))))
4755	(1+(1+(((23-5)*(8*(1+32)))+1)))
4756	(1+((1+2)*(((3+58)*(13*2))-1)))
4757	(1+((1+(23*5))*(8+(1*(32+1)))))
4758	(1-(1+(2+(35*(8*(1+(3-21)))))))
4759	(1*(1-(2+(35*(8*(1+(3-21)))))))
4760	(1+(1-(2+(35*(8*(1+(3-21)))))))
4761	(1-(1+(23*(((5-81)*3)+21))))
4762	(1-(1-(2-(35*(8*(1+(3-21)))))))
4763	(1*(1+(2-(35*(8*(1+(3-21)))))))
4764	(1+(1+(2-(35*(8*(1+(3-21)))))))
4765	(1-(1+(23+((5-81)*(3*21)))))
4766	(1*(1-(23+((5-81)*(3*21)))))
4767	(1+(1-(23+((5-81)*(3*21)))))
4768	(1*(1-((2+(3-(58*(1+3))))*21)))
4769	(1+(1-((2+(3-(58*(1+3))))*21)))
4770	(1-(1+((23-5)*(8-(13*21)))))
4771	(1*(1-((23-5)*(8-(13*21)))))
4772	(1+(1-((23-5)*(8-(13*21)))))
4773	(1+(12-(35*(8*(1+(3-21))))))
4774	(1-(1-((235-81)*(32-1))))
4775	(1*(1+((235-81)*(32-1))))
4776	(1+(1+((235-81)*(32-1))))
4777	(1-(1-((2+(3*5))*(8+(13*21)))))
4778	(1*(1+((2+(3*5))*(8+(13*21)))))
4779	(1+(1+((2+(3*5))*(8+(13*21)))))
4780	(1-(12-(3-((5-81)*(3*21)))))
4781	(11-((23-5)*(8-(13*21))))
4782	(1-(1-(2*(3*(5+(813-21))))))
4783	(1*(1+(2*(3*(5+(813-21))))))
4784	(1+(1+(2*(3*(5+(813-21))))))
4785	(1+(1-(2+(3+((5-81)*(3*21))))))
4786	(1-(1+(2+(((3*5)-(81*3))*21))))
4787	(1-(1-(2-(3+((5-81)*(3*21))))))
4788	(1*(1+(2-(3+((5-81)*(3*21))))))
4789	(1+(1+(2-(3+((5-81)*(3*21))))))
4790	(1*(1-(2-(3-((5-81)*(3*21))))))
4791	(1+(1-(2-(3-((5-81)*(3*21))))))
4792	(1+(1+(2-(((3*5)-(81*3))*21))))
4793	(1-(1-(2+(3-((5-81)*(3*21))))))
4794	(1*(1+(2+(3-((5-81)*(3*21))))))
4795	(1+(1+(2+(3-((5-81)*(3*21))))))
4796	(1+(1+((2*3)-((5-81)*(3*21)))))
4797	(1-(1-(((23*5)+8)*(13*(2+1)))))
4798	(1*(1+(((23*5)+8)*(13*(2+1)))))
4799	(1+(1+(((23*5)+8)*(13*(2+1)))))
4800	(1-(1-((2+3)*(5*(8*(1*(3+21)))))))
4801	(1*(1+((2+3)*(5*(8*(1*(3+21)))))))
4802	(1+(1+((2+3)*(5*(8*(1*(3+21)))))))
4803	(1*(12+(3-((5-81)*(3*21)))))
4804	(1+(12+(3-((5-81)*(3*21)))))
4805	(1*((1+(2*(3*5)))*(((81-3)*2)-1)))
4806	(1-(1+(2*((3*(5-813))+21))))
4807	(1*(1-(2*((3*(5-813))+21))))
4808	(1-(1+(2*(35-(813*(2+1))))))
4809	(1*(1-(2*(35-(813*(2+1))))))
4810	(1+(1-(2*(35-(813*(2+1))))))
4811	(1-(1-(2-((3-(58*(1+3)))*21))))
4812	(1*(1+(2-((3-(58*(1+3)))*21))))
4813	(1-(1+(2-((3+(5+(8-1)))*321))))
4814	(1*(1-(2-((3+(5+(8-1)))*321))))
4815	(1+(1-(2-((3+(5+(8-1)))*321))))
4816	(1*(1-((2+3)*((5-8)*(1*321)))))
4817	(1-(1-(2+((3+(5+(8-1)))*321))))
4818	(1-(1-(2*(3*((((5*81)-3)*2)-1)))))
4819	(1*(1+(2*(3*((((5*81)-3)*2)-1)))))
4820	(1+(1+(2*(3*((((5*81)-3)*2)-1)))))
4821	(1*(12-((3-(58*(1+3)))*21)))
4822	(1-(1-(2*((3*(((5*81)-3)*2))-1))))
4823	(1*(1+(2*((3*(((5*81)-3)*2))-1))))
4824	(1-(1-(2*(3*(((5*81)-3)*(2*1))))))
4825	(1*(1+(2*(3*(((5*81)-3)*(2*1))))))
4826	(1+(1+(2*(3*(((5*81)-3)*(2*1))))))
4827	(1*(1+(2*((3*(((5*81)-3)*2))+1))))
4828	(1+(1+(2*((3*(((5*81)-3)*2))+1))))
4829	(1+(1-((2*(3*(5-813)))+21)))
4830	(1-(1+(2*(3*(5-(813-(2+1)))))))
4831	(1*(1-(2*(3*(5-(813-(2+1)))))))
4832	(1+(1-(2*(3*(5-(813-(2+1)))))))
4833	(1*(1+(((2*35)+81)*(32*1))))
4834	(1-(1+(2*((3*(5-(813-2)))+1))))
4835	(1*(1-(2*((3*(5-(813-2)))+1))))
4836	(1-(1+(2*(3*(5-(813-(2*1)))))))
4837	(1*(1-(2*(3*(5-(813-(2*1)))))))
4838	(1+(1-(2*(3*(5-(813-(2*1)))))))
4839	(1*(1-(2*((3*(5-(813-2)))-1))))
4840	(1+(1-(2*((3*(5-(813-2)))-1))))
4841	(1-((1-23)*(5*(((8+1)*(3+2))-1))))
4842	(1-(1+(2*(3*(5-(813-(2-1)))))))
4843	(1*(1-(2*(3*(5-(813-(2-1)))))))
4844	(1+(1-(2*(3*(5-(813-(2-1)))))))
4845	(1*(1-(2*(3-(5*((81*(3*2))-1))))))
4846	(1+(1-(2*(3-(5*((81*(3*2))-1))))))
4847	(1*(1-(2+(3*((5-813)*(2*1))))))
4848	(1-(1+(2*(3*(5-(813*(2-1)))))))
4849	(1*(1-(2*(3*(5-(813*(2-1)))))))
4850	(1+(1-(2*(3*(5-(813*(2-1)))))))
4851	(1*(1+(2-(3*((5-813)*(2*1))))))
4852	(1+(1+(2-(3*((5-813)*(2*1))))))
4853	(1*(1-(2*(3-((5*(81*(3*2)))-1)))))
4854	(1-(1+(2*(3-(5*(81*(3+(2+1))))))))
4855	(1*(1-(2*(3-(5*(81*(3+(2+1))))))))
4856	(1+(1-(2*(3-(5*(81*(3+(2+1))))))))
4857	(1*(1+(2*(3+(5*((81*(3*2))-1))))))
4858	(1-(1+(2-(3*(5*(81*(3+(2-1))))))))
4859	(1*(1-(2-(3*(5*(81*(3+(2-1))))))))
4860	(1+(1-(2-(3*(5*(81*(3+(2-1))))))))
4861	(1*(1+(2*(3*(5*(81*(3-(2-1))))))))
4862	(1-(1-(2+(3*(5*(81*(3+(2-1))))))))
4863	(1*(1+(2+(3*(5*(81*(3+(2-1))))))))
4864	(1+(1+(2+(3*(5*(81*(3+(2-1))))))))
4865	(1-(1-(2-(3*(5-(813*(2*1)))))))
4866	(1-(1-(2*(3+(5*(81*(3+(2+1))))))))
4867	(1*(1+(2*(3+(5*(81*(3+(2+1))))))))
4868	(1+(1+(2*(3+(5*(81*(3+(2+1))))))))
4869	(1*(1+(2-(3*(5-((813*2)+1))))))
4870	(1+(1+(2-(3*(5-((813*2)+1))))))
4871	(1-(1-(2-(3-(58*((1+3)*21))))))
4872	(1-(1-(2*(3*(58*(13+(2-1)))))))
4873	(1*(1+(2*(3*(58*(13+(2-1)))))))
4874	(1-(1-(2*(3-(5-(813*(2+1)))))))
4875	(1*(1+(2*(3-(5-(813*(2+1)))))))
4876	(1+(1+(2*(3-(5-(813*(2+1)))))))
4877	(1*(1+(2*(3+(5*((81*(3*2))+1))))))
4878	(1+(1+(2*(3+(5*((81*(3*2))+1))))))
4879	(1+(1+(2+(3+(58*((1+3)*21))))))
4880	(1+(1+(2*(3-(58*((1-3)*21))))))
4881	(1*(1+(2-((3-5)*(813*(2+1))))))
4882	(1-(1+(2*(3-(5+(813*(2+1)))))))
4883	(1*(1-(2*(3-(5+(813*(2+1)))))))
4884	(1+(1-(2*(3-(5+(813*(2+1)))))))
4885	(1-(1-(2-(((3-(5*8))*132)+1))))
4886	(1-(1-(2-((3-(5*8))*(132*1)))))
4887	(1*(1+(2-((3-(5*8))*(132*1)))))
4888	(1-(1+(2-(3*(5+((813*2)-1))))))
4889	(1*(1-(2-(3*(5+((813*2)-1))))))
4890	(1-(1-(2*(3*(5+(813-(2+1)))))))
4891	(1*(1+(2*(3*(5+(813-(2+1)))))))
4892	(1+(1+(2*(3*(5+(813-(2+1)))))))
4893	(1+(1-(2-(3*(5+(813*(2*1)))))))
4894	(1-(1-(2*(3+(5+(813*(2+1)))))))
4895	(1*(1+(2*(3+(5+(813*(2+1)))))))
4896	(1+(1+(2*(3+(5+(813*(2+1)))))))
4897	(1*(1+(2*(3*(5+(813-(2*1)))))))
4898	(1+(1+(2*(3*(5+(813-(2*1)))))))
4899	(1+(1-(2+(3*(5-((81-3)*21))))))
4900	(1+(1+(2+(3*(5+((813*2)+1))))))
4901	(1-(1-(2-(3*(5-((81-3)*21))))))
4902	(1-(1-(2*(3*(5+(813-(2-1)))))))
4903	(1*(1+(2*(3*(5+(813-(2-1)))))))
4904	(1+(1+(2*(3*(5+(813-(2-1)))))))
4905	(1+(1-(2-(3*(((5+813)*2)-1)))))
4906	(1-(1+(2-(3*((5+813)*(2*1))))))
4907	(1*(1-(2-(3*((5+813)*(2*1))))))
4908	(1-(1-(2*(3*(5+(813*(2-1)))))))
4909	(1*(1+(2*(3*(5+(813*(2-1)))))))
4910	(1+(1+(2*(3*(5+(813*(2-1)))))))
4911	(1*(1+(2+(3*((5+813)*(2*1))))))
4912	(1+(1+(2+(3*((5+813)*(2*1))))))
4913	(1-(1-(2+(3*(((5+813)*2)+1)))))
4914	(1-(1-(2*(3*(5+(813+(2-1)))))))
4915	(1*(1+(2*(3*(5+(813+(2-1)))))))
4916	(1+(1+(2*(3*(5+(813+(2-1)))))))
4917	(1*(12+(3*(((5+813)*2)-1))))
4918	(1-(1+(2-(3*(5*(8-(1-321)))))))
4919	(1*(1-(2-(3*(5*(8-(1-321)))))))
4920	(1+(1-(2-(3*(5*(8-(1-321)))))))
4921	(1*(1+(2*(3*(5+(813+(2*1)))))))
4922	(1-(1-(2+(3*(5*(8-(1-321)))))))
4923	(1*(1+(2+(3*(5*(8-(1-321)))))))
4924	(1+(1+(2+(3*(5*(8-(1-321)))))))
4925	(1+(1+(2-((3-(5*8))*(132+1)))))
4926	(1-(1-(2*(3*(5+(813+(2+1)))))))
4927	(1*(1+(2*(3*(5+(813+(2+1)))))))
4928	(1+(1+(2*(3*(5+(813+(2+1)))))))
4929	(1+(1-(2-(3*(5+((81-3)*21))))))
4930	(1-(1+((2+3)*(58*(1+(3-21))))))
4931	(1-(1-(2+(3*(5+((81-3)*21))))))
4932	(1*(1+(2+(3*(5+((81-3)*21))))))
4933	(1-(1+(2-(3*(5*(8+(1*321)))))))
4934	(1*(1-(2-(3*(5*(8+(1*321)))))))
4935	(1+(1-(2-(3*(5*(8+(1*321)))))))
4936	(1*(1+(235*(8+(13*(2-1))))))
4937	(1-(1-(2+(3*(5*(8+(1*321)))))))
4938	(1*(1+(2+(3*(5*(8+(1*321)))))))
4939	(1+(1+(2+(3*(5*(8+(1*321)))))))
4940	(1+(1+((235*(8+13))+(2+1))))
4941	(1*(12+(3*(5+((81-3)*21)))))
4942	(1+(12+(3*(5+((81-3)*21)))))
4943	(1*((123*(5*8))-(1-(3+21))))
4944	(1-(1-(((235*(8-1))+3)*(2+1))))
4945	(1-(1-(23*(5+((8-(1-3))*21)))))
4946	(1*(1+(23*(5+((8-(1-3))*21)))))
4947	(1+(1+(23*(5+((8-(1-3))*21)))))
4948	(1-(1+(2-(3*(5*(8+(1+321)))))))
4949	(1*(1-(2-(3*(5*(8+(1+321)))))))
4950	(1+(1-(2-(3*(5*(8+(1+321)))))))
4951	(1*(1+(2*((3*(5+813))+21))))
4952	(1-(1-(2+(3*(5*(8+(1+321)))))))
4953	(1*(1+(2+(3*(5*(8+(1+321)))))))
4954	(1+(1+(2+(3*(5*(8+(1+321)))))))
4955	(1*(1-(2*(3+(5*(8*(1-(3*21))))))))
4956	(1+(1-(2*(3+(5*(8*(1-(3*21))))))))
4957	(1*(1+(2*(((3*(5*8))+(1-3))*21))))
4958	(1+(1+(2*(((3*(5*8))+(1-3))*21))))
4959	(1*((1+2)*(3+(5*(8+(1+321))))))
4960	(1-(1+((2+(3+5))*(8*(1-(3*21))))))
4961	(1*(1-((2+(3+5))*(8*(1-(3*21))))))
4962	(1+(1-((2+(3+5))*(8*(1-(3*21))))))
4963	(1+(12+(3*(5*(8+(1+321))))))
4964	(1*((1-(2+3))*((5*(8*(1-32)))-1)))
4965	(1*((1+2)*((((3*5)+813)*2)-1)))
4966	(1-(1-(2*(3-(5*(8*(1-(3*21))))))))
4967	(1*(1+(2*(3-(5*(8*(1-(3*21))))))))
4968	(1+(1+(2*(3-(5*(8*(1-(3*21))))))))
4969	(1*(1+(2*(((3*5)+813)*(2+1)))))
4970	(1-(1-(2*(35*(8+(1*(3*21)))))))
4971	(1*(1+(2*(35*(8+(1*(3*21)))))))
4972	(1+(1+(2*(35*(8+(1*(3*21)))))))
4973	(1+((1-23)*(5-((8-1)*(32+1)))))
4974	(1-(1+(2*(3*(5-(813+21))))))
4975	(1*(1-(2*(3*(5-(813+21))))))
4976	(1+(1-(2*(3*(5-(813+21))))))
4977	(1+(1-(2+(3*((5-(81+3))*21)))))
4978	(1-(1-(((2*(3*5))+8)*(132-1))))
4979	(1-(1-(2-(3*((5-(81+3))*21)))))
4980	(1*(1+(2-(3*((5-(81+3))*21)))))
4981	(1+(1+(2-(3*((5-(81+3))*21)))))
4982	(1*((12+35)*((8*13)+(2*1))))
4983	(1-(1-(((2*35)+81)*(32+1))))
4984	(1-(1+((2-358)*(13+(2-1)))))
4985	(1*(1-((2-358)*(13+(2-1)))))
4986	(1+(1-((2-358)*(13+(2-1)))))
4987	(1*(1+((2-((35*8)-1))*(3-21))))
4988	(1-(1+((23*5)-(81*(3*21)))))
4989	(1*(1-((23*5)-(81*(3*21)))))
4990	(1+(1-((23*5)-(81*(3*21)))))
4991	(1-(1+(23*(5-((81*3)-21)))))
4992	(1-(1-(2*(3*((5+8)*(1+(3*21)))))))
4993	(1*(1+(2*(3*((5+8)*(1+(3*21)))))))
4994	(1+(1+(2*(3*((5+8)*(1+(3*21)))))))
4995	(1+(1-(2+(3+((5-(81*3))*21)))))
4996	(1+((1+2)*(((3+5)*(8*(13*2)))+1)))
4997	(1-(1-(2-(3+((5-(81*3))*21)))))
4998	(1*(1+(2-(3+((5-(81*3))*21)))))
4999	(1+(1+(2-(3+((5-(81*3))*21)))))
5000	(1*(1-(2-(3-((5-(81*3))*21)))))
5001	(1+(1-(2-(3-((5-(81*3))*21)))))
5002	(1+(1+((2+3)*(5*(8*(1+(3+21)))))))
5003	(1-(1-(2+(3-((5-(81*3))*21)))))
5004	(1*(1+(2+(3-((5-(81*3))*21)))))
5005	(1+(1+(2+(3-((5-(81*3))*21)))))
5006	(1-(1+(2*(3+(5-(81*(32-1)))))))
5007	(1*(1-(2*(3+(5-(81*(32-1)))))))
5008	(1+(1-(2*(3+(5-(81*(32-1)))))))
5009	(1*(1-(2*((3+5)*(8-(1*321))))))
5010	(1-(1-(2*(3*(5*(((81+3)*2)-1))))))
5011	(1*(1+(2*(3*(5*(((81+3)*2)-1))))))
5012	(1+(1+(2*(3*(5*(((81+3)*2)-1))))))
5013	(1*(1+(2*(358*(1+(3+(2+1)))))))
5014	(1+(1+(2*(358*(1+(3+(2+1)))))))
5015	(1*(1+(2+(358*(13+(2-1))))))
5016	(1+(1+(2+(358*(13+(2-1))))))
5017	(1*(1-((2-35)*(8*(1-(3-21))))))
5018	(1-(1-(2*(3-(5-(81*(32-1)))))))
5019	(1*(1+(2*(3-(5-(81*(32-1)))))))
5020	(1+(1+(2*(3-(5-(81*(32-1)))))))
5021	(1*(1-(2+((3-5)*(81*(32-1))))))
5022	(1-(1-(2*(3-((5-81)*(32+1))))))
5023	(1*(1+(2*(3-((5-81)*(32+1))))))
5024	(1+(1+(2*(3-((5-81)*(32+1))))))
5025	(1*(1-(2*((3+5)*(8-(1+321))))))
5026	(1-(1+(2*(3-(5+(81*(32-1)))))))
5027	(1*(1-(2*(3-(5+(81*(32-1)))))))
5028	(1+(1-(2*(3-(5+(81*(32-1)))))))
5029	(1*(1+(2*((35*81)-321))))
5030	(1+(1+(2*((35*81)-321))))
5031	(1-(1-(((2*(35*8))-1)*(3*(2+1)))))
5032	(1-(1+((2+35)*(8*(1+(3-21))))))
5033	(1*(1-((2+35)*(8*(1+(3-21))))))
5034	(1-(1+(2*(3-(5*(8*(1*(3*21))))))))
5035	(1*(1-(2*(3-(5*(8*(1*(3*21))))))))
5036	(1+(1-(2*(3-(5*(8*(1*(3*21))))))))
5037	(1-(1+(23*(5-((8-1)*(32*1))))))
5038	(1-(1+(2+(3*(5*(8*((1-3)*21)))))))
5039	(1*(1-(2+(3*(5*(8*((1-3)*21)))))))
5040	(1+(1-(2+(3*(5*(8*((1-3)*21)))))))
5041	(1*(1+(2*(3*(5*((8-1)*(3+21)))))))
5042	(1-(1-(2-(3*(5*(8*((1-3)*21)))))))
5043	(1*(1+(2-(3*(5*(8*((1-3)*21)))))))
5044	(1+(1+(2-(3*(5*(8*((1-3)*21)))))))
5045	(1*((123*((5*8)+1))+(3-(2-1))))
5046	(1-(1-(2*(3+(5*(8*(1*(3*21))))))))
5047	(1*(1+(2*(3+(5*(8*(1*(3*21))))))))
5048	(1+(1+(2*(3+(5*(8*(1*(3*21))))))))
5049	(1-(1-((2+(3*5))*((8+1)*(32+1)))))
5050	(1-(1+(2*(35+(8*(1-321))))))
5051	(1*(1-(2*(35+(8*(1-321))))))
5052	(1+(1-(2*(35+(8*(1-321))))))
5053	(1*(1+(2*((3*5)+(81*(32-1))))))
5054	(1+(1+(2*((3*5)+(81*(32-1))))))
5055	(1*(1+(2*(((3-(5-81))*32)-1))))
5056	(1-(1-(2*((3-(5-81))*(32*1)))))
5057	(1*(1+(2*((3-(5-81))*(32*1)))))
5058	(1+(1+(2*((3-(5-81))*(32*1)))))
5059	(1*(1+(2*(((35*8)+1)*(3*(2+1))))))
5060	(1-(1-(2-(((35*8)+1)*(3-21)))))
5061	(1*(1+(2-(((35*8)+1)*(3-21)))))
5062	(1+(1+(2-(((35*8)+1)*(3-21)))))
5063	(1-(1-(2+((3-(5-(81*3)))*21))))
5064	(1*(1+(2+((3-(5-(81*3)))*21))))
5065	(1+(1+(2+((3-(5-(81*3)))*21))))
5066	(1-(1+(2*(35-(8*(1*321))))))
5067	(1*(1-(2*(35-(8*(1*321))))))
5068	(1+(1-(2*(35-(8*(1*321))))))
5069	(1+((1-2)*(35-(81*(3*21)))))
5070	(1-(1-(2*(3*(5*(((81+3)*2)+1))))))
5071	(1*(1+(2*(3*(5*(((81+3)*2)+1))))))
5072	(1+(1+(2*(3*(5*(((81+3)*2)+1))))))
5073	(1-(1+((2*(3*5))-(81*(3*21)))))
5074	(1*(1-((2*(3*5))-(81*(3*21)))))
5075	(1-(1+(23+(5-(81*(3*21))))))
5076	(1*(1-(23+(5-(81*(3*21))))))
5077	(1+(1-(23+(5-(81*(3*21))))))
5078	(1-(1+(((2+3)*5)-(81*(3*21)))))
5079	(1*(1-(((2+3)*5)-(81*(3*21)))))
5080	(1-(1+(2-(((35*(8-1))-3)*21))))
5081	(1*(1-(2-(((35*(8-1))-3)*21))))
5082	(1-(1+(2*(35-(8*(1+321))))))
5083	(1*(1-(2*(35-(8*(1+321))))))
5084	(1+(1-(2*(35-(8*(1+321))))))
5085	(1*(1+(2+(((35*(8-1))-3)*21))))
5086	(1-(1+(2+((3*5)-(81*(3*21))))))
5087	(1*(1-(2+((3*5)-(81*(3*21))))))
5088	(1+(1-(2+((3*5)-(81*(3*21))))))
5089	(1*(1+(2*((35+813)*(2+1)))))
5090	(1-(1+(2*((3*5)+(8*(1-321))))))
5091	(1*(1-(2*((3*5)+(8*(1-321))))))
5092	(1-(1-(2*(35+(81*(32-1))))))
5093	(1-(1+(2+(3+(5-(81*(3*21)))))))
5094	(1*(1-(2+(3+(5-(81*(3*21)))))))
5095	(1+(1-(2+(3+(5-(81*(3*21)))))))
5096	(1+(1-((2+((35*8)+1))*(3-21))))
5097	(1-(1-(2-(3+(5-(81*(3*21)))))))
5098	(1*(1+(2-(3+(5-(81*(3*21)))))))
5099	(1+(1+(2-(3+(5-(81*(3*21)))))))
5100	(1*(1-(2-(3-(5-(81*(3*21)))))))
5101	(1+(1-(2-(3-(5-(81*(3*21)))))))
5102	(1-(1+((2*3)-(5+(81*(3*21))))))
5103	(1-(1+(2+(3-(5+(81*(3*21)))))))
5104	(1-(1+(2*(3+(5+(8*(1-321)))))))
5105	(1*(1-(2*(3+(5+(8*(1-321)))))))
5106	(1+(1-(2*(3+(5+(8*(1-321)))))))
5107	(1-(1-(2-(3-(5+(81*(3*21)))))))
5108	(1*(1+(2-(3-(5+(81*(3*21)))))))
5109	(1-(1+(2-(3+(5+(81*(3*21)))))))
5110	(1*(1-(2-(3+(5+(81*(3*21)))))))
5111	(1+(1-(2-(3+(5+(81*(3*21)))))))
5112	(1*(1+(2+(3*((5+8)*(132-1))))))
5113	(1-(1-(2+(3+(5+(81*(3*21)))))))
5114	(1-(1+(2*(3-(5*(8*(1+(3*21))))))))
5115	(1*(1-(2*(3-(5*(8*(1+(3*21))))))))
5116	(1-(1-(2*(3-(5+(8*(1-321)))))))
5117	(1*(1+(2*(3-(5+(8*(1-321)))))))
5118	(1+(1+(2*(3-(5+(8*(1-321)))))))
5119	(1*(1-(2-((3-5)*(8*(1-321))))))
5120	(1-(1+(2*(3+(5-(8*(1*321)))))))
5121	(1*(1-(2*(3+(5-(8*(1*321)))))))
5122	(1+(1-(2*(3+(5-(8*(1*321)))))))
5123	(1*(1+(2+((3-5)*(8*(1-321))))))
5124	(1-(1+(2*(3-(5-(8*(1-321)))))))
5125	(1*(1-(2*(3-(5-(8*(1-321)))))))
5126	(1+(1-(2*(3-(5-(8*(1-321)))))))
5127	(1*(1+(2*(3+(5*(8*(1+(3*21))))))))
5128	(1+(1+(2*(3+(5*(8*(1+(3*21))))))))
5129	(1*(1+(((2+3)*5)+(81*(3*21)))))
5130	(1-(1+((2+3)*((58-1)*(3-21)))))
5131	(1-(1-(23+(5+(81*(3*21))))))
5132	(1-(1-(2*(3-(5-(8*(1*321)))))))
5133	(1*(1+(2*(3-(5-(8*(1*321)))))))
5134	(1+(1+(2*(3-(5-(8*(1*321)))))))
5135	(1*(1-(2+((3-5)*(8*(1*321))))))
5136	(1-(1+(2*(3+(5-(8*(1+321)))))))
5137	(1*(1-(2*(3+(5-(8*(1+321)))))))
5138	(1+(1-(2*(3+(5-(8*(1+321)))))))
5139	(1*(1+(2-((3-5)*(8*(1*321))))))
5140	(1-(1+(2*(3-(5+(8*(1*321)))))))
5141	(1*(1-(2*(3-(5+(8*(1*321)))))))
5142	(1+(1-(2*(3-(5+(8*(1*321)))))))
5143	(1-(1+(2-(3*(((5+8)*132)-1)))))
5144	(1*(1-(2-(3*(((5+8)*132)-1)))))
5145	(1+(1-(2-(3*(((5+8)*132)-1)))))
5146	(1-(1+(2-(3*((5+8)*(132*1))))))
5147	(1*(1-(2-(3*((5+8)*(132*1))))))
5148	(1-(1-(2*(3-(5-(8*(1+321)))))))
5149	(1*(1+(2*(3-(5-(8*(1+321)))))))
5150	(1+(1+(2*(3-(5-(8*(1+321)))))))
5151	(1*(1+(2+(3*((5+8)*(132*1))))))
5152	(1-(1-(2*(3+(5+(8*(1*321)))))))
5153	(1*(1+(2*(3+(5+(8*(1*321)))))))
5154	(1+(1+(2*(3+(5+(8*(1*321)))))))
5155	(1+(1+(2+(3*(((5+8)*132)+1)))))
5156	(1-(1+(2*(3-(5+(8*(1+321)))))))
5157	(1*(1-(2*(3-(5+(8*(1+321)))))))
5158	(1+(1-(2*(3-(5+(8*(1+321)))))))
5159	(1*(12+((3*((5+8)*132))-1)))
5160	(1-(1+(2*(3-(((5*8)+1)*(3*21))))))
5161	(1*(1-(2*(3-(((5*8)+1)*(3*21))))))
5162	(1+(1-(2*(3-(((5*8)+1)*(3*21))))))
5163	(1*(12+(3*(((5+8)*132)+1))))
5164	(1-(1+(2-(3*((581*3)-21)))))
5165	(1*(1-(2-(3*((581*3)-21)))))
5166	(1-(1+(2*(3+(5-((81*32)-1))))))
5167	(1*(1-(2*(3+(5-((81*32)-1))))))
5168	(1-(1-(2*(3+(5+(8*(1+321)))))))
5169	(1*(1+(2*(3+(5+(8*(1+321)))))))
5170	(1+(1+(2*(3+(5+(8*(1+321)))))))
5171	(1*(1-(2*(3+(5-((81*32)+1))))))
5172	(1+(1-(2*(3+(5-((81*32)+1))))))
5173	(1*(1+(2*(3+(((5*8)+1)*(3*21))))))
5174	(1+(1+(2*(3+(((5*8)+1)*(3*21))))))
5175	(1-(1-(23*(5*((8+1)*(3+(2*1)))))))
5176	(1*(1+(23*(5*((8+1)*(3+(2*1)))))))
5177	(1+(1+(23*(5*((8+1)*(3+(2*1)))))))
5178	(1-(1-(2*(3-(5-((81*32)-1))))))
5179	(1*(1+(2*(3-(5-((81*32)-1))))))
5180	(1-(1-(2*(3-(5-(81*(32*1)))))))
5181	(1*(1+(2*(3-(5-(81*(32*1)))))))
5182	(1+(1+(2*(3-(5-(81*(32*1)))))))
5183	(1*(1+(2*(3-(5-((81*32)+1))))))
5184	(1+(1+(2*(3-(5-((81*32)+1))))))
5185	(1-(1+(2-(3*((5+8)*(132+1))))))
5186	(1-(1+(2*(3-(5+((81*32)-1))))))
5187	(1*(1-(2*(3-(5+((81*32)-1))))))
5188	(1-(1+(2*(3-(5+(81*(32*1)))))))
5189	(1*(1-(2*(3-(5+(81*(32*1)))))))
5190	(1+(1-(2*(3-(5+(81*(32*1)))))))
5191	(1*(1-(2*(3-(5+((81*32)+1))))))
5192	(1+(1-(2*(3-(5+((81*32)+1))))))
5193	(1*((1+2)*(3*(581-(3+(2-1))))))
5194	(1-(12+(3-((5+(81*3))*21))))
5195	(1-(1-((2+3)*((5*(8*(13*2)))-1))))
5196	(1*(1+((2+3)*((5*(8*(13*2)))-1))))
5197	(1+(1+((2+3)*((5*(8*(13*2)))-1))))
5198	(1-(1-(2*(3+(5+((81*32)-1))))))
5199	(1*(1+(2*(3+(5+((81*32)-1))))))
5200	(1-(1-(2*(3+(5+(81*(32*1)))))))
5201	(1*(1+(2*(3+(5+(81*(32*1)))))))
5202	(1+(1+(2*(3+(5+(81*(32*1)))))))
5203	(1*(1+(2*(3+(5+((81*32)+1))))))
5204	(1+(1+(2*(3+(5+((81*32)+1))))))
5205	(1+(1-(2+(3-((5+(81*3))*21)))))
5206	(1+(1+(2+(3*((581-3)*(2+1))))))
5207	(1-(1-(2-(3-((5+(81*3))*21)))))
5208	(1*(1+(2-(3-((5+(81*3))*21)))))
5209	(1-(1+(2-(3+((5+(81*3))*21)))))
5210	(1*(1-(2-(3+((5+(81*3))*21)))))
5211	(1+(1-(2-(3+((5+(81*3))*21)))))
5212	(1-(1-(2*((3*5)+((81*32)-1)))))
5213	(1-(1-(2+(3+((5+(81*3))*21)))))
5214	(1*(1+(2+(3+((5+(81*3))*21)))))
5215	(1+(1+(2+(3+((5+(81*3))*21)))))
5216	(1+(1+(2*(3*((58*(13+2))-1)))))
5217	(1*(1+(2*((3*5)+((81*32)+1)))))
5218	(1-(1+(2+(3*(58*(1-(32-1)))))))
5219	(1*(1-(2+(3*(58*(1-(32-1)))))))
5220	(1+(1-(2+(3*(58*(1-(32-1)))))))
5221	(1*(1+(2*(3*(58*(13+(2*1)))))))
5222	(1-(1-(2-(3*(58*(1-(32-1)))))))
5223	(1*(1+(2-(3*(58*(1-(32-1)))))))
5224	(1+(1+(2-(3*(58*(1-(32-1)))))))
5225	(1*(1-(2+(3-(581*(3*(2+1)))))))
5226	(1+(1-(2+(3-(581*(3*(2+1)))))))
5227	(1-(1+(2-(3*(581*(3*(2-1)))))))
5228	(1-(1-(2-(3-(581*(3*(2+1)))))))
5229	(1*(1+(2-(3-(581*(3*(2+1)))))))
5230	(1-(1+(2-(3+(581*(3*(2+1)))))))
5231	(1*(1-(2-(3+(581*(3*(2+1)))))))
5232	(1+(1-(2-(3+(581*(3*(2+1)))))))
5233	(1+(1+(2+(3*(581*(3*(2-1)))))))
5234	(1-(1-(2+(3+(581*(3*(2+1)))))))
5235	(1-(1+(2+(3-(5*(8*(132-1)))))))
5236	(1*(1-(2+(3-(5*(8*(132-1)))))))
5237	(1+(1-(2+(3-(5*(8*(132-1)))))))
5238	(1+(1-(2-(3*((581*3)+(2+1))))))
5239	(1-(1-(2-(3-(5*(8*(132-1)))))))
5240	(1*(1+(2-(3-(5*(8*(132-1)))))))
5241	(1-(1+(2-(3+(5*(8*(132-1)))))))
5242	(1*(1-(2-(3+(5*(8*(132-1)))))))
5243	(1+(1-(2-(3+(5*(8*(132-1)))))))
5244	(1-(1-(23*(5+(((8-1)*32)-1)))))
5245	(1-(1-(2+(3+(5*(8*(132-1)))))))
5246	(1*(1+(2+(3+(5*(8*(132-1)))))))
5247	(1+(1+(2+(3+(5*(8*(132-1)))))))
5248	(1-(1-(2*((3+5)*(8-(1-321))))))
5249	(1*(1+(2*((3+5)*(8-(1-321))))))
5250	(1-(1-(2*(35*(81-(3+(2+1)))))))
5251	(1*(1+(2*(35*(81-(3+(2+1)))))))
5252	(1+(1+(2*(35*(81-(3+(2+1)))))))
5253	(1*(1+(2*(35+((81*32)-1)))))
5254	(1-(1+(2-(3*((581+3)*(2+1))))))
5255	(1*(1-(2-(3*((581+3)*(2+1))))))
5256	(1+(1-(2-(3*((581+3)*(2+1))))))
5257	(1*(1+(2*(35+((81*32)+1)))))
5258	(1-(1-(2+(3*((581+3)*(2+1))))))
5259	(1*(1+(2+(3*((581+3)*(2+1))))))
5260	(1+(1+(2+(3*((581+3)*(2+1))))))
5261	(1*(1-((2+3)*(5-((8*132)+1)))))
5262	(1-(1+(23-(5*((8*132)+1)))))
5263	(1-(1-(23+(5*(8*(132-1))))))
5264	(1-(1-(2*((3+5)*(8+(1*321))))))
5265	(1*(1+(2*((3+5)*(8+(1*321))))))
5266	(1+(1+(2*((3+5)*(8+(1*321))))))
5267	(1-(1-(23*(5+((8-1)*(32*1))))))
5268	(1*(1+(23*(5+((8-1)*(32*1))))))
5269	(1-(1+(2-((3+(5+(81*3)))*21))))
5270	(1-(1+(2+(3-(5*((8*132)-1))))))
5271	(1*(1-(2+(3-(5*((8*132)-1))))))
5272	(1+(1-(2+(3-(5*((8*132)-1))))))
5273	(1-(1-(2+((3+(5+(81*3)))*21))))
5274	(1-(1-(2-(3-(5*((8*132)-1))))))
5275	(1-(1+(2+(3-(5*(8*(132*1)))))))
5276	(1*(1-(2+(3-(5*(8*(132*1)))))))
5277	(1+(1-(2+(3-(5*(8*(132*1)))))))
5278	(1+(1-(2-(3+(5*((8*132)-1))))))
5279	(1-(1-(2-(3-(5*(8*(132*1)))))))
5280	(1*(1+(2-(3-(5*(8*(132*1)))))))
5281	(1-(1+(2-(3+(5*(8*(132*1)))))))
5282	(1*(1-(2-(3+(5*(8*(132*1)))))))
5283	(1+(1-(2-(3+(5*(8*(132*1)))))))
5284	(1-(1-(2-(3-(5*((8*132)+1))))))
5285	(1-(1-(2+(3+(5*(8*(132*1)))))))
5286	(1*(1+(2+(3+(5*(8*(132*1)))))))
5287	(1+(1+(2+(3+(5*(8*(132*1)))))))
5288	(1+(1-(2-(3+(5*((8*132)+1))))))
5289	(1+(1+((2*3)+((5*(8*132))+1))))
5290	(1-(1-(2+(3+(5*((8*132)+1))))))
5291	(1*(1+(2+(3+(5*((8*132)+1))))))
5292	(1+(1+(2+(3+(5*((8*132)+1))))))
5293	(1*(1+(2*(3*((5+(8+1))*(3*21))))))
5294	(1+(1+(2*(3*((5+(8+1))*(3*21))))))
5295	(1*(1+(2+(3*((581*3)+21)))))
5296	(1+(1+(2+(3*((581*3)+21)))))
5297	(1-(1+(23-(5*(8*(132+1))))))
5298	(1*(1-(23-(5*(8*(132+1))))))
5299	(1-(1+(2-(3*((58-1)*(32-1))))))
5300	(1*(1-(2-(3*((58-1)*(32-1))))))
5301	(1+(1-(2-(3*((58-1)*(32-1))))))
5302	(1-(1-(23+((5*(8*132))-1))))
5303	(1-(1-(2+(3*((58-1)*(32-1))))))
5304	(1*(1+(2+(3*((58-1)*(32-1))))))
5305	(1-(1+(2-(3*(5+((81+3)*21))))))
5306	(1*(1-(2-(3*(5+((81+3)*21))))))
5307	(1+(1-(2-(3*(5+((81+3)*21))))))
5308	(1-(1-(23+(5*((8*132)+1)))))
5309	(1-(1-(2+(3*(5+((81+3)*21))))))
5310	(1*(1+(2+(3*(5+((81+3)*21))))))
5311	(1+(1+(2+(3*(5+((81+3)*21))))))
5312	(1-(1+(2*((3-(5+81))*(32*1)))))
5313	(1*(1-(2*((3-(5+81))*(32*1)))))
5314	(1+(1-(2*((3-(5+81))*(32*1)))))
5315	(1-(1+(2+(3-(5*(8*(132+1)))))))
5316	(1*(1-(2+(3-(5*(8*(132+1)))))))
5317	(1+(1-(2+(3-(5*(8*(132+1)))))))
5318	(1-(1+(2-(35*(8*(1-(3-21)))))))
5319	(1-(1-(2-(3-(5*(8*(132+1)))))))
5320	(1*(1+(2-(3-(5*(8*(132+1)))))))
5321	(1-(1+(2-(3+(5*(8*(132+1)))))))
5322	(1*(1-(2-(3+(5*(8*(132+1)))))))
5323	(1+(1-(2-(3+(5*(8*(132+1)))))))
5324	(1+(1+(2+(35*(8*(1-(3-21)))))))
5325	(1-(1-(2+(3+(5*(8*(132+1)))))))
5326	(1*(1+(2+(3+(5*(8*(132+1)))))))
5327	(1+(1+(2+(3+(5*(8*(132+1)))))))
5328	(1+(1-(2*(3-((5+81)*(32-1))))))
5329	(1*(1-((2+35)*(8*(1*(3-21))))))
5330	(1-(1+(2*(3+(5-(81*(32+1)))))))
5331	(1*(1-(2*(3+(5-(81*(32+1)))))))
5332	(1+(1-(2*(3+(5-(81*(32+1)))))))
5333	(1*(1-(2*((3+(5*8))*(1-(3*21))))))
5334	(1+(1-(2*((3+(5*8))*(1-(3*21))))))
5335	(1-(1-(((2*3)+5)*((81*(3*2))-1))))
5336	(1-(1-(23*(58*(1*(3+(2-1)))))))
5337	(1*(1+(23*(58*(1*(3+(2-1)))))))
5338	(1-(1-(2*(3+((5+81)*(32-1))))))
5339	(1*(1+(2*(3+((5+81)*(32-1))))))
5340	(1+(1+(2*(3+((5+81)*(32-1))))))
5341	(1*(1-((2-358)*(13+(2*1)))))
5342	(1-(1-(2*(3-(5-(81*(32+1)))))))
5343	(1*(1+(2*(3-(5-(81*(32+1)))))))
5344	(1+(1+(2*(3-(5-(81*(32+1)))))))
5345	(1*(1-(2+((3-5)*(81*(32+1))))))
5346	(1+(1-(2+((3-5)*(81*(32+1))))))
5347	(1+(1+((2+3)*(5+(8*(132+1))))))
5348	(1-(1-(2-((3-5)*(81*(32+1))))))
5349	(1*(1+(2-((3-5)*(81*(32+1))))))
5350	(1-(1+(2*(3-(5+(81*(32+1)))))))
5351	(1*(1-(2*(3-(5+(81*(32+1)))))))
5352	(1+(1-(2*(3-(5+(81*(32+1)))))))
5353	(1-(1+(2+((3-((5+81)*3))*21))))
5354	(1*(1-(2+((3-((5+81)*3))*21))))
5355	(1+(1-(2+((3-((5+81)*3))*21))))
5356	(1*(1+((2-(3-(5+81)))*(3*21))))
5357	(1-(1-(2-((3-((5+81)*3))*21))))
5358	(1*(1+(2-((3-((5+81)*3))*21))))
5359	(1+(1+(2-((3-((5+81)*3))*21))))
5360	(1*(1-(23*((5*8)-(13*21)))))
5361	(1-(1+(2-(((3*58)-1)*(32-1)))))
5362	(1-(1-(2*(3+(5+(81*(32+1)))))))
5363	(1*(1+(2*(3+(5+(81*(32+1)))))))
5364	(1+(1+(2*(3+(5+(81*(32+1)))))))
5365	(1-(1-(2+(((3*58)-1)*(32-1)))))
5366	(1*(1+(2+(((3*58)-1)*(32-1)))))
5367	(1+(1+(2+(((3*58)-1)*(32-1)))))
5368	(1-(1+(2-(358*(13+(2*1))))))
5369	(1*(1-(2-(358*(13+(2*1))))))
5370	(1+(1-(2-(358*(13+(2*1))))))
5371	(1+(1-(2-((358*(13+2))+1))))
5372	(1-(1-(2+(358*(13+(2*1))))))
5373	(1*(1+(2+(358*(13+(2*1))))))
5374	(1-(1+(2-((3+5)*(8*((1+3)*21))))))
5375	(1*(1-(2-((3+5)*(8*((1+3)*21))))))
5376	(1+(1-(2-((3+5)*(8*((1+3)*21))))))
5377	(1*(1-(2*((3+5)*(8*((1-3)*21))))))
5378	(1-(1-(2+((3+5)*(8*((1+3)*21))))))
5379	(1*(1+(2+((3+5)*(8*((1+3)*21))))))
5380	(1+(1+(2+((3+5)*(8*((1+3)*21))))))
5381	(1-(1-((23*(((5*8)-1)*(3*2)))-1)))
5382	(1-(1+(23*((5+8)*(1*(3-21))))))
5383	(1*(1-(23*((5+8)*(1*(3-21))))))
5384	(1+(1-(23*((5+8)*(1*(3-21))))))
5385	(1+(1+((23*(((5*8)-1)*(3*2)))+1)))
5386	(1-(12+(3*((58*(1-32))-1))))
5387	(1-(((1+2)*(3+(58*(1-32))))-1))
5388	(1*(12*(3+(5+((8-1)*(3*21))))))
5389	(1-(1+(2+(3*((58*(1-32))+1)))))
5390	(1*(1-(2+(3*((58*(1-32))+1)))))
5391	(1+(1-(2+(3*((58*(1-32))+1)))))
5392	(1-(1+(2-(3*(58*(1*(32-1)))))))
5393	(1*(1-(2-(3*(58*(1*(32-1)))))))
5394	(1+(1-(2-(3*(58*(1*(32-1)))))))
5395	(1+(1+(2-(3*((58*(1-32))+1)))))
5396	(1-(1-(2+(3*(58*(1*(32-1)))))))
5397	(1*(1+(2+(3*(58*(1*(32-1)))))))
5398	(1+(1+(2+(3*(58*(1*(32-1)))))))
5399	(1-(1-(2-(3*((58*(1-32))-1)))))
5400	(1*(1+(2-(3*((58*(1-32))-1)))))
5401	(1+(1+(2-(3*((58*(1-32))-1)))))
5402	(1+(1+((2+3)*(5*(8*((13*2)+1))))))
5403	(1+(1+(((2+358)*(13+2))+1)))
5404	(1-(1+((235*(8+(1-32)))+1)))
5405	(1-(1+(23*(5+(8*(1-(32-1)))))))
5406	(1*(1-(23*(5+(8*(1-(32-1)))))))
5407	(1+(1-(23*(5+(8*(1-(32-1)))))))
5408	(1-(1+((2-(3*(58-1)))*(32*1))))
5409	(1*(1-((2-(3*(58-1)))*(32*1))))
5410	(1+(1-((2-(3*(58-1)))*(32*1))))
5411	(1-(1-(((2+(3*(5+8)))*132)-1)))
5412	(1-(1-(2*(3*(581+321)))))
5413	(1*(1+(2*(3*(581+321)))))
5414	(1+(1+(2*(3*(581+321)))))
5415	(1+(1-(2+(3-((5+81)*(3*21))))))
5416	(1-(1-(2*(35+(81*(32+1))))))
5417	(1-(1-(2-(3-((5+81)*(3*21))))))
5418	(1*(1+(2-(3-((5+81)*(3*21))))))
5419	(1-(1+(2-(3+((5+81)*(3*21))))))
5420	(1*(1-(2-(3+((5+81)*(3*21))))))
5421	(1+(1-(2-(3+((5+81)*(3*21))))))
5422	(1+(1+(2+(((3*5)+(81*3))*21))))
5423	(1-(1-(2+(3+((5+81)*(3*21))))))
5424	(1*(1+(2+(3+((5+81)*(3*21))))))
5425	(1+(1+(2+(3+((5+81)*(3*21))))))
5426	(1*(1+((2+3)*(5*((8-1)*(32-1))))))
5427	(1-(1-(2+(35*(((81-3)*2)-1)))))
5428	(1*(1+(2+(35*(((81-3)*2)-1)))))
5429	(1+(1+(2+(35*(((81-3)*2)-1)))))
5430	(1+(1+(23*(5+((8-1)*(32+1))))))
5431	(1+(1-((23*(5-((81*3)-2)))-1)))
5432	(1*((1+(23*(58+1)))*(3+(2-1))))
5433	(1*(12+(3+((5+81)*(3*21)))))
5434	(1+(12+(3+((5+81)*(3*21)))))
5435	(1+((1-23)*(5-((8+(1+3))*21))))
5436	(1-(1-((23+581)*(3*(2+1)))))
5437	(1*(1+((23+581)*(3*(2+1)))))
5438	(1+(1+((23+581)*(3*(2+1)))))
5439	(1-(1+((2-(3+((5+81)*3)))*21)))
5440	(1-(1-((23-(5*8))*(1-321))))
5441	(1-(1-(23+((5+81)*(3*21)))))
5442	(1*(1+(23+((5+81)*(3*21)))))
5443	(1+(1+(23+((5+81)*(3*21)))))
5444	(1+(123+(5*(8*(132+1)))))
5445	(1*((1+2)*(3*(5*((8*(13+2))+1)))))
5446	(1-(12-((3+(5+(8+1)))*321)))
5447	(1-(((1+2)*((3-58)*(1+32)))-1))
5448	(1-(1-((235-8)*(1*(3+21)))))
5449	(1*(1+((235-8)*(1*(3+21)))))
5450	(1+(1+((235-8)*(1*(3+21)))))
5451	(1-(1+(23*(5-((81*3)-(2-1))))))
5452	(1*(1-(23*(5-((81*3)-(2-1))))))
5453	(1+(1-(23*(5-((81*3)-(2-1))))))
5454	(1-(1-(2*((35*(81-3))-(2+1)))))
5455	(1-(1+(2-((3+(5+(8+1)))*321))))
5456	(1*(1-(2-((3+(5+(8+1)))*321))))
5457	(1+(1-(2-((3+(5+(8+1)))*321))))
5458	(1-(1+(2-(35*((81-3)*(2*1))))))
5459	(1*(1-(2-(35*((81-3)*(2*1))))))
5460	(1-(1-(2*(35*(81-(3*(2-1)))))))
5461	(1*(1+(2*(35*(81-(3*(2-1)))))))
5462	(1+(1+(2*(35*(81-(3*(2-1)))))))
5463	(1*(1+(2+(35*((81-3)*(2*1))))))
5464	(1+(1+(2+(35*((81-3)*(2*1))))))
5465	(1*(1+(2*((35*(81-3))+(2*1)))))
5466	(1-(1-(2*((35*(81-3))+(2+1)))))
5467	(1-(1+(2-(3*(((58-1)*32)-1)))))
5468	(1*(1-(2-(3*(((58-1)*32)-1)))))
5469	(1+(1-(2-(3*(((58-1)*32)-1)))))
5470	(1-(1+(2+(3*((5-81)*(3+21))))))
5471	(1*(1-(2+(3*((5-81)*(3+21))))))
5472	(1+(1-(2+(3*((5-81)*(3+21))))))
5473	(1-(1+(2-(3*(((58-1)*32)+1)))))
5474	(1-(1-(2-(3*((5-81)*(3+21))))))
5475	(1*(1+(2-(3*((5-81)*(3+21))))))
5476	(1+(1+(2-(3*((5-81)*(3+21))))))
5477	(1-(1-(2+(3*(((58-1)*32)+1)))))
5478	(1*(1+(2+(3*(((58-1)*32)+1)))))
5479	(1+(1+(2+(3*(((58-1)*32)+1)))))
5480	(1+(1-(2*((3-(5+81))*(32+1)))))
5481	(1+(1-(2-((3+((5+81)*3))*21))))
5482	(1*(1-((2-(3+(5+81)))*(3*21))))
5483	(1-(1-(2+((3+((5+81)*3))*21))))
5484	(1*(1+(2+((3+((5+81)*3))*21))))
5485	(1-(1+(2-(3*((58+1)*(32-1))))))
5486	(1*(1-(2-(3*((58+1)*(32-1))))))
5487	(1+(1-(2-(3*((58+1)*(32-1))))))
5488	(1*(1+((2+((3*58)+1))*(32-1))))
5489	(1-(1-(2+(3*((58+1)*(32-1))))))
5490	(1*(1+(2+(3*((58+1)*(32-1))))))
5491	(1+(1+(2+(3*((58+1)*(32-1))))))
5492	(1+((1+(23-5))*(((8+1)*32)+1)))
5493	(1-(1+(2-(35*(((81-3)*2)+1)))))
5494	(1*(1-(2-(35*(((81-3)*2)+1)))))
5495	(1+(1-(2-(35*(((81-3)*2)+1)))))
5496	(1-(1+(2*(3-(((5+81)*32)-1)))))
5497	(1*(1-(2*(3-(((5+81)*32)-1)))))
5498	(1-(1+(2*(3-((5+81)*(32*1))))))
5499	(1*(1-(2*(3-((5+81)*(32*1))))))
5500	(1+(1-(2*(3-((5+81)*(32*1))))))
5501	(1*(1-(2*(3-(((5+81)*32)+1)))))
5502	(1+(1-(2*(3-(((5+81)*32)+1)))))
5503	(1*(1+(2*((35*(81-3))+21))))
5504	(1-(1-(2*((3+(5*8))*(1+(3*21))))))
5505	(1*(1+(2*((3+(5*8))*(1+(3*21))))))
5506	(1+(1+(2*((3+(5*8))*(1+(3*21))))))
5507	(1+(1-(((2-(3*58))*(1*32))-1)))
5508	(1-(1-(2*(3+(((5+81)*32)-1)))))
5509	(1*(1+(2*(3+(((5+81)*32)-1)))))
5510	(1-(1-(2*(3+((5+81)*(32*1))))))
5511	(1*(1+(2*(3+((5+81)*(32*1))))))
5512	(1+(1+(2*(3+((5+81)*(32*1))))))
5513	(1*(1+(2*(3+(((5+81)*32)+1)))))
5514	(1+(1+(2*(3+(((5+81)*32)+1)))))
5515	(1*(1+(((23*(5*8))-1)*(3+(2+1)))))
5516	(1+(1+(((23*(5*8))-1)*(3+(2+1)))))
5517	(1+(1+((((23*(5*8))-1)*(3*2))+1)))
5518	(1-(1-(2*((3+(5+81))*(32-1)))))
5519	(1*(1+(2*((3+(5+81))*(32-1)))))
5520	(1-(1+(2*(3*(5*(8*(1-(3+21))))))))
5521	(1*(1-(2*(3*(5*(8*(1-(3+21))))))))
5522	(1+(1-(2*(3*(5*(8*(1-(3+21))))))))
5523	(1-(1-((2+(3+((5+81)*3)))*21)))
5524	(1*(1+((2+(3+((5+81)*3)))*21)))
5525	(1+(1+((2+(3+((5+81)*3)))*21)))
5526	(1-(1-(((23*(5*8))+1)*(3+(2+1)))))
5527	(1*(1+(((23*(5*8))+1)*(3+(2+1)))))
5528	(1+(1+(((23*(5*8))+1)*(3+(2+1)))))
5529	(1+(1+((((23*(5*8))+1)*(3*2))+1)))
5530	(1-(1-(2*(35*(81-(3-(2-1)))))))
5531	(1*(1+(2*(35*(81-(3-(2-1)))))))
5532	(1+(1+(2*(35*(81-(3-(2-1)))))))
5533	(1-(1+(2-((((3*58)-1)*32)-1))))
5534	(1-(1+(2-(((3*58)-1)*(32*1)))))
5535	(1*(1-(2-(((3*58)-1)*(32*1)))))
5536	(1+(1-(2-(((3*58)-1)*(32*1)))))
5537	(1+(1-(2-((((3*58)-1)*32)+1))))
5538	(1-(1-(2+(((3*58)-1)*(32*1)))))
5539	(1*(1+(2+(((3*58)-1)*(32*1)))))
5540	(1+(1+(2+(((3*58)-1)*(32*1)))))
5541	(1+(1+(2+((((3*58)-1)*32)+1))))
5542	(1+(123+((5+81)*(3*21))))
5543	(1-(1+(23*(5-((81*3)+(2+1))))))
5544	(1-(1-(2*(3*(((5*8)+(1+3))*21)))))
5545	(1*(1+(2*(3*(((5*8)+(1+3))*21)))))
5546	(1+(1+(2*(3*(((5*8)+(1+3))*21)))))
5547	(1+(1-(((2-35)*((81+3)*2))-1)))
5548	(1*(12+(((3*58)-1)*(32*1))))
5549	(1-(1-((2+(3*(58+1)))*(32-1))))
5550	(1-(1-((2+3)*(5*((81*3)-21)))))
5551	(1*(1+((2+3)*(5*((81*3)-21)))))
5552	(1+(1+((2+3)*(5*((81*3)-21)))))
5553	(1-((1-(2*(3*58)))*(13+(2+1))))
5554	(1-(12-(3*((58*(1*32))-1))))
5555	(11+(2*(3*(((5*8)+(1+3))*21))))
5556	(1*(12*(3+(5*(8+((1+3)*21))))))
5557	(1+(12*(3+(5*(8+((1+3)*21))))))
5558	(1-(12-((3*(58*(1*32)))+1)))
5559	(1*((123*(5*(8+1)))+(3+21)))
5560	(1-(12-(3*((58*(1*32))+1))))
5561	(1*((((12*35)+8)*13)-(2+1)))
5562	(1*((((1+(23*5))*8)-1)*(3+(2+1))))
5563	(1-(1+(2-(3*((58*(1*32))-1)))))
5564	(1*(1-(2-(3*((58*(1*32))-1)))))
5565	(1+(1-(2-(3*((58*(1*32))-1)))))
5566	(1-(1+(2+(3*(58*(1-(32+1)))))))
5567	(1*(1-(2+(3*(58*(1-(32+1)))))))
5568	(1+(1-(2+(3*(58*(1-(32+1)))))))
5569	(1*(1+(2*(3*(58*(13+(2+1)))))))
5570	(1-(1-(2-(3*(58*(1-(32+1)))))))
5571	(1*(1+(2-(3*(58*(1-(32+1)))))))
5572	(1+(1+(2-(3*(58*(1-(32+1)))))))
5573	(1-(1-(2+(3*((58*(1*32))+1)))))
5574	(1*(1+(2+(3*((58*(1*32))+1)))))
5575	(1+(1+(2+(3*((58*(1*32))+1)))))
5576	(1*(1+((2+3)*(5*(((8-1)*32)-1)))))
5577	(1+(1+((2+3)*(5*(((8-1)*32)-1)))))
5578	(1*(1-((2-35)*(((81+3)*2)+1))))
5579	(1+(1-((2-35)*(((81+3)*2)+1))))
5580	(1*(12*(3*(5*(8-(1-(3+21)))))))
5581	(1+(12*(3*(5*(8-(1-(3+21)))))))
5582	(1+(12+((3*(58*(1*32)))+1)))
5583	(1*(12+(3*((58*(1*32))+1))))
5584	(1+(12+(3*((58*(1*32))+1))))
5585	(1+((1+(2*(3*58)))*(13+(2+1))))
5586	(1-(1-(2*(((3*(5*8))+13)*21))))
5587	(1*(1+(2*(((3*(5*8))+13)*21))))
5588	(1+(1+(2*(((3*(5*8))+13)*21))))
5589	(1-(1+(23*(5-(8*(1*(32-1)))))))
5590	(1*(1-(23*(5-(8*(1*(32-1)))))))
5591	(1+(1-(23*(5-(8*(1*(32-1)))))))
5592	(1+(1-((23*(5+(8*(1-32))))-1)))
5593	(1-(1-((2+(3*5))*(8+(1*321)))))
5594	(1*(1+((2+(3*5))*(8+(1*321)))))
5595	(1-(1-((2+3)*((5*((8-1)*32))-1))))
5596	(1*(1+((2+3)*((5*((8-1)*32))-1))))
5597	(1-(1+(2-((((3*58)+1)*32)-1))))
5598	(1-(1+(2-(((3*58)+1)*(32*1)))))
5599	(1*(1-(2-(((3*58)+1)*(32*1)))))
5600	(1-(1-(2*(35*(8*(1+(3*(2+1))))))))
5601	(1*(1+(2*(35*(8*(1+(3*(2+1))))))))
5602	(1+(1+(2*(35*(8*(1+(3*(2+1))))))))
5603	(1*(1+(2+(((3*58)+1)*(32*1)))))
5604	(1-(1-(2*((35*81)-(32+1)))))
5605	(1-(1+(2-(3*((5+(81+3))*21)))))
5606	(1*(1-(2-(3*((5+(81+3))*21)))))
5607	(1+(1-(2-(3*((5+(81+3))*21)))))
5608	(1-(1-(2*((35*81)-(32-1)))))
5609	(1-(1-(2+(3*((5+(81+3))*21)))))
5610	(1*(1+(2+(3*((5+(81+3))*21)))))
5611	(1+(1+(2+(3*((5+(81+3))*21)))))
5612	(1-(1+(23*(5+((8*(1-32))-1)))))
5613	(1*(1-(23*(5+((8*(1-32))-1)))))
5614	(1+(1-(23*(5+((8*(1-32))-1)))))
5615	(1-(((1-235)*(8*(1*3)))+(2*1)))
5616	(1-(1-(2*(3*(((5*8)-1)*(3+21))))))
5617	(1*(1+(2*(3*(((5*8)-1)*(3+21))))))
5618	(1+(1+(2*(3*(((5*8)-1)*(3+21))))))
5619	(1-(1-((235*(8*(1*3)))-21)))
5620	(1*(1+((235*(8*(1*3)))-21)))
5621	(1+(1+((235*(8*(1*3)))-21)))
5622	(1-(1-(2*((35*81)-(3+21)))))
5623	(1*(1+(2*((35*81)-(3+21)))))
5624	(1+(1+(2*((35*81)-(3+21)))))
5625	(1-(1-((2+3)*(5*(((8-1)*32)+1)))))
5626	(1*(1+((2+3)*(5*(((8-1)*32)+1)))))
5627	(1+(1+((2+3)*(5*(((8-1)*32)+1)))))
5628	(1-(1+(2*((3-(5*81))*((3*2)+1)))))
5629	(1*(1-(2*((3-(5*81))*((3*2)+1)))))
5630	(1+(1-(2*((3-(5*81))*((3*2)+1)))))
5631	(1-(1+(2-((3+(5*8))*(132-1)))))
5632	(1*(1-(2-((3+(5*8))*(132-1)))))
5633	(1+(1-(2-((3+(5*8))*(132-1)))))
5634	(1-(1-(2*((35*81)+(3-21)))))
5635	(1-(1-(2+((3+(5*8))*(132-1)))))
5636	(1*(1+(2+((3+(5*8))*(132-1)))))
5637	(1+(1+(2+((3+(5*8))*(132-1)))))
5638	(1*(1+((2*(35*81))-(32+1))))
5639	(1+(1+((2*(35*81))-(32+1))))
5640	(1-(1+(235*(8*(1-(3+(2-1)))))))
5641	(1-(1+(2-(3*((58-1)*(32+1))))))
5642	(1*(1-(2-(3*((58-1)*(32+1))))))
5643	(1+(1-(2-(3*((58-1)*(32+1))))))
5644	(1*(1-((2-((3*58)-1))*(32+1))))
5645	(1-(1-(2+(3*((58-1)*(32+1))))))
5646	(1*(1+(2+(3*((58-1)*(32+1))))))
5647	(1+(1+(2+(3*((58-1)*(32+1))))))
5648	(1+(1+((2*(35*81))-(3+21))))
5649	(1-(1-((2+(3*(5+(81+3))))*21)))
5650	(1*(1+((2+(3*(5+(81+3))))*21)))
5651	(1+(1+((2+(3*(5+(81+3))))*21)))
5652	(1-(1-(2*((35*81)-(3*(2+1))))))
5653	(1*(1+(2*((35*81)-(3*(2+1))))))
5654	(1+(1+(2*((35*81)-(3*(2+1))))))
5655	(1-(1-((2*((35*81)+3))-21)))
5656	(1-(1-(2*((35*81)-((3*2)+1)))))
5657	(1*(1+(2*((35*81)-((3*2)+1)))))
5658	(1-(1-(2*((35*81)-(3+(2+1))))))
5659	(1-(1+(2-(3*(((58+1)*32)-1)))))
5660	(1*(1-(2-(3*(((58+1)*32)-1)))))
5661	(1+(1-(2-(3*(((58+1)*32)-1)))))
5662	(1-(1+(2-(3*((58+1)*(32*1))))))
5663	(1*(1-(2-(3*((58+1)*(32*1))))))
5664	(1-(1+(2*(3-(5*(81*((3*2)+1)))))))
5665	(1*(1-(2*(3-(5*(81*((3*2)+1)))))))
5666	(1+(1-(2*(3-(5*(81*((3*2)+1)))))))
5667	(1*(1+(2+(3*((58+1)*(32*1))))))
5668	(1+(1+(2+(3*((58+1)*(32*1))))))
5669	(1-(1-(2+(3*(((58+1)*32)+1)))))
5670	(1-(1+(2*(3-((5+81)*(32+1))))))
5671	(1*(1-(2*(3-((5+81)*(32+1))))))
5672	(1+(1-(2*(3-((5+81)*(32+1))))))
5673	(1*(1+(2+(35*(81*(3-(2-1)))))))
5674	(1+(1+(2+(35*(81*(3-(2-1)))))))
5675	(1*(1-(2-((3+(5*8))*(132*1)))))
5676	(1-(1-(2*(3+(5*(81*((3*2)+1)))))))
5677	(1*(1+(2*(3+(5*(81*((3*2)+1)))))))
5678	(1+(1+(2*(3+(5*(81*((3*2)+1)))))))
5679	(1*(1+(2+((3+(5*8))*(132*1)))))
5680	(1+(1+(2+((3+(5*8))*(132*1)))))
5681	(1*(1+(2*((35*81)+(3+(2*1))))))
5682	(1-(1-(2*(3+((5+81)*(32+1))))))
5683	(1*(1+(2*(3+((5+81)*(32+1))))))
5684	(1+(1+(2*(3+((5+81)*(32+1))))))
5685	(1*(1+(2*((35*81)+((3*2)+1)))))
5686	(1+(1+(2*((35*81)+((3*2)+1)))))
5687	(1+(1+((2*((35*81)-3))+21)))
5688	(1-(1-(2*((35*81)+(3*(2+1))))))
5689	(1*(1+(2*((35*81)+(3*(2+1))))))
5690	(1+(1+(2*((35*81)+(3*(2+1))))))
5691	(1-(1-((23+(5+(81*3)))*21)))
5692	(1*(1+((23+(5+(81*3)))*21)))
5693	(1+(1+((23+(5+(81*3)))*21)))
5694	(1-(1-(2*(((3+(5+81))*32)-1))))
5695	(1*(1+(2*(((3+(5+81))*32)-1))))
5696	(1-(1-(2*((3+(5+81))*(32*1)))))
5697	(1*(1+(2*((3+(5+81))*(32*1)))))
5698	(1+(1+(2*((3+(5+81))*(32*1)))))
5699	(1*(1+(2*(((3+(5+81))*32)+1))))
5700	(1+(1+(2*(((3+(5+81))*32)+1))))
5701	(1-(1-((2*(35*81))+(32-1))))
5702	(1*(1+((2*(35*81))+(32-1))))
5703	(1-(1-((2*(35*81))+(32+1))))
5704	(1-(1-(23*(5+(81*(3*(2-1)))))))
5705	(1*(1+(23*(5+(81*(3*(2-1)))))))
5706	(1-(1-(2*((35*81)-(3-21)))))
5707	(1*(1+(2*((35*81)-(3-21)))))
5708	(1-(1+(2*(35-((8+1)*321)))))
5709	(1*(1-(2*(35-((8+1)*321)))))
5710	(1+(1-(2*(35-((8+1)*321)))))
5711	(1-(1-(2+(((3*58)-1)*(32+1)))))
5712	(1-(1-(2*((3+(5*81))*((3*2)+1)))))
5713	(1*(1+(2*((3+(5*81))*((3*2)+1)))))
5714	(1+(1+(2*((3+(5*81))*((3*2)+1)))))
5715	(1*((12+3)*((5*81)-(3+21))))
5716	(1+((12+3)*((5*81)-(3+21))))
5717	(1-(1+(2-((3+(5*8))*(132+1)))))
5718	(1*(1-(2-((3+(5*8))*(132+1)))))
5719	(1+(1-(2-((3+(5*8))*(132+1)))))
5720	(1+(1+(2*((35*81)+(3+21)))))
5721	(1-(1-(2+((3+(5*8))*(132+1)))))
5722	(1*(1+(2+((3+(5*8))*(132+1)))))
5723	(1+(1+(2+((3+(5*8))*(132+1)))))
5724	(1*(12*(3*((5*(8*(1+3)))-(2-1)))))
5725	(1-(1-((23*(5+(81*3)))+21)))
5726	(1-(1+(2-(358*(13+(2+1))))))
5727	(1*(1-(2-(358*(13+(2+1))))))
5728	(1-(1+(2*(358*(1-(3*(2+1)))))))
5729	(1*(1-(2*(358*(1-(3*(2+1)))))))
5730	(1+(1-(2*(358*(1-(3*(2+1)))))))
5731	(1*(1+(2+(358*(13+(2+1))))))
5732	(1+(1+(2+(358*(13+(2+1))))))
5733	(1*(1+(2*((35*81)+(32-1)))))
5734	(1+(1+(2*((35*81)+(32-1)))))
5735	(1*(1+(2*((35*81)+(32*1)))))
5736	(1-(1-(2*((35*81)+(32+1)))))
5737	(1-(1+(2-(3*((58*(1+32))-1)))))
5738	(1*(1-(2-(3*((58*(1+32))-1)))))
5739	(1+(1-(2-(3*((58*(1+32))-1)))))
5740	(1-(1+(2-(3*(58*(1*(32+1)))))))
5741	(1*(1-(2-(3*(58*(1*(32+1)))))))
5742	(1+(1-(2-(3*(58*(1*(32+1)))))))
5743	(1-(1+(2-(3*((58*(1+32))+1)))))
5744	(1-(1-(2+(3*(58*(1*(32+1)))))))
5745	(1*(1+(2+(3*(58*(1*(32+1)))))))
5746	(1+(1+(2+(3*(58*(1*(32+1)))))))
5747	(1-(1-(2+(3*((58*(1+32))+1)))))
5748	(1*(1+(2+(3*((58*(1+32))+1)))))
5749	(1+(1+(2+(3*((58*(1+32))+1)))))
5750	(1+(1-(2*((3*5)-((8+1)*321)))))
5751	(1*(1+(23*(5*(8-((1-3)*21))))))
5752	(1+(1+(23*(5*(8-((1-3)*21))))))
5753	(1+(1+((23*(5+((81*3)+2)))+1)))
5754	(1-(1+((2-((35*8)-(1+3)))*21)))
5755	(1*(1-((2-((35*8)-(1+3)))*21)))
5756	(1+(1-((2-((35*8)-(1+3)))*21)))
5757	(1*(12+(3*((58*(1+32))+1))))
5758	(1+(12+(3*((58*(1+32))+1))))
5759	(1+(((1+(2*35))*81)+((3*2)+1)))
5760	(1-(1-(2*(3*(5*(8*(1*(3+21))))))))
5761	(1*(1+(2*(3*(5*(8*(1*(3+21))))))))
5762	(1+(1+(2*(3*(5*(8*(1*(3+21))))))))
5763	(1*(1-(2*(3+(5-((8+1)*321))))))
5764	(1+(1-(2*(3+(5-((8+1)*321))))))
5765	(1-((1-23)*(5+((8*(1*32))+1))))
5766	(1*((1+2)*((3+(58+1))*(32-1))))
5767	(1-(12+((3-5)*((8+1)*321))))
5768	(1*(((12*35)-8)*(13+(2-1))))
5769	(1-(1+(23-(5813-21))))
5770	(1*(1-(23-(5813-21))))
5771	(1+(1-(23-(5813-21))))
5772	(1-(1-((2+35)*((81-3)*(2*1)))))
5773	(1-(1+(2-(((3*58)+1)*(32+1)))))
5774	(1-(1-(2*(3-(5-((8+1)*321))))))
5775	(1*(1+(2*(3-(5-((8+1)*321))))))
5776	(1+(1+(2*(3-(5-((8+1)*321))))))
5777	(1*(1-(2+((3-5)*((8+1)*321)))))
5778	(1-(1+(2*(3*((5-8)*(1*321))))))
5779	(1*(1-(2*(3*((5-8)*(1*321))))))
5780	(1+(1-(2*(3*((5-8)*(1*321))))))
5781	(1*(1+(2-((3-5)*((8+1)*321)))))
5782	(1-(1+(2*(3-(5+((8+1)*321))))))
5783	(1*(1-(2*(3-(5+((8+1)*321))))))
5784	(1+(1-(2*(3-(5+((8+1)*321))))))
5785	(1-(1-((2+3)*(((581-3)*2)+1))))
5786	(1*(1+((2+3)*(((581-3)*2)+1))))
5787	(1-(1+(2+(3-(5813-21)))))
5788	(1*(1-(2+(3-(5813-21)))))
5789	(1+(1-(2+(3-(5813-21)))))
5790	(1*(1-(23-(5813-(2-1)))))
5791	(1-(1-(2-(3-(5813-21)))))
5792	(1*(1+(2-(3-(5813-21)))))
5793	(1-(1+(2-(3+(5813-21)))))
5794	(1-(1-(2*(3+(5+((8+1)*321))))))
5795	(1*(1+(2*(3+(5+((8+1)*321))))))
5796	(1+(1+(2*(3+(5+((8+1)*321))))))
5797	(1*(1-(2*(3*((5-8)*(1+321))))))
5798	(1+(1-(2*(3*((5-8)*(1+321))))))
5799	(1+(1+(2+(3+(5813-21)))))
5800	(1+(1+(2+(((35*8)-(1+3))*21))))
5801	(1*(12-(3-(5813-21))))
5802	(1-(1+(2*(3-((581*(3+2))-1)))))
5803	(1*(1-(2*(3-((581*(3+2))-1)))))
5804	(1-(1+(2*(3-(581*(3+(2*1)))))))
5805	(1*(1-(2*(3-(581*(3+(2*1)))))))
5806	(1+(1-(2*(3-(581*(3+(2*1)))))))
5807	(1+(1-(2+(3-(5813-(2+1))))))
5808	(1*(1-(2+(3-(5813-(2-1))))))
5809	(1-(1-(2-(3-(5813-(2+1))))))
5810	(1*(1+(2-(3-(5813-(2+1))))))
5811	(1-(1+(2+(3-(5813+(2+1))))))
5812	(1*(1-(2+(3-(5813+(2+1))))))
5813	(1+(1-(2+(3-(5813+(2+1))))))
5814	(1*(1+(2-(3-(5813+(2-1))))))
5815	(1-(1+(2+(3*(5-(81*(3+21)))))))
5816	(1*(1-(2+(3*(5-(81*(3+21)))))))
5817	(1+(1-(2+(3*(5-(81*(3+21)))))))
5818	(1+(1+(2*(3+(581*(3+(2*1)))))))
5819	(1-(1-(2-(3*(5-(81*(3+21)))))))
5820	(1*(1+(2-(3*(5-(81*(3+21)))))))
5821	(1+(1+(2-(3*(5-(81*(3+21)))))))
5822	(1*(1+(2+(3+(5813+(2+1))))))
5823	(1+(1+(2+(3+(5813+(2+1))))))
5824	(1+(1+((2*3)+(5813+(2+1)))))
5825	(1*(1+((23+5)*(8*(13*(2*1))))))
5826	(1+(1+((23+5)*(8*(13*(2*1))))))
5827	(1*(1-((2-((3+5)*(81*3)))*(2+1))))
5828	(1-(1+((2*3)-(5813+21))))
5829	(1-(1+(2+(3-(5813+21)))))
5830	(1*(1-(2+(3-(5813+21)))))
5831	(1+(1-(2+(3-(5813+21)))))
5832	(1+(1-(2-((3+5)*(81*(3*(2+1)))))))
5833	(1-(1-(2-(3-(5813+21)))))
5834	(1*(1+(2-(3-(5813+21)))))
5835	(1-(1+(2-(3+(5813+21)))))
5836	(1*(1-(2-(3+(5813+21)))))
5837	(1+(1-(2-(3+(5813+21)))))
5838	(1-(1-(2*((35+(8*13))*21))))
5839	(1-(1+(2-(3*((58+1)*(32+1))))))
5840	(1*(1-(2-(3*((58+1)*(32+1))))))
5841	(1+(1-(2-(3*((58+1)*(32+1))))))
5842	(1+(1+(2*((3+581)*(3+(2*1))))))
5843	(1-(1-(2+(3*((58+1)*(32+1))))))
5844	(1*(1+(2+(3*((58+1)*(32+1))))))
5845	(1-(1+(2-(3*(5+(81*(3+21)))))))
5846	(1*(1-(2-(3*(5+(81*(3+21)))))))
5847	(1+(1-(2-(3*(5+(81*(3+21)))))))
5848	(1-(1-(2*(35+((8+1)*321)))))
5849	(1-(1-(2+(3*(5+(81*(3+21)))))))
5850	(1*(1+(2+(3*(5+(81*(3+21)))))))
5851	(1+(1+(2+(3*(5+(81*(3+21)))))))
5852	(1+(1+((2+3)*(5*((81-3)*(2+1))))))
5853	(1*(1+((23+5)*((8*(13*2))+1))))
5854	(1+(1+((23+5)*((8*(13*2))+1))))
5855	(1*((12*((3+58)*((1+3)*2)))-1))
5856	(1-(1-((235+(8+1))*(3+21))))
5857	(1-(1-(23+(5813+21))))
5858	(1*(1+(23+(5813+21))))
5859	(1+(1+(23+(5813+21))))
5860	(1*(1+((2*(35*(81+3)))-21)))
5861	(1+(1+((2*(35*(81+3)))-21)))
5862	((1+1)*(((2+3)*(581+(3+2)))+1))
5863	(11*(2+(3*((58+1)*(3*(2-1))))))
5864	((1+1)*(2*(3+(5-(81*(3-21))))))
5865	(1-(1-(23*(((5+81)*3)-(2+1)))))
5866	(1*(1+(23*(((5+81)*3)-(2+1)))))
5867	(1+(1+(23*(((5+81)*3)-(2+1)))))
5868	(1*(12*(3*((5*(8*(1+3)))+(2+1)))))
5869	(1-(12*(3*(5-((8-1)*(3+21))))))
5870	(1-(12-((35*((81+3)*2))+1)))
5871	(1+((12*3)+(5813+21)))
5872	(1+(((12+3)*(5*(81-3)))+21))
5873	(1*((1+(2*3))*(5+(813+21))))
5874	(1-(1-(2*((3+(5+81))*(32+1)))))
5875	(1*(1+(2*((3+(5+81))*(32+1)))))
5876	(1+(1+(2*((3+(5+81))*(32+1)))))
5877	(1*(1+(2*((35*(81+3))-(2*1)))))
5878	(1-(1+(2-(35*((8-1)*(3+21))))))
5879	(1*(1-(2-(35*((8-1)*(3+21))))))
5880	(1-(1-(2*(35*(81+(3*(2-1)))))))
5881	(1*(1+(2*(35*(81+(3*(2-1)))))))
5882	(1+(1+(2*(35*(81+(3*(2-1)))))))
5883	(1*(1+(2+(35*((8-1)*(3+21))))))
5884	(1+(1+(2+(35*((8-1)*(3+21))))))
5885	(1*(1+(2*((35*(81+3))+(2*1)))))
5886	(1-(1-(2*((35*(81+3))+(2+1)))))
5887	(1*(1+(2*((35*(81+3))+(2+1)))))
5888	(1+(1+(2*((35*(81+3))+(2+1)))))
5889	(1*(1+(23*(((5+81)*3)-(2*1)))))
5890	(1+(1+(23*(((5+81)*3)-(2*1)))))
5891	(1+(1+((23*(((5+81)*3)-2))+1)))
5892	(1*(12+(35*((8-1)*(3+21)))))
5893	(1+(12+(35*((8-1)*(3+21)))))
5894	(1+(12+((35*((81+3)*2))+1)))
5895	(1-(1-((2+(3+(5*8)))*(132-1))))
5896	(1*(1+((2+(3+(5*8)))*(132-1))))
5897	(1+(1+((2+(3+(5*8)))*(132-1))))
5898	(11+((23*(((5+81)*3)-2))-1))
5899	(1*((1-(2*(3*58)))*(1+(3-21))))
5900	(1*((1+235)*(8-(1+(3-21)))))
5901	(1-(1-((2*(35*(81+3)))+21)))
5902	(1-(1-((235-8)*(13*(2*1)))))
5903	(1*(1+((235-8)*(13*(2*1)))))
5904	(1-(1-(2*(3*(((5*8)+1)*(3+21))))))
5905	(1*(1+(2*(3*(((5*8)+1)*(3+21))))))
5906	(1+(1+(2*(3*(((5*8)+1)*(3+21))))))
5907	(1-(1-((2+(3*(58+1)))*(32+1))))
5908	(1*(1+((2+(3*(58+1)))*(32+1))))
5909	(1+(1+((2+(3*(58+1)))*(32+1))))
5910	(((112*3)+58)*(13+(2*1)))
5911	(1-(1-(23*(5+((8+(1+3))*21)))))
5912	(1*(1+(23*(5+((8+(1+3))*21)))))
5913	(1-(1+(2-(35*(((81+3)*2)+1)))))
5914	(1-(1+(2-(3*(58*(1+(32+1)))))))
5915	(1*(1-(2-(3*(58*(1+(32+1)))))))
5916	(1-(1+(2*(3*(58*(1+(3-21)))))))
5917	(1*(1-(2*(3*(58*(1+(3-21)))))))
5918	(1+(1-(2*(3*(58*(1+(3-21)))))))
5919	(1*(1+(2+(3*(58*(1+(32+1)))))))
5920	(1+(1+(2+(3*(58*(1+(32+1)))))))
5921	(1*(1-(2-(((35*8)-(1-3))*21))))
5922	(1-(1-(2*((35*(81+3))+21))))
5923	(1*(1+(2*((35*(81+3))+21))))
5924	(1+(1+(2*((35*(81+3))+21))))
5925	(1*(1+(2+(((35*8)-(1-3))*21))))
5926	(1+(1+(2+(((35*8)-(1-3))*21))))
5927	(1+(1+(((23*(5+81))-3)*(2+1))))
5928	(1-(1-((2+(35*(8-1)))*(3+21))))
5929	(1*(1+((2+(35*(8-1)))*(3+21))))
5930	(1+(1+((2+(35*(8-1)))*(3+21))))
5931	(1-(1-((23*((5+81)*3))-(2+1))))
5932	(1*(1+((23*((5+81)*3))-(2+1))))
5933	(1+(1+((23*((5+81)*3))-(2+1))))
5934	(1-(1+(23*(5-((8*(1+32))-1)))))
5935	(1*(1-(23*(5-((8*(1+32))-1)))))
5936	(1+(1-(23*(5-((8*(1+32))-1)))))
5937	(1-(1-((23*((5+81)*3))+(2+1))))
5938	(1*(1+((23*((5+81)*3))+(2+1))))
5939	(1+(1+((23*((5+81)*3))+(2+1))))
5940	(1-(1-((23-5)*(8+(1+321)))))
5941	(1-(1+(2-(((35*8)+(1*3))*21))))
5942	(1*(1-(2-(((35*8)+(1*3))*21))))
5943	(1+(1-(2-(((35*8)+(1*3))*21))))
5944	(1*(1+((((2+35)*8)-13)*21)))
5945	(1-(1-(2+(((35*8)+(1*3))*21))))
5946	(1*(1+(2+(((35*8)+(1*3))*21))))
5947	(1+(1+(2+(((35*8)+(1*3))*21))))
5948	(1-((1+(23-5))*(8-(1*321))))
5949	(1*((1+2)*(((3+(58+1))*32)-1)))
5950	(1-(1-(2*(35*(81+(3+(2-1)))))))
5951	(1*(1+(2*(35*(81+(3+(2-1)))))))
5952	(1+(1+(2*(35*(81+(3+(2-1)))))))
5953	(1*(1+(2*(((3*5)+81)*(32-1)))))
5954	(1+(1+(2*(((3*5)+81)*(32-1)))))
5955	(1-(1-((23*((5+81)*3))+21)))
5956	(1*(1+((23*((5+81)*3))+21)))
5957	(1-(1+(23*(5-(8*(1*(32+1)))))))
5958	(1*(1-(23*(5-(8*(1*(32+1)))))))
5959	(1+(1-(23*(5-(8*(1*(32+1)))))))
5960	(1+(1-((23*(5-(8*(1+32))))-1)))
5961	(1*(((1+(2*35))*(81+3))-(2+1)))
5962	(1-(1+(2-(((35*8)+(1+3))*21))))
5963	(1*(1-(2-(((35*8)+(1+3))*21))))
5964	(1+(1-(2-(((35*8)+(1+3))*21))))
5965	(1*(1+((2+((35*8)-(1-3)))*21)))
5966	(1-(1-(2+(((35*8)+(1+3))*21))))
5967	(1*(1+(2+(((35*8)+(1+3))*21))))
5968	(1+(1+(2+(((35*8)+(1+3))*21))))
5969	(11-((23*(5-(8*(1+32))))-1))
5970	(1-(1-((2+3)*((5*(81*3))-21))))
5971	(1*(1+((2+3)*((5*(81*3))-21))))
5972	(1+(1+((2+3)*((5*(81*3))-21))))
5973	(1*((123+58)*(1*(32+1))))
5974	(1+((123+58)*(1*(32+1))))
5975	(1*((12*(3*((5+(81-3))*2)))-1))
5976	(1*(12*(3+(5*(81-(3-21))))))
5977	(1-(12*(3-(5-(8*(1-(3*21)))))))
5978	(1+((12*(3*((5+(81-3))*2)))+1))
5979	(1-(1-((23*(((5+81)*3)+2))-1)))
5980	(1-(1+(23*(5+(8-(13*21))))))
5981	(1*(1-(23*(5+(8-(13*21))))))
5982	(1+(1-(23*(5+(8-(13*21))))))
5983	(1+(1+((23*(((5+81)*3)+2))+1)))
5984	(1-(1-((2+(3*58))*(1+(32+1)))))
5985	(1*(1+((2+(3*58))*(1+(32+1)))))
5986	(1+(1+((2+(3*58))*(1+(32+1)))))
5987	(1+(1+((2+(3+(5*8)))*(132+1))))
5988	(1-(1-((((2+35)*81)-3)*(2*1))))
5989	(1*(1+((((2+35)*81)-3)*(2*1))))
5990	(1+(1+((((2+35)*81)-3)*(2*1))))
5991	(1-(1-((2*(35*81))+321)))
5992	(1*(1+((2*(35*81))+321)))
5993	(1+(1+((2*(35*81))+321)))
5994	(1-(1-((2+35)*(81*(3-(2-1))))))
5995	(1*(1+((2+35)*(81*(3-(2-1))))))
5996	(1+(1+((2+35)*(81*(3-(2-1))))))
5997	(1+((1+((2+35)*81))*(3-(2-1))))
5998	(1-(((1-(((2+35)*81)+3))*2)+1))
5999	(1-(1-(((((2+35)*81)+3)*2)-1)))
6000	(1-(1-(2*(3*(5*(8*(1+(3+21))))))))
6001	(1*(1+(2*(3*(5*(8*(1+(3+21))))))))
6002	(1+(1+(2*(3*(5*(8*(1+(3+21))))))))
6003	(1-(1-(23*(5-(8*(1-(32+1)))))))
6004	(1*(1+(23*(5-(8*(1-(32+1)))))))
6005	(1+(1+(23*(5-(8*(1-(32+1)))))))
6006	(1-(1-(((2*(3*5))-8)*(13*21))))
6007	(1*(1+(((2*(3*5))-8)*(13*21))))
6008	(1+(1+(((2*(3*5))-8)*(13*21))))
6009	(1*(((12+3)*((5*81)-3))-21))
6010	(1+(((12+3)*((5*81)-3))-21))
6011	(1*((12*(3*(((5+8)*13)-2)))-1))
6012	(1*(12*(3*(5+(81*(3-(2-1)))))))
6013	(1+(12*(3*(5+(81*(3-(2-1)))))))
6014	(1*((((12+3)*(5+8))-1)*(32-1)))
6015	(1*((12+3)*((5*81)-(3+(2-1)))))
6016	(1-((12+3)*(5-((81*(3+2))+1))))
6017	(1+((12+35)*(8*(13+(2+1)))))
6018	(1-(1-(2*((35*(81+(3+2)))-1))))
6019	(1*(1+(2*((35*(81+(3+2)))-1))))
6020	(1-(1-(2*(35*(81+(3+(2*1)))))))
6021	(1*(1+(2*(35*(81+(3+(2*1)))))))
6022	(1+(1+(2*(35*(81+(3+(2*1)))))))
6023	(1*(1+(2*((35*(81+(3+2)))+1))))
6024	(1+(1+(2*((35*(81+(3+2)))+1))))
6025	(1-(1-((2+3)*(5*((81*3)-(2*1))))))
6026	(1-(1-(2*(((3*5)+8)*(132-1)))))
6027	(1*(1+(2*(((3*5)+8)*(132-1)))))
6028	(1-(1+(2-(3*(5*(81+321))))))
6029	(1*(1-(2-(3*(5*(81+321))))))
6030	(1+(1-(2-(3*(5*(81+321))))))
6031	(1*(1+((2+3)*(((5*81)-3)*(2+1)))))
6032	(1-(1-(2+(3*(5*(81+321))))))
6033	(1*(1+(2+(3*(5*(81+321))))))
6034	(1+(1+(2+(3*(5*(81+321))))))
6035	(1*((1+(2*35))*(81+(3+(2-1)))))
6036	(1*(12*(((3+(5+(81*3)))*2)+1)))
6037	(1-(12-(((3*5)+81)*(3*21))))
6038	(1*(((1+2)*((3+58)*(1+32)))-1))
6039	(1*((1+2)*(3+(5*(81+321)))))
6040	(1+((1+2)*(3+(5*(81+321)))))
6041	(1+(((1+2)*((3+58)*(1+32)))+1))
6042	(1*(12+(3*(5*(81+321)))))
6043	(1+(12+(3*(5*(81+321)))))
6044	(1*(((12+3)*(5*81))-(32-1)))
6045	(1-(1-((2+3)*(((5*8)-1)*(32-1)))))
6046	(1-(1+(2-(((3*5)+81)*(3*21)))))
6047	(1*(1-(2-(((3*5)+81)*(3*21)))))
6048	(1-(1-(2*(3*(((5*(8+1))+3)*21)))))
6049	(1*(1+(2*(3*(((5*(8+1))+3)*21)))))
6050	(1+(1+(2*(3*(((5*(8+1))+3)*21)))))
6051	(1*(1+(2+(((3*5)+81)*(3*21)))))
6052	(1+(1+(2+(((3*5)+81)*(3*21)))))
6053	(1*(1+((2-358)*(1+(3-21)))))
6054	(1+(1+((2-358)*(1+(3-21)))))
6055	(1*(1+(((2+3)*(5*(81*3)))-21)))
6056	(1+(1+(((2+3)*(5*(81*3)))-21)))
6057	(1*(((12+3)*(5*81))+(3-21)))
6058	(1-(1+(2-(3*(5*((81*(3+2))-1))))))
6059	(1*(1-(2-(3*(5*((81*(3+2))-1))))))
6060	(1+(1-(2-(3*(5*((81*(3+2))-1))))))
6061	(1*(1+((2+3)*((5*(81*3))-(2+1)))))
6062	(1-(1-(2+(3*(5*((81*(3+2))-1))))))
6063	(1*(1+(2+(3*(5*((81*(3+2))-1))))))
6064	(1+(1+(2+(3*(5*((81*(3+2))-1))))))
6065	(1-(1-((2+3)*((5*(81*3))-(2*1)))))
6066	(1*(1+((2+3)*((5*(81*3))-(2*1)))))
6067	(1+(1+((2+3)*((5*(81*3))-(2*1)))))
6068	(1+(1+((((2+3)*(5*81))-3)*(2+1))))
6069	(1*((1+2)*(3+(5*((81*(3+2))-1)))))
6070	(1-(1+(2-(3*((5*(81*(3+2)))-1)))))
6071	(1*(1-(2-(3*((5*(81*(3+2)))-1)))))
6072	(1+(1-(2-(3*((5*(81*(3+2)))-1)))))
6073	(1-(1+(2-(3*(5*(81*(3+(2*1))))))))
6074	(1*(1-(2-(3*(5*(81*(3+(2*1))))))))
6075	(1+(1-(2-(3*(5*(81*(3+(2*1))))))))
6076	(1-(1+(2-(3*((5*(81*(3+2)))+1)))))
6077	(1-(1-(2+(3*(5*(81*(3+(2*1))))))))
6078	(1*(1+(2+(3*(5*(81*(3+(2*1))))))))
6079	(1+(1+(2+(3*(5*(81*(3+(2*1))))))))
6080	(1-(1-(2+(3*((5*(81*(3+2)))+1)))))
6081	(1*(1+(2+(3*((5*(81*(3+2)))+1)))))
6082	(1+(1+(2+(3*((5*(81*(3+2)))+1)))))
6083	(1*((1+(2*3))*((58*(13+2))-1)))
6084	(1-(1+(2+(358*(1+(3-21))))))
6085	(1*(1-(2+(358*(1+(3-21))))))
6086	(1+(1-(2+(358*(1+(3-21))))))
6087	(1+(1+((2+3)*((5*(81*3))+(2*1)))))
6088	(1-(1+(2-(3*(5*((81*(3+2))+1))))))
6089	(1*(1-(2-(3*(5*((81*(3+2))+1))))))
6090	(1+(1-(2-(3*(5*((81*(3+2))+1))))))
6091	(1*(1+(2*(35*(81+(3+(2+1)))))))
6092	(1-(1-(2+(3*(5*((81*(3+2))+1))))))
6093	(1*(1+(2+(3*(5*((81*(3+2))+1))))))
6094	(1+(1+(2+(3*(5*((81*(3+2))+1))))))
6095	(1-(1-(23*(5*((8*(1+3))+21)))))
6096	(1*(1+(23*(5*((8*(1+3))+21)))))
6097	(1+(1+(23*(5*((8*(1+3))+21)))))
6098	(1+(1+(((2+3)*(5*(81*3)))+21)))
6099	(1-(1-(((2*3)+(5+8))*(1*321))))
6100	(1-(1-((2+3)*(5*((81*3)+(2-1))))))
6101	(1*(1+((2+3)*(5*((81*3)+(2-1))))))
6102	(1+(1+((2+3)*(5*((81*3)+(2-1))))))
6103	(1+(12+(3*(5*((81*(3+2))+1)))))
6104	(1+((1-(2+358))*(1+(3-21))))
6105	(1*((12+3)*(5+(81+321))))
6106	(1+((12+3)*(5+(81+321))))
6107	(1+((1+(2*35))*(81+(3+(2*1)))))
6108	(1*(12*((3*((5+8)*13))+(2*1))))
6109	(1-(1-((235*((8*(1*3))+2))-1)))
6110	(1-(1-(235*(8-(1*(3-21))))))
6111	(1*(1+(235*(8-(1*(3-21))))))
6112	(1+(1+(235*(8-(1*(3-21))))))
6113	(1+(1+(((2*(3+5))+81)*(3*21))))
6114	(1-(((1-(2*((3*5)+81)))*32)-1))
6115	((11*(2*(35+(81*3))))-(2-1))
6116	(11*(2*(3-(5*(8-(1*(3*21)))))))
6117	(1*((1+2)*(((3+(5*81))*(3+2))-1)))
6118	(1-(1-(2*(((3*5)+8)*(132+1)))))
6119	(1*(1+(2*(((3*5)+8)*(132+1)))))
6120	(1+(1+(2*(((3*5)+8)*(132+1)))))
6121	(1*(1+((2+3)*(((5*81)+3)*(2+1)))))
6122	(1+(1+((2+3)*(((5*81)+3)*(2+1)))))
6123	(1*((1+2)*(((3+(5*81))*(3+2))+1)))
6124	(1-(1-(((2+3)*(5*((81*3)+2)))-1)))
6125	(1-(1-((2+3)*(5*((81*3)+(2*1))))))
6126	(1*(1+((2+3)*(5*((81*3)+(2*1))))))
6127	(1+(1+((2+3)*(5*((81*3)+(2*1))))))
6128	(1+(1+(((2+3)*(5*((81*3)+2)))+1)))
6129	(1-(1-((235-8)*((13*2)+1))))
6130	(1-(1-((2+3)*((5*((81*3)+2))+1))))
6131	(1*(1+((2+3)*((5*((81*3)+2))+1))))
6132	(1+(1+((2+3)*((5*((81*3)+2))+1))))
6133	(1*(1+((((2+3)*58)-(1-3))*21)))
6134	(1+(1+((((2+3)*58)-(1-3))*21)))
6135	(1*((12+3)*(5+((81*(3+2))-1))))
6136	(1+((12+3)*(5+((81*(3+2))-1))))
6137	(1+((1+235)*(8-(1*(3-21)))))
6138	(1*((1+2)*((3+(58+1))*(32+1))))
6139	(1+((1+2)*((3+(58+1))*(32+1))))
6140	(1*((1235-(8-1))*(3+(2*1))))
6141	(1-(1+(23*(5-(8*(1+(32+1)))))))
6142	(1-(1-(2*((((3*5)+81)*32)-1))))
6143	(1*(1+(2*((((3*5)+81)*32)-1))))
6144	(1-(1-(2*(((3*5)+81)*(32*1)))))
6145	(1*(1+(2*(((3*5)+81)*(32*1)))))
6146	(1+(1+(2*(((3*5)+81)*(32*1)))))
6147	(1*(1+(2*((((3*5)+81)*32)+1))))
6148	(1+(1+(2*((((3*5)+81)*32)+1))))
6149	(1+((1+(23*5))*((8*(1+3))+21)))
6150	(1-(1-((2+3)*(5*((81*3)+(2+1))))))
6151	(1-(1+(2-(((35*8)+13)*21))))
6152	(1*(1-(2-(((35*8)+13)*21))))
6153	(1+(1-(2-(((35*8)+13)*21))))
6154	(1*(1+((((2+3)*58)+(1*3))*21)))
6155	(1-(1-(2+(((35*8)+13)*21))))
6156	(1-(1+(2*(3*((58-1)*(3-21))))))
6157	(1*(1-(2*(3*((58-1)*(3-21))))))
6158	(1+(1-(2*(3*((58-1)*(3-21))))))
6159	(1*(1+(2*((35*(8*(13-2)))-1))))
6160	(1-(1-(2*(35*(8*(13-(2*1)))))))
6161	(1*(1+(2*(35*(8*(13-(2*1)))))))
6162	(1+(1+(2*(35*(8*(13-(2*1)))))))
6163	(1*(1+(2*((35*(8*(13-2)))+1))))
6164	(1+(1+(2*((35*(8*(13-2)))+1))))
6165	(1*(1+(23*(5+((8*(1+32))-1)))))
6166	(1+(1+(23*(5+((8*(1+32))-1)))))
6167	(1+(((12+3)*((5*81)+(3*2)))+1))
6168	(1*(12*(3+((5*((8*13)-2))+1))))
6169	(1-(1-((((2+3)*(5*8))-1)*(32-1))))
6170	(1*(1+((((2+3)*(5*8))-1)*(32-1))))
6171	(1+(1+((((2+3)*(5*8))-1)*(32-1))))
6172	(1+((1+(2*(35*8)))*(13-(2*1))))
6173	(1-((1235*(8-13))+(2+1)))
6174	(1-(1-((2+((3*5)+81))*(3*21))))
6175	(1-(1+((2+3)*(5*((8*(1-32))+1)))))
6176	(1*(1-((2+3)*(5*((8*(1-32))+1)))))
6177	(1+(1-((2+3)*(5*((8*(1-32))+1)))))
6178	(1+((1+(2*35))*(81+(3+(2+1)))))
6179	(1-(1-((2+35)*(((81+3)*2)-1))))
6180	(1-(1-((2+3)*((5*(81*3))+21))))
6181	(1*(1+((2+3)*((5*(81*3))+21))))
6182	(1+(1+((2+3)*((5*(81*3))+21))))
6183	(1+((1-23)*((5*8)-(1*321))))
6184	(1-((1+2)*(3-((5+81)*(3+21)))))
6185	(1*((((12*(3*(5+81)))-3)*2)-1))
6186	(1-(1-((23*(5+(8*(1+32))))-1)))
6187	(1-(1-(23*(5+(8*(1*(32+1)))))))
6188	(1*(1+(23*(5+(8*(1*(32+1)))))))
6189	(1+(1+(23*(5+(8*(1*(32+1)))))))
6190	(1-(1+(2-(3*((5+81)*(3+21))))))
6191	(1*(1-(2-(3*((5+81)*(3+21))))))
6192	(1+(1-(2-(3*((5+81)*(3+21))))))
6193	(1+(12*(3*(5+(((81+3)*2)-1)))))
6194	(1-(1-(2+(3*((5+81)*(3+21))))))
6195	(1*(1+(2+(3*((5+81)*(3+21))))))
6196	(1+(1+(2+(3*((5+81)*(3+21))))))
6197	(1+(1-((2+3)*((5*(8*(1-32)))+1))))
6198	(1*(((12*(3*(5+81)))+3)*(2*1)))
6199	(1-(1+(((2+3)*(5*(8*(1-32))))+1)))
6200	(1-(1-((2+3)*(5*(8*(1*(32-1)))))))
6201	(1*(1+((2+3)*(5*(8*(1*(32-1)))))))
6202	(1+(1+((2+3)*(5*(8*(1*(32-1)))))))
6203	(1+(1-(((2+3)*(5*(8*(1-32))))-1)))
6204	(1*(12+(3*((5+81)*(3+21)))))
6205	(1-(1+((2+3)*((5*(8*(1-32)))-1))))
6206	(1*(1-((2+3)*((5*(8*(1-32)))-1))))
6207	(1+(1-((2+3)*((5*(8*(1-32)))-1))))
6208	(1*((((1+2)*35)-8)*(1+(3*21))))
6209	(1-(1-((23*(5*((8+1)*(3*2))))-1)))
6210	(1-(1-(2*(3*(5*((8*(13*2))-1))))))
6211	(1*(1+(2*(3*(5*((8*(13*2))-1))))))
6212	(1+(1+(2*(3*(5*((8*(13*2))-1))))))
6213	(1+(1+((23*(5*((8+1)*(3*2))))+1)))
6214	(1+(((1+23)*((5+81)*3))+21))
6215	(1-(1-(((2+35)*((81+3)*2))-1)))
6216	(1-(1+(2*((3-(5*8))*((1+3)*21)))))
6217	(1*(1-(2*((3-(5*8))*((1+3)*21)))))
6218	(1+(1-(2*((3-(5*8))*((1+3)*21)))))
6219	(1+(1+(((2+35)*((81+3)*2))+1)))
6220	(1*((1235+(8+1))*(3+(2*1))))
6221	(1+((1235+(8+1))*(3+(2*1))))
6222	(1*((1+2)*((3+58)*(1+(32+1)))))
6223	(1+((1+2)*((3+58)*(1+(32+1)))))
6224	((1+(12+3))*((5*(81-3))-(2-1)))
6225	(1-(1+((2+3)*(5*((8*(1-32))-1)))))
6226	(1*(1-((2+3)*(5*((8*(1-32))-1)))))
6227	(1+(1-((2+3)*(5*((8*(1-32))-1)))))
6228	(1-(1+(2*(((3*58)-1)*(3-21)))))
6229	(1*(1-(2*(((3*58)-1)*(3-21)))))
6230	(1-(1-(2*(35*((8*(13-2))+1)))))
6231	(1*(1+(2*(35*((8*(13-2))+1)))))
6232	(1+(1+(2*(35*((8*(13-2))+1)))))
6233	(1-(1-(23*((5*((8+1)*(3*2)))+1))))
6234	(1-(1-(2*(3*((5*(8*(13*2)))-1)))))
6235	(1-(1+(2+(3*((5-(8*13))*21)))))
6236	(1*(1-(2+(3*((5-(8*13))*21)))))
6237	(1+(1-(2+(3*((5-(8*13))*21)))))
6238	(1-(1-(2*((3*(5*(8*(13*2))))-1))))
6239	(1-(1-(2-(3*((5-(8*13))*21)))))
6240	(1-(1-(2*(3*(5*(8*(13*(2*1))))))))
6241	(1*(1+(2*(3*(5*(8*(13*(2*1))))))))
6242	(1+(1+(2*(3*(5*(8*(13*(2*1))))))))
6243	(1*(1+(2*((3*(5*(8*(13*2))))+1))))
6244	(1+(1+(2*((3*(5*(8*(13*2))))+1))))
6245	(1-(1-((2+3)*((((5*8)-1)*32)+1))))
6246	(1-(1-(2*(3*((5*(8*(13*2)))+1)))))
6247	(1*(1+(2*(3*((5*(8*(13*2)))+1)))))
6248	(1+(1+(2*(3*((5*(8*(13*2)))+1)))))
6249	(1*(12-(3*((5-(8*13))*21))))
6250	(1+(12-(3*((5-(8*13))*21))))
6251	(1*((1+(23-5))*(8+(1*321))))
6252	(1*(12*(3+(581-(3*21)))))
6253	(1-(1-((2+35)*(((81+3)*2)+1))))
6254	(1*(1+((2+35)*(((81+3)*2)+1))))
6255	(1+(1+((2+35)*(((81+3)*2)+1))))
6256	(1+((1+2)*(3*(5*(8+(132-1))))))
6257	(1-((1-(2-35))*(8*(1-(3+21)))))
6258	(1-(1+(2*(3*(5-(8*(132-1)))))))
6259	(1*(1-(2*(3*(5-(8*(132-1)))))))
6260	(1+(1-(2*(3*(5-(8*(132-1)))))))
6261	(1+((1-(2+3))*(5*(8-(1*321)))))
6262	(1*((1+(((2+3)*(5*8))+1))*(32-1)))
6263	(1+((1+(((2+3)*(5*8))+1))*(32-1)))
6264	(1-(1+(2*(3*(58*(1*(3-21)))))))
6265	(1*(1-(2*(3*(58*(1*(3-21)))))))
6266	(1+(1-(2*(3*(58*(1*(3-21)))))))
6267	(1+((1+((2+3)*5))*((81*3)-(2*1))))
6268	(1-(12-(((3*5)+8)*(13*21))))
6269	(1+((((12*(3*58))+1)*3)+(2-1)))
6270	(1-(1-(2*(3*(5*((8*(13*2))+1))))))
6271	(1*(1+(2*(3*(5*((8*(13*2))+1))))))
6272	(1+(1+(2*(3*(5*((8*(13*2))+1))))))
6273	(1*(1+((23+5)*((8-1)*(32*1)))))
6274	(1+(1+((23+5)*((8-1)*(32*1)))))
6275	(1+(1+(((23+5)*((8-1)*32))+1)))
6276	(1*(12*(3+(5*(8*(13*(2-1)))))))
6277	(1-(1+(2-(((3*5)+8)*(13*21)))))
6278	(1*(1-(2-(((3*5)+8)*(13*21)))))
6279	(1+(1-(2-(((3*5)+8)*(13*21)))))
6280	(1*(1+(23*(((5*8)-1)*((3*2)+1)))))
6281	(1-(1-(2+(((3*5)+8)*(13*21)))))
6282	(1*(1+(2+(((3*5)+8)*(13*21)))))
6283	(1+(1+(2+(((3*5)+8)*(13*21)))))
6284	(1+(1-(((2*(3*58))+1)*(3-21))))
6285	(1*((12+3)*((5*(81+3))-(2-1))))
6286	(1+((12+3)*((5*(81+3))-(2-1))))
6287	(1+((1+(23*((5*8)-1)))*((3*2)+1)))
6288	(1-(1+((2-(3+5))*(8*(132-1)))))
6289	(1*(1-((2-(3+5))*(8*(132-1)))))
6290	(1+(1-((2-(3+5))*(8*(132-1)))))
6291	(1*(12+(((3*5)+8)*(13*21))))
6292	(1+(12+(((3*5)+8)*(13*21))))
6293	(1-((1-23)*(5+(8+(13*21)))))
6294	(1-((1-(2*(3*5)))*((8-1)*(32-1))))
6295	(((112-3)*58)-((13*2)+1))
6296	((1+1)*(2*((35*((8+1)*(3+2)))-1)))
6297	(1*((1+2)*((3*(5*(8+132)))-1)))
6298	(1+((1+2)*((3*(5*(8+132)))-1)))
6299	(1*((12*(((3*58)+1)*3))-(2-1)))
6300	(1-(1-(2*(3*(5*((8-(1-3))*21))))))
6301	(1*(1+(2*(3*(5*((8-(1-3))*21))))))
6302	(1+(1+(2*(3*(5*((8-(1-3))*21))))))
6303	(1*(1-(23*(5-((8+1)*(32-1))))))
6304	(1-(1+(2*((3*(5-(8*132)))+1))))
6305	(1*(1-(2*((3*(5-(8*132)))+1))))
6306	(1-(1+(2*(3*(5-(8*(132*1)))))))
6307	(1*(1-(2*(3*(5-(8*(132*1)))))))
6308	(1+(1-(2*(3*(5-(8*(132*1)))))))
6309	(1*(1-(2*((3*(5-(8*132)))-1))))
6310	(1+(1-(2*((3*(5-(8*132)))-1))))
6311	(11+(2*(3*(5*((8-(1-3))*21)))))
6312	(1-(1+(2*(3*(5-((8*132)+1))))))
6313	(1*(1-(2*(3*(5-((8*132)+1))))))
6314	(1+(1-(2*(3*(5-((8*132)+1))))))
6315	(1-(1+((2+3)*(58-1321))))
6316	(1*(1-((2+3)*(58-1321))))
6317	(1+(1-((2+3)*(58-1321))))
6318	(1-(1-(2*(3*(5+(8*(132-1)))))))
6319	(1*(1+(2*(3*(5+(8*(132-1)))))))
6320	(1+(1+(2*(3*(5+(8*(132-1)))))))
6321	(1-(1-((2+(((3*5)+8)*13))*21)))
6322	(1*(1+((2+(((3*5)+8)*13))*21)))
6323	(1+(1+((2+(((3*5)+8)*13))*21)))
6324	(1-(1-((235*((8+1)*3))-21)))
6325	(1-(1+(23*(5*(8-(1*(3*21)))))))
6326	(1*(1-(23*(5*(8-(1*(3*21)))))))
6327	(1+(1-(23*(5*(8-(1*(3*21)))))))
6328	(1+(((1+(235*(8+1)))*3)-21))
6329	(1*(((12+3)*((5*(81+3))+2))-1))
6330	(1-(1+((2-(3+5))*((8*132)-1))))
6331	(1*(1-((2-(3+5))*((8*132)-1))))
6332	(1+(1-((2-(3+5))*((8*132)-1))))
6333	(1+(1-((2-(3*5))*((81*(3*2))+1))))
6334	(1-(1+(2-((3+5)*(813-21)))))
6335	(1*(1-(2-((3+5)*(813-21)))))
6336	(1+(1-(2-((3+5)*(813-21)))))
6337	(1*(1+(2*(((3*5)+81)*(32+1)))))
6338	(1-(1-(2+((3+5)*(813-21)))))
6339	(1*(1+(2+((3+5)*(813-21)))))
6340	(1+(1+(2+((3+5)*(813-21)))))
6341	(1-(((1-(235*(8+1)))*3)+(2*1)))
6342	(1-(1+((2-(3+5))*((8*132)+1))))
6343	(1*(1-((2-(3+5))*((8*132)+1))))
6344	(1+(1-((2-(3+5))*((8*132)+1))))
6345	(1-(1-(235*(8+(1-(3-21))))))
6346	(1*(1+(235*(8+(1-(3-21))))))
6347	(1+(1+(235*(8+(1-(3-21))))))
6348	(1-(1+(23*(5-(8+(13*21))))))
6349	(1*(1-(23*(5-(8+(13*21))))))
6350	(1+(1-(23*(5-(8+(13*21))))))
6351	(1*((12*(3*((58+1)*3)))-21))
6352	(1-((1-((235*(8+1))+3))*(2+1)))
6353	(11-((2-(3+5))*((8*132)+1)))
6354	(1-(1+(2*(3*(5-(8*(132+1)))))))
6355	(1*(1-(2*(3*(5-(8*(132+1)))))))
6356	(1+(1-(2*(3*(5-(8*(132+1)))))))
6357	(1+(1+((2+3)*(((5*8)+1)*(32-1)))))
6358	(1*((1-23)*((58*(1-(3*2)))+1)))
6359	(1-((1-23)*((58*(1*(3+2)))-1)))
6360	(1-(1-(2*(3*(5+((8*132)-1))))))
6361	(1*(1+(2*(3*(5+((8*132)-1))))))
6362	(1+(1+(2*(3*(5+((8*132)-1))))))
6363	(1-(1-(((23*(5+8))+(1+3))*21)))
6364	(1-(1-(2*((3*(5+(8*132)))-1))))
6365	(1*(1+(2*((3*(5+(8*132)))-1))))
6366	(1-(1-(2*(3*(5+(8*(132*1)))))))
6367	(1*(1+(2*(3*(5+(8*(132*1)))))))
6368	(1+(1+(2*(3*(5+(8*(132*1)))))))
6369	(1*(1+(2*((3*(5+(8*132)))+1))))
6370	(1+(1+(2*((3*(5+(8*132)))+1))))
6371	(1-(1-(23*(5+(8*(1+(32+1)))))))
6372	(1-(1-(2*(3*(5+((8*132)+1))))))
6373	(1*(1+(2*(3*(5+((8*132)+1))))))
6374	(1+(1+(2*(3*(5+((8*132)+1))))))
6375	(1-(1-((2+3)*(5*((8*(1*32))-1)))))
6376	(1*(1+((2+3)*(5*((8*(1*32))-1)))))
6377	(1+(1+((2+3)*(5*((8*(1*32))-1)))))
6378	(1-((((1-(23*5))*8)+1)*((3*2)+1)))
6379	(1*(((1-23)*(58*(1-(3*2))))-1))
6380	(1*((1-23)*(58*(1-(3+(2+1))))))
6381	(1+((1-23)*(58*(1-(3+(2+1))))))
6382	(1+(((12*(3*(58+1)))+3)*(2+1)))
6383	(1*(((1+(2+35))*((81+3)*2))-1))
6384	(1-(1+((2-(3+5))*(8*(132+1)))))
6385	(1*(1-((2-(3+5))*(8*(132+1)))))
6386	(1+(1-((2-(3+5))*(8*(132+1)))))
6387	(1+((1+((2-(3*5))*8))*(1-(3*21))))
6388	(((1-12)*(3-(581+3)))-(2+1))
6389	((11*(2-(3-581)))+(3*(2+1)))
6390	(1-(1-((2-(358-1))*(3-21))))
6391	(1*(1+((2-(358-1))*(3-21))))
6392	(1+(1+((2-(358-1))*(3-21))))
6393	(1-((12+35)*(8*(1+(3-21)))))
6394	(1-(1-((2-(35*8))*(1-(3+21)))))
6395	(1-(1-((2+3)*((5*(8*(1*32)))-1))))
6396	(1*(1+((2+3)*((5*(8*(1*32)))-1))))
6397	(1+(1+((2+3)*((5*(8*(1*32)))-1))))
6398	(1+((123*((5+8)*(1+3)))+(2-1)))
6399	(1-(1-(((2+3)*(5*(8*(1*32))))-1)))
6400	(1-(1-(2*((3-(5+8))*(1-321)))))
6401	(1*(1+(2*((3-(5+8))*(1-321)))))
6402	(1+(1+(2*((3-(5+8))*(1-321)))))
6403	(1+(1+(((2+3)*(5*(8*(1*32))))+1)))
6404	((1+1)*(2+((3-(5+8))*(1-321))))
6405	(1-(1+((2+3)*((5*8)-1321))))
6406	(1*(1-((2+3)*((5*8)-1321))))
6407	(1+(1-((2+3)*((5*8)-1321))))
6408	(1-(1-((2-358)*(1*(3-21)))))
6409	(1*(1+((2-358)*(1*(3-21)))))
6410	(1+(1+((2-358)*(1*(3-21)))))
6411	(11+(2*((3-(5+8))*(1-321))))
6412	(11+(((2+3)*(5*(8*(1*32))))+1))
6413	(11*(2-(3-(581+(3*(2-1))))))
6414	(1-(1-(2*(3*(5+(8*(132+1)))))))
6415	(1*(1+(2*(3*(5+(8*(132+1)))))))
6416	(1+(1+(2*(3*(5+(8*(132+1)))))))
6417	(1-(1-(23*(((5+81)*3)+21))))
6418	(1*(1+(23*(((5+81)*3)+21))))
6419	(1+(1+(23*(((5+81)*3)+21))))
6420	(1-(1+(2*((3-(5+8))*(1*321)))))
6421	(1*(1-(2*((3-(5+8))*(1*321)))))
6422	(1+(1-(2*((3-(5+8))*(1*321)))))
6423	(1*((1+2)*(((358-1)*(3*2))-1)))
6424	(1-(1+(2+((358-1)*(3-21)))))
6425	(1*(1-(2+((358-1)*(3-21)))))
6426	(1+(1-(2+((358-1)*(3-21)))))
6427	(1*(1+(2*((358-1)*(3*(2+1))))))
6428	(1-(1-(2-((358-1)*(3-21)))))
6429	(1*(1+(2-((358-1)*(3-21)))))
6430	(1+(1+(2-((358-1)*(3-21)))))
6431	(1-(1-(((((2+3)*(5*8))+1)*32)-1)))
6432	(1-(1-(2*((3+5)*(81+321)))))
6433	(1*(1+(2*((3+5)*(81+321)))))
6434	(1+(1+(2*((3+5)*(81+321)))))
6435	(1-(1-((2+3)*(((5*8)-1)*(32+1)))))
6436	(1*(1+((2+3)*(((5*8)-1)*(32+1)))))
6437	(1+(1+((2+3)*(((5*8)-1)*(32+1)))))
6438	(1-(1+(2+(35*(8*(1-(3+21)))))))
6439	(1*(1-(2+(35*(8*(1-(3+21)))))))
6440	(1+(1-(2+(35*(8*(1-(3+21)))))))
6441	(1*(1+(2*(35*(8+((1+3)*21))))))
6442	(1-(1-(2-(35*(8*(1-(3+21)))))))
6443	(1*(1+(2-(35*(8*(1-(3+21)))))))
6444	(1+(1+(2-(35*(8*(1-(3+21)))))))
6445	(1*(1+(2*(358*(1*(3*(2+1)))))))
6446	(1-(1-(2-(358*(1*(3-21))))))
6447	(1*(1+(2-(358*(1*(3-21))))))
6448	(1+(1+(2-(358*(1*(3-21))))))
6449	(1*(1+((2-(3*5))*(8*(1-(3*21))))))
6450	(1+(1+((2-(3*5))*(8*(1-(3*21))))))
6451	(1-(12+((358+1)*(3-21))))
6452	(1*(12-(35*(8*(1-(3+21))))))
6453	(1-(1-(((2*358)+1)*(3*(2+1)))))
6454	(1*(1+(((2*358)+1)*(3*(2+1)))))
6455	(1+(1+(((2*358)+1)*(3*(2+1)))))
6456	(1*(12*(3+(5*((8*13)+(2+1))))))
6457	(1+(12*(3+(5*((8*13)+(2+1))))))
6458	(1+(((1+23)*(5+(8*(1+32))))+1))
6459	(1*((1+2)*(((358+1)*(3*2))-1)))
6460	(1-(1+(2+((358+1)*(3-21)))))
6461	(1*(1-(2+((358+1)*(3-21)))))
6462	(1+(1-(2+((358+1)*(3-21)))))
6463	(1*(1+(2*((358+1)*(3*(2+1))))))
6464	(1-(1-(2*((3+5)*((81*(3+2))-1)))))
6465	(1*(1+(2*((3+5)*((81*(3+2))-1)))))
6466	(1+(1+(2*((3+5)*((81*(3+2))-1)))))
6467	(1*((1+(23+5))*(((8-1)*32)-1)))
6468	(1-(1-((23+5)*((8-1)*(32+1)))))
6469	(1*(1+((23+5)*((8-1)*(32+1)))))
6470	(1+(1+((23+5)*((8-1)*(32+1)))))
6471	(1*((1+(2*(358+1)))*(3*(2+1))))
6472	(1-(12-(((3+5)*813)-21)))
6473	(11+(2*((358+1)*(3*(2+1)))))
6474	(1*(12-((358+1)*(3-21))))
6475	(1+(12-((358+1)*(3-21))))
6476	(1-(12-(((3+5)*(813-2))-1)))
6477	(1-(12-((3+5)*(813-(2*1)))))
6478	(1-(1+(2-((3+5)*(813-(2+1))))))
6479	(1*(1-(2-((3+5)*(813-(2+1))))))
6480	(1-(1-(2*(3*(5*(8*((13*2)+1)))))))
6481	(1*(1+(2*(3*(5*(8*((13*2)+1)))))))
6482	(1+(1+(2*(3*(5*(8*((13*2)+1)))))))
6483	(1*(1+(2+((3+5)*(813-(2+1))))))
6484	(1+(1+(2+((3+5)*(813-(2+1))))))
6485	(1-(1-(2+(((3+5)*813)-21))))
6486	(1-(1+(2-((3+5)*(813-(2*1))))))
6487	(1*(1-(2-((3+5)*(813-(2*1))))))
6488	(1+(1-(2-((3+5)*(813-(2*1))))))
6489	(1+(1-(2-(((3+5)*(813-2))+1))))
6490	(1-(1-(2+((3+5)*(813-(2*1))))))
6491	(1*(1+(2+((3+5)*(813-(2*1))))))
6492	(1+(1+(2+((3+5)*(813-(2*1))))))
6493	(1+(1+(2+(((3+5)*(813-2))+1))))
6494	(1-(1+(2-((3+5)*(813-(2-1))))))
6495	(1*(1-(2-((3+5)*(813-(2-1))))))
6496	(1+(1-(2-((3+5)*(813-(2-1))))))
6497	(1*(1+(2*((3+5)*((81*(3+2))+1)))))
6498	(1-(1-(2+((3+5)*(813-(2-1))))))
6499	(1*(1+(2+((3+5)*(813-(2-1))))))
6500	(1+(1+(2+((3+5)*(813-(2-1))))))
6501	(1*(1-(2*((3-5)*((813*2)-1)))))
6502	(1-(1+(2-((3+5)*(813*(2-1))))))
6503	(1*(1-(2-((3+5)*(813*(2-1))))))
6504	(1+(1-(2-((3+5)*(813*(2-1))))))
6505	(1*(1-(2*((3-5)*(813*(2*1))))))
6506	(1-(1-(2+((3+5)*(813*(2-1))))))
6507	(1*(1+(2+((3+5)*(813*(2-1))))))
6508	(1+(1+(2+((3+5)*(813*(2-1))))))
6509	(1*(1-(2*((3-5)*((813*2)+1)))))
6510	(1-(1-(2*(3*(5*((8-1)*(32-1)))))))
6511	(1*(1+(2*(3*(5*((8-1)*(32-1)))))))
6512	(1+(1+(2*(3*(5*((8-1)*(32-1)))))))
6513	(1*(12+(((3+5)*813)-(2+1))))
6514	(1-(1-(2+((3+5)*(813+(2-1))))))
6515	(1*(1+(2+((3+5)*(813+(2-1))))))
6516	(1+(1+(2+((3+5)*(813+(2-1))))))
6517	(1-(1+(2-(((3+5)*(813+2))-1))))
6518	(1-(1+(2-((3+5)*(813+(2*1))))))
6519	(1*(1-(2-((3+5)*(813+(2*1))))))
6520	(1+(1-(2-((3+5)*(813+(2*1))))))
6521	(1*(1+(2*(3581-321))))
6522	(1-(1-(2+((3+5)*(813+(2*1))))))
6523	(1*(1+(2+((3+5)*(813+(2*1))))))
6524	(1+(1+(2+((3+5)*(813+(2*1))))))
6525	(1+(1-(2-(((3+5)*813)+21))))
6526	(1-(1+(2-((3+5)*(813+(2+1))))))
6527	(1*(1-(2-((3+5)*(813+(2+1))))))
6528	(1+(1-(2-((3+5)*(813+(2+1))))))
6529	(1+(1+(2+(((3+5)*813)+21))))
6530	(1-(1-(2+((3+5)*(813+(2+1))))))
6531	(1*(1+(2+((3+5)*(813+(2+1))))))
6532	(1+(1+(2+((3+5)*(813+(2+1))))))
6533	(1*(1+(23*(5+((8+1)*(32-1))))))
6534	(1+(1+(23*(5+((8+1)*(32-1))))))
6535	(1-(1+(2+(3*(5-(8*(13*21)))))))
6536	(1*(1-(2+(3*(5-(8*(13*21)))))))
6537	(1+(1-(2+(3*(5-(8*(13*21)))))))
6538	(1+(12+(((3+5)*813)+21)))
6539	(1-(1-(2-(3*(5-(8*(13*21)))))))
6540	(1*(1+(2-(3*(5-(8*(13*21)))))))
6541	(1+(1+(2-(3*(5-(8*(13*21)))))))
6542	(1-(1+(23+(5*(8-1321)))))
6543	(1*(1-(23+(5*(8-1321)))))
6544	(1+(1-(23+(5*(8-1321)))))
6545	(1-((1-(2+3))*((5+813)*(2*1))))
6546	(1*((1+2)*(3-(5-(8*(13*21))))))
6547	(1+((1+2)*(3-(5-(8*(13*21))))))
6548	((1-((1-2)*3))*(((5+813)*2)+1))
6549	(1*(12-(3*(5-(8*(13*21))))))
6550	(1-(1+(2-(((35*(8+1))-3)*21))))
6551	(1*(1-(2-(((35*(8+1))-3)*21))))
6552	(1-(1-(2*(3*((5+8)*((1+3)*21))))))
6553	(1*(1+(2*(3*((5+8)*((1+3)*21))))))
6554	(1+(1+(2*(3*((5+8)*((1+3)*21))))))
6555	(1*(1+(2+(((35*(8+1))-3)*21))))
6556	(1+(1+(2+(((35*(8+1))-3)*21))))
6557	(1+(1+(23*(5*(81-(3+21))))))
6558	(1+(1+((23*((58-1)*(3+2)))+1)))
6559	(1-(1+((2*3)+(5*(8-1321)))))
6560	(1-(1+(2+(3+(5*(8-1321))))))
6561	(1*(1-(2+(3+(5*(8-1321))))))
6562	(1+(1-(2+(3+(5*(8-1321))))))
6563	(1+(1+((235+8)*((13*2)+1))))
6564	(1-(1-(2-(3+(5*(8-1321))))))
6565	(1*(1+(2-(3+(5*(8-1321))))))
6566	(1+(1+(2-(3+(5*(8-1321))))))
6567	(1*(1-(2-(3-(5*(8-1321))))))
6568	(1+(1-(2-(3-(5*(8-1321))))))
6569	(1-(1-(2+(3*(5+(8*(13*21)))))))
6570	(1-(1-(2+(3-(5*(8-1321))))))
6571	(1*(1+(2+(3-(5*(8-1321))))))
6572	(1+(1+(2+(3-(5*(8-1321))))))
6573	(1+(1+((2*3)-(5*(8-1321)))))
6574	(1*(1-((2-(3*(5*(8+13))))*21)))
6575	(1-(1-((2+3)*(5*((8*(1+32))-1)))))
6576	(1*(1+((2+3)*(5*((8*(1+32))-1)))))
6577	(1+(1+((2+3)*(5*((8*(1+32))-1)))))
6578	(1-(1-(23*(5+(8+(13*21))))))
6579	(1*(1+(23*(5+(8+(13*21))))))
6580	(1+(1+(23*(5+(8+(13*21))))))
6581	(1*(1+(235*((8-1)*(3+(2-1))))))
6582	(1+(1+(235*((8-1)*(3+(2-1))))))
6583	(1-(((1-(23+5))*(81*3))-21))
6584	(1*((1+(235*(8-1)))*(3+(2-1))))
6585	(1*((12+3)*((5*(8*(13-2)))-1)))
6586	(1+((12+3)*((5*(8*(13-2)))-1)))
6587	(((112+3)*(58-1))+(32*1))
6588	(1-(1-(23-(5*(8-1321)))))
6589	(1*(1+(23-(5*(8-1321)))))
6590	(1+(1+(23-(5*(8-1321)))))
6591	(1*(1+((2+3)*(5-(8-1321)))))
6592	(1+(1+((2+3)*(5-(8-1321)))))
6593	(1-((1+((2-(3*5))*8))*(1+(3*21))))
6594	(1-(1+(2*((3-(5*(8*(1+3))))*21))))
6595	(1*(1-(2*((3-(5*(8*(1+3))))*21))))
6596	(1+(1-(2*((3-(5*(8*(1+3))))*21))))
6597	(1+(1+((2+3)*((5*(8*(1+32)))-1))))
6598	(1+((1+2)*(3*((58*13)-21))))
6599	(1-(1-(((2+3)*(5*(8*(1+32))))-1)))
6600	(1-(1-((2+3)*(5*(8*(1*(32+1)))))))
6601	(1-(1-(23*(((5*8)+1)*((3*2)+1)))))
6602	(1*(1+(23*(((5*8)+1)*((3*2)+1)))))
6603	(1+(1+(23*(((5*8)+1)*((3*2)+1)))))
6604	(1-(12-(3*(5*((8-1)*(3*21))))))
6605	(1-(1-((2+3)*((5*(8*(1+32)))+1))))
6606	(1*(1+((2+3)*((5*(8*(1+32)))+1))))
6607	(1+(1+((2+3)*((5*(8*(1+32)))+1))))
6608	(1*((1+235)*((8-1)*(3+(2-1)))))
6609	(1+((1+235)*((8-1)*(3+(2-1)))))
6610	(1-((12*3)-(5*(8+1321))))
6611	(11*(2-(3-((5+81)*((3*2)+1)))))
6612	(1-(1-(2*(3*(58*(1-(3-21)))))))
6613	(1-(1+(2-(3*(5*((8-1)*(3*21)))))))
6614	(1*(1-(2-(3*(5*((8-1)*(3*21)))))))
6615	(1+(1-(2-(3*(5*((8-1)*(3*21)))))))
6616	(1*(1-((((2-(3*5))*8)-1)*(3*21))))
6617	(1-(1-(2+(3*(5*((8-1)*(3*21)))))))
6618	(1*(1+(2+(3*(5*((8-1)*(3*21)))))))
6619	(1+(1+(2+(3*(5*((8-1)*(3*21)))))))
6620	(1-(1+((2+3)*(5-(8+1321)))))
6621	(1*(1-((2+3)*(5-(8+1321)))))
6622	(1-(1+(23-(5*(8+1321)))))
6623	(1*(1-(23-(5*(8+1321)))))
6624	(1+(1-(23-(5*(8+1321)))))
6625	(1*(1+(23*((5+(8-1))*(3+21)))))
6626	(1+(1+(23*((5+(8-1))*(3+21)))))
6627	(1+(1-((2+3)*(5*(8-(13*21))))))
6628	(1+(12+(3*(5*((8-1)*(3*21))))))
6629	(((11*(2*(3+(5*8))))+1)*((3*2)+1))
6630	(1*((12+3)*((5+8)*(1+(32+1)))))
6631	(1-(12+(3-(5*(8+1321)))))
6632	(1+((1+(2*(3*58)))*(1-(3-21))))
6633	(1-(1-((((2+3)*(5*8))+1)*(32+1))))
6634	(1-(1+(((23*5)-8)*(1-(3*21)))))
6635	(1*(1-(((23*5)-8)*(1-(3*21)))))
6636	(1+(1-(((23*5)-8)*(1-(3*21)))))
6637	(1*(1-((2-((35*(8+1))+3))*21)))
6638	(1+(1-((2-((35*(8+1))+3))*21)))
6639	(1-(1+((2*3)-(5*(8+1321)))))
6640	(1-(1+(2+(3-(5*(8+1321))))))
6641	(1*(1-(2+(3-(5*(8+1321))))))
6642	(1+(1-(2+(3-(5*(8+1321))))))
6643	(1-((1+2)*(3*(((5*8)+1)*(3-21)))))
6644	(1-(1-(2-(3-(5*(8+1321))))))
6645	(1*(1+(2-(3-(5*(8+1321))))))
6646	(1-(1+(2-(3+(5*(8+1321))))))
6647	(1*(1-(2-(3+(5*(8+1321))))))
6648	(1+(1-(2-(3+(5*(8+1321))))))
6649	(1+(1+(23*((58*(1*(3+2)))-1))))
6650	(1-(1-(2+(3+(5*(8+1321))))))
6651	(1*(1+(2+(3+(5*(8+1321))))))
6652	(1+(1+(2+(3+(5*(8+1321))))))
6653	(1+(1+((2*3)+(5*(8+1321)))))
6654	(1*(12-(3-(5*(8+1321)))))
6655	(1+(12-(3-(5*(8+1321)))))
6656	(1-(1+((2-(3*5))*(8*(1+(3*21))))))
6657	(1*(1-((2-(3*5))*(8*(1+(3*21))))))
6658	(1+(1-((2-(3*5))*(8*(1+(3*21))))))
6659	(1+(1+((2+(3*(5*(8+13))))*21)))
6660	(1-(1-(2*(3*(5*((81*3)-21))))))
6661	(1*(1+(2*(3*(5*((81*3)-21))))))
6662	(1+(1+(2*(3*(5*((81*3)-21))))))
6663	(1*((123*(58-(1+3)))+21))
6664	(1-(1-((((23*58)-1)*(3+2))-1)))
6665	(1-(1-(((23*58)-1)*(3+(2*1)))))
6666	(1*(1+(((23*58)-1)*(3+(2*1)))))
6667	(1+(1+(((23*58)-1)*(3+(2*1)))))
6668	(1-(1-(23+(5*(8+1321)))))
6669	(1*(1+(23+(5*(8+1321)))))
6670	(1-(1+(2-((3+5)*(813+21)))))
6671	(1*(1-(2-((3+5)*(813+21)))))
6672	(1+(1-(2-((3+5)*(813+21)))))
6673	(1*(1-((2-(35*8))*(1*(3+21)))))
6674	(1-(1-(2+((3+5)*(813+21)))))
6675	(1*(1+(2+((3+5)*(813+21)))))
6676	(1+(1+(2+((3+5)*(813+21)))))
6677	(1*(1-(2-(((35*(8+1))+3)*21))))
6678	(1-(1-(2*(3*(((5*8)+13)*21)))))
6679	(1*(1+(2*(3*(((5*8)+13)*21)))))
6680	(1+(1+(2*(3*(((5*8)+13)*21)))))
6681	(1*(1+(2+(((35*(8+1))+3)*21))))
6682	(1+(1+(2+(((35*(8+1))+3)*21))))
6683	(1+((1+((2+3)*5))*((8*(1*32))+1)))
6684	(1*(12+((3+5)*(813+21))))
6685	(1-(12*(3-(5*(8*(13+(2-1)))))))
6686	(1+((12*(((3+(5*8))*13)-2))+1))
6687	(1*((12*(3+581))-321))
6688	(1*(123-(5*(8-1321))))
6689	(1+(123-(5*(8-1321))))
6690	(1-(1-(2*(3*(5*(((8-1)*32)-1))))))
6691	(1*(1+(2*(3*(5*(((8-1)*32)-1))))))
6692	(1+(1+(2*(3*(5*(((8-1)*32)-1))))))
6693	(1-(1-(23*((58*(1*(3+2)))+1))))
6694	(1-(1+(2-(((35*8)-1)*(3+21)))))
6695	(1*(1-(2-(((35*8)-1)*(3+21)))))
6696	(1+(1-(2-(((35*8)-1)*(3+21)))))
6697	(1*(1-((2-((35*8)+1))*(3+21))))
6698	(1-(1-(2+(((35*8)-1)*(3+21)))))
6699	(1*(1+(2+(((35*8)-1)*(3+21)))))
6700	(1+(1+(2+(((35*8)-1)*(3+21)))))
6701	(1+(1+((235+(81+3))*21)))
6702	(1*(((12*((35*8)-1))+3)*(2*1)))
6703	(1+(((12*((35*8)-1))+3)*(2*1)))
6704	(1+((((12*((35*8)-1))+3)*2)+1))
6705	(1*((12+3)*(((5+(8+1))*32)-1)))
6706	(1+((12+3)*(((5+(8+1))*32)-1)))
6707	(1*((12*((3+(5*8))*13))-(2-1)))
6708	(1-(1+((2-(3*58))*(13*(2+1)))))
6709	(1*(1-((2-(3*58))*(13*(2+1)))))
6710	(1+(1-((2-(3*58))*(13*(2+1)))))
6711	(1*((1-((2-(3*58))*13))*(2+1)))
6712	(1+((1-((2-(3*58))*13))*(2+1)))
6713	(1*((((1+23)*(5*8))-1)*((3*2)+1)))
6714	(1-(1+(2*(3-(5*(8*((1+3)*21)))))))
6715	(1*(1-(2*(3-(5*(8*((1+3)*21)))))))
6716	(1+(1-(2*(3-(5*(8*((1+3)*21)))))))
6717	(1*(1-(23*(5-((8+1)*(32+1))))))
6718	(1-(1+(2-(35*(8*(1*(3+21)))))))
6719	(1*(1-(2-(35*(8*(1*(3+21)))))))
6720	(1-(1-(2*(3*(5*((8-1)*(32*1)))))))
6721	(1*(1+(2*(3*(5*((8-1)*(32*1)))))))
6722	(1+(1+(2*(3*(5*((8-1)*(32*1)))))))
6723	(1*(1+(2+(35*(8*(1*(3+21)))))))
6724	(1-(1+(2+(3*(5-((8-1)*321))))))
6725	(1*(1-(2+(3*(5-((8-1)*321))))))
6726	(1-(1-(2*(3+(5*(8*((1+3)*21)))))))
6727	(1*(1+(2*(3+(5*(8*((1+3)*21)))))))
6728	(1+(1+(2*(3+(5*(8*((1+3)*21)))))))
6729	(1*(1+(2-(3*(5-((8-1)*321))))))
6730	(1+(1+(2-(3*(5-((8-1)*321))))))
6731	(1*((12*(((3+(5*8))*13)+2))-1))
6732	(1*(12+(35*(8*(1*(3+21))))))
6733	(1-(12*(3*(5-(8*(1*(3+21)))))))
6734	(1+((12*(((3+(5*8))*13)+2))+1))
6735	(1*((1+2)*(3-(5-((8-1)*321)))))
6736	(1+((1+2)*(3-(5-((8-1)*321)))))
6737	(1*((((12*((35*8)+1))-3)*2)-1))
6738	(1-(1-((23*(5+((8+1)*32)))-1)))
6739	(1-(1-(23*(5+((8+1)*(32*1))))))
6740	(1*(1+(23*(5+((8+1)*(32*1))))))
6741	(1+(1+(23*(5+((8+1)*(32*1))))))
6742	(1-(1+(2-(((35*8)+1)*(3+21)))))
6743	(1*(1-(2-(((35*8)+1)*(3+21)))))
6744	(1+(1-(2-(((35*8)+1)*(3+21)))))
6745	(1*(1+((2+((35*8)-1))*(3+21))))
6746	(1-(1-(2+(((35*8)+1)*(3+21)))))
6747	(1*(1+(2+(((35*8)+1)*(3+21)))))
6748	(1+(1+(2+(((35*8)+1)*(3+21)))))
6749	(1*(1+((23+5)*((81*3)-(2*1)))))
6750	(1-(1-(2*(3*(5*(((8-1)*32)+1))))))
6751	(1*(1+(2*(3*(5*(((8-1)*32)+1))))))
6752	(1+(1+(2*(3*(5*(((8-1)*32)+1))))))
6753	(1+((1+(2*(3*(5*(8-1)))))*(32*1)))
6754	(1-(1+(2-(3*(5+((8-1)*321))))))
6755	(1*(1-(2-(3*(5+((8-1)*321))))))
6756	(1+(1-(2-(3*(5+((8-1)*321))))))
6757	(1+(12*(3+(5*(8*(13+(2-1)))))))
6758	(1-(1-(2+(3*(5+((8-1)*321))))))
6759	(1*(1+(2+(3*(5+((8-1)*321))))))
6760	(1+(1+(2+(3*(5+((8-1)*321))))))
6761	(11+(2*(3*(5*(((8-1)*32)+1)))))
6762	(1-(1-(2*(((3*58)-13)*21))))
6763	(1*(1+(2*(((3*58)-13)*21))))
6764	(1+(1+(2*(((3*58)-13)*21))))
6765	(1-(1-((2+3)*(((5*8)+1)*(32+1)))))
6766	(1*(1+((2+3)*(((5*8)+1)*(32+1)))))
6767	(1+(1+((2+3)*(((5*8)+1)*(32+1)))))
6768	(1-(1-((2+(35*8))*(1*(3+21)))))
6769	(1*(1+((2+(35*8))*(1*(3+21)))))
6770	(1+(1+((2+(35*8))*(1*(3+21)))))
6771	(1*((1+2)*((3*((58*13)-2))+1)))
6772	(1+((1+2)*((3*((58*13)-2))+1)))
6773	(11+(2*(((3*58)-13)*21)))
6774	(((1+(123*5))*(8+(1*3)))-(2*1))
6775	(1-(12-(3*(58*(13*(2+1))))))
6776	(1-(1-((23+5)*((81*3)-(2-1)))))
6777	(1*(1+((23+5)*((81*3)-(2-1)))))
6778	(1+(1+((23+5)*((81*3)-(2-1)))))
6779	(1*(((1+2)*((3*(58*13))-2))-1))
6780	(1-(1+((2-(3*(58*13)))*(2+1))))
6781	(1*(1-((2-(3*(58*13)))*(2+1))))
6782	(1+(1-((2-(3*(58*13)))*(2+1))))
6783	(1-(1-(((23+5)*(81*3))-21)))
6784	(1-(1+(2-(3*(58*(13*(2+1)))))))
6785	(1*(1-(2-(3*(58*(13*(2+1)))))))
6786	(1+(1-(2-(3*(58*(13*(2+1)))))))
6787	(1+(1+(23*((58+1)*(3+(2*1))))))
6788	(1-(1-(2+(3*(58*(13*(2+1)))))))
6789	(1*(1+(2+(3*(58*(13*(2+1)))))))
6790	(1+(1+(2+(3*(58*(13*(2+1)))))))
6791	(1-(12-(358*(1-(3-21)))))
6792	(1-(1-((2+((35*8)+1))*(3+21))))
6793	(1*(1+((2+((35*8)+1))*(3+21))))
6794	(1+(1+((2+((35*8)+1))*(3+21))))
6795	(1-(1-((((23+5)*81)-3)*(2+1))))
6796	(1*(1+((((23+5)*81)-3)*(2+1))))
6797	(1+(1+((((23+5)*81)-3)*(2+1))))
6798	(1*(12+(3*(58*(13*(2+1))))))
6799	(1+(12+(3*(58*(13*(2+1))))))
6800	(1-(1+(2-(358*(1-(3-21))))))
6801	(1*(1-(2-(358*(1-(3-21))))))
6802	(1+(1-(2-(358*(1-(3-21))))))
6803	(1+(1+(((23+5)*(81*3))-(2+1))))
6804	(1-(1-(2*(3*((58-(1+3))*21)))))
6805	(1*(1+(2*(3*((58-(1+3))*21)))))
6806	(1+(1+(2*(3*((58-(1+3))*21)))))
6807	(1+(1+((2+3)*((5*8)+1321))))
6808	(1-(1-(23*(((58+1)*(3+2))+1))))
6809	(1*(1+(23*(((58+1)*(3+2))+1))))
6810	(1+(1+(23*(((58+1)*(3+2))+1))))
6811	(1*(1-((235-8)*(1-(32-1)))))
6812	(1-(1+(((2*3)-58)*(132-1))))
6813	(1*(1-(((2*3)-58)*(132-1))))
6814	(1+(1-(((2*3)-58)*(132-1))))
6815	(1-(1-(235*((8*(1+3))-(2+1)))))
6816	(1*(1+(235*((8*(1+3))-(2+1)))))
6817	(1+(1+(235*((8*(1+3))-(2+1)))))
6818	(1+(1+((235*(((8+1)*3)+2))+1)))
6819	(1+((1-(2-(3*5)))*((81*(3*2))+1)))
6820	(1-(1-(2*((3-58)*(1-(3*21))))))
6821	(1*(1+(2*((3-58)*(1-(3*21))))))
6822	(1+(1+(2*((3-58)*(1-(3*21))))))
6823	(1+((1+((2+3)*(5-81)))*(3-21)))
6824	(11+((((23+5)*81)+3)*(2+1)))
6825	(1-(1+((2-(35-8))*(13*21))))
6826	(1*(1-((2-(35-8))*(13*21))))
6827	(1+(1-((2-(35-8))*(13*21))))
6828	(1*(12*(3+((5*(81+32))+1))))
6829	(1-(12*(3-(5+(81*((3*2)+1))))))
6830	((112*(3+58))-(1*(3-(2-1))))
6831	(1-(1+(23*((5-(8*13))*(2+1)))))
6832	(1*(1-(23*((5-(8*13))*(2+1)))))
6833	(1+(1-(23*((5-(8*13))*(2+1)))))
6834	(1-(1-((2+(3*5))*(81+321))))
6835	(1*(1+((2+(3*5))*(81+321))))
6836	(1+(1+((2+(3*5))*(81+321))))
6837	((1+(123+5))*((8*(1+3))+21))
6838	(1*((1+((2+3)*5))*((8*(1+32))-1)))
6839	(1+((1+((2+3)*5))*((8*(1+32))-1)))
6840	(1-(1-((2+3)*((5-81)*(3-21)))))
6841	(1*(1+((2+3)*((5-81)*(3-21)))))
6842	(1+(1+((2+3)*((5-81)*(3-21)))))
6843	(1+(1+((2*3581)-321)))
6844	(1*((1+235)*((8*(1+3))-(2+1))))
6845	(1+((1+235)*((8*(1+3))-(2+1))))
6846	(1-(1-(2*((3+(5*(8*(1+3))))*21))))
6847	(1*(1+(2*((3+(5*(8*(1+3))))*21))))
6848	(1+(1+(2*((3+(5*(8*(1+3))))*21))))
6849	(1*(1+(((23*5)-8)*(1+(3*21)))))
6850	(1+(1+(((23*5)-8)*(1+(3*21)))))
6851	(11+((2+3)*((5-81)*(3-21))))
6852	(1*(12*((3*(58+132))+1)))
6853	(1-(12*(3-(581-((3*2)+1)))))
6854	(1*((1-(23*(5+8)))*(1-(3+21))))
6855	(1+((1-(23*(5+8)))*(1-(3+21))))
6856	(1-(12-(3*((5+(8*13))*21))))
6857	(11+(2*((3+(5*(8*(1+3))))*21)))
6858	(1*((1+(23-(5*81)))*(3-21)))
6859	(1-(1-(((23+5)*((81*3)+2))-1)))
6860	(1-(1-((23+5)*((81*3)+(2*1)))))
6861	(1*(1+((23+5)*((81*3)+(2*1)))))
6862	(1+(1+((23+5)*((81*3)+(2*1)))))
6863	(1-(1+(((2-35)*(8*(13*2)))+1)))
6864	(1-(1+((2-35)*(8*(13*(2*1))))))
6865	(1-(1+(2-(3*((5+(8*13))*21)))))
6866	(1*(1-(2-(3*((5+(8*13))*21)))))
6867	(1+(1-(2-(3*((5+(8*13))*21)))))
6868	(1-(1-((2+(3*5))*((81*(3+2))-1))))
6869	(1-(1-(2+(3*((5+(8*13))*21)))))
6870	(1*(1+(2+(3*((5+(8*13))*21)))))
6871	(1+(1+(2+(3*((5+(8*13))*21)))))
6872	(11+(((23+5)*((81*3)+2))+1))
6873	((1+(1+235))*((8*(1+3))-(2+1)))
6874	(1-((12*(3-581))+(3*21)))
6875	(11*(2+(3-(5*(8-(132*1))))))
6876	(1-(1-((23-(5*81))*(3-21))))
6877	(1-(1+(23*((5+8)*(1-(3+21))))))
6878	(1*(1-(23*((5+8)*(1-(3+21))))))
6879	(1+(1-(23*((5+8)*(1-(3+21))))))
6880	(1+(12+(3*((5+(8*13))*21))))
6881	(1-((1-((2+(3*5))*81))*(3+(2*1))))
6882	(1*((1+2)*((3-(5*8))*(1-(3*21)))))
6883	(1+((1+2)*((3-(5*8))*(1-(3*21)))))
6884	(1-(1-(((2+(3*5))*(81*(3+2)))-1)))
6885	(1-(1-((2+(3*5))*(81*(3+(2*1))))))
6886	(1*(1+((2+(3*5))*(81*(3+(2*1))))))
6887	(1+(1+((2+(3*5))*(81*(3+(2*1))))))
6888	(1-(1-((23+5)*((81*3)+(2+1)))))
6889	(1*(1+((23+5)*((81*3)+(2+1)))))
6890	(1+(1+((23+5)*((81*3)+(2+1)))))
6891	(1-((1+((2+3)*5))*(8-(13*21))))
6892	(1+((123*(58+(1-3)))+(2+1)))
6893	(((11*(2*3))-5)*(81+(32*1)))
6894	((1+1)*((2*(3*(581-3)))-21))
6895	(1-(1-((2+3)*(58+1321))))
6896	(1*(1+((2+3)*(58+1321))))
6897	(1+(1+((2+3)*(58+1321))))
6898	(1*(1-((2-35)*((8*(13*2))+1))))
6899	(1+(1-((2-35)*((8*(13*2))+1))))
6900	(1*(12*(3+(5+(81*((3*2)+1))))))
6901	(1+(12*(3+(5+(81*((3*2)+1))))))
6902	(1-(1-((2+(3*5))*((81*(3+2))+1))))
6903	(1*(1+((2+(3*5))*((81*(3+2))+1))))
6904	(1+(1+((2+(3*5))*((81*(3+2))+1))))
6905	(1-((12*(3-581))+(32*1)))
6906	(1-((12*(3-581))+(32-1)))
6907	((11*(2+((3+5)*(81-3))))+21)
6908	(11*(2*(35+((8+1)*(32-1)))))
6909	(1-(1-((2+(3*(5+(8*13))))*21)))
6910	(1*(1+((2+(3*(5+(8*13))))*21)))
6911	(1+(1+((2+(3*(5+(8*13))))*21)))
6912	(1*(12*(3*(((58-1)*3)+21))))
6913	(1-(1-((((23+5)*8)-1)*(32-1))))
6914	(1*(1+((((23+5)*8)-1)*(32-1))))
6915	(1+(1+((((23+5)*8)-1)*(32-1))))
6916	(1-(1+((23+5)*((8*(1-32))+1))))
6917	(1*(1-((23+5)*((8*(1-32))+1))))
6918	(1+(1-((23+5)*((8*(1-32))+1))))
6919	(1-((12*(3-581))-(3-21)))
6920	(11+((2+(3*(5+(8*13))))*21))
6921	(1*(((12*((3+5)*8))+1)*(3*(2+1))))
6922	(1+(((12*((3+5)*8))+1)*(3*(2+1))))
6923	(1*(((1235-81)*(3*2))-1))
6924	(1*(12*(3+(581-((3*2)+1)))))
6925	(1-(12*(3-(58*(1+(3*(2+1)))))))
6926	(1-((1+(2-(35*8)))*(1+(3+21))))
6927	(11-((23+5)*((8*(1-32))+1)))
6928	(1-((12*(3-581))+(3*(2+1))))
6929	(1*(((12*3)+5)*(((81+3)*2)+1)))
6930	(1-(1-(2*(3*(5*((8-1)*(32+1)))))))
6931	(1*(1+(2*(3*(5*((8-1)*(32+1)))))))
6932	(1+(1+(2*(3*(5*((8-1)*(32+1)))))))
6933	(1-((12*(3-581))+(3+(2-1))))
6934	(1-(1-(2*((3*((581-3)*2))-1))))
6935	(1*(1+(2*((3*((581-3)*2))-1))))
6936	(1-(1-(2*(3*((581-3)*(2*1))))))
6937	(1*(1+(2*(3*((581-3)*(2*1))))))
6938	(1+(1+(2*(3*((581-3)*(2*1))))))
6939	(1*(1+(2*((3*((581-3)*2))+1))))
6940	(1+(1+(2*((3*((581-3)*2))+1))))
6941	(1-((12*(3-581))-(3+(2-1))))
6942	(1-(1-(2*(3*(((581-3)*2)+1)))))
6943	(1*(1+(2*(3*(((581-3)*2)+1)))))
6944	(1+(1+(2*(3*(((581-3)*2)+1)))))
6945	(1*(1+((23+5)*(8*(1*(32-1))))))
6946	(1-(1-(23*(5+((8+1)*(32+1))))))
6947	(1*(1+(23*(5+((8+1)*(32+1))))))
6948	(1+(1+(23*(5+((8+1)*(32+1))))))
6949	(1+(12*(3+(581-(3+(2*1))))))
6950	(1-(1+((2-(35*8))*(1+(3+21)))))
6951	(1*(1-((2-(35*8))*(1+(3+21)))))
6952	(1+(1-((2-(35*8))*(1+(3+21)))))
6953	(11+(2*(3*(((581-3)*2)+1))))
6954	(1*(((((1+23)*58)-1)*(3+2))-1))
6955	(1-((12*(3-581))+(3-21)))
6956	(1+((((1+23)*58)-1)*(3+(2*1))))
6957	(1+(((((1+23)*58)-1)*(3+2))+1))
6958	(1-(1+(2*(((3-(581*3))*2)+1))))
6959	(1*(1-(2*(((3-(581*3))*2)+1))))
6960	(1-(1+(2*((3-(581*3))*(2*1)))))
6961	(1*(1-(2*((3-(581*3))*(2*1)))))
6962	(1+(1-(2*((3-(581*3))*(2*1)))))
6963	(1*(1-(2*(((3-(581*3))*2)-1))))
6964	(1-(1+(2*(3-((581*(3*2))-1)))))
6965	(1*(1-(2*(3-((581*(3*2))-1)))))
6966	(1-(1+(2*(3-(581*(3+(2+1)))))))
6967	(1*(1-(2*(3-(581*(3+(2+1)))))))
6968	(1+(1-(2*(3-(581*(3+(2+1)))))))
6969	(1*(1-(2*(3-((581*(3*2))+1)))))
6970	(1-(1+(2-(3*(581*(3+(2-1)))))))
6971	(1*(1-(2-(3*(581*(3+(2-1)))))))
6972	(1+(1-(2-(3*(581*(3+(2-1)))))))
6973	(1*(1+(2*(3*(581*(3-(2-1)))))))
6974	(1-(1-(2+(3*(581*(3+(2-1)))))))
6975	(1*(1+(2+(3*(581*(3+(2-1)))))))
6976	(1+(1+(2+(3*(581*(3+(2-1)))))))
6977	(1*(1+(2*(3+((581*(3*2))-1)))))
6978	(1-(1-(2*(3+(581*(3+(2+1)))))))
6979	(1*(1+(2*(3+(581*(3+(2+1)))))))
6980	(1+(1+(2*(3+(581*(3+(2+1)))))))
6981	(1*(1+(2*(3+((581*(3*2))+1)))))
6982	(1+(1+(2*(3+((581*(3*2))+1)))))
6983	(1*(1+(2*(((3+(581*3))*2)-1))))
6984	(1-(1-(2*((3+(581*3))*(2*1)))))
6985	(1*(1+(2*((3+(581*3))*(2*1)))))
6986	(1+(1+(2*((3+(581*3))*(2*1)))))
6987	(1*(1+(2*(((3+(581*3))*2)+1))))
6988	(1+(1+(2*(((3+(581*3))*2)+1))))
6989	(1-(12-(35*(8*(1+(3+21))))))
6990	(1-((1-(2*(3*5)))*((81*3)-(2*1))))
6991	(1+((12*(3+581))+(3-21)))
6992	(1-(1+(23*((5-81)*(3+(2-1))))))
6993	(1*(1-(23*((5-81)*(3+(2-1))))))
6994	(1+(1-(23*((5-81)*(3+(2-1))))))
6995	(1+(1+(((2*(3*5))+81)*(3*21))))
6996	(1-(1+((2+(3-58))*(132*1))))
6997	(1*(1-((2+(3-58))*(132*1))))
6998	(1-(1+(2-(35*(8*(1+(3+21)))))))
6999	(1*(1-(2-(35*(8*(1+(3+21)))))))
7000	(1+(1-(2-(35*(8*(1+(3+21)))))))
7001	(1-((1-2)*(35*(8*(1+(3+21))))))
7002	(1-(1-(2*(3*(((581+3)*2)-1)))))
7003	(1*(1+(2*(3*(((581+3)*2)-1)))))
7004	(1+(1+(2*(3*(((581+3)*2)-1)))))
7005	(1-(((12*35)-8)*(1+(3-21))))
7006	(1-(1-(2*((3*((581+3)*2))-1))))
7007	(1*(1+(2*((3*((581+3)*2))-1))))
7008	(1-(1-(2*(3*((581+3)*(2*1))))))
7009	(1*(1+(2*(3*((581+3)*(2*1))))))
7010	(1+(1+(2*(3*((581+3)*(2*1))))))
7011	(1*(1+(2*((3*((581+3)*2))+1))))
7012	(1+(1+(2*((3*((581+3)*2))+1))))
7013	(1+(12+(35*(8*(1+(3+21))))))
7014	(1-(1-(2*(3*(((581+3)*2)+1)))))
7015	(1*(1+(2*(3*(((581+3)*2)+1)))))
7016	(1+(1+(2*(3*(((581+3)*2)+1)))))
7017	(1*((1+2)*((3*(5*((81-3)*2)))-1)))
7018	(1+((1+2)*((3*(5*((81-3)*2)))-1)))
7019	(1-((1-23)*(5-(8-(1+321)))))
7020	(1-(1-(2*(3*(5*((81-3)*(2+1)))))))
7021	(1*(1+(2*(3*(5*((81-3)*(2+1)))))))
7022	(1+(1+(2*(3*(5*((81-3)*(2+1)))))))
7023	(1*((1+2)*((3*(5*((81-3)*2)))+1)))
7024	(1+((1+2)*((3*(5*((81-3)*2)))+1)))
7025	(1-(1-((2+3)*(5*(8+(13*21))))))
7026	(1*(1+((2+3)*(5*(8+(13*21))))))
7027	(1+(1+((2+3)*(5*(8+(13*21))))))
7028	((1+1)*(2*((3*(581+(3+2)))-1)))
7029	(1*((1+2)*(3*((5*((81-3)*2))+1))))
7030	(1+((1+2)*(3*((5*((81-3)*2))+1))))
7031	(1+((12+358)*(1-(3-21))))
7032	(1*(12*(3+(581+(3-(2-1))))))
7033	(1+(12*(3+(581+(3-(2-1))))))
7034	(1+((12*(((35*8)+13)*2))+1))
7035	(1-(1-((2358-13)*(2+1))))
7036	(1-(1-(2*(3581-(3*21)))))
7037	(1*(1+(2*(3581-(3*21)))))
7038	(1+(1+(2*(3581-(3*21)))))
7039	(1+(1+((235-8)*(1*(32-1)))))
7040	(1-(1+(2*((3-58)*(1+(3*21))))))
7041	(1*(1-(2*((3-58)*(1+(3*21))))))
7042	(1+(1-(2*((3-58)*(1+(3*21))))))
7043	(1+((123*(58-1))+(32-1)))
7044	(1*(12*(3+(581+(3*(2-1))))))
7045	(1-(12*(3-(581+(3*(2+1))))))
7046	(1+((12*(3+(581+3)))+(2-1)))
7047	(1*((1+(23+5))*(81*(3*(2-1)))))
7048	(1-((1-(2*(3*5)))*(81*(3*(2-1)))))
7049	(1-(1+((2+(3-58))*(132+1))))
7050	(1-(1-(235*((8*(1+3))-(2*1)))))
7051	(1*(1+(235*((8*(1+3))-(2*1)))))
7052	(1+(1+(235*((8*(1+3))-(2*1)))))
7053	(1-(1-((2358*(1*3))-21)))
7054	(1*(1+((2358*(1*3))-21)))
7055	(1+(1+((2358*(1*3))-21)))
7056	(1-(1-(2*(3*((58+(1-3))*21)))))
7057	(1*(1+(2*(3*((58+(1-3))*21)))))
7058	(1+(1+(2*(3*((58+(1-3))*21)))))
7059	(1*((123+58)*(13*(2+1))))
7060	(1-(1+(2-(((3*5)+(8-1))*321))))
7061	(1*(1-(2-(((3*5)+(8-1))*321))))
7062	(1-(1+(2*((3-(5+(8+1)))*321))))
7063	(1*(1-(2*((3-(5+(8+1)))*321))))
7064	(1+(1-(2*((3-(5+(8+1)))*321))))
7065	(1*(1+(2+(((3*5)+(8-1))*321))))
7066	(1-(1+(2+(3*((5-81)*(32-1))))))
7067	(1*(1-(2+(3*((5-81)*(32-1))))))
7068	(1+(1-(2+(3*((5-81)*(32-1))))))
7069	(1*(1+((235-(8-1))*(32-1))))
7070	(1-(1-(2-(3*((5-81)*(32-1))))))
7071	(1*(1+(2-(3*((5-81)*(32-1))))))
7072	(1+(1+(2-(3*((5-81)*(32-1))))))
7073	(1+(1+((2358-1)*(3*(2-1)))))
7074	(1-(1-(2*((35-8)*(132-1)))))
7075	(1*(1+(2*((35-8)*(132-1)))))
7076	(1+(1+(2*((35-8)*(132-1)))))
7077	(1-(1-((2358+1)*(3*(2-1)))))
7078	(1*(1+((2358+1)*(3*(2-1)))))
7079	(1+(1+((2358+1)*(3*(2-1)))))
7080	(1-(1-((2+3)*((58+1)*(3+21)))))
7081	(1*(1+((2+3)*((58+1)*(3+21)))))
7082	(1+(1+((2+3)*((58+1)*(3+21)))))
7083	(1-(1-((2358+(1*3))*(2+1))))
7084	(1-(1+(23*(5+(8-(1*321))))))
7085	(1*(1-(23*(5+(8-(1*321))))))
7086	(1+(1-(23*(5+(8-(1*321))))))
7087	(1*(1+((2358+(1+3))*(2+1))))
7088	(1+(1+((2358+(1+3))*(2+1))))
7089	(1*((1+(2358+(1+3)))*(2+1)))
7090	(1+((1+(2358+(1+3)))*(2+1)))
7091	(11+((2+3)*((58+1)*(3+21))))
7092	(1-(1+(2*(3-((5+8)*(13*21))))))
7093	(1*(1-(2*(3-((5+8)*(13*21))))))
7094	(1+(1-(2*(3-((5+8)*(13*21))))))
7095	(1-(1-((2358*(1*3))+21)))
7096	(1-(1-(2*(3581-(32+1)))))
7097	(1*(1+(2*(3581-(32+1)))))
7098	(1+(1+(2*(3581-(32+1)))))
7099	(1*(1+(2*(3581-(32*1)))))
7100	(1-(1-(2*(3581-(32-1)))))
7101	(1*(1+(2*(3581-(32-1)))))
7102	(1+(1+(2*(3581-(32-1)))))
7103	(1+((123*58)+(1-(32+1))))
7104	(1-(1-(2*(3+((5+8)*(13*21))))))
7105	(1*(1+(2*(3+((5+8)*(13*21))))))
7106	(1+(1+(2*(3+((5+8)*(13*21))))))
7107	(1-(1+(23*(5+(8-(1+321))))))
7108	(1*(1-(23*(5+(8-(1+321))))))
7109	(1+(1-(23*(5+(8-(1+321))))))
7110	(1+((123*58)-(1+(3+21))))
7111	(1*((123*58)+(1-(3+21))))
7112	(1+((123*58)+(1-(3+21))))
7113	(1-(1-((2358+13)*(2+1))))
7114	(1-(1-(2*(3581-(3+21)))))
7115	(1*(1+(2*(3581-(3+21)))))
7116	(1+(1+(2*(3581-(3+21)))))
7117	(1+(12*(3+(581+(3*(2+1))))))
7118	(1+((123*58)+(1+(3-21))))
7119	(1-(1-((235+(8*13))*21)))
7120	(1*(1+((235+(8*13))*21)))
7121	(1+(1+((235+(8*13))*21)))
7122	(1*((123*58)-(13-(2-1))))
7123	(1+((123*58)-(13-(2-1))))
7124	(1*((123*58)-(1+(3*(2+1)))))
7125	(1+((123*58)-(1+(3*(2+1)))))
7126	(1-(1-(2*(3581+(3-21)))))
7127	(1*(1+(2*(3581+(3-21)))))
7128	(1-(1-(2*((35-8)*(132*1)))))
7129	(1*(1+(2*((35-8)*(132*1)))))
7130	(1+(1+(2*((35-8)*(132*1)))))
7131	(1*(1+(2*(((35-8)*132)+1))))
7132	(1+(1+(2*(((35-8)*132)+1))))
7133	(1+(1+((2*3581)-(32-1))))
7134	(1*(123*(5+((8*(1+3))+21))))
7135	(1-(1-((2*(3581-3))-21)))
7136	(1-(1-((((23+5)*8)-1)*(32*1))))
7137	(1*(1+((((23+5)*8)-1)*(32*1))))
7138	(1-(1-(2*((35*((8*13)-2))-1))))
7139	(1*(1+(2*((35*((8*13)-2))-1))))
7140	(1-(1-(2*(35*((8*13)-(2*1))))))
7141	(1*(1+(2*(35*((8*13)-(2*1))))))
7142	(1+(1+(2*(35*((8*13)-(2*1))))))
7143	(1*(1+(2*((35*((8*13)-2))+1))))
7144	(1-(1-(2*(3581-(3*(2+1))))))
7145	(1*(1+(2*(3581-(3*(2+1))))))
7146	(1+(1+(2*(3581-(3*(2+1))))))
7147	(1-(1-((2*(3581+3))-21)))
7148	(1-(1-(2*(3581-((3*2)+1)))))
7149	(1*(1+(2*(3581-((3*2)+1)))))
7150	(1-(1-(2*(3581-(3+(2+1))))))
7151	(1*(1+(2*(3581-(3+(2+1))))))
7152	(1+(1+(2*(3581-(3+(2+1))))))
7153	(1*(1+(2*(3581-(3+(2*1))))))
7154	(1-(1-(2*(3581-(3+(2-1))))))
7155	(1*(1+(2*(3581-(3+(2-1))))))
7156	(1+(1+(2*(3581-(3+(2-1))))))
7157	(1*(1+(2*(3581-(3*(2-1))))))
7158	(1-(1-(2*(3581-(3-(2-1))))))
7159	(1*(1+(2*(3581-(3-(2-1))))))
7160	(1-(1-(2*(358*(1+(3*(2+1)))))))
7161	(1*(1+(2*(358*(1+(3*(2+1)))))))
7162	(1+(1+(2*(358*(1+(3*(2+1)))))))
7163	(1*(1+(2*(3581+(3-(2+1))))))
7164	(1-(1-(2*(3*((5*(81*3))-21)))))
7165	(1*(1+(2*(3*((5*(81*3))-21)))))
7166	(1+(1+(2*(3*((5*(81*3))-21)))))
7167	(1*(1+(2*(3581+(3-(2-1))))))
7168	(1+(1+(2*(3581+(3-(2-1))))))
7169	(1*(1+(2*(3581+(3*(2-1))))))
7170	(1-(1-(2*(3581+(3+(2-1))))))
7171	(1*(1+(2*(3581+(3+(2-1))))))
7172	(1+(1+(2*(3581+(3+(2-1))))))
7173	(1*(1+(2*(3581+(3+(2*1))))))
7174	(1-(1-(2*(3581+(3+(2+1))))))
7175	(1*(1+(2*(3581+(3+(2+1))))))
7176	(1-(1+(2*(3-((58-1)*(3*21))))))
7177	(1*(1-(2*(3-((58-1)*(3*21))))))
7178	(1+(1-(2*(3-((58-1)*(3*21))))))
7179	(1+(1+((2*(3581-3))+21)))
7180	(1-(1-(2*(3581+(3*(2+1))))))
7181	(1*(1+(2*(3581+(3*(2+1))))))
7182	(1-(1-(2*((35-8)*(132+1)))))
7183	(1*(1+(2*((35-8)*(132+1)))))
7184	(1+(1+(2*((35-8)*(132+1)))))
7185	(11+(2*(3581+(3+(2+1)))))
7186	(1-(1+(2*(3+(58*(1-(3*21)))))))
7187	(1*(1-(2*(3+(58*(1-(3*21)))))))
7188	(1+(1-(2*(3+(58*(1-(3*21)))))))
7189	(1*(1+(2*(3+((58-1)*(3*21))))))
7190	(1+(1+(2*(3+((58-1)*(3*21))))))
7191	(1+(1+((2*(3581+3))+21)))
7192	(1-(1-(2*((35+81)*(32-1)))))
7193	(1*(1+(2*((35+81)*(32-1)))))
7194	(1+(1+(2*((35+81)*(32-1)))))
7195	(1-(1-((2+3)*((5*((8+1)*32))-1))))
7196	(1*(1+((2+3)*((5*((8+1)*32))-1))))
7197	(1+(1+((2+3)*((5*((8+1)*32))-1))))
7198	(1-(1-(2*(3-(58*(1-(3*21)))))))
7199	(1*(1+(2*(3-(58*(1-(3*21)))))))
7200	(1-(1+(2*(3*(5*(8*(1-(32-1))))))))
7201	(1*(1-(2*(3*(5*(8*(1-(32-1))))))))
7202	(1+(1-(2*(3*(5*(8*(1-(32-1))))))))
7203	(1-(1+(2+((3-58)*(132-1)))))
7204	(1*(1-(2+((3-58)*(132-1)))))
7205	(1+(1-(2+((3-58)*(132-1)))))
7206	(1*(1+((2+3)*((5*((8+1)*32))+1))))
7207	(1-(1-(2-((3-58)*(132-1)))))
7208	(1*(1+(2-((3-58)*(132-1)))))
7209	(1+(1+(2-((3-58)*(132-1)))))
7210	(1-(1-(2*(35*((8*13)-(2-1))))))
7211	(1*(1+(2*(35*((8*13)-(2-1))))))
7212	(1+(1+(2*(35*((8*13)-(2-1))))))
7213	(1+(12*((35*8)+(1*321))))
7214	(11-(2+((3-58)*(132-1))))
7215	(1-(((12+3)*(5-(81*(3*2))))+1))
7216	(1-((12+3)*(5-(81*(3+(2+1))))))
7217	(1*(12-((3-58)*(132-1))))
7218	(1+(12-((3-58)*(132-1))))
7219	(1+((123*58)+((1+3)*21)))
7220	(1-(((12-(3*(5*81)))*(3*2))-1))
7221	(1*((1-(2*(3*5)))*((8*(1-32))-1)))
7222	(1+((1-(2*(3*5)))*((8*(1-32))-1)))
7223	(1+((12-35)*(8-(1+321))))
7224	(1-(1-(2*(3*((5*((81*3)-2))-1)))))
7225	(1*(1+(2*(3*((5*((81*3)-2))-1)))))
7226	(1+(1+(2*(3*((5*((81*3)-2))-1)))))
7227	(1*(1+(2*(3581+(32*1)))))
7228	(1-(1-(2*(3581+(32+1)))))
7229	(1*(1+(2*(3581+(32+1)))))
7230	(1-(1-(2*(3*(5*((81*3)-(2*1)))))))
7231	(1*(1+(2*(3*(5*((81*3)-(2*1)))))))
7232	(1+(1+(2*(3*(5*((81*3)-(2*1)))))))
7233	(1*(1+(2*((3*(5*((81*3)-2)))+1))))
7234	(1-(1+(2-((3-(5*81))*(3-21)))))
7235	(1*(1-(2-((3-(5*81))*(3-21)))))
7236	(1-(1-(2*(3*(((5*81)-3)*(2+1))))))
7237	(1*(1+(2*(3*(((5*81)-3)*(2+1))))))
7238	(1+(1+(2*(3*(((5*81)-3)*(2+1))))))
7239	(1*(1+(2+((3-(5*81))*(3-21)))))
7240	(1+(1+(2+((3-(5*81))*(3-21)))))
7241	(1*(((1+(2*35))*((8*13)-2))-1))
7242	(1*((1+(2*35))*((8*13)-(2*1))))
7243	(1-(1+(2-(35*((8*(13*2))-1)))))
7244	(1*(1-(2-(35*((8*(13*2))-1)))))
7245	(1+(1-(2-(35*((8*(13*2))-1)))))
7246	(1*(1+(23*(5*(81+(3-21))))))
7247	(1-(1-(2+(35*((8*(13*2))-1)))))
7248	(1*(1+(2+(35*((8*(13*2))-1)))))
7249	(1+(1+(2+(35*((8*(13*2))-1)))))
7250	(1+(1+(2*((3*(5*(81*3)))-21))))
7251	(1*(1+((2+3)*(58*(1+(3+21))))))
7252	(1+(1+((2+3)*(58*(1+(3+21))))))
7253	(1+((1+(23*(5*(8+1))))*((3*2)+1)))
7254	(1-(1-(2*(3*(((5*8)-1)*(32-1))))))
7255	(1*(1+(2*(3*(((5*8)-1)*(32-1))))))
7256	(1+(1+(2*(3*(((5*8)-1)*(32-1))))))
7257	(1-(1+(2+(((3-58)*132)+1))))
7258	(1-(1+(2+((3-58)*(132*1)))))
7259	(1*(1-(2+((3-58)*(132*1)))))
7260	(1-(1-(2*(3*(5*((81*3)-(2-1)))))))
7261	(1*(1+(2*(3*(5*((81*3)-(2-1)))))))
7262	(1+(1+(2*(3*(5*((81*3)-(2-1)))))))
7263	(1*(1+(2-((3-58)*(132*1)))))
7264	(1+(1+(2-((3-58)*(132*1)))))
7265	(1+(1+(2-(((3-58)*132)-1))))
7266	(1*(1-((2+3)*(5+(81*(3-21))))))
7267	(1-(1+(23+(5*(81*(3-21))))))
7268	(1*(1-(23+(5*(81*(3-21))))))
7269	(1+(1-(23+(5*(81*(3-21))))))
7270	(1-(1+(2+(3*((5-813)*(2+1))))))
7271	(1*(1-(2+(3*((5-813)*(2+1))))))
7272	(1+(1-(2+(3*((5-813)*(2+1))))))
7273	(1-(1+(2-(3*(5*((81*(3*2))-1))))))
7274	(1*(1-(2-(3*(5*((81*(3*2))-1))))))
7275	(1+(1-(2-(3*(5*((81*(3*2))-1))))))
7276	(1+(1+(2-(3*((5-813)*(2+1))))))
7277	(1-(1-(2+(3*(5*((81*(3*2))-1))))))
7278	(1*(1+(2+(3*(5*((81*(3*2))-1))))))
7279	(1+(1+(2+(3*(5*((81*(3*2))-1))))))
7280	(1+(1+(2*(3*((5*(81*3))-(2*1))))))
7281	(1*(1+(2*(35*(8*(13*(2-1)))))))
7282	(1+(1+(2*(35*(8*(13*(2-1)))))))
7283	(1*(1+(2+(35*(8*(13*(2*1)))))))
7284	(1-(1+(2*(3-(5*(81*(3*(2+1))))))))
7285	(1-(1+(2+(3+(5*(81*(3-21)))))))
7286	(1*(1-(2+(3+(5*(81*(3-21)))))))
7287	(1+(1-(2+(3+(5*(81*(3-21)))))))
7288	(1-(1+(2-(3*(5*(81*(3+(2+1))))))))
7289	(1-(1-(2-(3+(5*(81*(3-21)))))))
7290	(1*(1+(2-(3+(5*(81*(3-21)))))))
7291	(1+(1+(2-(3+(5*(81*(3-21)))))))
7292	(1*(1-(2-(3-(5*(81*(3-21)))))))
7293	(1+(1-(2-(3-(5*(81*(3-21)))))))
7294	(1+(1+(2+(3*(5*(81*(3+(2+1))))))))
7295	(1-(1-(2+(3-(5*(81*(3-21)))))))
7296	(1*(1+(2+(3-(5*(81*(3-21)))))))
7297	(1+(1+(2+(3-(5*(81*(3-21)))))))
7298	(1+(1+(2*(3+(5*(81*(3*(2+1))))))))
7299	(1*(1+(2-(3*((5-81)*(32*1))))))
7300	(1-(1+(2+(3*(5-(813*(2+1)))))))
7301	(1*(1-(2+(3*(5-(813*(2+1)))))))
7302	(1+(1-(2+(3*(5-(813*(2+1)))))))
7303	(1-(1+(2-(3*(5*((81*(3*2))+1))))))
7304	(1-(1-(2-(3*(5-(813*(2+1)))))))
7305	(1*(1+(2-(3*(5-(813*(2+1)))))))
7306	(1+(1+(2-(3*(5-(813*(2+1)))))))
7307	(1-(1-(2+(3*(5*((81*(3*2))+1))))))
7308	(1*(1+(2+(3*(5*((81*(3*2))+1))))))
7309	(1+(1+(2+(3*(5*((81*(3*2))+1))))))
7310	(1-(1-(2-(3*(58*((1-3)*21))))))
7311	(1*(1+(2-(3*(58*((1-3)*21))))))
7312	(1+(1+(2-(3*(58*((1-3)*21))))))
7313	(1-(1+(2-(35*((8*(13*2))+1)))))
7314	(1-(1-(2*(3+(58*(1*(3*21)))))))
7315	(1*(1+(2*(3+(58*(1*(3*21)))))))
7316	(1+(1+(2*(3+(58*(1*(3*21)))))))
7317	(1-(1-(2+(35*((8*(13*2))+1)))))
7318	(1*(1+(2+(35*((8*(13*2))+1)))))
7319	(1+(1+(2+(35*((8*(13*2))+1)))))
7320	(1-(1-(2*(3*(5*((81*3)+(2-1)))))))
7321	(1*(1+(2*(3*(5*((81*3)+(2-1)))))))
7322	(1+(1+(2*(3*(5*((81*3)+(2-1)))))))
7323	(1*(1+(2*((35*(8*13))+21))))
7324	(1+(1+(2*((35*(8*13))+21))))
7325	(11+(2*(3+(58*(1*(3*21))))))
7326	(1-(1+((2-35)*((81*3)-21))))
7327	(1*(1-((2-35)*((81*3)-21))))
7328	(1+(1-((2-35)*((81*3)-21))))
7329	(1-(1+((2-(3*(((5*8)-1)*3)))*21)))
7330	(1-(1+(2-(3*(5+(813*(2+1)))))))
7331	(1*(1-(2-(3*(5+(813*(2+1)))))))
7332	(1+(1-(2-(3*(5+(813*(2+1)))))))
7333	(1*(1+(2*((3*(5*(81*3)))+21))))
7334	(1-(1-(2+(3*(5+(813*(2+1)))))))
7335	(1*(1+(2+(3*(5+(813*(2+1)))))))
7336	(1+(1+(2+(3*(5+(813*(2+1)))))))
7337	(1-(1-(23*(5-(8-(1+321))))))
7338	(1*(1+(23*(5-(8-(1+321))))))
7339	(1+(1+(23*(5-(8-(1+321))))))
7340	(11-((2-(3*(((5*8)-1)*3)))*21))
7341	(1*((1+2)*(3+(5+(813*(2+1))))))
7342	(1-(1+(2+((3+(5*81))*(3-21)))))
7343	(1*(1-(2+((3+(5*81))*(3-21)))))
7344	(1-(1-(2*(3*(((5*81)+3)*(2+1))))))
7345	(1*(1+(2*(3*(((5*81)+3)*(2+1))))))
7346	(1+(1+(2*(3*(((5*81)+3)*(2+1))))))
7347	(1*(1+(2-((3+(5*81))*(3-21)))))
7348	(1-(1+(2-(35*((8-(1-3))*21)))))
7349	(1*(1-(2-(35*((8-(1-3))*21)))))
7350	(1-(1-(2*(3*(5*((81*3)+(2*1)))))))
7351	(1*(1+(2*(3*(5*((81*3)+(2*1)))))))
7352	(1+(1+(2*(3*(5*((81*3)+(2*1)))))))
7353	(1*(1+(2+(35*((8-(1-3))*21)))))
7354	(1+(1+(2+(35*((8-(1-3))*21)))))
7355	(1*(((1+2)*((3*(5+813))-2))-1))
7356	(1-(1-(2*(3*((5*((81*3)+2))+1)))))
7357	(1*(1+(2*(3*((5*((81*3)+2))+1)))))
7358	(1+(1+(2*(3*((5*((81*3)+2))+1)))))
7359	(1*(1-(2+(((3*5)+8)*(1-321)))))
7360	(1-(1+(2-(3*((5+813)*(2+1))))))
7361	(1*(1-(2-(3*((5+813)*(2+1))))))
7362	(1+(1-(2-(3*((5+813)*(2+1))))))
7363	(1*(1+(2-(((3*5)+8)*(1-321)))))
7364	(1-(1-(2+(3*((5+813)*(2+1))))))
7365	(1*(1+(2+(3*((5+813)*(2+1))))))
7366	(1+(1+(2+(3*((5+813)*(2+1))))))
7367	(1*(((1+2)*((3*(5+813))+2))-1))
7368	(1-(1-((2+(3*(5+813)))*(2+1))))
7369	(1-(1+(2-(3*(((5*8)-1)*(3*21))))))
7370	(1*(1-(2-(3*(((5*8)-1)*(3*21))))))
7371	(1+(1-(2-(3*(((5*8)-1)*(3*21))))))
7372	(1*(1-((2-(3*5))*(81*((3*2)+1)))))
7373	(1-(1-(2+(3*(((5*8)-1)*(3*21))))))
7374	(1*(1+(2+(3*(((5*8)-1)*(3*21))))))
7375	(1+(1+(2+(3*(((5*8)-1)*(3*21))))))
7376	(1-((1-((2+35)*8))*(1+(3+21))))
7377	(1*((1+2)*((3*(5+(813+2)))-1)))
7378	(1-(1-(2*(((3*(5*8))-1)*(32-1)))))
7379	(1*(1+(2*(((3*(5*8))-1)*(32-1)))))
7380	(1-(1-(2*(3*(5*((81*3)+(2+1)))))))
7381	(1*(1+(2*(3*(5*((81*3)+(2+1)))))))
7382	(1+(1+(2*(3*(5*((81*3)+(2+1)))))))
7383	(1+(1-(2-(((3*5)+8)*(1*321)))))
7384	(1*(1+(23*((5*(8*((1+3)*2)))+1))))
7385	(1-(1-(2+(((3*5)+8)*(1*321)))))
7386	(1*(1+(2+(((3*5)+8)*(1*321)))))
7387	(1+(1+(2+(((3*5)+8)*(1*321)))))
7388	(1+(((1+(2*35))*(8*13))+(2+1)))
7389	(1*((1+2)*(3*(5+(813+(2+1))))))
7390	(1+((1+2)*(3*(5+(813+(2+1))))))
7391	(1-(1+(((2-35)*((8-1)*32))+1)))
7392	(1-(1-(2*(((3*58)-(1-3))*21))))
7393	(1*(1+(2*(((3*58)-(1-3))*21))))
7394	(1+(1+(2*(((3*58)-(1-3))*21))))
7395	(1+(1-(((2-35)*((8-1)*32))-1)))
7396	(1+(12+(((3*5)+8)*(1*321))))
7397	((1+12)*(3+((5*(81+32))+1)))
7398	(1-(1+(((2*3)+(5*81))*(3-21))))
7399	(1*(1-(((2*3)+(5*81))*(3-21))))
7400	(1-(1-((2+35)*(8*(1+(3+21))))))
7401	(1*(1+((2+35)*(8*(1+(3+21))))))
7402	(1+(1+((2+35)*(8*(1+(3+21))))))
7403	(11*(2+((3+58)*(13-(2*1)))))
7404	(1-(1+(2-(((3*5)+8)*(1+321)))))
7405	(1*(1-(2-(((3*5)+8)*(1+321)))))
7406	(1+(1-(2-(((3*5)+8)*(1+321)))))
7407	(1-((1-2)*(((3*5)+8)*(1+321))))
7408	(1-(1-(2+(((3*5)+8)*(1+321)))))
7409	(1*(1+(2+(((3*5)+8)*(1+321)))))
7410	(1-(1+(2*(3*(5*((8*(1-32))+1))))))
7411	(1*(1-(2*(3*(5*((8*(1-32))+1))))))
7412	(1+(1-(2*(3*(5*((8*(1-32))+1))))))
7413	(1-(1-((2+(3*(((5*8)-1)*3)))*21)))
7414	(1*(1+((2+(3*(((5*8)-1)*3)))*21)))
7415	(1+(1+((2+(3*(((5*8)-1)*3)))*21)))
7416	(1-(1-(2*(3*((5*(81*3))+21)))))
7417	(1*(1+(2*(3*((5*(81*3))+21)))))
7418	(1-(1+(2*(3-(58*(1+(3*21)))))))
7419	(1*(1-(2*(3-(58*(1+(3*21)))))))
7420	(1+(1-(2*(3-(58*(1+(3*21)))))))
7421	(1*(1+(2*(35*((8*13)+(2*1))))))
7422	(1+(1+(2*(35*((8*13)+(2*1))))))
7423	(1*(1+(2*((35*((8*13)+2))+1))))
7424	(1-(1-(2*((35+81)*(32*1)))))
7425	(1*(1+(2*((35+81)*(32*1)))))
7426	(1+(1+(2*((35+81)*(32*1)))))
7427	(1*(1+(2*(((35+81)*32)+1))))
7428	(1-(1+(2*(3-((58+1)*(3*21))))))
7429	(1*(1-(2*(3-((58+1)*(3*21))))))
7430	(1-(1-(2*(3+(58*(1+(3*21)))))))
7431	(1*(1+(2*(3+(58*(1+(3*21)))))))
7432	(1+(1+(2*(3+(58*(1+(3*21)))))))
7433	(1*(1-(2-((358-(1+3))*21))))
7434	(1-(1+(2*(3*((5*(8*(1-32)))+1)))))
7435	(1*(1-(2*(3*((5*(8*(1-32)))+1)))))
7436	(1+(1-(2*(3*((5*(8*(1-32)))+1)))))
7437	(1*(1+(2+((358-(1+3))*21))))
7438	(1-(1+(2+(3*(5*(8*(1-(3*21))))))))
7439	(1*(1-(2+(3*(5*(8*(1-(3*21))))))))
7440	(1+(1-(2+(3*(5*(8*(1-(3*21))))))))
7441	(1*(1+(2*(3*(5*(8*(1*(32-1))))))))
7442	(1-(1-(2-(3*(5*(8*(1-(3*21))))))))
7443	(1*(1+(2-(3*(5*(8*(1-(3*21))))))))
7444	(1+(1+(2-(3*(5*(8*(1-(3*21))))))))
7445	(11-(2*(3*((5*(8*(1-32)))+1))))
7446	(1-(1+(2*(3*((5*(8*(1-32)))-1)))))
7447	(1*(1-(2*(3*((5*(8*(1-32)))-1)))))
7448	(1+(1-(2*(3*((5*(8*(1-32)))-1)))))
7449	(1*((1+2)*(3-(5*(8*(1-(3*21)))))))
7450	(1+((1+2)*(3-(5*(8*(1-(3*21)))))))
7451	(1-((1-(23*(5+8)))*(1+(3+21))))
7452	(1-(1+(23*(5-(8+(1*321))))))
7453	(1-(1+(2-((358-(1*3))*21))))
7454	(1*(1-(2-((358-(1*3))*21))))
7455	(1+(1-(2-((358-(1*3))*21))))
7456	(1*(1+((2+3)*((58+13)*21))))
7457	(1-(1-(2+((358-(1*3))*21))))
7458	(1*(1+(2+((358-(1*3))*21))))
7459	(1+(1+(2+((358-(1*3))*21))))
7460	(1+(1-((2+(3*(5-81)))*(32+1))))
7461	((11-2)*((3*5)+(813+(2-1))))
7462	(1-((1+2)*(3*(5-(813+21)))))
7463	(1+((1+((2+3)*5))*(((8+1)*32)-1)))
7464	(1*(12*(3-((5*(8-132))+1))))
7465	(1-(12*(3+(5*(8-(132+1))))))
7466	(1+((12*(((3+5)*(81-3))-2))+1))
7467	(1-(1-((2-(3-58))*(132-1))))
7468	(1*(1+((2-(3-58))*(132-1))))
7469	(1+(1+((2-(3-58))*(132-1))))
7470	(1-(1+(2*(3*(5*((8*(1-32))-1))))))
7471	(1*(1-(2*(3*(5*((8*(1-32))-1))))))
7472	(1+(1-(2*(3*(5*((8*(1-32))-1))))))
7473	(1+(1+(((2*(3*(5*8)))+1)*(32-1))))
7474	(1-(1+(2-((358+(1-3))*21))))
7475	(1*(1-(2-((358+(1-3))*21))))
7476	(1+(1-(2-((358+(1-3))*21))))
7477	(1*(1+(2*(((3*58)+(1+3))*21))))
7478	(1-(1-(2+((358+(1-3))*21))))
7479	(1*(1+(2+((358+(1-3))*21))))
7480	(1+(1+(2+((358+(1-3))*21))))
7481	(11-(2*(3*(5*((8*(1-32))-1)))))
7482	(1-(1-(2*(3*((((5*8)-1)*32)-1)))))
7483	(1*(1+(2*(3*((((5*8)-1)*32)-1)))))
7484	(1+(1+(2*(3*((((5*8)-1)*32)-1)))))
7485	(1+(1+((2*3581)+321)))
7486	(1-(1-(2*((3*(((5*8)-1)*32))-1))))
7487	(1*(1+(2*((3*(((5*8)-1)*32))-1))))
7488	(1-(1-(2*(3*(((5*8)-1)*(32*1))))))
7489	(1*(1+(2*(3*(((5*8)-1)*(32*1))))))
7490	(1+(1+(2*(3*(((5*8)-1)*(32*1))))))
7491	(1*(1+(2*(35*((8*13)+(2+1))))))
7492	(1+(1+(2*(35*((8*13)+(2+1))))))
7493	(1+(1+((235-8)*(1*(32+1)))))
7494	(1-(1-(2*(3*((((5*8)-1)*32)+1)))))
7495	(1*(1+(2*(3*((((5*8)-1)*32)+1)))))
7496	(1+(1+(2*(3*((((5*8)-1)*32)+1)))))
7497	(1+(1-(2-(((3*(5*8))-1)*(3*21)))))
7498	(1*(1+((2+(3*5))*((8-1)*(3*21)))))
7499	(1-(1-(2+(((3*(5*8))-1)*(3*21)))))
7500	(1*(1+(2+(((3*(5*8))-1)*(3*21)))))
7501	(1+(1+(2+(((3*(5*8))-1)*(3*21)))))
7502	(1-(1-(2*(((3*(5*8))+1)*(32-1)))))
7503	(1*(1+(2*(((3*(5*8))+1)*(32-1)))))
7504	(1+(1+(2*(((3*(5*8))+1)*(32-1)))))
7505	(1+((123*(58+(1*3)))+(2-1)))
7506	(1-(1+((2-(35*8))*((13*2)+1))))
7507	(1*(1-((2-(35*8))*((13*2)+1))))
7508	(1+(1-((2-(35*8))*((13*2)+1))))
7509	(1*(12+(((3*(5*8))-1)*(3*21))))
7510	(1+(12+(((3*(5*8))-1)*(3*21))))
7511	(1*((((1+2)*358)-1)*((3*2)+1)))
7512	(1-(1+((2-(35*(8+1)))*(3+21))))
7513	(1*(1-((2-(35*(8+1)))*(3+21))))
7514	(1+(1-((2-(35*(8+1)))*(3+21))))
7515	(1*((1+2)*(3*(5*(((81+3)*2)-1)))))
7516	(1-(1+(2+(3*(5-(81*(32-1)))))))
7517	(1*(1-(2+(3*(5-(81*(32-1)))))))
7518	(1+(1-(2+(3*(5-(81*(32-1)))))))
7519	(1*(1-((2-(3*(5*(8*(1*3)))))*21)))
7520	(1-(1-(2-(3*(5-(81*(32-1)))))))
7521	(1*(1+(2-(3*(5-(81*(32-1)))))))
7522	(1+(1+(2-(3*(5-(81*(32-1)))))))
7523	(1*(1-(2+(3*((5-81)*(32+1))))))
7524	(1+(1-(2+(3*((5-81)*(32+1))))))
7525	(1*(1+((2-(3-58))*(132*1))))
7526	(1-(1-(2-(3*((5-81)*(32+1))))))
7527	(1*(1+(2-(3*((5-81)*(32+1))))))
7528	(1+(1+(2-(3*((5-81)*(32+1))))))
7529	(1+((1+((235*8)+1))*(3+(2-1))))
7530	(1*(12-(3*(5-(81*(32-1))))))
7531	(1+(12-(3*(5-(81*(32-1))))))
7532	(1-(1+(((235+8)*(1-32))+1)))
7533	(1-(1-((235+8)*(1*(32-1)))))
7534	(1*(1+((235+8)*(1*(32-1)))))
7535	(1-(1-((2+3)*((58*(13*2))-1))))
7536	(1*(1+((2+3)*((58*(13*2))-1))))
7537	(1+(1+((2+3)*((58*(13*2))-1))))
7538	(1-(((1-(235*8))*(1+3))-21))
7539	(1-(1+((2-(358+(1*3)))*21)))
7540	(1-(1-((2+3)*(58*(13*(2*1))))))
7541	(1*(1+((2+3)*(58*(13*(2*1))))))
7542	(1+(1+((2+3)*(58*(13*(2*1))))))
7543	(1+(1+((235*(8*(1+3)))+21)))
7544	(1+(((1+((2+3)*(58*13)))*2)+1))
7545	(1-(1-((2+3)*((58*(13*2))+1))))
7546	(1-(1+(2-(3*(5+(81*(32-1)))))))
7547	(1*(1-(2-(3*(5+(81*(32-1)))))))
7548	(1+(1-(2-(3*(5+(81*(32-1)))))))
7549	(1-(12-(3*(5*(8*(1*(3*21)))))))
7550	(1-(1-(2+(3*(5+(81*(32-1)))))))
7551	(1*(1+(2+(3*(5+(81*(32-1)))))))
7552	(1+(1+(2+(3*(5+(81*(32-1)))))))
7553	(1*(1-((2-(3*(5*8)))*(1+(3*21)))))
7554	(1+(1-((2-(3*(5*8)))*(1+(3*21)))))
7555	(1*(((1+235)*(8*(1+3)))+(2+1)))
7556	(1*((((1+235)*8)+1)*(3+(2-1))))
7557	(1*((1+2)*(3+(5+(81*(32-1))))))
7558	(1-(1+(2-(3*(5*(8*(1*(3*21))))))))
7559	(1*(1-(2-(3*(5*(8*(1*(3*21))))))))
7560	(1+(1-(2-(3*(5*(8*(1*(3*21))))))))
7561	(1*(1+(2*(3*(5*((8+(1+3))*21))))))
7562	(1-(1-(2+(3*(5*(8*(1*(3*21))))))))
7563	(1*(1+(2+(3*(5*(8*(1*(3*21))))))))
7564	(1+(1+(2+(3*(5*(8*(1*(3*21))))))))
7565	(1*(1-(2*((3+58)*(1-(3*21))))))
7566	(1+(1-(2*((3+58)*(1-(3*21))))))
7567	(1-(1-(23*(5+(81*(3+(2-1)))))))
7568	(1*(1+(23*(5+(81*(3+(2-1)))))))
7569	(1+(1+(23*(5+(81*(3+(2-1)))))))
7570	(1-(12-((358+(1*3))*21)))
7571	(11+(2*(3*(5*((8+(1+3))*21)))))
7572	(1*(12+(3*(5*(8*(1*(3*21)))))))
7573	(1+(12+(3*(5*(8*(1*(3*21)))))))
7574	(1+(((1+235)*(8*(1+3)))+21))
7575	(1-(1+(23-(58*(132-1)))))
7576	(1*(1-(23-(58*(132-1)))))
7577	(1+(1-(23-(58*(132-1)))))
7578	(1-(1+(2*(3*(58-1321)))))
7579	(1*(1-(2*(3*(58-1321)))))
7580	(1+(1-(2*(3*(58-1321)))))
7581	(1+(1-(2-((358+(1*3))*21))))
7582	(1*(1+((2-(3-58))*(132+1))))
7583	(1-(1-(2+((358+(1*3))*21))))
7584	(1*(1+(2+((358+(1*3))*21))))
7585	(1+(1+(2+((358+(1*3))*21))))
7586	(1+(1+((235+81)*(3+21))))
7587	(1*((1+2)*(((35*8)+1)*(3*(2+1)))))
7588	(1+((1+2)*(((35*8)+1)*(3*(2+1)))))
7589	(11-(2*(3*(58-1321))))
7590	(1-(1-((2-(3*(5-81)))*(32+1))))
7591	(1*(1+((2-(3*(5-81)))*(32+1))))
7592	(1-(1+((2*3)-(58*(132-1)))))
7593	(1-(1+(2+(3-(58*(132-1))))))
7594	(1*(1-(2+(3-(58*(132-1))))))
7595	(1+(1-(2+(3-(58*(132-1))))))
7596	(1*(12*(3-(5*((8-1)*(3-21))))))
7597	(1-(1-(2-(3-(58*(132-1))))))
7598	(1*(1+(2-(3-(58*(132-1))))))
7599	(1-(1+(2-(3+(58*(132-1))))))
7600	(1*(1-(2-(3+(58*(132-1))))))
7601	(1+(1-(2-(3+(58*(132-1))))))
7602	(1+(1-(2-((358+(1+3))*21))))
7603	(1-(1-(2+(3+(58*(132-1))))))
7604	(1*(1+(2+(3+(58*(132-1))))))
7605	(1+(1+(2+(3+(58*(132-1))))))
7606	(1+(1+(2+((358+(1+3))*21))))
7607	(1*(12-(3-(58*(132-1)))))
7608	(1-(1-((2+(35*(8+1)))*(3+21))))
7609	(1*(1+((2+(35*(8+1)))*(3+21))))
7610	(1+(1+((2+(35*(8+1)))*(3+21))))
7611	(11-(2-((358+(1+3))*21)))
7612	(1-(12-(((3*(5*8))+1)*(3*21))))
7613	(1-(1+(23*(5+(8*((1-3)*21))))))
7614	(1-(1-(2*((((3*(5*8))-1)*32)-1))))
7615	(1*(1+(2*((((3*(5*8))-1)*32)-1))))
7616	(1-(1-(2*(((3*(5*8))-1)*(32*1)))))
7617	(1*(1+(2*(((3*(5*8))-1)*(32*1)))))
7618	(1+(1+(2*(((3*(5*8))-1)*(32*1)))))
7619	(1*(1+(2*((((3*(5*8))-1)*32)+1))))
7620	(1+(1+(2*((((3*(5*8))-1)*32)+1))))
7621	(1-(1+(2-(((3*(5*8))+1)*(3*21)))))
7622	(1*(1-(2-(((3*(5*8))+1)*(3*21)))))
7623	(1+(1-(2-(((3*(5*8))+1)*(3*21)))))
7624	(1*(1-((2-35)*((8-1)*(32+1)))))
7625	(1-(1-(2+(((3*(5*8))+1)*(3*21)))))
7626	(1-(1-(2*(3*(((5*8)+1)*(32-1))))))
7627	(1*(1+(2*(3*(((5*8)+1)*(32-1))))))
7628	(1+(1+(2*(3*(((5*8)+1)*(32-1))))))
7629	(1*((123*(58+(1+3)))+(2+1)))
7630	(1+((123*(58+(1+3)))+(2+1)))
7631	(1*((12*(((35*(8+1))+3)*2))-1))
7632	(1-(1+(23-((58*132)-1))))
7633	(1-(1+(23-(58*(132*1)))))
7634	(1*(1-(23-(58*(132*1)))))
7635	(1+(1-(23-(58*(132*1)))))
7636	(1+(1-(23-((58*132)+1))))
7637	(11+(2*(3*(((5*8)+1)*(32-1)))))
7638	(1*((1+2)*(35+(81*(32-1)))))
7639	(1+((1+2)*(35+(81*(32-1)))))
7640	((1123+(5*81))*(3+(2*1)))
7641	(1-(12+(3-((58*132)-1))))
7642	(1-(12+(3-(58*(132*1)))))
7643	(1-(12+(3-((58*132)+1))))
7644	(1-(1-((2+(358+(1+3)))*21)))
7645	(1*(1+((2+(358+(1+3)))*21)))
7646	(1+(1+((2+(358+(1+3)))*21)))
7647	(1-(1-((((2*(3*(5*8)))-1)*32)-1)))
7648	(1-(1-(((2*(3*(5*8)))-1)*(32*1))))
7649	(1-(1+((2*3)-((58*132)-1))))
7650	(1-(1-(2*(3*(5*((8*(1*32))-1))))))
7651	(1*(1+(2*(3*(5*((8*(1*32))-1))))))
7652	(1+(1+(2*(3*(5*((8*(1*32))-1))))))
7653	(1+(1-(2+(3-(58*(132*1))))))
7654	(1+(1-(2+(3-((58*132)+1)))))
7655	(1-(1-(2-(3-(58*(132*1))))))
7656	(1*(1+(2-(3-(58*(132*1))))))
7657	(1-(1+(2-(3+(58*(132*1))))))
7658	(1*(1-(2-(3+(58*(132*1))))))
7659	(1+(1-(2-(3+(58*(132*1))))))
7660	(1+(1-(2-(3+((58*132)+1)))))
7661	(1-(1-(2+(3+(58*(132*1))))))
7662	(1*(1+(2+(3+(58*(132*1))))))
7663	(1-(1+(2+(3*(5+(8*(1-321)))))))
7664	(1*(1-(2+(3*(5+(8*(1-321)))))))
7665	(1+(1-(2+(3*(5+(8*(1-321)))))))
7666	(1*(1-((2+3)*((5-(81-3))*21))))
7667	(1-(1-(2-(3*(5+(8*(1-321)))))))
7668	(1*(1+(2-(3*(5+(8*(1-321)))))))
7669	(1+(1+(2-(3*(5+(8*(1-321)))))))
7670	(1*(12+(3+((58*132)-1))))
7671	(1*(12+(3+(58*(132*1)))))
7672	(1+(12+(3+(58*(132*1)))))
7673	(1+(12+(3+((58*132)+1))))
7674	(1-(1-(2*(3*((5*(8*(1*32)))-1)))))
7675	(1*(1+(2*(3*((5*(8*(1*32)))-1)))))
7676	(1+(1+(2*(3*((5*(8*(1*32)))-1)))))
7677	(1*(12-(3*(5+(8*(1-321))))))
7678	(1-(1+(2-(3*(5*(8*(1+(3*21))))))))
7679	(1*(1-(2-(3*(5*(8*(1+(3*21))))))))
7680	(1+(1-(2-(3*(5*(8*(1+(3*21))))))))
7681	(1*(1-(2*(3*(5*(8*(1-(32+1))))))))
7682	(1-(1-(2+(3*(5*(8*(1+(3*21))))))))
7683	(1*(1+(2+(3*(5*(8*(1+(3*21))))))))
7684	(1+(1+(2+(3*(5*(8*(1+(3*21))))))))
7685	(1*((1-(2*(3*5)))*(8-(13*21))))
7686	(1-(1+(2*(3*((5*8)-1321)))))
7687	(1-(1+(2+(3*(5-(8*(1*321)))))))
7688	(1*(1-(2+(3*(5-(8*(1*321)))))))
7689	(1+(1-(2+(3*(5-(8*(1*321)))))))
7690	(1+((1+2)*(3+(5*(8*(1+(3*21)))))))
7691	(1-(1-(2-(3*(5-(8*(1*321)))))))
7692	(1*(1+(2-(3*(5-(8*(1*321)))))))
7693	(1-(1+(2-(3*(5-(8*(1-321)))))))
7694	(1*(1-(2-(3*(5-(8*(1-321)))))))
7695	(1+(1-(2-(3*(5-(8*(1-321)))))))
7696	(1-(1-((2+35)*(8*(13*(2*1))))))
7697	(1-(1-(2+(3*(5-(8*(1-321)))))))
7698	(1*(1+(2+(3*(5-(8*(1-321)))))))
7699	(1+(1+(2+(3*(5-(8*(1-321)))))))
7700	(1+(1-(2*(3-((5+(8-1))*321)))))
7701	(1*(12-(3*(5-(8*(1*321))))))
7702	(1-(1+(2-(((3*5)+(8+1))*321))))
7703	(1*(1-(2-(((3*5)+(8+1))*321))))
7704	(1-(1+(2*(3*((5-(8+1))*321)))))
7705	(1*(1-(2*(3*((5-(8+1))*321)))))
7706	(1+(1-(2*(3*((5-(8+1))*321)))))
7707	(1*(1+(2+(((3*5)+(8+1))*321))))
7708	(1+(1+(2+(((3*5)+(8+1))*321))))
7709	(1-(1+(2+(3-(58*(132+1))))))
7710	(1-(1-(2*(3*(5*((8*(1*32))+1))))))
7711	(1-(1+(2+(3*(5-(8*(1+321)))))))
7712	(1*(1-(2+(3*(5-(8*(1+321)))))))
7713	(1+(1-(2+(3*(5-(8*(1+321)))))))
7714	(1*(1+(2-(3-(58*(132+1))))))
7715	(1-(1-(2-(3*(5-(8*(1+321)))))))
7716	(1*(1+(2-(3*(5-(8*(1+321)))))))
7717	(1+(1+(2-(3*(5-(8*(1+321)))))))
7718	(1*(1-(2-(3*(5+(8*(1*321)))))))
7719	(1+(1-(2-(3*(5+(8*(1*321)))))))
7720	(1*(1+(2+(3+(58*(132+1))))))
7721	(1-(1-(2+(3*(5+(8*(1*321)))))))
7722	(1*(1+(2+(3*(5+(8*(1*321)))))))
7723	(1+(1+(2+(3*(5+(8*(1*321)))))))
7724	(1+(1+(2*(3*(((5*8)-1)*(32+1))))))
7725	(1*(12-(3*(5-(8*(1+321))))))
7726	(1+(12-(3*(5-(8*(1+321))))))
7727	((((11*2)-3)*(5*81))+(32*1))
7728	(1-(1-(23*((5+(8+1))*(3+21)))))
7729	(1*(1+(23*((5+(8+1))*(3+21)))))
7730	(1+(1+(23*((5+(8+1))*(3+21)))))
7731	(1+(1-((2-(3+58))*(132-1))))
7732	(1-(12-(3*(5+(8*(1+321))))))
7733	(1-(1-((2+35)*((8*(13*2))+1))))
7734	(1*(1+((2+35)*((8*(13*2))+1))))
7735	(1+(1+((2+35)*((8*(13*2))+1))))
7736	((11*((2*358)-13))+(2+1))
7737	(1-(1-(23+(58*(132+1)))))
7738	(1*(1+(23+(58*(132+1)))))
7739	(1+(1+(23+(58*(132+1)))))
7740	(1-(1+((2+3)*((5+81)*(3-21)))))
7741	(1-(1+(2-(3*(5+(8*(1+321)))))))
7742	(1*(1-(2-(3*(5+(8*(1+321)))))))
7743	(1+(1-(2-(3*(5+(8*(1+321)))))))
7744	(1-(1-(2*(((3*(5*8))+1)*(32*1)))))
7745	(1-(1-(2+(3*(5+(8*(1+321)))))))
7746	(1*(1+(2+(3*(5+(8*(1+321)))))))
7747	(1+(1+(2+(3*(5+(8*(1+321)))))))
7748	(1*(1-(2-(3*(((5*8)+1)*(3*21))))))
7749	(1+(1-(2-(3*(((5*8)+1)*(3*21))))))
7750	(1*(1+(((23*5)+8)*(1*(3*21)))))
7751	(1-(1-(2+(3*(((5*8)+1)*(3*21))))))
7752	(1*(1+(2+(3*(((5*8)+1)*(3*21))))))
7753	(1+(1+(2+(3*(((5*8)+1)*(3*21))))))
7754	(1-(((1+2)*(3+(5-(81*32))))-1))
7755	(1-(1-(235*(8+(1+(3+21))))))
7756	(1-(1+(2+(3*(5-((81*32)-1))))))
7757	(1*(1-(2+(3*(5-((81*32)-1))))))
7758	(1+(1-(2+(3*(5-((81*32)-1))))))
7759	(1-(1+(2+(3*(5-(81*(32*1)))))))
7760	(1*(1-(2+(3*(5-(81*(32*1)))))))
7761	(1+(1-(2+(3*(5-(81*(32*1)))))))
7762	(1-(1+(2+(3*(5-((81*32)+1))))))
7763	(1-(1-(2-(3*(5-(81*(32*1)))))))
7764	(1*(1+(2-(3*(5-(81*(32*1)))))))
7765	(1+(1+(2-(3*(5-(81*(32*1)))))))
7766	(1-(1-(2-(3*(5-((81*32)+1))))))
7767	(1*(1+(2-(3*(5-((81*32)+1))))))
7768	(1+(1+(2-(3*(5-((81*32)+1))))))
7769	(1*(1-(2-(35*((81*3)-21)))))
7770	(1+(1-(2-(35*((81*3)-21)))))
7771	(1*(1+((2+35)*((8-(1-3))*21))))
7772	(1-(1-(2+(35*((81*3)-21)))))
7773	(1*(1+(2+(35*((81*3)-21)))))
7774	(1+(1+(2+(35*((81*3)-21)))))
7775	(1*(1+(2*(((3+5)*(81*(3*2)))-1))))
7776	(1-(1-(2*((3+5)*(81*(3+(2+1)))))))
7777	(1*(1+(2*((3+5)*(81*(3+(2+1)))))))
7778	(1+(1+(2*((3+5)*(81*(3+(2+1)))))))
7779	(1*(1+(2*(((3+5)*(81*(3*2)))+1))))
7780	(1+(1+(2*(((3+5)*(81*(3*2)))+1))))
7781	(1-(12-((3*(5+(81*32)))+1)))
7782	(1*(12+(35*((81*3)-21))))
7783	(1-(12-(3*(5+((81*32)+1)))))
7784	(1+((12*((3+5)*81))+((3*2)+1)))
7785	(1*((1+2)*(35-(8*(1-321)))))
7786	(1-(1+(2-(3*(5+((81*32)-1))))))
7787	(1*(1-(2-(3*(5+((81*32)-1))))))
7788	(1+(1-(2-(3*(5+((81*32)-1))))))
7789	(1-(1+(2-(3*(5+(81*(32*1)))))))
7790	(1*(1-(2-(3*(5+(81*(32*1)))))))
7791	(1+(1-(2-(3*(5+(81*(32*1)))))))
7792	(1-(1+(2-(3*(5+((81*32)+1))))))
7793	(1-(1-(2+(3*(5+(81*(32*1)))))))
7794	(1*(1+(2+(3*(5+(81*(32*1)))))))
7795	(1+(1+(2+(3*(5+(81*(32*1)))))))
7796	(1-(1-(2+(3*(5+((81*32)+1))))))
7797	(1*(1+(2+(3*(5+((81*32)+1))))))
7798	(1+(1+(2+(3*(5+((81*32)+1))))))
7799	(1+(1+(23*(((5+8)*(13*2))+1))))
7800	(1-(1+((2+3)*(5*(8+(1-321))))))
7801	(1*(1-((2+3)*(5*(8+(1-321))))))
7802	(1+(1-((2+3)*(5*(8+(1-321))))))
7803	(1-(1+(2-(35*(((8-1)*32)-1)))))
7804	(1*(1-(2-(35*(((8-1)*32)-1)))))
7805	(1+(1-(2-(35*(((8-1)*32)-1)))))
7806	(1+(1+(2*(3581+321))))
7807	(1-(1-(2+(35*(((8-1)*32)-1)))))
7808	(1*(1+(2+(35*(((8-1)*32)-1)))))
7809	(1+(1+(2+(35*(((8-1)*32)-1)))))
7810	(1+(1+(2*((3+58)*(1+(3*21))))))
7811	(1+(1+(((235+(8+1))*32)+1)))
7812	(1-(1-(2*(3*((58+(1+3))*21)))))
7813	(1*(1+(2*(3*((58+(1+3))*21)))))
7814	(1+(1+(2*(3*((58+(1+3))*21)))))
7815	(1*((12+3)*((5*(8*13))+(2-1))))
7816	(1+((12+3)*((5*(8*13))+(2-1))))
7817	(1*(12+(35*(((8-1)*32)-1))))
7818	(1+(12+(35*(((8-1)*32)-1))))
7819	(1+((1+2)*((3*5)+((81*32)-1))))
7820	(1*(((1+2)*((3*5)+(81*32)))-1))
7821	(1*((1+2)*(3*((58*(13+2))-1))))
7822	(1+((1+2)*(3*((58*(13+2))-1))))
7823	(1+(((1+2)*((3*5)+(81*32)))+1))
7824	(1*(12*(((3+5)*81)+(3+(2-1)))))
7825	(1-(1+((2+3)*(5*(8-(1*321))))))
7826	(1*(1-((2+3)*(5*(8-(1*321))))))
7827	(1+(1-((2+3)*(5*(8-(1*321))))))
7828	(1-(12-((35*((8-1)*32))-1)))
7829	(1-(12-(35*((8-1)*(32*1)))))
7830	(1-(1-((2+3)*(58*((13*2)+1)))))
7831	(1*(1+((2+3)*(58*((13*2)+1)))))
7832	(1+(1+((2+3)*(58*((13*2)+1)))))
7833	(1-(1-((2+(358+13))*21)))
7834	(1*(1+((2+(358+13))*21)))
7835	(1+(1+((2+(358+13))*21)))
7836	(1*(12*(((3+5)*81)+(3+(2*1)))))
7837	(1-(1+(2-((35*((8-1)*32))-1))))
7838	(1-(1+(2-(35*((8-1)*(32*1))))))
7839	(1*(1-(2-(35*((8-1)*(32*1))))))
7840	(1-(1-(2*(35*(8*(13+(2-1)))))))
7841	(1*(1+(2*(35*(8*(13+(2-1)))))))
7842	(1+(1+(2*(35*(8*(13+(2-1)))))))
7843	(1*(1+(2+(35*((8-1)*(32*1))))))
7844	(1+(1+(2+(35*((8-1)*(32*1))))))
7845	(1+(1+(2+((35*((8-1)*32))+1))))
7846	(1+((12+3)*((5*(8*13))+(2+1))))
7847	(1-(1+((2-(3+58))*(132+1))))
7848	(1-(1+(2*(3*(5+(8-1321))))))
7849	(1*(1-(2*(3*(5+(8-1321))))))
7850	(1+(1-(2*(3*(5+(8-1321))))))
7851	(1*(1-((2+3)*(5*(8-(1+321))))))
7852	(1+(1-((2+3)*(5*(8-(1+321))))))
7853	(1+(12+(35*((8-1)*(32*1)))))
7854	(1-(1-(2*(((3*(5*8))-1)*(32+1)))))
7855	(1*(1+(2*(((3*(5*8))-1)*(32+1)))))
7856	(1+(1+(2*(((3*(5*8))-1)*(32+1)))))
7857	(1*((1+((2+3)*58))*((13*2)+1)))
7858	(1+((1+((2+3)*58))*((13*2)+1)))
7859	(11-(2*(3*(5+(8-1321)))))
7860	(1*(12*(((3+5)*81)+((3*2)+1))))
7861	(1+(12*(((3+5)*81)+((3*2)+1))))
7862	(1-(((1-(23*(58-1)))*(3*2))-1))
7863	((11*2)+((35*((8-1)*32))+1))
7864	(1-(12-(35*(((8-1)*32)+1))))
7865	(1-(1-((23*((58-1)*(3*2)))-1)))
7866	(1-(1-(2*(3*((((5*8)+1)*32)-1)))))
7867	(1*(1+(2*(3*((((5*8)+1)*32)-1)))))
7868	(1+(1+(2*(3*((((5*8)+1)*32)-1)))))
7869	(1*(1+((23+5)*(8+(13*21)))))
7870	(1-(1-(2*((3*(((5*8)+1)*32))-1))))
7871	(1*(1+(2*((3*(((5*8)+1)*32))-1))))
7872	(1-(1-(2*(3*(((5*8)+1)*(32*1))))))
7873	(1*(1+(2*(3*(((5*8)+1)*(32*1))))))
7874	(1+(1+(2*(3*(((5*8)+1)*(32*1))))))
7875	(1+(1-(2-(35*(((8-1)*32)+1)))))
7876	(1-(1-(2*(358*(13-(2*1))))))
7877	(1-(1-(2+(35*(((8-1)*32)+1)))))
7878	(1-(1-(2*(3*((((5*8)+1)*32)+1)))))
7879	(1*(1+(2*(3*((((5*8)+1)*32)+1)))))
7880	(1+(1+(2*(3*((((5*8)+1)*32)+1)))))
7881	(1*((1+2)*(35+(81*(32*1)))))
7882	(1+((1+2)*(35+(81*(32*1)))))
7883	(1+(((1+2)*(35+(81*32)))+1))
7884	(1*(12*(3*(((5+(8*13))*2)+1))))
7885	(1-(12*(3*(5-((8-1)*(32*1))))))
7886	(1-((12*(3*(5-((8-1)*32))))-1))
7887	(1-(1-(((2*(3*(5*8)))-1)*(32+1))))
7888	(1*(1+(((2*(3*(5*8)))-1)*(32+1))))
7889	(1-(1-(23*(((58-1)*(3*2))+1))))
7890	(1-(1-(2*(3*(5*((8*(1+32))-1))))))
7891	(1*(1+(2*(3*(5*((8*(1+32))-1))))))
7892	(1+(1+(2*(3*(5*((8*(1+32))-1))))))
7893	(1+((((123*5)-8)*13)+(2-1)))
7894	(1*((((123*5)-8)*13)+(2+1)))
7895	(1+((((123*5)-8)*13)+(2+1)))
7896	(1-(1+(235-(8132-1))))
7897	(1*(1-(235-(8132-1))))
7898	(1-(1+(235-(8132+1))))
7899	(1*(1-(235-(8132+1))))
7900	(1+(1-(235-(8132+1))))
7901	(11+(2*(3*(5*((8*(1+32))-1)))))
7902	((1+1)*((((23*(5+81))-3)*2)+1))
7903	(1-(1-(((2+(35*(8-1)))*32)-1)))
7904	(1-(1-((2+(35*(8-1)))*(32*1))))
7905	(1*(1+((2+(35*(8-1)))*(32*1))))
7906	(1+(1+((2+(35*(8-1)))*(32*1))))
7907	(1+(1+(((2+(35*(8-1)))*32)+1)))
7908	(1-(1-(2*(3*(5-(8-1321))))))
7909	(1*(1+(2*(3*(5-(8-1321))))))
7910	(1+(1+(2*(3*(5-(8-1321))))))
7911	(1*(1+(2*(35*(81+(32*1))))))
7912	(1+(1+(2*(35*(81+(32*1))))))
7913	(1*(1+(2*((35*(81+32))+1))))
7914	(1-(1+(2*(3-(5*(813-21))))))
7915	(1*(1-(2*(3-(5*(813-21))))))
7916	(1+(1-(2*(3-(5*(813-21))))))
7917	(1-(1-((2+(35-8))*(13*21))))
7918	(1-(1-(2*((3*(5*(8*(1+32))))-1))))
7919	(1*(1+(2*((3*(5*(8*(1+32))))-1))))
7920	(1-(1-(2*(3*(5*(8*(1*(32+1))))))))
7921	(1*(1+(2*(3*(5*(8*(1*(32+1))))))))
7922	(1+(1+(2*(3*(5*(8*(1*(32+1))))))))
7923	(1*(1+(2*((3*(5*(8*(1+32))))+1))))
7924	(1-(1+(2-((3-(5-8))*1321))))
7925	(1*(1-(2-((3-(5-8))*1321))))
7926	(1-(1-(2*(3+(5*(813-21))))))
7927	(1*(1+(2*(3+(5*(813-21))))))
7928	(1+(1+(2*(3+(5*(813-21))))))
7929	(1*(1+(2+((3-(5-8))*1321))))
7930	(1+(1+(2+((3-(5-8))*1321))))
7931	(11+(2*(3*(5*(8*(1*(32+1)))))))
7932	(1-(1-(2*(3-((5-8)*1321)))))
7933	(1*(1+(2*(3-((5-8)*1321)))))
7934	(1+(1+(2*(3-((5-8)*1321)))))
7935	(1*((12+3)*((5*((8*13)+2))-1)))
7936	(1-(1+(2*((3+5)*(8*(1-(3*21)))))))
7937	(1*(1-(2*((3+5)*(8*(1-(3*21)))))))
7938	(1+(1-(2*((3+5)*(8*(1-(3*21)))))))
7939	(1*(1+(2*((((3+5)*8)-1)*(3*21)))))
7940	(1+(1+(2*((((3+5)*8)-1)*(3*21)))))
7941	(((((112*3)-5)*8)-1)*(3*(2-1)))
7942	(1*((1+(2+35))*((8*(13*2))+1)))
7943	(1-((1-23)*((5*8)+(1*321))))
7944	(1-(1+(2*(3*(5-(8+1321))))))
7945	(1*(1-(2*(3*(5-(8+1321))))))
7946	(1+(1-(2*(3*(5-(8+1321))))))
7947	(11-(2*((3+5)*(8*(1-(3*21))))))
7948	((1+1)*(2-(3*(5-(8+1321)))))
7949	(1*(((12+3)*(5*((8*13)+2)))-1))
7950	(1-(1+(2*(3*(5*(8-(13*21)))))))
7951	(1*(1-(2*(3*(5*(8-(13*21)))))))
7952	(1+(1-(2*(3*(5*(8-(13*21)))))))
7953	(1-(1+((2-35)*((81*3)-(2*1)))))
7954	(1*(1-((2-35)*((81*3)-(2*1)))))
7955	(1+(1-((2-35)*((81*3)-(2*1)))))
7956	(1+(1-(((2-35)*((81*3)-2))-1)))
7957	(1+(12*(3*(5+(8*((13*2)+1))))))
7958	(1*((12-358)*(1-(3+21))))
7959	(1-(1+((23-((5*81)-3))*21)))
7960	(1*(1-((23-((5*81)-3))*21)))
7961	(1+(1-((23-((5*81)-3))*21)))
7962	((1+1)*((23*(58*(1*3)))-21))
7963	(11-(((2-35)*((81*3)-2))+1))
7964	(11*(2*(358+(1*(3+(2-1))))))
7965	(1-((1-23)*((5*8)+(1+321))))
7966	(1-((1+2)*(((3-(5+81))*32)+1)))
7967	(1*((1+(2*(3*5)))*((8*(1*32))+1)))
7968	(1*(12*((3+5)*(81+(3-(2-1))))))
7969	(1-(12*(3+(5-(8*((1+3)*21))))))
7970	(1-(((1+2)*((3-(5+81))*32))-1))
7971	((((1-(12*3))*(5-81))-3)*(2+1))
7972	1 - ((1 + 2) * (((3 - (5 + 81)) * 32) - 1))
